[
  {
    "abstract": "fxlhalfboard",
    "type": "vehicle_part",
    "name": { "str": "folding extra light quarterpanel" },
    "color": "light_gray",
    "symbol": "H",
    "broken_symbol": "#",
    "broken_color": "light_gray",
    "durability": 30,
    "item": "pipe",
    "location": "center",
    "folded_volume": "1 L",
    "breaks_into": [ { "item": "pipe", "prob": 50 } ],
    "requirements": {
      "install": { "skills": [ [ "mechanics", 1 ] ], "time": "60 m", "using": [ [ "welding_standard", 5 ] ] },
      "removal": { "skills": [ [ "mechanics", 2 ] ], "time": "30 m", "using": [ [ "vehicle_weld_removal", 1 ] ] },
      "repair": { "skills": [ [ "mechanics", 2 ] ], "time": "60 m", "using": [ [ "welding_standard", 5 ] ] }
    },
    "flags": [ "OBSTACLE", "FOLDABLE" ]
  },
  {
    "id": "fxlhalfboard_horizontal",
    "copy-from": "fxlhalfboard",
    "type": "vehicle_part",
    "symbol": "h"
  },
  {
    "id": "fxlhalfboard_vertical",
    "copy-from": "fxlhalfboard",
    "type": "vehicle_part",
    "symbol": "j"
  },
  {
    "id": "fxlhalfboard_nw",
    "copy-from": "fxlhalfboard",
    "type": "vehicle_part",
    "symbol": "y"
  },
  {
    "id": "fxlhalfboard_ne",
    "copy-from": "fxlhalfboard",
    "type": "vehicle_part",
    "symbol": "u"
  },
  {
    "id": "fxlhalfboard_se",
    "copy-from": "fxlhalfboard",
    "type": "vehicle_part",
    "symbol": "n"
  },
  {
    "id": "fxlhalfboard_sw",
    "copy-from": "fxlhalfboard",
    "type": "vehicle_part",
    "symbol": "b"
  },
  {
    "id": "fxlhalfboard_horizontal_2",
    "copy-from": "fxlhalfboard",
    "type": "vehicle_part",
    "symbol": "="
  },
  {
    "id": "fxlhalfboard_vertical_2",
    "copy-from": "fxlhalfboard",
    "type": "vehicle_part",
    "symbol": "H"
  },
  {
    "type": "vehicle_part",
    "id": "fdoor",
    "name": { "str": "foldable door" },
    "symbol": "+",
    "color": "cyan",
    "broken_symbol": "&",
    "broken_color": "cyan",
    "damage_modifier": 80,
    "durability": 50,
    "size": 10,
    "item": "foldframe",
    "location": "center",
    "folded_volume": "2500 ml",
    "requirements": {
      "install": { "skills": [ [ "mechanics", 2 ] ], "time": "60 m", "using": [ [ "welding_standard", 5 ] ] },
      "removal": { "skills": [ [ "mechanics", 2 ] ], "time": "30 m", "using": [ [ "vehicle_weld_removal", 1 ] ] },
      "repair": { "skills": [ [ "mechanics", 3 ] ], "time": "60 m", "using": [ [ "welding_standard", 5 ] ] }
    },
    "flags": [ "CARGO", "OBSTACLE", "OPENABLE", "BOARDABLE", "FOLDABLE" ],
    "breaks_into": [ { "item": "steel_chunk", "count": [ 0, 2 ] }, { "item": "scrap", "count": [ 1, 2 ] } ]
  },
  {
    "type": "vehicle_part",
    "id": "sheet_superalloy",
    "name": { "str": "superalloy coating" },
    "symbol": ")",
    "color": "dark_gray",
    "broken_symbol": ")",
    "broken_color": "dark_gray",
    "durability": 250,
    "item": "alloy_sheet",
    "difficulty": 5,
    "location": "armor",
    "folded_volume": "500 ml",
    "requirements": {
      "install": { "skills": [ [ "mechanics", 5 ] ], "time": "60 m", "using": [ [ "welding_standard", 5 ] ] },
      "removal": { "skills": [ [ "mechanics", 3 ] ], "time": "30 m", "using": [ [ "vehicle_weld_removal", 1 ] ] },
      "repair": { "skills": [ [ "mechanics", 6 ] ], "time": "60 m", "using": [ [ "welding_standard", 5 ] ] }
    },
    "flags": [ "ARMOR", "FOLDABLE" ],
    "breaks_into": [
      { "item": "steel_lump", "count": [ 4, 6 ] },
      { "item": "steel_chunk", "count": [ 4, 6 ] },
      { "item": "scrap", "count": [ 4, 6 ] }
    ]
  },
  {
    "id": "storage_battery_mount",
    "copy-from": "storage_battery_mount",
    "type": "vehicle_part",
    "name": { "str": "swappable storage battery case" },
    "extend": { "flags": [ "FOLDABLE" ] },
    "folded_volume": "2250 ml"
  },
  {
    "id": "solar_panel",
    "copy-from": "solar_panel",
    "type": "vehicle_part",
    "name": { "str": "solar panel" },
    "extend": { "flags": [ "FOLDABLE" ] },
    "folded_volume": "3 L"
  },
  {
    "id": "reinforced_solar_panel",
    "copy-from": "reinforced_solar_panel",
    "type": "vehicle_part",
    "name": { "str": "reinforced solar panel" },
    "extend": { "flags": [ "FOLDABLE" ] },
    "folded_volume": "6500 ml"
  },
  {
    "id": "solar_panel_v2",
    "copy-from": "solar_panel_v2",
    "type": "vehicle_part",
    "name": { "str": "upgraded solar panel" },
    "extend": { "flags": [ "FOLDABLE" ] },
    "folded_volume": "4500 ml"
  },
  {
    "id": "reinforced_solar_panel_v2",
    "copy-from": "reinforced_solar_panel_v2",
    "type": "vehicle_part",
    "name": { "str": "upgraded reinforced solar panel" },
    "extend": { "flags": [ "FOLDABLE" ] },
    "folded_volume": "7500 ml"
  },
  {
    "id": "solar_panel_v2",
    "copy-from": "solar_panel_v2",
    "type": "vehicle_part",
    "name": { "str": "quantum solar panel" },
    "extend": { "flags": [ "FOLDABLE" ] },
    "folded_volume": "4500 ml"
  },
  {
    "id": "stereo",
    "copy-from": "stereo",
    "type": "vehicle_part",
    "name": { "str": "stereo system" },
    "extend": { "flags": [ "FOLDABLE" ] },
    "folded_volume": "3500 ml"
  },
  {
    "id": "drive_by_wire_controls",
    "copy-from": "drive_by_wire_controls",
    "type": "vehicle_part",
    "name": { "str": "drive by wire controls" },
    "extend": { "flags": [ "FOLDABLE" ] },
    "folded_volume": "3750 ml"
  },
  {
    "id": "cam_control",
    "copy-from": "cam_control",
    "type": "vehicle_part",
    "name": { "str": "camera control system" },
    "extend": { "flags": [ "FOLDABLE" ] },
    "folded_volume": "4 L"
  },
  {
    "id": "omnicam",
    "copy-from": "omnicam",
    "type": "vehicle_part",
    "name": { "str": "security camera" },
    "extend": { "flags": [ "FOLDABLE" ] },
    "folded_volume": "2 L"
  },
  {
    "id": "minireactor",
    "copy-from": "minireactor",
    "type": "vehicle_part",
    "extend": { "flags": [ "FOLDABLE" ] },
    "folded_volume": "1500 ml"
  },
  {
    "id": "tank_small",
    "copy-from": "tank_small",
    "type": "vehicle_part",
    "extend": { "flags": [ "FOLDABLE" ] },
    "folded_volume": "10 L"
  },
  {
    "id": "chimes",
    "copy-from": "chimes",
    "type": "vehicle_part",
    "extend": { "flags": [ "FOLDABLE" ] },
    "folded_volume": "4 L"
  },
  {
    "id": "water_purifier",
    "copy-from": "water_purifier",
    "type": "vehicle_part",
    "extend": { "flags": [ "FOLDABLE" ] },
    "folded_volume": "3 L"
  }
]
