[
  {
    "type": "vehicle_group",
    "id": "city_vehicles",
    "vehicles": [
      [ "grei_microcar", 500 ],
      [ "grei_microcar_elec", 100 ],
      [ "grei_armor_tanker_gas", 50 ],
      [ "grei_armor_tanker_diesel", 40 ],
      [ "grei_tanker_water", 50 ],
      [ "grei_tanker_clwater", 50 ],
      [ "grei_tanker_sewage", 50 ]
    ]
  },
  {
    "type": "vehicle_group",
    "id": "city_pileup",
    "vehicles": [
      [ "grei_microcar", 1000 ],
      [ "grei_microcar_elec", 700 ],
      [ "grei_armor_tanker_gas", 100 ],
      [ "grei_armor_tanker_diesel", 100 ],
      [ "grei_tanker_water", 150 ],
      [ "grei_tanker_clwater", 150 ],
      [ "grei_tanker_sewage", 150 ]
    ]
  },
  {
    "type": "vehicle_group",
    "id": "highway",
    "vehicles": [
      [ "grei_microcar", 300 ],
      [ "grei_microcar_elec", 300 ],
      [ "grei_armor_tanker_gas", 100 ],
      [ "grei_armor_tanker_diesel", 100 ],
      [ "grei_tanker_water", 200 ],
      [ "grei_tanker_sewage", 100 ],
      [ "grei_tanker_clwater", 200 ],
      [ "grei_buggy", 50 ],
      [ "grei_LURV", 50 ]
    ]
  },
  {
    "type": "vehicle_group",
    "id": "suburban_home",
    "vehicles": [ [ "grei_microcar", 500 ], [ "grei_microcar_elec", 100 ] ]
  },
  {
    "type": "vehicle_group",
    "id": "dirtlot",
    "vehicles": [ [ "grei_buggy", 100 ] ]
  },
  {
    "id": "garage",
    "type": "vehicle_group",
    "vehicles": [ [ "grei_microcar", 5 ], [ "grei_buggy", 5 ] ]
  },
  {
    "type": "vehicle_group",
    "id": "military_vehicles",
    "vehicles": [ [ "grei_LURV", 300 ], [ "grei_armor_tanker_gas", 100 ], [ "grei_armor_tanker_diesel", 100 ] ]
  },
  {
    "type": "vehicle_group",
    "id": "grei_mobile_home",
    "vehicles": [ [ "grei_mobilehome_1", 500 ], [ "grei_mobilehome_2", 100 ] ]
  }
]
