[
  {
    "id": "afs_mon_rabbit",
    "type": "MONSTER",
    "name": { "str": "labbit" },
    "description": "A rabbit from earth, genetically modified to eat the lichen of Salus IV.  Its fur is rust colored and its ears are shortened to preserve warmth.",
    "default_faction": "small_animal",
    "bodytype": "pig",
    "categories": [ "WILDLIFE" ],
    "species": [ "MAMMAL" ],
    "volume": "1600 ml",
    "weight": "1600 g",
    "hp": 8,
    "speed": 160,
    "material": [ "flesh" ],
    "symbol": "r",
    "color": "brown",
    "aggression": -99,
    "morale": -7,
    "melee_cut": 0,
    "dodge": 6,
    "reproduction": { "baby_monster": "afs_mon_rabbit", "baby_count": 3, "baby_timer": 55 },
    "harvest": "alien_small_fur",
    "fear_triggers": [ "SOUND", "PLAYER_CLOSE" ],
    "death_function": [ "NORMAL" ],
    "flags": [ "SEES", "HEARS", "SMELLS", "ANIMAL", "PATH_AVOID_DANGER_1", "CATTLEFODDER", "PET_WONT_FOLLOW", "WARM" ]
  },
  {
    "id": "afs_runner",
    "type": "MONSTER",
    "name": { "str": "runner" },
    "description": "A large fluffy three-legged herbivore, extremely fast and cowardly.  It usually grazes alone, and relies on its keen senses to stay safe.",
    "default_faction": "herbivore",
    "bodytype": "horse",
    "categories": [ "WILDLIFE" ],
    "species": [ "MAMMAL" ],
    "volume": "386000 ml",
    "weight": "386 kg",
    "hp": 120,
    "speed": 200,
    "material": [ "flesh" ],
    "symbol": "H",
    "color": "brown",
    "aggression": -99,
    "morale": -7,
    "melee_cut": 0,
    "dodge": 1,
    "armor_bash": 4,
    "armor_cut": 1,
    "armor_bullet": 1,
    "vision_night": 25,
    "path_settings": { "max_dist": 10 },
    "fear_triggers": [ "SOUND", "PLAYER_CLOSE" ],
    "death_function": [ "NORMAL" ],
    "harvest": "alien_large_leather",
    "biosignature": { "biosig_item": "feces_manure", "biosig_timer": 8 },
    "flags": [ "SEES", "HEARS", "SMELLS", "PET_MOUNTABLE", "ANIMAL", "PATH_AVOID_DANGER_1", "WARM" ]
  },
  {
    "id": "afs_grazer",
    "type": "MONSTER",
    "name": { "str": "grazer" },
    "description": "A large furred herbivore, with its heavy head constantly against the ground.  It uses its clawed hooves to shovel up the snow to reach any dead plant life to eat.",
    "default_faction": "herbivore",
    "bodytype": "horse",
    "categories": [ "WILDLIFE" ],
    "species": [ "MAMMAL" ],
    "volume": "386 L",
    "weight": "386 kg",
    "hp": 120,
    "speed": 130,
    "material": [ "flesh" ],
    "symbol": "G",
    "color": "brown",
    "aggression": 5,
    "morale": 80,
    "melee_skill": 6,
    "melee_dice": 3,
    "melee_dice_sides": 4,
    "melee_cut": 0,
    "dodge": 1,
    "armor_bash": 4,
    "armor_cut": 1,
    "armor_bullet": 1,
    "vision_night": 7,
    "path_settings": { "max_dist": 10 },
    "anger_triggers": [ "HURT", "MATING_SEASON" ],
    "death_function": [ "NORMAL" ],
    "baby_flags": [ "AUTUMN" ],
    "harvest": "alien_large_leather",
    "biosignature": { "biosig_item": "feces_manure", "biosig_timer": 8 },
    "flags": [ "SEES", "HEARS", "SMELLS", "PET_MOUNTABLE", "ANIMAL", "PATH_AVOID_DANGER_1", "WARM", "ATTACKMON" ]
  },
  {
    "id": "afs_mon_hevel",
    "type": "MONSTER",
    "name": { "str": "hevel" },
    "description": "A small creature covered in blue down, scurrying across the ground fast as it digs through the snow with claws buried in its down, looking for food.  It works in large packs with its fellow kin.",
    "default_faction": "hevel",
    "bodytype": "pig",
    "categories": [ "WILDLIFE" ],
    "species": [ "MAMMAL" ],
    "volume": "750 ml",
    "weight": "1 kg",
    "hp": 10,
    "speed": 100,
    "material": [ "flesh" ],
    "symbol": "r",
    "color": "light_gray",
    "aggression": 20,
    "morale": 40,
    "melee_skill": 5,
    "melee_dice": 1,
    "melee_dice_sides": 2,
    "melee_cut": 1,
    "dodge": 2,
    "vision_day": 1,
    "vision_night": 30,
    "harvest": "alien_small_fur",
    "path_settings": { "max_dist": 10 },
    "anger_triggers": [ "PLAYER_WEAK", "FRIEND_ATTACKED", "FRIEND_DIED" ],
    "death_function": [ "NORMAL" ],
    "flags": [ "SEES", "SMELLS", "HEARS", "WARM", "SWIMS", "ANIMAL", "PATH_AVOID_DANGER_1", "STUMBLES" ]
  },
  {
    "id": "afs_venandi",
    "type": "MONSTER",
    "name": { "str": "venandi", "str_pl": "venatores" },
    "description": "A six legged animal, showing relative intelligence in not only its ability to track and hunt down prey, but its strategy of covering itself with the skin of its hunts to warm itself.",
    "default_faction": "venandi",
    "bodytype": "dog",
    "categories": [ "WILDLIFE" ],
    "species": [ "MAMMAL" ],
    "volume": "26625 ml",
    "weight": "26625 g",
    "hp": 100,
    "speed": 165,
    "material": [ "flesh" ],
    "symbol": "v",
    "color": "light_gray",
    "morale": 70,
    "melee_skill": 7,
    "melee_dice": 2,
    "melee_dice_sides": 3,
    "melee_cut": 4,
    "dodge": 4,
    "armor_bash": 1,
    "vision_night": 5,
    "harvest": "alien_mammal_fur",
    "path_settings": { "max_dist": 10 },
    "anger_triggers": [ "STALK", "FRIEND_ATTACKED", "FRIEND_DIED", "PLAYER_WEAK", "PLAYER_CLOSE" ],
    "death_function": [ "NORMAL" ],
    "flags": [ "SEES", "HEARS", "SMELLS", "ANIMAL", "PATH_AVOID_DANGER_1", "WARM", "KEENNOSE" ]
  }
]
