[
  {
    "type": "MONSTER_FACTION",
    "name": "PrepNet",
    "friendly": [ "Prepnet_Phyle", "PrepNet" ],
    "neutral": [ "herbivore", "human", "player" ],
    "by_mood": [ "insect", "small_animal" ],
    "hate": [ "fungus" ]
  },
  {
    "type": "MONSTER_FACTION",
    "name": "WraitheonRobotics",
    "neutral": [ "cop_bot", "defense_bot", "utility_bot", "animal", "uplift", "robofac" ],
    "hate": [ "zombie", "fungus", "cult", "triffid", "nether", "PrepNEt", "moxie", "bio_machine" ]
  },
  {
    "type": "MONSTER_FACTION",
    "name": "whately",
    "friendly": [ "human", "player", "whately", "whately_family" ],
    "neutral": "herbivore",
    "by_mood": [ "insect", "small_animal" ],
    "hate": "zombie"
  },
  {
    "type": "MONSTER_FACTION",
    "name": "UPLIFT",
    "neutral": "herbivore",
    "by_mood": [ "insect", "small_animal", "player" ],
    "hate": "zombie"
  },
  {
    "type": "MONSTER_FACTION",
    "name": "moxie",
    "neutral": "bio_machine",
    "hate": [ "small_animal", "herbivore", "insect", "player" ]
  },
  {
    "type": "MONSTER_FACTION",
    "name": "bio_machine",
    "neutral": [ "moxie", "small_animal", "herbivore", "insect", "player" ]
  },
  {
    "type": "MONSTER_FACTION",
    "name": "hevel",
    "//": "TODO assign base faction and/or attitude"
  },
  {
    "type": "MONSTER_FACTION",
    "name": "venandi",
    "//": "TODO assign base faction and/or attitude"
  }
]
