[
  {
    "type": "monstergroup",
    "name": "GROUP_ZOMBIE",
    "monsters": [
      { "monster": "mon_afs_headless_horror", "freq": 20, "cost_multiplier": 2, "starts": 400 },
      { "monster": "mon_zombie_upliftedbear", "freq": 5, "cost_multiplier": 10, "starts": 1086 },
      { "monster": "mon_uplifted_ape_zed", "freq": 8, "cost_multiplier": 10, "starts": 1086 }
    ]
  },
  {
    "type": "monstergroup",
    "name": "GROUP_ZOMBIE_MID",
    "monsters": [
      { "monster": "mon_afs_headless_horror", "freq": 10, "cost_multiplier": 20 },
      { "monster": "mon_zombie_upliftedbear", "freq": 3, "cost_multiplier": 10, "starts": 1086 },
      { "monster": "mon_uplifted_ape_zed", "freq": 5, "cost_multiplier": 10, "starts": 1086 }
    ]
  },
  {
    "type": "monstergroup",
    "name": "GROUP_PrepNet",
    "default": "afs_mon_cyber_mastiff",
    "is_animal": true,
    "monsters": [
      { "monster": "mon_cat", "freq": 100, "cost_multiplier": 0 },
      { "monster": "mon_cat", "freq": 20, "cost_multiplier": 10, "pack_size": [ 2, 8 ] },
      { "monster": "afs_mon_cyber_mastiff", "freq": 15, "cost_multiplier": 25, "pack_size": [ 1, 6 ] },
      { "monster": "afs_mon_cyber_mastiff_pup", "freq": 1, "cost_multiplier": 25, "pack_size": [ 1, 3 ] },
      { "monster": "mon_chicken", "freq": 50, "cost_multiplier": 10, "pack_size": [ 1, 16 ] },
      { "monster": "mon_cow", "freq": 50, "cost_multiplier": 25, "pack_size": [ 1, 8 ] },
      { "monster": "mon_horse", "freq": 50, "cost_multiplier": 25, "pack_size": [ 1, 4 ] },
      { "monster": "mon_sheep", "freq": 50, "cost_multiplier": 25, "pack_size": [ 1, 12 ] }
    ]
  },
  {
    "type": "monstergroup",
    "name": "GROUP_MI-GO_BASE_COMMON",
    "monsters": [ { "monster": "afs_mon_migoturret", "freq": 120, "cost_multiplier": 1 } ]
  },
  {
    "type": "monstergroup",
    "name": "GROUP_MI-GO_BASE_BOSS",
    "//": "Mi-go base defenders for major boss battles.",
    "default": "mon_mi_go_guard",
    "monsters": [ { "monster": "afs_mon_migoturret", "freq": 150, "cost_multiplier": 1, "pack_size": [ 2, 3 ] } ]
  },
  {
    "type": "monstergroup",
    "name": "GROUP_FOREST",
    "default": "mon_null",
    "is_animal": true,
    "monsters": [
      { "monster": "mon_uplifted_bear", "freq": 1, "cost_multiplier": 10, "conditions": [ "SPRING", "SUMMER", "AUTUMN" ] },
      { "monster": "mon_zombie_upliftedbear", "freq": 1, "cost_multiplier": 10, "starts": 1086 },
      { "monster": "mon_uplifted_ape_zed", "freq": 1, "cost_multiplier": 10, "starts": 1086 },
      {
        "monster": "afs_mon_rabbit",
        "freq": 1,
        "cost_multiplier": 10,
        "conditions": [ "SPRING", "SUMMER", "AUTUMN", "WINTER" ]
      },
      {
        "monster": "afs_runner",
        "freq": 1,
        "cost_multiplier": 10,
        "conditions": [ "SPRING", "SUMMER", "AUTUMN", "WINTER" ]
      },
      {
        "monster": "afs_grazer",
        "freq": 1,
        "cost_multiplier": 10,
        "conditions": [ "SPRING", "SUMMER", "AUTUMN", "WINTER" ]
      },
      {
        "monster": "mon_uplifted_bear",
        "freq": 3,
        "cost_multiplier": 10,
        "conditions": [ "NIGHT", "SPRING", "SUMMER", "AUTUMN" ]
      },
      {
        "monster": "mon_uplifted_ape",
        "freq": 1,
        "cost_multiplier": 10,
        "conditions": [ "SPRING", "SUMMER", "AUTUMN", "WINTER" ]
      },
      {
        "monster": "mon_uplifted_ape",
        "freq": 3,
        "cost_multiplier": 10,
        "pack_size": [ 2, 4 ],
        "conditions": [ "NIGHT", "SPRING", "SUMMER", "AUTUMN", "WINTER" ]
      }
    ]
  },
  {
    "type": "monstergroup",
    "name": "GROUP_CAVE",
    "default": "mon_null",
    "monsters": [ { "monster": "mon_uplifted_bear", "freq": 50, "cost_multiplier": 10, "pack_size": [ 1, 3 ] } ]
  },
  {
    "name": "GROUP_PARK_SCENIC",
    "type": "monstergroup",
    "default": "mon_null",
    "monsters": [
      { "monster": "mon_zombie_upliftedbear", "freq": 10, "cost_multiplier": 1, "pack_size": [ 2, 3 ], "starts": 1086 },
      { "monster": "mon_uplifted_ape_zed", "freq": 10, "cost_multiplier": 1, "pack_size": [ 2, 3 ], "starts": 1086 }
    ]
  },
  {
    "type": "monstergroup",
    "name": "AFS_GROUP_AUG_CLINIC",
    "default": "mon_broken_cyborg",
    "monsters": [
      { "monster": "mon_zombie_electric", "freq": 450, "cost_multiplier": 1 },
      { "monster": "mon_prototype_cyborg", "freq": 100, "cost_multiplier": 2 },
      { "monster": "mon_zombie_technician", "freq": 300, "cost_multiplier": 1 },
      { "monster": "mon_secubot", "freq": 50, "cost_multiplier": 3 }
    ]
  },
  {
    "type": "monstergroup",
    "name": "GROUP_ZOMBIE_BRUTE",
    "default": "mon_zombie_brute",
    "//": "Brute upgrades",
    "monsters": [
      { "monster": "mon_zombie_upliftedbear", "freq": 112, "cost_multiplier": 10 },
      { "monster": "mon_uplifted_ape_zed", "freq": 100, "cost_multiplier": 10 },
      { "monster": "mon_zombie_oliphant", "freq": 70, "cost_multiplier": 10 }
    ]
  },
  {
    "type": "monstergroup",
    "name": "GROUP_CENTRAL_LAB",
    "default": "mon_zombie_scientist",
    "monsters": [
      { "monster": "mon_zombie_upliftedbear", "freq": 3, "cost_multiplier": 10 },
      { "monster": "mon_uplifted_ape_zed", "freq": 10, "cost_multiplier": 5 },
      { "monster": "mon_zombie_oliphant", "freq": 1, "cost_multiplier": 10 }
    ]
  },
  {
    "type": "monstergroup",
    "name": "GROUP_RIVER",
    "default": "mon_null",
    "is_animal": true,
    "monsters": [
      { "monster": "mon_uplifted_octupus", "freq": 3, "cost_multiplier": 10 },
      { "monster": "mon_zombie_upliftedoctopus", "freq": 1, "cost_multiplier": 10 },
      { "monster": "mon_deep_go", "freq": 1, "cost_multiplier": 10, "starts": 500 },
      { "monster": "mon_deep_go_slaver", "freq": 1, "cost_multiplier": 10, "starts": 1086 }
    ]
  },
  {
    "type": "monstergroup",
    "name": "GROUP_CRYO_LAB",
    "default": "mon_mutant_cryo",
    "monsters": [
      { "monster": "mon_mutant_experimental", "freq": 30, "cost_multiplier": 2 },
      { "monster": "mon_mutant_evolved", "freq": 5, "cost_multiplier": 10 },
      { "monster": "mon_broken_cyborg", "freq": 8, "cost_multiplier": 10 },
      { "monster": "mon_mutant_cryo", "freq": 40, "cost_multiplier": 2 },
      { "monster": "mon_mi_go", "freq": 5, "cost_multiplier": 10, "starts": 500 },
      { "monster": "mon_shoggoth", "freq": 3, "cost_multiplier": 10, "starts": 1086 },
      { "monster": "mon_cryokinetic", "freq": 8, "cost_multiplier": 10 }
    ]
  },
  {
    "type": "monstergroup",
    "name": "GROUP_LAB",
    "default": "mon_zombie_scientist",
    "monsters": [
      { "monster": "mon_moxie_scavenger", "freq": 25, "cost_multiplier": 0, "pack_size": [ 1, 4 ] },
      { "monster": "mon_moxie_spartan", "freq": 25, "cost_multiplier": 0 },
      { "monster": "mon_moxie_regenerator", "freq": 25, "cost_multiplier": 0, "pack_size": [ 1, 4 ] },
      { "monster": "mon_moxie_grabby", "freq": 25, "cost_multiplier": 0, "pack_size": [ 1, 4 ] },
      { "monster": "mon_human_biomachine", "freq": 25, "cost_multiplier": 0, "pack_size": [ 1, 4 ] }
    ]
  },
  {
    "type": "monstergroup",
    "name": "GROUP_SWAMP",
    "default": "mon_null",
    "is_animal": true,
    "monsters": [
      {
        "monster": "afs_mon_hevel",
        "freq": 1,
        "cost_multiplier": 10,
        "conditions": [ "SPRING", "SUMMER", "AUTUMN", "WINTER" ]
      },
      {
        "monster": "afs_venandi",
        "freq": 1,
        "cost_multiplier": 10,
        "conditions": [ "SPRING", "SUMMER", "AUTUMN", "WINTER" ]
      },
      {
        "monster": "afs_grazer",
        "freq": 1,
        "cost_multiplier": 10,
        "conditions": [ "SPRING", "SUMMER", "AUTUMN", "WINTER" ]
      }
    ]
  }
]
