[
  {
    "id": "mon_mutant_cryo",
    "type": "MONSTER",
    "name": { "str": "frost maddened human" },
    "description": "Sky blue irises cover the entirety of the eye.  What happened to this person during their deep freeze?",
    "default_faction": "mutant",
    "looks_like": "chud",
    "bodytype": "human",
    "species": [ "HUMAN" ],
    "volume": "62500 ml",
    "weight": "81500 g",
    "hp": 80,
    "speed": 100,
    "material": [ "flesh" ],
    "symbol": "@",
    "color": "magenta",
    "aggression": 40,
    "morale": 100,
    "melee_skill": 4,
    "melee_dice": 1,
    "melee_dice_sides": 2,
    "melee_damage": [ { "damage_type": "cold", "amount": 4 } ],
    "melee_cut": 0,
    "dodge": 2,
    "harvest": "human",
    "vision_day": 30,
    "vision_night": 3,
    "death_drops": "cryo_lab_drops",
    "death_function": [ "NORMAL" ],
    "anger_triggers": [ "FRIEND_DIED", "FRIEND_ATTACKED", "HURT" ],
    "flags": [ "SEES", "HEARS", "SMELLS", "BASHES", "GROUP_BASH", "HUMAN", "CAN_OPEN_DOORS", "PATH_AVOID_DANGER_2", "COLDPROOF" ]
  },
  {
    "id": "mon_cryokinetic",
    "type": "MONSTER",
    "copy-from": "mon_mutant_cryo",
    "description": "Sky blue irises with grey floating flecks cover the entirety of the eye.  Flurries seem to emanate from around them.",
    "hp": 90,
    "color": "light_blue",
    "aggression": 30,
    "morale": 100,
    "melee_skill": 4,
    "melee_dice": 2,
    "melee_dice_sides": 4,
    "melee_damage": [ { "damage_type": "cold", "amount": 8 } ],
    "melee_cut": 0,
    "dodge": 3,
    "special_attacks": [
      {
        "type": "spell",
        "spell_data": { "id": "cryo_blast", "min_level": 5 },
        "cooldown": 20,
        "monster_message": "A burst of frozen air explodes from their lungs!"
      }
    ]
  }
]
