[
  {
    "id": "mon_afs_headless_zombie",
    "type": "MONSTER",
    "name": { "str": "headless zombie" },
    "description": "Despite lacking a head, this zombie appears to have not gotten the memo, and shambles aimlessly around without functioning senses.  Black ooze pulses out of its neck, and it stumbles around listlessly.",
    "default_faction": "zombie",
    "categories": [ "CLASSIC" ],
    "species": [ "ZOMBIE", "HUMAN" ],
    "volume": "60000 ml",
    "weight": "78500 g",
    "hp": 60,
    "speed": 50,
    "material": [ "flesh" ],
    "symbol": "Z",
    "color": "brown",
    "aggression": 100,
    "morale": 100,
    "melee_skill": 3,
    "melee_dice": 1,
    "melee_dice_sides": 3,
    "melee_cut": 0,
    "harvest": "zombie",
    "special_attacks": [ [ "GRAB", 7 ], [ "scratch", 20 ] ],
    "death_drops": "default_zombie_death_drops",
    "death_function": [ "NORMAL" ],
    "upgrades": { "half_life": 28, "into": "mon_afs_headless_horror" },
    "flags": [
      "STUMBLES",
      "WARM",
      "BASHES",
      "GROUP_BASH",
      "POISON",
      "NO_BREATHE",
      "REVIVES",
      "PUSH_MON",
      "FILTHY",
      "NOHEAD",
      "LOUDMOVES"
    ]
  },
  {
    "id": "mon_afs_headless_horror",
    "type": "MONSTER",
    "name": { "str": "headless horror" },
    "description": "This headless zombie has swollen to frightening proportions, towering almost nine feet tall.  Six-foot-long feelers of black ooze blindly wave from its neck, violently twitching at nearby sounds, and it moves at terrifying speed with its grotesquely-swollen hands.",
    "default_faction": "zombie",
    "categories": [ "CLASSIC" ],
    "species": [ "ZOMBIE", "HUMAN" ],
    "volume": "875000 ml",
    "weight": "200 kg",
    "hp": 300,
    "speed": 240,
    "material": [ "flesh" ],
    "symbol": "Z",
    "color": "brown_magenta",
    "aggression": 100,
    "morale": 100,
    "melee_skill": 5,
    "melee_dice": 4,
    "melee_dice_sides": 6,
    "melee_cut": 0,
    "vision_day": 2,
    "vision_night": 2,
    "//": "if you're this close, it can feel you there.",
    "harvest": "zombie",
    "special_attacks": [ [ "GRAB", 3 ], [ "scratch", 3 ] ],
    "death_drops": "default_zombie_death_drops",
    "death_function": [ "NORMAL" ],
    "flags": [
      "SEES",
      "HEARS",
      "GOODHEARING",
      "STUMBLES",
      "WARM",
      "BASHES",
      "GROUP_BASH",
      "POISON",
      "NO_BREATHE",
      "REVIVES",
      "PUSH_MON",
      "FILTHY",
      "NOHEAD",
      "LOUDMOVES"
    ]
  },
  {
    "id": "mon_zombie_upliftedbear",
    "type": "MONSTER",
    "name": { "str": "Haunting Forest Walker" },
    "description": "This towering zombie is covered in wounds and shedding fur.  Once it may have prevented forest fires in national parks, now it kills anything it catches.",
    "default_faction": "zombie",
    "categories": [ "CLASSIC" ],
    "species": [ "ZOMBIE", "HUMAN" ],
    "volume": "90 L",
    "weight": "100 kg",
    "hp": 140,
    "speed": 100,
    "material": [ "flesh" ],
    "symbol": "Z",
    "color": "brown_magenta",
    "aggression": 100,
    "morale": 100,
    "melee_skill": 5,
    "melee_dice": 4,
    "melee_dice_sides": 6,
    "melee_cut": 0,
    "vision_day": 25,
    "vision_night": 5,
    "harvest": "zombie_meatslug",
    "special_attacks": [
      [ "GRAB", 3 ],
      {
        "type": "bite",
        "cooldown": 10,
        "damage_max_instance": [ { "damage_type": "stab", "amount": 18, "armor_multiplier": 0.7 } ]
      }
    ],
    "death_drops": "xl_uplift_death_drop",
    "death_function": [ "NORMAL" ],
    "flags": [
      "SEES",
      "HEARS",
      "GOODHEARING",
      "STUMBLES",
      "WARM",
      "BASHES",
      "GROUP_BASH",
      "POISON",
      "NO_BREATHE",
      "REVIVES",
      "PUSH_MON",
      "FILTHY",
      "LOUDMOVES"
    ]
  },
  {
    "id": "mon_uplifted_ape_zed",
    "type": "MONSTER",
    "name": { "str": "rotting grodd" },
    "description": "Imagine a gorilla.  Now imagine it dead and rotting and somehow looking at you with more hate than you had previously imagined possible.",
    "default_faction": "zombie",
    "bodytype": "human",
    "species": [ "ZOMBIE" ],
    "diff": 5,
    "volume": "62 L",
    "weight": "81500 g",
    "hp": 180,
    "speed": 160,
    "material": [ "flesh" ],
    "symbol": "&",
    "color": "white",
    "aggression": 100,
    "morale": 100,
    "melee_skill": 6,
    "melee_dice": 2,
    "melee_dice_sides": 6,
    "melee_cut": 0,
    "dodge": 4,
    "vision_day": 20,
    "harvest": "zombie_meatslug",
    "death_drops": "xl_uplift_death_drop",
    "special_attacks": [ [ "SMASH", 20 ] ],
    "death_function": [ "NORMAL" ],
    "flags": [
      "SEES",
      "HEARS",
      "GOODHEARING",
      "STUMBLES",
      "WARM",
      "BASHES",
      "GROUP_BASH",
      "POISON",
      "NO_BREATHE",
      "REVIVES",
      "PUSH_MON",
      "FILTHY",
      "LOUDMOVES"
    ]
  },
  {
    "id": "mon_zombie_oliphant",
    "type": "MONSTER",
    "name": { "str": "Ghoulodon" },
    "description": "An undead Uplifted Elephant of ginormous size.  It still wears its assault grade armor.",
    "default_faction": "zombie",
    "bodytype": "human",
    "species": [ "ZOMBIE", "UPLIFT" ],
    "diff": 7,
    "volume": "875000 ml",
    "weight": "200 kg",
    "hp": 480,
    "speed": 130,
    "material": [ "flesh" ],
    "symbol": "E",
    "color": "white_magenta",
    "aggression": 100,
    "morale": 100,
    "melee_skill": 5,
    "melee_dice": 6,
    "melee_dice_sides": 8,
    "melee_cut": 0,
    "armor_bash": 12,
    "armor_cut": 16,
    "vision_day": 50,
    "vision_night": 4,
    "harvest": "zombie",
    "special_attacks": [ [ "SMASH", 28 ] ],
    "death_drops": "xl_uplift_death_drop",
    "death_function": [ "NORMAL" ],
    "flags": [
      "SEES",
      "HEARS",
      "SMELLS",
      "STUMBLES",
      "WARM",
      "BASHES",
      "DESTROYS",
      "POISON",
      "ATTACKMON",
      "NO_BREATHE",
      "REVIVES",
      "PUSH_MON",
      "PUSH_VEH",
      "FILTHY"
    ]
  },
  {
    "id": "mon_zombie_upliftedoctopus",
    "type": "MONSTER",
    "name": { "str": "Dead Sea Witch", "str_pl": "Dead Sea Witches" },
    "description": "There is driftwood coming out of oozing wounds.  It moves towards you on a mass of writhing tentacles, black eyes like the deepest trench of the sea.",
    "default_faction": "zombie",
    "bodytype": "human",
    "species": [ "ZOMBIE" ],
    "diff": 5,
    "volume": "62500 ml",
    "weight": "81500 g",
    "hp": 80,
    "speed": 80,
    "material": [ "flesh" ],
    "symbol": "&",
    "color": "white",
    "aggression": 100,
    "morale": 100,
    "melee_skill": 6,
    "melee_dice": 2,
    "melee_dice_sides": 3,
    "melee_cut": 0,
    "dodge": 4,
    "vision_day": 20,
    "harvest": "zombie_meatslug",
    "death_drops": "seabased_death_drop",
    "special_attacks": [ { "type": "bite", "cooldown": 5 } ],
    "death_function": [ "NORMAL" ],
    "flags": [
      "SEES",
      "HEARS",
      "GOODHEARING",
      "SWIMS",
      "WARM",
      "GROUP_BASH",
      "POISON",
      "NO_BREATHE",
      "REVIVES",
      "PUSH_MON",
      "FILTHY",
      "LOUDMOVES"
    ]
  },
  {
    "id": "mon_moxie_scavenger",
    "type": "MONSTER",
    "name": { "str": "MoxPhore Scavenger" },
    "description": "A human stands here, towering around 2 meters high.  It's flesh is frozen solid, colored black and blue from frostbite.  It constantly scratches at its flesh with its claw like hands, surveying the land with frozen and foggy eyes.",
    "default_faction": "moxie",
    "bodytype": "human",
    "species": [ "MOXIE" ],
    "diff": 5,
    "volume": "62500 ml",
    "weight": "81500 g",
    "hp": 100,
    "speed": 115,
    "material": [ "flesh" ],
    "symbol": "A",
    "color": "red",
    "aggression": 100,
    "morale": 100,
    "melee_skill": 6,
    "melee_dice": 2,
    "melee_dice_sides": 4,
    "melee_cut": 4,
    "dodge": 4,
    "vision_day": 25,
    "regenerates": 10,
    "armor_bullet": 5,
    "armor_bash": 3,
    "armor_cut": 5,
    "harvest": "frost_human",
    "death_drops": "default_moxie_human_death_drops",
    "special_attacks": [
      { "type": "bite", "cooldown": 5 },
      { "id": "scratch", "damage_max_instance": [ { "damage_type": "cut", "amount": 12 } ] }
    ],
    "death_function": [ "NORMAL" ],
    "flags": [
      "SEES",
      "HEARS",
      "GOODHEARING",
      "SWIMS",
      "WARM",
      "BASHES",
      "GROUP_BASH",
      "POISON",
      "NO_BREATHE",
      "REVIVES",
      "PUSH_MON",
      "FILTHY"
    ]
  },
  {
    "id": "mon_moxie_spartan",
    "type": "MONSTER",
    "name": { "str": "MoxPhore Spartan" },
    "description": "A human stands here, its body bulging and ripped as the tissue is torn, showing bluish muscle, and grey bones.  Ice crystals jut out of its visible wounds as it wanders.",
    "default_faction": "moxie",
    "bodytype": "human",
    "species": [ "MOXIE" ],
    "diff": 10,
    "volume": "62500 ml",
    "weight": "81500 g",
    "hp": 270,
    "speed": 70,
    "material": [ "flesh" ],
    "symbol": "$",
    "color": "i_red",
    "aggression": 100,
    "morale": 100,
    "melee_skill": 6,
    "melee_dice": 2,
    "melee_dice_sides": 4,
    "melee_cut": 4,
    "dodge": 4,
    "vision_day": 40,
    "regenerates": 15,
    "armor_bullet": 30,
    "armor_bash": 15,
    "armor_cut": 20,
    "harvest": "frost_human",
    "death_drops": "default_moxie_human_death_drops",
    "special_attacks": [
      [ "LONGSWIPE", 20 ],
      [ "GRAB", 20 ],
      {
        "id": "scratch",
        "cooldown": 10,
        "accuracy": 6,
        "damage_max_instance": [
          { "damage_type": "stab", "amount": 8, "armor_multiplier": 0.3 },
          { "damage_type": "bash", "amount": 16, "armor_multiplier": 0.3 }
        ]
      }
    ],
    "death_function": [ "NORMAL" ],
    "flags": [
      "SEES",
      "HEARS",
      "GOODHEARING",
      "SWIMS",
      "WARM",
      "BASHES",
      "GROUP_BASH",
      "DESTROYS",
      "POISON",
      "NO_BREATHE",
      "REVIVES",
      "PUSH_MON",
      "PUSH_VEH",
      "FILTHY"
    ]
  },
  {
    "id": "mon_moxie_regenerator",
    "type": "MONSTER",
    "name": { "str": "MoxPhore Regenerator" },
    "description": "A human stands here, comically thin and scratching It's scar-ridden flesh, any flesh it rips off grows back in seconds.",
    "default_faction": "moxie",
    "bodytype": "human",
    "species": [ "MOXIE" ],
    "diff": 5,
    "volume": "62500 ml",
    "weight": "81500 g",
    "hp": 30,
    "speed": 100,
    "material": [ "flesh" ],
    "symbol": "Q",
    "color": "red",
    "aggression": 100,
    "morale": 100,
    "melee_skill": 4,
    "melee_dice": 2,
    "melee_dice_sides": 2,
    "melee_cut": 2,
    "dodge": 2,
    "vision_day": 40,
    "regenerates": 20,
    "armor_bullet": 25,
    "armor_bash": 10,
    "armor_cut": 20,
    "harvest": "frost_human",
    "death_drops": "default_moxie_human_death_drops",
    "special_attacks": [
      { "type": "bite", "cooldown": 5 },
      { "id": "scratch", "damage_max_instance": [ { "damage_type": "cut", "amount": 6 } ] }
    ],
    "death_function": [ "NORMAL" ],
    "flags": [
      "SEES",
      "HEARS",
      "GOODHEARING",
      "SWIMS",
      "WARM",
      "BASHES",
      "GROUP_BASH",
      "POISON",
      "NO_BREATHE",
      "REVIVES",
      "PUSH_MON",
      "FILTHY"
    ]
  },
  {
    "id": "mon_moxie_grabby",
    "type": "MONSTER",
    "name": { "str": "MoxPhore Tangler" },
    "description": "A human stands here, several rust-colored limbs jut out of its back, moving around and grabbing at the air while the person looks blankly around..",
    "default_faction": "moxie",
    "bodytype": "human",
    "species": [ "MOXIE" ],
    "diff": 5,
    "volume": "62500 ml",
    "weight": "81500 g",
    "hp": 110,
    "speed": 100,
    "material": [ "flesh" ],
    "symbol": "V",
    "color": "red",
    "aggression": 100,
    "morale": 100,
    "melee_skill": 4,
    "melee_dice": 2,
    "melee_dice_sides": 4,
    "melee_cut": 4,
    "grab_strength": 5,
    "dodge": 2,
    "vision_day": 25,
    "regenerates": 5,
    "harvest": "frost_human",
    "death_drops": "default_moxie_human_death_drops",
    "special_attacks": [ { "type": "bite", "cooldown": 5 }, [ "GRAB", 20 ] ],
    "death_function": [ "NORMAL" ],
    "flags": [
      "SEES",
      "HEARS",
      "GOODHEARING",
      "SWIMS",
      "WARM",
      "BASHES",
      "GROUP_BASH",
      "POISON",
      "NO_BREATHE",
      "REVIVES",
      "PUSH_MON",
      "FILTHY"
    ]
  },
  {
    "id": "mon_human_biomachine",
    "type": "MONSTER",
    "name": { "str": "Speaker" },
    "description": "A starfish like creature stands here, covered in black mettalic fur as it stands out, pointing in a specific direction.",
    "default_faction": "bio_machine",
    "bodytype": "human",
    "species": [ "BIOMACHINE" ],
    "diff": 5,
    "volume": "62500 ml",
    "weight": "81500 g",
    "hp": 110,
    "speed": 100,
    "material": [ "flesh" ],
    "symbol": "X",
    "color": "red",
    "aggression": 0,
    "morale": 100,
    "melee_skill": 4,
    "melee_dice": 2,
    "melee_dice_sides": 2,
    "melee_cut": 2,
    "dodge": 2,
    "vision_day": 25,
    "regenerates": 5,
    "harvest": "frost_human",
    "death_drops": "default_moxie_human_death_drops",
    "special_attacks": [ [ "PARROT", 0 ] ],
    "death_function": [ "NORMAL" ],
    "flags": [
      "SEES",
      "HEARS",
      "GOODHEARING",
      "SWIMS",
      "WARM",
      "BASHES",
      "GROUP_BASH",
      "POISON",
      "NO_BREATHE",
      "REVIVES",
      "PUSH_MON",
      "FILTHY",
      "GUILT"
    ]
  },
  {
    "id": "mon_moxie_elder",
    "type": "MONSTER",
    "name": { "str": "MoxPhore Elder" },
    "description": "Numerous claw-like limbs closely wrap around this alien arachnid's head and thorax, forming a protective barrier.  Its antennae twitch and writhe, and it seems to grope wildly toward threats",
    "default_faction": "moxie",
    "bodytype": "human",
    "species": [ "MOXIE" ],
    "diff": 10,
    "volume": "62500 ml",
    "weight": "81500 g",
    "hp": 270,
    "speed": 120,
    "material": [ "flesh" ],
    "symbol": "E",
    "color": "i_red",
    "aggression": 100,
    "morale": 100,
    "melee_skill": 6,
    "melee_dice": 2,
    "melee_dice_sides": 4,
    "melee_cut": 4,
    "dodge": 4,
    "vision_day": 10,
    "regenerates": 15,
    "armor_bullet": 30,
    "armor_bash": 15,
    "armor_cut": 20,
    "harvest": "alien_moxphore",
    "special_attacks": [
      [ "LONGSWIPE", 20 ],
      [ "GRAB", 20 ],
      {
        "id": "scratch",
        "cooldown": 10,
        "accuracy": 6,
        "damage_max_instance": [
          { "damage_type": "stab", "amount": 8, "armor_multiplier": 0.3 },
          { "damage_type": "bash", "amount": 16, "armor_multiplier": 0.3 }
        ]
      }
    ],
    "death_function": [ "NORMAL" ],
    "flags": [
      "SEES",
      "HEARS",
      "GOODHEARING",
      "KEENNOSE",
      "SWIMS",
      "WARM",
      "BASHES",
      "GROUP_BASH",
      "DESTROYS",
      "POISON",
      "NO_BREATHE",
      "REVIVES",
      "PUSH_MON",
      "PUSH_VEH",
      "FILTHY"
    ]
  },
  {
    "id": "mon_moxie_bloodhound",
    "type": "MONSTER",
    "name": { "str": "MoxPhore Bloodhound" },
    "description": "The remains of a long lost colonist, shaped and rebuilt into a twisted reflection of the insectoid and canid forms.  It scuttles across the ground, looking blankly with vestigal eyes as it sniffs the air.",
    "default_faction": "moxie",
    "bodytype": "dog",
    "species": [ "MOXIE" ],
    "diff": 10,
    "volume": "62500 ml",
    "weight": "81500 g",
    "hp": 70,
    "speed": 120,
    "material": [ "flesh" ],
    "symbol": "Q",
    "color": "red",
    "aggression": 100,
    "morale": 100,
    "melee_skill": 4,
    "melee_dice": 2,
    "melee_dice_sides": 2,
    "melee_cut": 2,
    "dodge": 2,
    "vision_day": 2,
    "regenerates": 7,
    "armor_bullet": 20,
    "armor_bash": 10,
    "armor_cut": 10,
    "harvest": "frost_human",
    "special_attacks": [
      { "type": "bite", "cooldown": 5 },
      { "id": "scratch", "damage_max_instance": [ { "damage_type": "cut", "amount": 6 } ] }
    ],
    "death_function": [ "NORMAL" ],
    "flags": [
      "STUMBLES",
      "HEARS",
      "GOODHEARING",
      "KEENNOSE",
      "SWIMS",
      "WARM",
      "BASHES",
      "GROUP_BASH",
      "POISON",
      "NO_BREATHE",
      "REVIVES",
      "PUSH_MON",
      "FILTHY"
    ]
  },
  {
    "id": "mon_moxphore_emetic",
    "type": "MONSTER",
    "name": { "str": "Moxphore Emetic" },
    "description": "Unidentifiable walking remains, hunched  and wandering in apparent pain.  An alien plant peeks meekly from its open mouth, leaking green liquid as its host stumbles.",
    "default_faction": "moxie",
    "bodytype": "human",
    "species": [ "MOXIE" ],
    "diff": 10,
    "volume": "62500 ml",
    "weight": "81500 g",
    "hp": 110,
    "speed": 85,
    "material": [ "flesh" ],
    "symbol": "Y",
    "color": "yellow_green",
    "aggression": 100,
    "morale": 100,
    "melee_skill": 3,
    "melee_dice": 2,
    "melee_dice_sides": 6,
    "melee_cut": 2,
    "dodge": 1,
    "vision_day": 15,
    "regenerates": 10,
    "armor_bullet": 18,
    "armor_bash": 3,
    "armor_cut": 5,
    "harvest": "alien_moxphore",
    "special_attacks": [ [ "ACID", 20 ], { "id": "scratch", "damage_max_instance": [ { "damage_type": "cut", "amount": 6 } ] } ],
    "death_function": [ "ACID", "NORMAL" ],
    "flags": [
      "SEES",
      "HEARS",
      "SMELLS",
      "STUMBLES",
      "WARM",
      "BASHES",
      "GROUP_BASH",
      "POISON",
      "ACIDPROOF",
      "ACID_BLOOD",
      "NO_BREATHE",
      "REVIVES",
      "PUSH_MON",
      "FILTHY"
    ]
  }
]
