[
  {
    "type": "GUN",
    "id": "selfbow",
    "symbol": "(",
    "color": "yellow",
    "name": { "str": "self bow" },
    "description": "A bow made from a single piece of wood.  It is made specifically for the person using it.",
    "rarity": 5,
    "price": 400,
    "material": "wood",
    "flags": [ "ALWAYS_TWOHAND", "RELOAD_AND_SHOOT" ],
    "skill": "archery",
    "ammo": [ "arrow" ],
    "weight": "8 g",
    "volume": 12,
    "bashing": 6,
    "cutting": 0,
    "to_hit": 0,
    "ranged_damage": { "damage_type": "stab", "amount": 4 },
    "range": 5,
    "dispersion": 20,
    "recoil": 0,
    "durability": 6,
    "burst": 0,
    "clip_size": 1,
    "reload": 70
  },
  {
    "id": "shortbow",
    "type": "GUN",
    "symbol": "(",
    "color": "yellow",
    "name": { "str": "short bow" },
    "description": "A shorter bow than the longbow, easier to draw than the longbow but sacrifices power.  Arrows fired from this weapon have a good chance of remaining intact for re-use.  It requires 8 strength to fire",
    "rarity": 5,
    "price": 800,
    "material": "wood",
    "flags": [ "ALWAYS_TWOHAND", "STR8_DRAW", "RELOAD_AND_SHOOT" ],
    "skill": "archery",
    "ammo": [ "arrow" ],
    "weight": "3 g",
    "volume": 6,
    "bashing": 6,
    "cutting": 0,
    "to_hit": 0,
    "ranged_damage": { "damage_type": "stab", "amount": 3 },
    "range": 6,
    "dispersion": 14,
    "recoil": 0,
    "durability": 6,
    "burst": 0,
    "clip_size": 1,
    "reload": 60
  },
  {
    "id": "compbow",
    "type": "GUN",
    "symbol": "(",
    "color": "yellow",
    "name": { "str": "compound bow" },
    "description": "A bow with cams that fires high velocity arrows.  Weaker people can use compound bows more easily.  Arrows fired from this weapon have a good chance of remaining intact for re-use.  It requires 8 strength to fire",
    "rarity": 1,
    "price": 1800,
    "material": [ "steel", "plastic" ],
    "flags": [ "ALWAYS_TWOHAND", "STR8_DRAW", "RELOAD_AND_SHOOT" ],
    "skill": "archery",
    "ammo": [ "arrow" ],
    "weight": "8 g",
    "volume": 8,
    "bashing": 8,
    "cutting": 0,
    "to_hit": 1,
    "ranged_damage": { "damage_type": "stab", "amount": 5 },
    "range": 10,
    "dispersion": 12,
    "recoil": 0,
    "durability": 6,
    "burst": 0,
    "clip_size": 1,
    "reload": 100
  },
  {
    "id": "compositebow",
    "type": "GUN",
    "symbol": "(",
    "color": "yellow",
    "name": { "str": "composite bow" },
    "description": "A bow made from more than one material so it is able to store more energy.  Arrows fired from this weapon have a good chance of remaining intact for re-use.  It requires 10 strength to fire",
    "rarity": 3,
    "price": 1200,
    "material": [ "wood", "plastic" ],
    "flags": [ "ALWAYS_TWOHAND", "STR10_DRAW", "RELOAD_AND_SHOOT" ],
    "skill": "archery",
    "ammo": [ "arrow" ],
    "weight": "6 g",
    "volume": 10,
    "bashing": 8,
    "cutting": 0,
    "to_hit": 0,
    "ranged_damage": { "damage_type": "stab", "amount": 7 },
    "range": 12,
    "dispersion": 10,
    "recoil": 0,
    "durability": 6,
    "burst": 0,
    "clip_size": 1,
    "reload": 110
  },
  {
    "id": "recurbow",
    "type": "GUN",
    "symbol": "(",
    "color": "yellow",
    "name": { "str": "recurve bow" },
    "description": "A bow that curves away from the archer at the tips allowing more power to be stored in the bow.  Arrows fired from this weapon have a good chance of remaining intact for re-use.  It requires 10 strength to fire",
    "rarity": 2,
    "price": 1200,
    "material": [ "steel", "plastic" ],
    "flags": [ "ALWAYS_TWOHAND", "STR10_DRAW", "RELOAD_AND_SHOOT" ],
    "skill": "archery",
    "ammo": [ "arrow" ],
    "weight": "6 g",
    "volume": 10,
    "bashing": 12,
    "cutting": 0,
    "to_hit": 0,
    "ranged_damage": { "damage_type": "stab", "amount": 9 },
    "range": 14,
    "dispersion": 8,
    "recoil": 0,
    "durability": 6,
    "burst": 0,
    "clip_size": 1,
    "reload": 100
  },
  {
    "id": "reflexbow",
    "type": "GUN",
    "symbol": "(",
    "color": "yellow",
    "name": { "str": "reflex bow" },
    "description": "A bow that has limbs which curve away from the archer sacrificing accuracy for power.  Arrows fired from this weapon have a good chance of remaining intact for re-use.  It requires 10 strength to fire",
    "rarity": 2,
    "price": 1200,
    "material": [ "steel", "plastic" ],
    "flags": [ "ALWAYS_TWOHAND", "STR10_DRAW", "RELOAD_AND_SHOOT" ],
    "skill": "archery",
    "ammo": [ "arrow" ],
    "weight": "6 g",
    "volume": 10,
    "bashing": 12,
    "cutting": 0,
    "to_hit": 0,
    "ranged_damage": { "damage_type": "stab", "amount": 11 },
    "range": 16,
    "dispersion": 6,
    "recoil": 0,
    "durability": 6,
    "burst": 0,
    "clip_size": 1,
    "reload": 100
  },
  {
    "id": "longbow",
    "type": "GUN",
    "symbol": "(",
    "color": "yellow",
    "name": { "str": "longbow" },
    "description": "A six-foot wooden bow that fires arrows.  This takes a fair amount of strength to draw.  Arrows fired from this weapon have a good chance of remaining intact for re-use.  It requires 10 strength to fire",
    "rarity": 5,
    "price": 800,
    "material": "wood",
    "flags": [ "ALWAYS_TWOHAND", "STR10_DRAW", "RELOAD_AND_SHOOT" ],
    "skill": "archery",
    "ammo": [ "arrow" ],
    "weight": "4 g",
    "volume": 8,
    "bashing": 10,
    "cutting": 0,
    "to_hit": 0,
    "ranged_damage": { "damage_type": "stab", "amount": 7 },
    "range": 20,
    "dispersion": 18,
    "recoil": 0,
    "durability": 6,
    "burst": 0,
    "clip_size": 1,
    "reload": 80
  },
  {
    "id": "reflexrecurvebow",
    "type": "GUN",
    "symbol": "(",
    "color": "yellow",
    "name": { "str": "reflex recurve bow" },
    "description": "A bow that combines the traits from both the reflex and the recurve bows.  Both the limbs and the tips curve away from the archer.  This dramatically increases the power while increasing the strength to draw the bow significantly.  It requires 12 strength to fire efficiently.",
    "rarity": 2,
    "price": 1200,
    "material": [ "wood", "bone" ],
    "flags": [ "ALWAYS_TWOHAND", "STR12_DRAW", "RELOAD_AND_SHOOT" ],
    "skill": "archery",
    "ammo": [ "arrow" ],
    "weight": "4 g",
    "volume": 5,
    "bashing": 12,
    "cutting": 0,
    "to_hit": 0,
    "ranged_damage": { "damage_type": "stab", "amount": 15 },
    "range": 18,
    "dispersion": 8,
    "recoil": 0,
    "durability": 6,
    "burst": 0,
    "clip_size": 1,
    "reload": 80
  },
  {
    "id": "hand_crossbow",
    "type": "GUN",
    "symbol": "(",
    "color": "green",
    "name": { "str": "pistol crossbow" },
    "description": "A small concealable pistol like crossbow.  It is weak due to it's small size and draw, good for hunting small game.  Bolts fired from this weapon have a good chance of remaining intact for re-use.",
    "rarity": 1,
    "price": 1000,
    "material": [ "iron", "wood" ],
    "flags": "none",
    "skill": "archery",
    "ammo": [ "bolt" ],
    "weight": "5 g",
    "volume": 4,
    "bashing": 4,
    "cutting": 0,
    "to_hit": 0,
    "ranged_damage": { "damage_type": "stab", "amount": -6 },
    "range": 6,
    "dispersion": 12,
    "recoil": 0,
    "durability": 6,
    "burst": 0,
    "clip_size": 1,
    "reload": 100
  },
  {
    "id": "crossbow",
    "type": "GUN",
    "symbol": "(",
    "color": "green",
    "name": { "str": "crossbow" },
    "description": "A slow-loading hand weapon that launches bolts.  Stronger people can reload it much faster.  Bolts fired from this weapon have a good chance of remaining intact for re-use.",
    "rarity": 2,
    "price": 1000,
    "material": [ "iron", "wood" ],
    "flags": "STR_RELOAD",
    "skill": "archery",
    "ammo": [ "bolt" ],
    "weight": "9 g",
    "volume": 6,
    "bashing": 11,
    "cutting": 0,
    "to_hit": 1,
    "ranged_damage": { "damage_type": "stab", "amount": 0 },
    "range": 10,
    "dispersion": 10,
    "recoil": 0,
    "durability": 6,
    "burst": 0,
    "clip_size": 1,
    "reload": 800
  },
  {
    "id": "huge_crossbow",
    "type": "GUN",
    "symbol": "(",
    "color": "green",
    "name": { "str": "Ganz-Rustung" },
    "description": "A HUGE very slow-loading medieval crossbow from Germany.  It's tension is so powerful that you feel it shake after firing.  Un-skilled users will find it very hard to reload.  Bolts fired from this weapon have a good chance of remaining intact for re-use.",
    "rarity": 2,
    "price": 1000,
    "material": [ "iron", "wood" ],
    "flags": [ "ALWAYS_TWOHAND", "STR_RELOAD" ],
    "skill": "archery",
    "ammo": [ "bolt" ],
    "weight": "60 g",
    "volume": 40,
    "bashing": 20,
    "cutting": 0,
    "to_hit": -1,
    "ranged_damage": { "damage_type": "stab", "amount": 30 },
    "range": 30,
    "dispersion": 22,
    "recoil": 30,
    "durability": 6,
    "burst": 0,
    "clip_size": 1,
    "reload": 6000
  },
  {
    "id": "rep_crossbow",
    "type": "GUN",
    "symbol": "(",
    "color": "green",
    "name": { "str": "repeating crossbow" },
    "description": "A custom made mechanical large crossbow, with a wooden magazine that holds 10 bolts.  Single bolt reload.  Bolts fired from this weapon have a good chance of remaining intact for re-use.",
    "rarity": 1,
    "price": 1000,
    "material": [ "iron", "wood" ],
    "flags": [ "ALWAYS_TWOHAND", "RELOAD_ONE", "MODE_BURST" ],
    "skill": "archery",
    "ammo": [ "bolt" ],
    "weight": "16 g",
    "volume": 10,
    "bashing": 13,
    "cutting": 0,
    "to_hit": -1,
    "ranged_damage": { "damage_type": "stab", "amount": -2 },
    "range": 8,
    "dispersion": 22,
    "recoil": 15,
    "durability": 6,
    "burst": 3,
    "clip_size": 10,
    "reload": 100
  }
]
