[
  {
    "id": "nailgun",
    "type": "GUN",
    "symbol": "(",
    "color": "light_blue",
    "name": { "str": "nail gun" },
    "description": "A tool used to drive nails into wood or other material.  It could also be used as a ad-hoc weapon, or to practice your handgun skill up to level 1.",
    "rarity": 12,
    "price": 100,
    "material": "iron",
    "flags": "MODE_BURST",
    "skill": "pistol",
    "ammo": [ "nail" ],
    "weight": "22 g",
    "volume": 4,
    "bashing": 12,
    "cutting": 0,
    "to_hit": 1,
    "ranged_damage": { "damage_type": "stab", "amount": 0 },
    "range": 0,
    "dispersion": 32,
    "recoil": 0,
    "durability": 8,
    "burst": 5,
    "clip_size": 100,
    "reload": 450
  },
  {
    "id": "nailrifle",
    "type": "GUN",
    "symbol": "(",
    "color": "light_blue",
    "name": { "str": "nail rifle" },
    "description": "This is a nailgun that has been jury-rigged to be a more effective weapon with the addition of a short barrel, a stock, and a hand guard.",
    "rarity": 12,
    "price": 200,
    "material": "iron",
    "flags": "MODE_BURST",
    "skill": "rifle",
    "ammo": [ "nail" ],
    "weight": "30 g",
    "volume": 10,
    "bashing": 15,
    "cutting": 0,
    "to_hit": 2,
    "ranged_damage": { "damage_type": "stab", "amount": 2 },
    "range": 3,
    "dispersion": 22,
    "recoil": 0,
    "durability": 8,
    "burst": 5,
    "clip_size": 100,
    "reload": 350
  },
  {
    "id": "bbgun",
    "type": "GUN",
    "symbol": "(",
    "color": "light_blue",
    "name": { "str": "BB gun" },
    "description": "Popular among children.  It's fairly accurate, but BBs deal nearly no damage.  It could be used to practice your rifle skill up to level 1.",
    "rarity": 10,
    "price": 100,
    "material": [ "iron", "wood" ],
    "skill": "rifle",
    "ammo": [ "BB" ],
    "weight": "16 g",
    "volume": 8,
    "bashing": 9,
    "cutting": 0,
    "to_hit": 2,
    "ranged_damage": { "damage_type": "stab", "amount": 0 },
    "range": 0,
    "dispersion": 0,
    "recoil": -5,
    "durability": 7,
    "burst": 0,
    "clip_size": 20,
    "reload": 500
  },
  {
    "id": "sling",
    "type": "GUN",
    "symbol": "(",
    "color": "red",
    "name": { "str": "sling" },
    "description": "A leather sling, it is easy to use and accurate, but pebbles do little damage.  Pebbles are used as ammunition.",
    "rarity": 5,
    "price": 50,
    "material": "leather",
    "flags": "RELOAD_AND_SHOOT",
    "skill": "throw",
    "ammo": [ "pebble" ],
    "weight": "1 g",
    "volume": 1,
    "bashing": 0,
    "cutting": 0,
    "to_hit": 0,
    "ranged_damage": { "damage_type": "stab", "amount": 2 },
    "range": 0,
    "dispersion": 7,
    "recoil": 0,
    "durability": 6,
    "burst": 0,
    "clip_size": 1,
    "reload": 100
  },
  {
    "id": "slingshot",
    "type": "GUN",
    "symbol": "(",
    "color": "yellow",
    "name": { "str": "slingshot" },
    "description": "A wooden slingshot, it is easy to use and accurate, but pebbles do little damage.  Pebbles are used as ammunition.",
    "rarity": 5,
    "price": 50,
    "material": "wood",
    "flags": "RELOAD_AND_SHOOT",
    "skill": "archery",
    "ammo": [ "pebble" ],
    "weight": "1 g",
    "volume": 1,
    "bashing": 0,
    "cutting": 0,
    "to_hit": 2,
    "ranged_damage": { "damage_type": "stab", "amount": 2 },
    "range": 0,
    "dispersion": 7,
    "recoil": 0,
    "durability": 6,
    "burst": 0,
    "clip_size": 1,
    "reload": 100
  },
  {
    "id": "rifle_22",
    "type": "GUN",
    "symbol": "(",
    "color": "light_blue",
    "name": { "str": "pipe rifle: .22" },
    "description": "A home-made rifle.  It is simply a pipe attached to a stock, with a hammer to strike the single round it holds.",
    "rarity": 0,
    "price": 800,
    "material": [ "iron", "wood" ],
    "skill": "rifle",
    "ammo": [ "22" ],
    "weight": "13 g",
    "volume": 9,
    "bashing": 10,
    "cutting": 0,
    "to_hit": 2,
    "ranged_damage": { "damage_type": "stab", "amount": -2 },
    "range": 0,
    "dispersion": 7,
    "recoil": 2,
    "durability": 6,
    "burst": 0,
    "clip_size": 1,
    "reload": 250
  },
  {
    "id": "rifle_9mm",
    "type": "GUN",
    "symbol": "(",
    "color": "light_blue",
    "name": { "str": "pipe rifle: 9mm" },
    "description": "A home-made rifle.  It is simply a pipe attached to a stock, with a hammer to strike the single round it holds.",
    "rarity": 0,
    "price": 900,
    "material": [ "iron", "wood" ],
    "skill": "rifle",
    "ammo": [ "9mm" ],
    "weight": "16 g",
    "volume": 10,
    "bashing": 10,
    "cutting": 0,
    "to_hit": 2,
    "ranged_damage": { "damage_type": "stab", "amount": -2 },
    "range": 0,
    "dispersion": 7,
    "recoil": 2,
    "durability": 6,
    "burst": 0,
    "clip_size": 1,
    "reload": 250
  },
  {
    "id": "smg_9mm",
    "type": "GUN",
    "symbol": "(",
    "color": "light_blue",
    "name": { "str": "pipe SMG: 9mm" },
    "description": "A home-made machine pistol.  It features a rudimentary blowback system, which allows for small bursts.",
    "rarity": 0,
    "price": 1050,
    "material": [ "iron", "wood" ],
    "flags": "MODE_BURST",
    "skill": "smg",
    "ammo": [ "9mm" ],
    "weight": "8 g",
    "volume": 5,
    "bashing": 6,
    "cutting": 0,
    "to_hit": -1,
    "ranged_damage": { "damage_type": "stab", "amount": 0 },
    "range": 0,
    "dispersion": 22,
    "recoil": 6,
    "durability": 5,
    "burst": 4,
    "clip_size": 10,
    "reload": 400
  },
  {
    "id": "smg_45",
    "type": "GUN",
    "symbol": "(",
    "color": "light_blue",
    "name": { "str": "pipe SMG: .45" },
    "description": "A home-made machine pistol.  It features a rudimentary blowback system, which allows for small bursts.",
    "rarity": 0,
    "price": 1150,
    "material": [ "iron", "wood" ],
    "flags": "MODE_BURST",
    "skill": "smg",
    "ammo": [ "45" ],
    "weight": "9 g",
    "volume": 6,
    "bashing": 7,
    "cutting": 0,
    "to_hit": -1,
    "ranged_damage": { "damage_type": "stab", "amount": 0 },
    "range": 0,
    "dispersion": 22,
    "recoil": 6,
    "durability": 5,
    "burst": 3,
    "clip_size": 8,
    "reload": 400
  },
  {
    "id": "sig_mosquito",
    "type": "GUN",
    "symbol": "(",
    "color": "dark_gray",
    "name": { "str": "SIG Mosquito" },
    "description": "A popular, very small .22 pistol.  \"Ergonomically designed to give the best shooting experience.\" --SIG Sauer official website",
    "rarity": 5,
    "price": 1200,
    "material": [ "steel", "plastic" ],
    "skill": "pistol",
    "ammo": [ "22" ],
    "weight": "6 g",
    "volume": 1,
    "bashing": 9,
    "cutting": 0,
    "to_hit": 1,
    "ranged_damage": { "damage_type": "stab", "amount": 1 },
    "range": 0,
    "dispersion": 20,
    "recoil": 4,
    "durability": 8,
    "burst": 0,
    "clip_size": 10,
    "reload": 350
  },
  {
    "id": "sw_22",
    "type": "GUN",
    "symbol": "(",
    "color": "dark_gray",
    "name": { "str": "S&W 22A" },
    "description": "A popular .22 pistol.  \"Ideal for competitive target shooting or recreational shooting.\" --Smith & Wesson official website",
    "rarity": 5,
    "price": 1250,
    "material": [ "steel", "plastic" ],
    "skill": "pistol",
    "ammo": [ "22" ],
    "weight": "10 g",
    "volume": 1,
    "bashing": 9,
    "cutting": 0,
    "to_hit": 1,
    "ranged_damage": { "damage_type": "stab", "amount": 1 },
    "range": 0,
    "dispersion": 17,
    "recoil": 5,
    "durability": 7,
    "burst": 0,
    "clip_size": 10,
    "reload": 300
  },
  {
    "id": "glock_19",
    "type": "GUN",
    "symbol": "(",
    "color": "dark_gray",
    "name": { "str": "Glock 19" },
    "description": "Possibly the most popular pistol in existance.  The Glock 19 is often derided for its plastic contruction, but it is easy to shoot.",
    "rarity": 7,
    "price": 1400,
    "material": [ "steel", "plastic" ],
    "skill": "pistol",
    "ammo": [ "9mm" ],
    "weight": "5 g",
    "volume": 2,
    "bashing": 8,
    "cutting": 0,
    "to_hit": 1,
    "ranged_damage": { "damage_type": "stab", "amount": 0 },
    "range": 0,
    "dispersion": 16,
    "recoil": 6,
    "durability": 6,
    "burst": 0,
    "clip_size": 15,
    "reload": 300
  },
  {
    "id": "usp_9mm",
    "type": "GUN",
    "symbol": "(",
    "color": "dark_gray",
    "name": { "str": "USP 9mm" },
    "description": "A popular 9mm pistol, widely used among law enforcement.  Extensively tested for durability, it has been found to stay accurate even after subjected to extreme abuse.",
    "rarity": 6,
    "price": 1450,
    "material": [ "steel", "plastic" ],
    "skill": "pistol",
    "ammo": [ "9mm" ],
    "weight": "6 g",
    "volume": 2,
    "bashing": 8,
    "cutting": 0,
    "to_hit": 1,
    "ranged_damage": { "damage_type": "stab", "amount": -1 },
    "range": 0,
    "dispersion": 17,
    "recoil": 5,
    "durability": 9,
    "burst": 0,
    "clip_size": 15,
    "reload": 350
  },
  {
    "id": "sw_619",
    "type": "GUN",
    "symbol": "(",
    "color": "dark_gray",
    "name": { "str": "S&W 619" },
    "description": "A seven-round .38 revolver sold by Smith & Wesson.  It features a fixed rear sight and a reinforced frame.",
    "rarity": 4,
    "price": 1450,
    "material": [ "steel", "plastic" ],
    "flags": "RELOAD_ONE",
    "skill": "pistol",
    "ammo": [ "38" ],
    "weight": "9 g",
    "volume": 2,
    "bashing": 9,
    "cutting": 0,
    "to_hit": 1,
    "ranged_damage": { "damage_type": "stab", "amount": 2 },
    "range": 0,
    "dispersion": 15,
    "recoil": 4,
    "durability": 8,
    "burst": 0,
    "clip_size": 7,
    "reload": 75
  },
  {
    "id": "taurus_38",
    "type": "GUN",
    "symbol": "(",
    "color": "dark_gray",
    "name": { "str": "Taurus Pro .38" },
    "description": "A popular .38 pistol.  Designed with numerous safety features and built from high-quality, durable materials.",
    "rarity": 4,
    "price": 1500,
    "material": [ "steel", "plastic" ],
    "skill": "pistol",
    "ammo": [ "38" ],
    "weight": "6 g",
    "volume": 2,
    "bashing": 8,
    "cutting": 0,
    "to_hit": 1,
    "ranged_damage": { "damage_type": "stab", "amount": 1 },
    "range": 0,
    "dispersion": 14,
    "recoil": 6,
    "durability": 7,
    "burst": 0,
    "clip_size": 10,
    "reload": 350
  },
  {
    "id": "sig_40",
    "type": "GUN",
    "symbol": "(",
    "color": "dark_gray",
    "name": { "str": "SIG Pro .40" },
    "description": "Originally marketed as a lightweight and compact alternative to older SIG handguns, the Pro .40 is popular among European police forces.",
    "rarity": 4,
    "price": 1500,
    "material": [ "steel", "plastic" ],
    "skill": "pistol",
    "ammo": [ "40" ],
    "weight": "6 g",
    "volume": 2,
    "bashing": 8,
    "cutting": 0,
    "to_hit": 1,
    "ranged_damage": { "damage_type": "stab", "amount": 1 },
    "range": 0,
    "dispersion": 14,
    "recoil": 8,
    "durability": 7,
    "burst": 0,
    "clip_size": 12,
    "reload": 350
  },
  {
    "id": "sw_610",
    "type": "GUN",
    "symbol": "(",
    "color": "dark_gray",
    "name": { "str": "S&W 610" },
    "description": "The Smith and Wesson 610 is a classic six-shooter revolver chambered for 10mm rounds, or for S&W's own .40 round.",
    "rarity": 3,
    "price": 1460,
    "material": [ "steel", "wood" ],
    "flags": "RELOAD_ONE",
    "skill": "pistol",
    "ammo": [ "40" ],
    "weight": "10 g",
    "volume": 2,
    "bashing": 10,
    "cutting": 0,
    "to_hit": 1,
    "ranged_damage": { "damage_type": "stab", "amount": 2 },
    "range": 0,
    "dispersion": 15,
    "recoil": 6,
    "durability": 8,
    "burst": 0,
    "clip_size": 6,
    "reload": 60
  },
  {
    "id": "sw_500",
    "type": "GUN",
    "symbol": "(",
    "color": "pink",
    "name": { "str": "S&W 500" },
    "description": "The Smith and Wesson 500 is a five-shooter revolver, it fires the most powerful handgun cartidge the .500 S&W Magnum, it's one of worlds best revolver.",
    "rarity": 2,
    "price": 2000,
    "material": [ "steel", "plastic" ],
    "flags": "RELOAD_ONE",
    "skill": "pistol",
    "ammo": [ "500" ],
    "weight": "20 g",
    "volume": 6,
    "bashing": 12,
    "cutting": 0,
    "to_hit": 1,
    "ranged_damage": { "damage_type": "stab", "amount": 8 },
    "range": 0,
    "dispersion": 12,
    "recoil": 2,
    "durability": 8,
    "burst": 0,
    "clip_size": 5,
    "reload": 80
  },
  {
    "id": "raging_bull",
    "type": "GUN",
    "symbol": "(",
    "color": "red",
    "name": { "str": "Taurus Raging Bull" },
    "description": "The Taurus Raging Bull is a five-shooter revolver, it fires the very powerful handgun cartidge the .454 Casull round, it has a distinct red strip along it's rubber grip.",
    "rarity": 2,
    "price": 1500,
    "material": [ "steel", "plastic" ],
    "flags": "RELOAD_ONE",
    "skill": "pistol",
    "ammo": [ "454" ],
    "weight": "15 g",
    "volume": 6,
    "bashing": 12,
    "cutting": 0,
    "to_hit": 1,
    "ranged_damage": { "damage_type": "stab", "amount": 6 },
    "range": 0,
    "dispersion": 12,
    "recoil": 4,
    "durability": 8,
    "burst": 0,
    "clip_size": 5,
    "reload": 80
  },
  {
    "id": "ruger_redhawk",
    "type": "GUN",
    "symbol": "(",
    "color": "dark_gray",
    "name": { "str": "Ruger Redhawk" },
    "description": "One of the most powerful handguns in the world when it was released in 1979, the Redhawk offers very sturdy contruction, with an appearance that is reminiscent of \"Wild West\" revolvers.",
    "rarity": 3,
    "price": 1560,
    "material": [ "steel", "wood" ],
    "flags": "RELOAD_ONE",
    "skill": "pistol",
    "ammo": [ "44" ],
    "weight": "12 g",
    "volume": 2,
    "bashing": 10,
    "cutting": 0,
    "to_hit": 1,
    "ranged_damage": { "damage_type": "stab", "amount": 2 },
    "range": 0,
    "dispersion": 13,
    "recoil": 6,
    "durability": 8,
    "burst": 0,
    "clip_size": 6,
    "reload": 80
  },
  {
    "id": "deagle_44",
    "type": "GUN",
    "symbol": "(",
    "color": "dark_gray",
    "name": { "str": "Desert Eagle .44" },
    "description": "One of the most recognizable handguns due to its popularity in movies, the \"Deagle\" is better known for its menacing appearance than its performace.  It's highly innaccurate, but its heavy weight reduces recoil.",
    "rarity": 2,
    "price": 1750,
    "material": [ "steel", "plastic" ],
    "skill": "pistol",
    "ammo": [ "44" ],
    "weight": "17 g",
    "volume": 4,
    "bashing": 14,
    "cutting": 0,
    "to_hit": 1,
    "ranged_damage": { "damage_type": "stab", "amount": 4 },
    "range": 0,
    "dispersion": 27,
    "recoil": 3,
    "durability": 7,
    "burst": 0,
    "clip_size": 10,
    "reload": 400
  },
  {
    "id": "usp_45",
    "type": "GUN",
    "symbol": "(",
    "color": "dark_gray",
    "name": { "str": "USP .45" },
    "description": "A popular .45 pistol, widely used among law enforcement.  Extensively tested for durability, it has been found to stay accurate even after subjected to extreme abuse.",
    "rarity": 6,
    "price": 1600,
    "material": [ "steel", "plastic" ],
    "skill": "pistol",
    "ammo": [ "45" ],
    "weight": "7 g",
    "volume": 2,
    "bashing": 9,
    "cutting": 0,
    "to_hit": 1,
    "ranged_damage": { "damage_type": "stab", "amount": 1 },
    "range": 0,
    "dispersion": 17,
    "recoil": 8,
    "durability": 9,
    "burst": 0,
    "clip_size": 12,
    "reload": 350
  },
  {
    "id": "m1911",
    "type": "GUN",
    "symbol": "(",
    "color": "light_gray",
    "name": { "str": "M1911" },
    "description": "The M1911 was the standard-issue sidearm from the US Military for most of the 20th Century.  It remains one of the most popular .45 pistols today.",
    "rarity": 5,
    "price": 1680,
    "material": [ "steel", "plastic" ],
    "skill": "pistol",
    "ammo": [ "45" ],
    "weight": "10 g",
    "volume": 3,
    "bashing": 12,
    "cutting": 0,
    "to_hit": 1,
    "ranged_damage": { "damage_type": "stab", "amount": 6 },
    "range": 0,
    "dispersion": 17,
    "recoil": 9,
    "durability": 7,
    "burst": 0,
    "clip_size": 7,
    "reload": 300
  },
  {
    "id": "fn57",
    "type": "GUN",
    "symbol": "(",
    "color": "light_gray",
    "name": { "str": "FN Five-Seven" },
    "description": "Designed to work with FN's proprietary 5.7x28mm round, the Five-Seven is a lightweight pistol with a very high capacity, best used against armored opponents.",
    "rarity": 2,
    "price": 1550,
    "material": [ "steel", "plastic" ],
    "skill": "pistol",
    "ammo": [ "57" ],
    "weight": "5 g",
    "volume": 2,
    "bashing": 6,
    "cutting": 0,
    "to_hit": 0,
    "ranged_damage": { "damage_type": "stab", "amount": 2 },
    "range": 0,
    "dispersion": 5,
    "recoil": 6,
    "durability": 8,
    "burst": 0,
    "clip_size": 20,
    "reload": 300
  },
  {
    "id": "hk_ucp",
    "type": "GUN",
    "symbol": "(",
    "color": "light_gray",
    "name": { "str": "H&K UCP" },
    "description": "Designed to work with H&K's proprietary 4.6x30mm round, the UCP is a small pistol with a very high capacity, best used against armored opponents.",
    "rarity": 2,
    "price": 1500,
    "material": [ "steel", "plastic" ],
    "skill": "pistol",
    "ammo": [ "46" ],
    "weight": "5 g",
    "volume": 2,
    "bashing": 6,
    "cutting": 0,
    "to_hit": 0,
    "ranged_damage": { "damage_type": "stab", "amount": 2 },
    "range": 0,
    "dispersion": 4,
    "recoil": 6,
    "durability": 8,
    "burst": 0,
    "clip_size": 20,
    "reload": 300
  },
  {
    "id": "tokarev",
    "type": "GUN",
    "symbol": "(",
    "color": "dark_gray",
    "name": { "str": "Tokarev TT-30" },
    "description": "The Norinco manufactured Tokarev TT-30 is the standard sidearm of the Chinese military, it does not see extensive use outside of China.",
    "rarity": 7,
    "price": 1400,
    "material": [ "steel", "plastic" ],
    "skill": "pistol",
    "ammo": [ "762x25" ],
    "weight": "12 g",
    "volume": 2,
    "bashing": 10,
    "cutting": 0,
    "to_hit": 1,
    "ranged_damage": { "damage_type": "stab", "amount": 0 },
    "range": 0,
    "dispersion": 15,
    "recoil": 4,
    "durability": 6,
    "burst": 0,
    "clip_size": 8,
    "reload": 300
  },
  {
    "id": "shotgun_sawn",
    "type": "GUN",
    "symbol": "(",
    "color": "red",
    "name": { "str": "sawn-off shotgun" },
    "description": "The barrels of shotguns are often sawed in half to make it more maneuverable and concealable.  This has the added effect of reducing accuracy greatly.",
    "rarity": 1,
    "price": 700,
    "material": [ "iron", "wood" ],
    "flags": "RELOAD_ONE",
    "skill": "shotgun",
    "ammo": [ "shot" ],
    "weight": "10 g",
    "volume": 6,
    "bashing": 14,
    "cutting": 0,
    "to_hit": 2,
    "ranged_damage": { "damage_type": "stab", "amount": 4 },
    "range": 0,
    "dispersion": 32,
    "recoil": 15,
    "durability": 4,
    "burst": 0,
    "clip_size": 2,
    "reload": 100
  },
  {
    "id": "saiga_sawn",
    "type": "GUN",
    "symbol": "(",
    "color": "red",
    "name": { "str": "sawn-off Saiga 12" },
    "description": "The Saiga-12 shotgun is designed on the same Kalishnikov pattern as the AK47 rifle.  It reloads with a magazine, rather than one shell at a time like most shotguns.  This one has had the barrel cut short, vastly reducing accuracy but making it more portable",
    "rarity": 1,
    "price": 700,
    "material": [ "iron", "wood" ],
    "flags": "MODE_BURST",
    "skill": "shotgun",
    "ammo": [ "shot" ],
    "weight": "10 g",
    "volume": 6,
    "bashing": 14,
    "cutting": 0,
    "to_hit": 2,
    "ranged_damage": { "damage_type": "stab", "amount": 4 },
    "range": 0,
    "dispersion": 32,
    "recoil": 15,
    "durability": 4,
    "burst": 0,
    "clip_size": 10,
    "reload": 100
  },
  {
    "id": "shotgun_s",
    "type": "GUN",
    "symbol": "(",
    "color": "red",
    "name": { "str": "single barrel shotgun" },
    "description": "An old shotgun, possibly antique.  It is little more than a barrel, a wood stock, and a hammer to strike the cartridge.  Its simple design keeps it both light and accurate.",
    "rarity": 1,
    "price": 600,
    "material": [ "iron", "wood" ],
    "skill": "shotgun",
    "ammo": [ "shot" ],
    "weight": "20 g",
    "volume": 12,
    "bashing": 14,
    "cutting": 0,
    "to_hit": 3,
    "ranged_damage": { "damage_type": "stab", "amount": 0 },
    "range": 0,
    "dispersion": 0,
    "recoil": 5,
    "durability": 6,
    "burst": 0,
    "clip_size": 1,
    "reload": 100
  },
  {
    "id": "shotgun_d",
    "type": "GUN",
    "symbol": "(",
    "color": "red",
    "name": { "str": "double barrel shotgun" },
    "description": "An old shotgun, possibly antique.  It is little more than a pair of barrels, a wood stock, and a hammer to strike the cartridges.",
    "rarity": 2,
    "price": 1050,
    "material": [ "iron", "wood" ],
    "flags": [ "RELOAD_ONE", "MODE_BURST" ],
    "skill": "shotgun",
    "ammo": [ "shot" ],
    "weight": "26 g",
    "volume": 12,
    "bashing": 15,
    "cutting": 0,
    "to_hit": 3,
    "ranged_damage": { "damage_type": "stab", "amount": 0 },
    "range": 0,
    "dispersion": 0,
    "recoil": 4,
    "durability": 7,
    "burst": 2,
    "clip_size": 2,
    "reload": 100
  },
  {
    "id": "remington_870",
    "type": "GUN",
    "symbol": "(",
    "color": "red",
    "name": { "str": "Remington 870" },
    "description": "One of the most popular shotguns on the market, the Remington 870 is used by hunters and law enforcement agencies alike thanks to its high accuracy and muzzle velocity.",
    "rarity": 9,
    "price": 2200,
    "material": [ "steel", "plastic" ],
    "flags": [ "RELOAD_ONE", "MODE_BURST" ],
    "skill": "shotgun",
    "ammo": [ "shot" ],
    "weight": "30 g",
    "volume": 16,
    "bashing": 17,
    "cutting": 0,
    "to_hit": 3,
    "ranged_damage": { "damage_type": "stab", "amount": 5 },
    "range": 0,
    "dispersion": 2,
    "recoil": 0,
    "durability": 8,
    "burst": 3,
    "clip_size": 6,
    "reload": 100
  },
  {
    "id": "mossberg_500",
    "type": "GUN",
    "symbol": "(",
    "color": "red",
    "name": { "str": "Mossberg 500" },
    "description": "The Mossberg 500 is a popular series of pump-action shotguns, often acquired for military use.  It is noted for its high durability and low recoil.",
    "rarity": 5,
    "price": 2250,
    "material": [ "steel", "plastic" ],
    "flags": [ "RELOAD_ONE", "MODE_BURST" ],
    "skill": "shotgun",
    "ammo": [ "shot" ],
    "weight": "30 g",
    "volume": 15,
    "bashing": 17,
    "cutting": 0,
    "to_hit": 3,
    "ranged_damage": { "damage_type": "stab", "amount": 0 },
    "range": 0,
    "dispersion": 5,
    "recoil": -2,
    "durability": 9,
    "burst": 3,
    "clip_size": 8,
    "reload": 80
  },
  {
    "id": "saiga_12",
    "type": "GUN",
    "symbol": "(",
    "color": "red",
    "name": { "str": "Saiga-12" },
    "description": "The Saiga-12 shotgun is designed on the same Kalishnikov pattern as the AK47 rifle.  It reloads with a magazine, rather than one shell at a time like most shotguns.",
    "rarity": 3,
    "price": 2300,
    "material": [ "steel", "plastic" ],
    "flags": "MODE_BURST",
    "skill": "shotgun",
    "ammo": [ "shot" ],
    "weight": "36 g",
    "volume": 15,
    "bashing": 17,
    "cutting": 0,
    "to_hit": 3,
    "ranged_damage": { "damage_type": "stab", "amount": 0 },
    "range": 0,
    "dispersion": 9,
    "recoil": 2,
    "durability": 7,
    "burst": 4,
    "clip_size": 10,
    "reload": 500
  },
  {
    "id": "american_180",
    "type": "GUN",
    "symbol": "(",
    "color": "cyan",
    "name": { "str": "American-180" },
    "description": "The American-180 is a submachine gun developed in the 1960's that fires .22 LR, unusual for an SMG.  Though the round is low-powered, the high rate of fire and large magazine makes the 180 a formidable weapon.",
    "rarity": 2,
    "price": 1600,
    "material": "steel",
    "flags": "MODE_BURST",
    "skill": "smg",
    "ammo": [ "22" ],
    "weight": "23 g",
    "volume": 12,
    "bashing": 11,
    "cutting": 0,
    "to_hit": 0,
    "ranged_damage": { "damage_type": "stab", "amount": 2 },
    "range": 0,
    "dispersion": 12,
    "recoil": 0,
    "durability": 6,
    "burst": 30,
    "clip_size": 165,
    "reload": 500
  },
  {
    "id": "uzi",
    "type": "GUN",
    "symbol": "(",
    "color": "cyan",
    "name": { "str": "Uzi 9mm" },
    "description": "The Uzi 9mm has enjoyed immense popularity, selling more units than any other submachine gun.  It is widely used as a personal defense weapon, or as a primary weapon by elite frontline forces.",
    "rarity": 8,
    "price": 2080,
    "material": "steel",
    "flags": "MODE_BURST",
    "skill": "smg",
    "ammo": [ "9mm" ],
    "weight": "29 g",
    "volume": 6,
    "bashing": 10,
    "cutting": 0,
    "to_hit": 1,
    "ranged_damage": { "damage_type": "stab", "amount": 0 },
    "range": 0,
    "dispersion": 17,
    "recoil": -2,
    "durability": 7,
    "burst": 12,
    "clip_size": 32,
    "reload": 450
  },
  {
    "id": "tec9",
    "type": "GUN",
    "symbol": "(",
    "color": "cyan",
    "name": { "str": "TEC-9" },
    "description": "The TEC-9 is a machine pistol made of cheap polymers and machine stamped parts.  Its rise in popularity among criminals is largely due to its intimidating looks and low price.",
    "rarity": 10,
    "price": 1750,
    "material": "steel",
    "flags": "MODE_BURST",
    "skill": "smg",
    "ammo": [ "9mm" ],
    "weight": "12 g",
    "volume": 5,
    "bashing": 9,
    "cutting": 0,
    "to_hit": 1,
    "ranged_damage": { "damage_type": "stab", "amount": 3 },
    "range": 0,
    "dispersion": 16,
    "recoil": 0,
    "durability": 6,
    "burst": 8,
    "clip_size": 32,
    "reload": 400
  },
  {
    "id": "calico",
    "type": "GUN",
    "symbol": "(",
    "color": "cyan",
    "name": { "str": "Calico M960" },
    "description": "The Calico M960 is an automatic carbine with a unique circular magazine that allows for high capacities and reduced recoil.",
    "rarity": 6,
    "price": 2400,
    "material": "steel",
    "flags": "MODE_BURST",
    "skill": "smg",
    "ammo": [ "9mm" ],
    "weight": "19 g",
    "volume": 7,
    "bashing": 9,
    "cutting": 0,
    "to_hit": 1,
    "ranged_damage": { "damage_type": "stab", "amount": -3 },
    "range": 0,
    "dispersion": 20,
    "recoil": -4,
    "durability": 6,
    "burst": 20,
    "clip_size": 50,
    "reload": 500
  },
  {
    "id": "hk_mp5",
    "type": "GUN",
    "symbol": "(",
    "color": "cyan",
    "name": { "str": "H&K MP5" },
    "description": "The Heckler & Koch MP5 is one of the most widely-used submachine guns in the world, and has been adopted by special police forces and militaries alike.  Its high degree of accuracy and low recoil are universally praised.",
    "rarity": 12,
    "price": 2800,
    "material": [ "steel", "plastic" ],
    "flags": "MODE_BURST",
    "skill": "smg",
    "ammo": [ "9mm" ],
    "weight": "26 g",
    "volume": 12,
    "bashing": 10,
    "cutting": 0,
    "to_hit": 2,
    "ranged_damage": { "damage_type": "stab", "amount": 1 },
    "range": 0,
    "dispersion": 10,
    "recoil": -3,
    "durability": 8,
    "burst": 8,
    "clip_size": 30,
    "reload": 400
  },
  {
    "id": "mac_10",
    "type": "GUN",
    "symbol": "(",
    "color": "cyan",
    "name": { "str": "MAC-10" },
    "description": "The MAC-10 is a popular machine pistol originally designed for military use.  For many years they were the most inexpensive automatic weapon in the US, and enjoyed great popularity among criminals less concerned with quality firearms.",
    "rarity": 14,
    "price": 1800,
    "material": "steel",
    "flags": "MODE_BURST",
    "skill": "smg",
    "ammo": [ "45" ],
    "weight": "25 g",
    "volume": 4,
    "bashing": 8,
    "cutting": 0,
    "to_hit": 1,
    "ranged_damage": { "damage_type": "stab", "amount": -4 },
    "range": 0,
    "dispersion": 20,
    "recoil": 0,
    "durability": 7,
    "burst": 30,
    "clip_size": 30,
    "reload": 450
  },
  {
    "id": "hk_ump45",
    "type": "GUN",
    "symbol": "(",
    "color": "cyan",
    "name": { "str": "H&K UMP45" },
    "description": "Developed as a successor to the MP5 submachine gun, the UMP45 retains the earlier model's supreme accuracy and low recoil, but in the higher .45 caliber.",
    "rarity": 12,
    "price": 3000,
    "material": [ "steel", "plastic" ],
    "flags": "MODE_BURST",
    "skill": "smg",
    "ammo": [ "45" ],
    "weight": "20 g",
    "volume": 13,
    "bashing": 11,
    "cutting": 0,
    "to_hit": 1,
    "ranged_damage": { "damage_type": "stab", "amount": 0 },
    "range": 0,
    "dispersion": 5,
    "recoil": -3,
    "durability": 8,
    "burst": 4,
    "clip_size": 25,
    "reload": 450
  },
  {
    "id": "TDI",
    "type": "GUN",
    "symbol": "(",
    "color": "cyan",
    "name": { "str": "TDI Vector" },
    "description": "The TDI Vector is a submachine gun with a unique, in-line design that makes recoil very managable, even in the powerful .45 caliber.",
    "rarity": 4,
    "price": 4200,
    "material": [ "steel", "plastic" ],
    "flags": "MODE_BURST",
    "skill": "smg",
    "ammo": [ "45" ],
    "weight": "20 g",
    "volume": 13,
    "bashing": 9,
    "cutting": 0,
    "to_hit": 0,
    "ranged_damage": { "damage_type": "stab", "amount": -2 },
    "range": 0,
    "dispersion": 7,
    "recoil": -14,
    "durability": 7,
    "burst": 8,
    "clip_size": 30,
    "reload": 450
  },
  {
    "id": "fn_p90",
    "type": "GUN",
    "symbol": "(",
    "color": "cyan",
    "name": { "str": "FN P90" },
    "description": "The first in a new genre of guns, termed \"personal defense weapons.\"  FN designed the P90 to use their proprietary 5.7x28mm ammunition.  It is made for firing bursts manageably.",
    "rarity": 7,
    "price": 4000,
    "material": [ "steel", "plastic" ],
    "flags": "MODE_BURST",
    "skill": "smg",
    "ammo": [ "57" ],
    "weight": "22 g",
    "volume": 14,
    "bashing": 10,
    "cutting": 0,
    "to_hit": 1,
    "ranged_damage": { "damage_type": "stab", "amount": 0 },
    "range": 0,
    "dispersion": 14,
    "recoil": -8,
    "durability": 8,
    "burst": 20,
    "clip_size": 50,
    "reload": 500
  },
  {
    "id": "hk_mp7",
    "type": "GUN",
    "symbol": "(",
    "color": "cyan",
    "name": { "str": "H&K MP7" },
    "description": "Designed by Heckler & Koch as a competitor to the FN P90, as well as a successor to the extremely popular H&K MP5.  Using H&K's proprietary 4.6x30mm ammunition, it is designed for burst fire.",
    "rarity": 5,
    "price": 3400,
    "material": [ "steel", "plastic" ],
    "flags": "MODE_BURST",
    "skill": "smg",
    "ammo": [ "46" ],
    "weight": "17 g",
    "volume": 7,
    "bashing": 7,
    "cutting": 0,
    "to_hit": 1,
    "ranged_damage": { "damage_type": "stab", "amount": 0 },
    "range": 0,
    "dispersion": 13,
    "recoil": -10,
    "durability": 8,
    "burst": 20,
    "clip_size": 20,
    "reload": 450
  },
  {
    "id": "ppsh",
    "type": "GUN",
    "symbol": "(",
    "color": "cyan",
    "name": { "str": "PPSh-41" },
    "description": "The Soviet made PPSh-41, chambered in 7.62 Tokarev provides a relatively large ammunition capacity, coupled with low recoil and decent accuracy.",
    "rarity": 12,
    "price": 2800,
    "material": [ "steel", "wood" ],
    "flags": "MODE_BURST",
    "skill": "smg",
    "ammo": [ "762x25" ],
    "weight": "26 g",
    "volume": 12,
    "bashing": 10,
    "cutting": 0,
    "to_hit": 2,
    "ranged_damage": { "damage_type": "stab", "amount": 1 },
    "range": 0,
    "dispersion": 8,
    "recoil": -1,
    "durability": 8,
    "burst": 8,
    "clip_size": 35,
    "reload": 400
  },
  {
    "id": "marlin_9a",
    "type": "GUN",
    "symbol": "(",
    "color": "brown",
    "name": { "str": "Marlin 39A" },
    "description": "The oldest and longest-produced shoulder firearm in the world.  Though it fires the weak .22 round, it is highly accurate and damaging, and has essentially no recoil.",
    "rarity": 14,
    "price": 1600,
    "material": [ "iron", "wood" ],
    "flags": "RELOAD_ONE",
    "skill": "rifle",
    "ammo": [ "22" ],
    "weight": "26 g",
    "volume": 11,
    "bashing": 12,
    "cutting": 0,
    "to_hit": 3,
    "ranged_damage": { "damage_type": "stab", "amount": 3 },
    "range": 0,
    "dispersion": 2,
    "recoil": -5,
    "durability": 8,
    "burst": 0,
    "clip_size": 19,
    "reload": 90
  },
  {
    "id": "ruger_1022",
    "type": "GUN",
    "symbol": "(",
    "color": "brown",
    "name": { "str": "Ruger 10/22" },
    "description": "A popular and highly accurate .22 rifle.  At the time of its introduction in 1964, it was one of the first modern .22 rifles designed for quality, and not as a gun for children.",
    "rarity": 12,
    "price": 1650,
    "material": [ "iron", "wood" ],
    "skill": "rifle",
    "ammo": [ "22" ],
    "weight": "23 g",
    "volume": 11,
    "bashing": 12,
    "cutting": 0,
    "to_hit": 3,
    "ranged_damage": { "damage_type": "stab", "amount": 0 },
    "range": 0,
    "dispersion": 0,
    "recoil": -5,
    "durability": 8,
    "burst": 0,
    "clip_size": 10,
    "reload": 500
  },
  {
    "id": "browning_blr",
    "type": "GUN",
    "symbol": "(",
    "color": "brown",
    "name": { "str": "Browning BLR" },
    "description": "A very popular rifle for hunting and sniping.  Its low ammo capacity is offset by the very powerful .30-06 round it fires.",
    "rarity": 8,
    "price": 3500,
    "material": [ "iron", "wood" ],
    "flags": "RELOAD_ONE",
    "skill": "rifle",
    "ammo": [ "3006" ],
    "weight": "28 g",
    "volume": 12,
    "bashing": 12,
    "cutting": 0,
    "to_hit": 3,
    "ranged_damage": { "damage_type": "stab", "amount": -3 },
    "range": 0,
    "dispersion": 0,
    "recoil": -4,
    "durability": 7,
    "burst": 0,
    "clip_size": 4,
    "reload": 100
  },
  {
    "id": "remington_700",
    "type": "GUN",
    "symbol": "(",
    "color": "brown",
    "name": { "str": "Remington 700" },
    "description": "A very popular and durable hunting or sniping rifle.  Popular among SWAT and US Marine snipers.  Highly damaging, but perhaps not as accurate as the competing Browning BLR.",
    "rarity": 14,
    "price": 3200,
    "material": [ "iron", "wood" ],
    "flags": "RELOAD_ONE",
    "skill": "rifle",
    "ammo": [ "3006" ],
    "weight": "34 g",
    "volume": 12,
    "bashing": 13,
    "cutting": 0,
    "to_hit": 3,
    "ranged_damage": { "damage_type": "stab", "amount": 7 },
    "range": 0,
    "dispersion": 1,
    "recoil": -3,
    "durability": 8,
    "burst": 0,
    "clip_size": 4,
    "reload": 75
  },
  {
    "id": "sks",
    "type": "GUN",
    "symbol": "(",
    "color": "brown",
    "name": { "str": "SKS" },
    "description": "Developed by the Soviets in 1945, this rifle was quickly replaced by the full-auto AK47.  However, due to its superb accuracy and low recoil, this gun maintains immense popularity.",
    "rarity": 12,
    "price": 3000,
    "material": [ "iron", "wood" ],
    "skill": "rifle",
    "ammo": [ "762" ],
    "weight": "34 g",
    "volume": 12,
    "bashing": 13,
    "cutting": 0,
    "to_hit": 3,
    "ranged_damage": { "damage_type": "stab", "amount": 0 },
    "range": 0,
    "dispersion": 0,
    "recoil": -4,
    "durability": 8,
    "burst": 0,
    "clip_size": 10,
    "reload": 450
  },
  {
    "id": "ruger_mini",
    "type": "GUN",
    "symbol": "(",
    "color": "brown",
    "name": { "str": "Ruger Mini-14" },
    "description": "A small, lightweight semi-auto carbine designed for military use.  Its superb accuracy and low recoil makes it more suitable than full-auto rifles for some situations.",
    "rarity": 12,
    "price": 3200,
    "material": [ "iron", "wood" ],
    "skill": "rifle",
    "ammo": [ "223" ],
    "weight": "26 g",
    "volume": 12,
    "bashing": 12,
    "cutting": 0,
    "to_hit": 3,
    "ranged_damage": { "damage_type": "stab", "amount": 4 },
    "range": 0,
    "dispersion": 0,
    "recoil": -4,
    "durability": 8,
    "burst": 0,
    "clip_size": 10,
    "reload": 500
  },
  {
    "id": "savage_111f",
    "type": "GUN",
    "symbol": "(",
    "color": "brown",
    "name": { "str": "Savage 111F" },
    "description": "A very accurate rifle chambered for the powerful .308 round.  Its very low ammo capacity is offset by its accuracy and near-complete lack of recoil.",
    "rarity": 10,
    "price": 3280,
    "material": [ "steel", "plastic" ],
    "flags": "RELOAD_ONE",
    "skill": "rifle",
    "ammo": [ "308" ],
    "weight": "26 g",
    "volume": 12,
    "bashing": 13,
    "cutting": 0,
    "to_hit": 3,
    "ranged_damage": { "damage_type": "stab", "amount": 6 },
    "range": 0,
    "dispersion": 0,
    "recoil": -11,
    "durability": 9,
    "burst": 0,
    "clip_size": 3,
    "reload": 100
  },
  {
    "id": "hk_g3",
    "type": "GUN",
    "symbol": "(",
    "color": "blue",
    "name": { "str": "H&K G3" },
    "description": "An early battle rifle developed after the end of WWII.  The G3 is designed to unload large amounts of deadly ammunition, but it is less suitable over long ranges.",
    "rarity": 15,
    "price": 5050,
    "material": [ "iron", "wood" ],
    "flags": "MODE_BURST",
    "skill": "rifle",
    "ammo": [ "308" ],
    "weight": "40 g",
    "volume": 16,
    "bashing": 13,
    "cutting": 0,
    "to_hit": 2,
    "ranged_damage": { "damage_type": "stab", "amount": 8 },
    "range": 0,
    "dispersion": 2,
    "recoil": 4,
    "durability": 8,
    "burst": 10,
    "clip_size": 20,
    "reload": 550
  },
  {
    "id": "hk_g36",
    "type": "GUN",
    "symbol": "(",
    "color": "blue",
    "name": { "str": "H&K G36" },
    "description": "Designed as a replacement for the early H&K G3 battle rifle, the G36 is more accurate, and uses the much-lighter .223 round, allowing for a higher ammo capacity.",
    "rarity": 17,
    "price": 5100,
    "material": [ "iron", "plastic" ],
    "flags": "MODE_BURST",
    "skill": "rifle",
    "ammo": [ "223" ],
    "weight": "32 g",
    "volume": 15,
    "bashing": 13,
    "cutting": 0,
    "to_hit": 2,
    "ranged_damage": { "damage_type": "stab", "amount": 6 },
    "range": 0,
    "dispersion": 0,
    "recoil": 5,
    "durability": 8,
    "burst": 15,
    "clip_size": 30,
    "reload": 500
  },
  {
    "id": "ak47",
    "type": "GUN",
    "symbol": "(",
    "color": "blue",
    "name": { "str": "AK-47" },
    "description": "One of the most recognizable assault rifles ever made, the AK-47 is renowned for its durability even under the worst conditions.",
    "rarity": 16,
    "price": 4000,
    "material": [ "iron", "wood" ],
    "flags": "MODE_BURST",
    "skill": "rifle",
    "ammo": [ "762" ],
    "weight": "38 g",
    "volume": 16,
    "bashing": 14,
    "cutting": 0,
    "to_hit": 2,
    "ranged_damage": { "damage_type": "stab", "amount": 0 },
    "range": 0,
    "dispersion": 3,
    "recoil": 4,
    "durability": 9,
    "burst": 8,
    "clip_size": 30,
    "reload": 475
  },
  {
    "id": "fn_fal",
    "type": "GUN",
    "symbol": "(",
    "color": "blue",
    "name": { "str": "FN FAL" },
    "description": "A Belgian-designed battle rifle, the FN FAL is not very accurate for a rifle, but its high fire rate and powerful .308 ammunition have made it one of the most widely-used battle rifles in the world.",
    "rarity": 16,
    "price": 4500,
    "material": [ "iron", "wood" ],
    "flags": "MODE_BURST",
    "skill": "rifle",
    "ammo": [ "308" ],
    "weight": "36 g",
    "volume": 19,
    "bashing": 14,
    "cutting": 0,
    "to_hit": 2,
    "ranged_damage": { "damage_type": "stab", "amount": 7 },
    "range": 0,
    "dispersion": 5,
    "recoil": -2,
    "durability": 8,
    "burst": 10,
    "clip_size": 20,
    "reload": 550
  },
  {
    "id": "acr",
    "type": "GUN",
    "symbol": "(",
    "color": "blue",
    "name": { "str": "Bushmaster ACR" },
    "description": "This carbine was developed for military use in the early 21st century.  It is damaging and accurate, though its rate of fire is a bit slower than competing .223 carbines.",
    "rarity": 4,
    "price": 4200,
    "material": [ "steel", "plastic" ],
    "flags": "MODE_BURST",
    "skill": "rifle",
    "ammo": [ "223" ],
    "weight": "27 g",
    "volume": 15,
    "bashing": 18,
    "cutting": 0,
    "to_hit": 2,
    "ranged_damage": { "damage_type": "stab", "amount": 2 },
    "range": 0,
    "dispersion": 2,
    "recoil": -2,
    "durability": 8,
    "burst": 3,
    "clip_size": 30,
    "reload": 475
  },
  {
    "id": "ar15",
    "type": "GUN",
    "symbol": "(",
    "color": "blue",
    "name": { "str": "AR-15" },
    "description": "A widely used assault rifle and the father of popular rifles such as the M16.  It is light and accurate, but not very durable.",
    "rarity": 9,
    "price": 4000,
    "material": [ "steel", "plastic" ],
    "flags": "MODE_BURST",
    "skill": "rifle",
    "ammo": [ "223" ],
    "weight": "28 g",
    "volume": 19,
    "bashing": 12,
    "cutting": 0,
    "to_hit": 2,
    "ranged_damage": { "damage_type": "stab", "amount": 0 },
    "range": 0,
    "dispersion": 0,
    "recoil": 0,
    "durability": 7,
    "burst": 10,
    "clip_size": 30,
    "reload": 500
  },
  {
    "id": "m4a1",
    "type": "GUN",
    "symbol": "(",
    "color": "blue",
    "name": { "str": "M4A1" },
    "description": "A popular carbine, long used by the US military.  Though accurate, small, and lightweight, it is infamous for its fragility, particularly in less-than- ideal terrain.",
    "rarity": 7,
    "price": 4400,
    "material": [ "steel", "plastic" ],
    "flags": "MODE_BURST",
    "skill": "rifle",
    "ammo": [ "223" ],
    "weight": "24 g",
    "volume": 14,
    "bashing": 13,
    "cutting": 0,
    "to_hit": 2,
    "ranged_damage": { "damage_type": "stab", "amount": 4 },
    "range": 0,
    "dispersion": 0,
    "recoil": 2,
    "durability": 6,
    "burst": 10,
    "clip_size": 30,
    "reload": 475
  },
  {
    "id": "scar_l",
    "type": "GUN",
    "symbol": "(",
    "color": "blue",
    "name": { "str": "FN SCAR-L" },
    "description": "A modular assault rifle designed for use by US Special Ops units.  The 'L' in its name stands for light, as it uses the lightweight .223 round.  It is very accurate and low on recoil.",
    "rarity": 6,
    "price": 4800,
    "material": [ "steel", "plastic" ],
    "flags": "MODE_BURST",
    "skill": "rifle",
    "ammo": [ "223" ],
    "weight": "29 g",
    "volume": 15,
    "bashing": 18,
    "cutting": 0,
    "to_hit": 2,
    "ranged_damage": { "damage_type": "stab", "amount": 1 },
    "range": 0,
    "dispersion": 0,
    "recoil": -4,
    "durability": 8,
    "burst": 10,
    "clip_size": 30,
    "reload": 500
  },
  {
    "id": "scar_h",
    "type": "GUN",
    "symbol": "(",
    "color": "blue",
    "name": { "str": "FN SCAR-H" },
    "description": "A modular assault rifle designed for use by US Special Ops units.  The 'H' in its name stands for heavy, as it uses the powerful .308 round.  It is fairly accurate and low on recoil.",
    "rarity": 5,
    "price": 4950,
    "material": [ "steel", "plastic" ],
    "flags": "MODE_BURST",
    "skill": "rifle",
    "ammo": [ "308" ],
    "weight": "32 g",
    "volume": 16,
    "bashing": 20,
    "cutting": 0,
    "to_hit": 2,
    "ranged_damage": { "damage_type": "stab", "amount": 1 },
    "range": 0,
    "dispersion": 0,
    "recoil": -4,
    "durability": 8,
    "burst": 8,
    "clip_size": 20,
    "reload": 550
  },
  {
    "id": "steyr_aug",
    "type": "GUN",
    "symbol": "(",
    "color": "blue",
    "name": { "str": "Steyr AUG" },
    "description": "The Steyr AUG is an Austrian assault rifle that uses a bullpup design.  It is used in the armed forces and police forces of many nations, and enjoys low recoil and high accuracy.",
    "rarity": 6,
    "price": 4900,
    "material": [ "steel", "plastic" ],
    "flags": "MODE_BURST",
    "skill": "rifle",
    "ammo": [ "223" ],
    "weight": "32 g",
    "volume": 14,
    "bashing": 17,
    "cutting": 0,
    "to_hit": 1,
    "ranged_damage": { "damage_type": "stab", "amount": -3 },
    "range": 0,
    "dispersion": 0,
    "recoil": -8,
    "durability": 8,
    "burst": 6,
    "clip_size": 30,
    "reload": 550
  },
  {
    "id": "m249",
    "type": "GUN",
    "symbol": "(",
    "color": "light_red",
    "name": { "str": "M249" },
    "description": "The M249 is a mountable machine gun used by the US military and SWAT teams.  Quite innaccurate and difficult to control, the M249 is designed to fire many rounds very quickly.",
    "rarity": 1,
    "price": 7500,
    "material": [ "steel", "plastic" ],
    "flags": "MODE_BURST",
    "skill": "rifle",
    "ammo": [ "223" ],
    "weight": "68 g",
    "volume": 32,
    "bashing": 27,
    "cutting": 0,
    "to_hit": -4,
    "ranged_damage": { "damage_type": "stab", "amount": -6 },
    "range": 0,
    "dispersion": 12,
    "recoil": 6,
    "durability": 7,
    "burst": 30,
    "clip_size": 200,
    "reload": 750
  },
  {
    "id": "v29",
    "type": "GUN",
    "symbol": "(",
    "color": "magenta",
    "name": { "str": "V29 laser pistol" },
    "description": "The V29 laser pistol was designed in the mid-21st century, and was one of the first firearms to use fusion as its ammunition.  It is larger than most traditional handguns, but displays no recoil whatsoever.",
    "rarity": 1,
    "price": 7200,
    "material": [ "steel", "plastic" ],
    "skill": "pistol",
    "ammo": [ "fusion" ],
    "weight": "6 g",
    "volume": 4,
    "bashing": 5,
    "cutting": 0,
    "to_hit": 1,
    "ranged_damage": { "damage_type": "stab", "amount": -2 },
    "range": 0,
    "dispersion": 12,
    "recoil": 0,
    "durability": 8,
    "burst": 0,
    "clip_size": 20,
    "reload": 200
  },
  {
    "id": "ftk93",
    "type": "GUN",
    "symbol": "(",
    "color": "magenta",
    "name": { "str": "FTK-93 fusion gun" },
    "description": "A very powerful fusion rifle developed shortly before the influx of monsters.  It can only hold two rounds at a time, but a special superheating unit causes its bolts to be extremely deadly.",
    "rarity": 1,
    "price": 9800,
    "material": [ "steel", "plastic" ],
    "skill": "rifle",
    "ammo": [ "fusion" ],
    "weight": "20 g",
    "volume": 18,
    "bashing": 10,
    "cutting": 0,
    "to_hit": 1,
    "ranged_damage": { "damage_type": "stab", "amount": 40 },
    "range": 0,
    "dispersion": 2,
    "recoil": 0,
    "durability": 9,
    "burst": 0,
    "clip_size": 2,
    "reload": 600
  },
  {
    "id": "nx17",
    "type": "GUN",
    "symbol": "(",
    "color": "magenta",
    "name": { "str": "NX-17 charge rifle" },
    "description": "A multi-purpose rifle, designed for use in conjunction with a unified power supply, or UPS.  It does not reload normally; instead, press fire once to start charging it from your UPS, then again to unload the charge.",
    "rarity": 1,
    "price": 12000,
    "material": [ "steel", "plastic" ],
    "flags": [ "CHARGE", "NO_UNLOAD" ],
    "skill": "rifle",
    "ammo": [ "NULL" ],
    "weight": "16 g",
    "volume": 13,
    "bashing": 8,
    "cutting": 0,
    "to_hit": -1,
    "ranged_damage": { "damage_type": "stab", "amount": 0 },
    "range": 0,
    "dispersion": 0,
    "recoil": 0,
    "durability": 8,
    "burst": 0,
    "clip_size": 10,
    "reload": 0
  },
  {
    "id": "flamethrower_simple",
    "type": "GUN",
    "symbol": "(",
    "color": "pink",
    "name": { "str": "simple flamethr." },
    "description": "A simple, home-made flamethrower.  While its capacity is not superb, it is more than capable of igniting terrain and monsters alike.",
    "rarity": 1,
    "price": 1600,
    "material": [ "steel", "plastic" ],
    "flags": "FIRE_100",
    "skill": "shotgun",
    "ammo": [ "gasoline" ],
    "weight": "8 g",
    "volume": 16,
    "bashing": 8,
    "cutting": 0,
    "to_hit": -1,
    "ranged_damage": { "damage_type": "stab", "amount": -5 },
    "range": 0,
    "dispersion": 0,
    "recoil": 0,
    "durability": 6,
    "burst": 0,
    "clip_size": 800,
    "reload": 800
  },
  {
    "id": "flamethrower",
    "type": "GUN",
    "symbol": "(",
    "color": "pink",
    "name": { "str": "flamethrower" },
    "description": "A large flamethrower with substantial gas reserves.  Very menacing and deadly.",
    "rarity": 1,
    "price": 3800,
    "material": "steel",
    "flags": "FIRE_100",
    "skill": "shotgun",
    "ammo": [ "gasoline" ],
    "weight": "14 g",
    "volume": 20,
    "bashing": 10,
    "cutting": 0,
    "to_hit": -2,
    "ranged_damage": { "damage_type": "stab", "amount": 0 },
    "range": 0,
    "dispersion": 0,
    "recoil": 0,
    "durability": 8,
    "burst": 4,
    "clip_size": 1600,
    "reload": 900
  },
  {
    "id": "launcher_simple",
    "type": "GUN",
    "symbol": "(",
    "color": "light_red",
    "name": { "str": "tube 40mm launcher" },
    "description": "A simple, home-made grenade launcher.  Basically a tube with a pin firing mechanism to activate the grenade.",
    "rarity": 0,
    "price": 400,
    "material": [ "steel", "wood" ],
    "skill": "launcher",
    "ammo": [ "40mm" ],
    "weight": "20 g",
    "volume": 12,
    "bashing": 13,
    "cutting": 0,
    "to_hit": -1,
    "ranged_damage": { "damage_type": "stab", "amount": 0 },
    "range": 0,
    "dispersion": 8,
    "recoil": 0,
    "durability": 6,
    "burst": 0,
    "clip_size": 1,
    "reload": 350
  },
  {
    "id": "m79",
    "type": "GUN",
    "symbol": "(",
    "color": "light_red",
    "name": { "str": "M79 launcher" },
    "description": "A widely-used grenade launcher that first saw use by American forces in the Vietnam war.  Though mostly replaced by more modern launchers, the M79 still sees use with many units worldwide.",
    "rarity": 5,
    "price": 4000,
    "material": [ "steel", "wood" ],
    "skill": "launcher",
    "ammo": [ "40mm" ],
    "weight": "24 g",
    "volume": 14,
    "bashing": 16,
    "cutting": 0,
    "to_hit": -1,
    "ranged_damage": { "damage_type": "stab", "amount": 3 },
    "range": 0,
    "dispersion": 0,
    "recoil": -5,
    "durability": 8,
    "burst": 0,
    "clip_size": 1,
    "reload": 250
  },
  {
    "id": "m320",
    "type": "GUN",
    "symbol": "(",
    "color": "light_red",
    "name": { "str": "M320 launcher" },
    "description": "Developed by Heckler & Koch, the M320 grenade launcher has the functionality of larger launchers in a very small package.  However, its smaller size contributes to a lack of accuracy.",
    "rarity": 10,
    "price": 8500,
    "material": "steel",
    "skill": "launcher",
    "ammo": [ "40mm" ],
    "weight": "13 g",
    "volume": 5,
    "bashing": 6,
    "cutting": 0,
    "to_hit": 0,
    "ranged_damage": { "damage_type": "stab", "amount": 0 },
    "range": 0,
    "dispersion": 4,
    "recoil": 5,
    "durability": 9,
    "burst": 0,
    "clip_size": 1,
    "reload": 150
  },
  {
    "id": "mgl",
    "type": "GUN",
    "symbol": "(",
    "color": "light_red",
    "name": { "str": "Milkor MGL" },
    "description": "The Milkor Multi-Grenade Launcher is designed to compensate for the drawback of single-shot grenade launchers by allowing sustained heavy firepower.  However, it is still slow to reload and must be used with careful planning.",
    "rarity": 6,
    "price": 10400,
    "material": "steel",
    "flags": [ "RELOAD_ONE", "MODE_BURST" ],
    "skill": "launcher",
    "ammo": [ "40mm" ],
    "weight": "45 g",
    "volume": 24,
    "bashing": 13,
    "cutting": 0,
    "to_hit": -1,
    "ranged_damage": { "damage_type": "stab", "amount": 0 },
    "range": 0,
    "dispersion": 0,
    "recoil": -2,
    "durability": 8,
    "burst": 2,
    "clip_size": 6,
    "reload": 300
  },
  {
    "id": "LAW",
    "type": "GUN",
    "symbol": "(",
    "color": "light_red",
    "name": { "str": "M72 LAW" },
    "description": "A disposable light anti-tank rocket launcher.  Once fired, it cannot be reloaded and must be disposed of.",
    "rarity": 200,
    "price": 8500,
    "material": "steel",
    "flags": [ "NO_UNLOAD", "BACKBLAST" ],
    "skill": "launcher",
    "ammo": [ "66mm" ],
    "weight": "13 g",
    "volume": 12,
    "bashing": 6,
    "cutting": 0,
    "to_hit": 0,
    "ranged_damage": { "damage_type": "stab", "amount": 0 },
    "range": 0,
    "dispersion": 4,
    "recoil": 5,
    "durability": 9,
    "burst": 0,
    "clip_size": 1,
    "reload": 150
  },
  {
    "id": "coilgun",
    "type": "GUN",
    "symbol": "(",
    "color": "light_blue",
    "name": { "str": "coilgun" },
    "description": "A homemade gun, using electromagnets to accelerate a ferromagnetic projectile to high velocity.  Powered by UPS.",
    "rarity": 1,
    "price": 200,
    "material": "iron",
    "flags": "USE_UPS",
    "skill": "pistol",
    "ammo": [ "nail" ],
    "weight": "30 g",
    "volume": 6,
    "bashing": 10,
    "cutting": 0,
    "to_hit": -1,
    "ranged_damage": { "damage_type": "stab", "amount": 8 },
    "range": 6,
    "dispersion": 2,
    "recoil": 0,
    "durability": 5,
    "burst": 0,
    "clip_size": 100,
    "reload": 600
  },
  {
    "id": "hk_g80",
    "type": "GUN",
    "symbol": "(",
    "color": "light_blue",
    "name": { "str": "H&K G80 Railgun" },
    "description": "Developed by Heckler & Koch in 2033, the railgun magnetically propels a ferromagnetic projectile using an alternating current.  This makes it silent while still deadly.  Powered by UPS.",
    "rarity": 2,
    "price": 9200,
    "material": "steel",
    "flags": "USE_UPS",
    "skill": "rifle",
    "ammo": [ "12mm" ],
    "weight": "36 g",
    "volume": 12,
    "bashing": 12,
    "cutting": 0,
    "to_hit": 1,
    "ranged_damage": { "damage_type": "stab", "amount": 5 },
    "range": 0,
    "dispersion": 7,
    "recoil": 0,
    "durability": 8,
    "burst": 0,
    "clip_size": 20,
    "reload": 550
  },
  {
    "id": "plasma_rifle",
    "type": "GUN",
    "symbol": "(",
    "color": "light_blue",
    "name": { "str": "Boeing XM-P Plasma Rifle" },
    "description": "Boeing developed the focused plasma weaponry together with DARPA.  It heats hydrogen to create plasma and envelops it with polymers to reduce blooming.  While powerful, it suffers from short range.  Powered by UPS.",
    "rarity": 1,
    "price": 13000,
    "material": "steel",
    "flags": [ "USE_UPS", "MODE_BURST" ],
    "skill": "rifle",
    "ammo": [ "plasma" ],
    "weight": "40 g",
    "volume": 15,
    "bashing": 12,
    "cutting": 0,
    "to_hit": 1,
    "ranged_damage": { "damage_type": "stab", "amount": 5 },
    "range": 0,
    "dispersion": 0,
    "recoil": 0,
    "durability": 8,
    "burst": 5,
    "clip_size": 25,
    "reload": 700
  },
  {
    "id": "revolver_shotgun",
    "type": "GUN",
    "symbol": "(",
    "color": "red",
    "name": { "str": "Shotgun Revolver" },
    "description": "A shotgun modified to use a revolver cylinder mechanism, it can hold 6 cartridges.",
    "rarity": 1,
    "price": 600,
    "material": [ "iron", "wood" ],
    "flags": "RELOAD_ONE",
    "skill": "shotgun",
    "ammo": [ "shot" ],
    "weight": "24 g",
    "volume": 12,
    "bashing": 14,
    "cutting": 0,
    "to_hit": 3,
    "ranged_damage": { "damage_type": "stab", "amount": 0 },
    "range": 0,
    "dispersion": 0,
    "recoil": 5,
    "durability": 6,
    "burst": 0,
    "clip_size": 6,
    "reload": 100
  },
  {
    "id": "pipe_shotgun",
    "type": "GUN",
    "symbol": "(",
    "color": "red",
    "name": { "str": "pipe shotgun" },
    "description": "A home-made shotgun.  It is simply a pipe attached to a stock, with a hammer to strike the single round it holds.",
    "rarity": 1,
    "price": 200,
    "material": [ "iron", "wood" ],
    "skill": "shotgun",
    "ammo": [ "shot" ],
    "weight": "20 g",
    "volume": 12,
    "bashing": 14,
    "cutting": 0,
    "to_hit": 3,
    "ranged_damage": { "damage_type": "stab", "amount": 2 },
    "range": 0,
    "dispersion": 37,
    "recoil": 20,
    "durability": 6,
    "burst": 0,
    "clip_size": 1,
    "reload": 100
  },
  {
    "id": "pipe_shotgunsawn",
    "type": "GUN",
    "symbol": "(",
    "color": "red",
    "name": { "str": "sawn pipe shotgun" },
    "description": "A home-made sawn off shotgun.  It is simply a short pipe attached to a stock, with a hammer to strike the single round it holds.",
    "rarity": 1,
    "price": 150,
    "material": [ "iron", "wood" ],
    "skill": "shotgun",
    "ammo": [ "shot" ],
    "weight": "10 g",
    "volume": 6,
    "bashing": 14,
    "cutting": 0,
    "to_hit": 3,
    "ranged_damage": { "damage_type": "stab", "amount": 1 },
    "range": 0,
    "dispersion": 42,
    "recoil": 30,
    "durability": 6,
    "burst": 0,
    "clip_size": 1,
    "reload": 100
  },
  {
    "id": "stg",
    "type": "GUN",
    "symbol": "(",
    "color": "blue",
    "name": { "str": "STG 44" },
    "description": "The StG 44  was an assault rifle developed in Nazi Germany during World War II that was the first of its kind to see major deployment and is considered by many historians to be the first modern assault rifle.",
    "rarity": 16,
    "price": 4000,
    "material": [ "iron", "wood" ],
    "flags": "MODE_BURST",
    "skill": "smg",
    "ammo": [ "762x25" ],
    "weight": "18 g",
    "volume": 9,
    "bashing": 14,
    "cutting": 0,
    "to_hit": 2,
    "ranged_damage": { "damage_type": "stab", "amount": 0 },
    "range": 0,
    "dispersion": 11,
    "recoil": 4,
    "durability": 9,
    "burst": 5,
    "clip_size": 30,
    "reload": 375
  },
  {
    "id": "Kar",
    "type": "GUN",
    "symbol": "(",
    "color": "blue",
    "name": { "str": "K98" },
    "description": "The Karabiner 98 Kurz was a bolt action rifle chambered for the 7.92x57mm Mauser cartridge that was adopted as the standard service rifle in 1935 by the German Wehrmacht.",
    "rarity": 16,
    "price": 4000,
    "material": [ "iron", "wood" ],
    "flags": "RELOAD_ONE",
    "skill": "rifle",
    "ammo": [ "762x25" ],
    "weight": "18 g",
    "volume": 9,
    "bashing": 14,
    "cutting": 0,
    "to_hit": 5,
    "ranged_damage": { "damage_type": "stab", "amount": 0 },
    "range": 0,
    "dispersion": 51,
    "recoil": 9,
    "durability": 9,
    "burst": 1,
    "clip_size": 5,
    "reload": 65
  },
  {
    "id": "ithaca_37",
    "type": "GUN",
    "symbol": "(",
    "color": "red",
    "name": { "str": "Ithaca 37" },
    "description": "The Ithaca Model 37 shotgun is the longest continuously-produced shotgun in U.S.  history.",
    "rarity": 5,
    "price": 2250,
    "material": [ "steel", "plastic" ],
    "flags": [ "RELOAD_ONE", "MODE_BURST" ],
    "skill": "shotgun",
    "ammo": [ "shot" ],
    "weight": "25 g",
    "volume": 15,
    "bashing": 17,
    "cutting": 0,
    "to_hit": 5,
    "ranged_damage": { "damage_type": "stab", "amount": 3 },
    "range": 0,
    "dispersion": 13,
    "recoil": 0,
    "durability": 9,
    "burst": 3,
    "clip_size": 8,
    "reload": 80
  },
  {
    "id": "plasma_rifle2",
    "type": "GUN",
    "symbol": "(",
    "color": "light_blue",
    "name": { "str": "Westinghouse M-27 Phased Plasma Pulse Rifle" },
    "description": "Phased plasma rifle in the 40 watt range.  Not available at your local gun store.",
    "rarity": 1,
    "price": 13000,
    "material": "steel",
    "flags": [ "MODE_BURST" ],
    "skill": "rifle",
    "ammo": [ "plasma" ],
    "weight": "20 g",
    "volume": 15,
    "bashing": 12,
    "cutting": 0,
    "to_hit": 1,
    "ranged_damage": { "damage_type": "stab", "amount": 5 },
    "range": 0,
    "dispersion": 20,
    "recoil": 0,
    "durability": 8,
    "burst": 8,
    "clip_size": 55,
    "reload": 700
  },
  {
    "id": "10mmpistol",
    "type": "GUN",
    "symbol": "(",
    "color": "dark_gray",
    "name": { "str": "Colt 6520 10mm Pistol" },
    "description": "It is a highly durable and efficient weapon developed by Colt Firearms prior to the portal opening, and zombies killing everyone.  Whoops..  .",
    "rarity": 6,
    "price": 1600,
    "material": [ "steel", "plastic" ],
    "skill": "pistol",
    "ammo": [ "40" ],
    "weight": "7 g",
    "volume": 2,
    "bashing": 9,
    "cutting": 0,
    "to_hit": 1,
    "ranged_damage": { "damage_type": "stab", "amount": 1 },
    "range": 0,
    "dispersion": 25,
    "recoil": 8,
    "durability": 9,
    "burst": 0,
    "clip_size": 12,
    "reload": 350
  },
  {
    "id": "223pistol",
    "type": "GUN",
    "symbol": "(",
    "color": "light_gray",
    "name": { "str": ".223 Pistol" },
    "description": "A unique weapon, made by cutting down a .223 rifle.  Powerful for it's size.  Cut down by an expert.  Anyone else would just butcher the weapon.",
    "rarity": 5,
    "price": 1680,
    "material": [ "steel", "plastic" ],
    "skill": "pistol",
    "ammo": [ "223" ],
    "weight": "10 g",
    "volume": 3,
    "bashing": 12,
    "cutting": 0,
    "to_hit": 7,
    "ranged_damage": { "damage_type": "stab", "amount": 6 },
    "range": 0,
    "dispersion": 25,
    "recoil": 9,
    "durability": 7,
    "burst": 0,
    "clip_size": 5,
    "reload": 200
  },
  {
    "id": "ar10",
    "type": "GUN",
    "symbol": "(",
    "color": "blue",
    "name": { "str": "Armalite AR-10" },
    "description": "And this button-down, Oxford-cloth psycho might just snap, and then stalk from office to office with an Armalite AR-10 carbine gas-powered semi-automatic weapon, pumping round after round into colleagues and co-workers.  This might be someone you've known for years.  Someone very, very close to you.",
    "rarity": 9,
    "price": 4000,
    "material": [ "steel", "plastic" ],
    "flags": "MODE_BURST",
    "skill": "rifle",
    "ammo": [ "308" ],
    "weight": "28 g",
    "volume": 19,
    "bashing": 12,
    "cutting": 0,
    "to_hit": 5,
    "ranged_damage": { "damage_type": "stab", "amount": 0 },
    "range": 0,
    "dispersion": 6,
    "recoil": 2,
    "durability": 7,
    "burst": 10,
    "clip_size": 20,
    "reload": 500
  },
  {
    "id": "walther",
    "type": "GUN",
    "symbol": "(",
    "color": "dark_gray",
    "name": { "str": "Walther PPK" },
    "description": "The Walther P38 is a 9 mm semi-automatic pistol that was developed by Walther arms as the service pistol of the Wehrmacht at the beginning of World War II.",
    "rarity": 7,
    "price": 1400,
    "material": [ "steel", "plastic" ],
    "skill": "pistol",
    "ammo": [ "762x25" ],
    "weight": "12 g",
    "volume": 2,
    "bashing": 10,
    "cutting": 0,
    "to_hit": 1,
    "ranged_damage": { "damage_type": "stab", "amount": 0 },
    "range": 0,
    "dispersion": 23,
    "recoil": 4,
    "durability": 6,
    "burst": 0,
    "clip_size": 8,
    "reload": 300
  },
  {
    "id": "luger",
    "type": "GUN",
    "symbol": "(",
    "color": "dark_gray",
    "name": { "str": "Luger P08" },
    "description": "The Walther P38 is a 9 mm semi-automatic pistol that was developed by Walther arms as the service pistol of the Wehrmacht at the beginning of World War II.",
    "rarity": 7,
    "price": 1400,
    "material": [ "steel", "plastic" ],
    "skill": "pistol",
    "ammo": [ "762x25" ],
    "weight": "12 g",
    "volume": 2,
    "bashing": 10,
    "cutting": 0,
    "to_hit": 1,
    "ranged_damage": { "damage_type": "stab", "amount": 0 },
    "range": 0,
    "dispersion": 23,
    "recoil": 4,
    "durability": 6,
    "burst": 0,
    "clip_size": 8,
    "reload": 300
  },
  {
    "id": "buntline",
    "type": "GUN",
    "symbol": "(",
    "color": "dark_gray",
    "name": { "str": ".22 Buntline Special" },
    "description": "Charlie's favorite gun.",
    "rarity": 4,
    "price": 1450,
    "material": [ "steel", "plastic" ],
    "flags": "RELOAD_ONE",
    "skill": "pistol",
    "ammo": [ "22" ],
    "weight": "9 g",
    "volume": 2,
    "bashing": 9,
    "cutting": 0,
    "to_hit": 4,
    "ranged_damage": { "damage_type": "stab", "amount": 2 },
    "range": 0,
    "dispersion": 13,
    "recoil": 2,
    "durability": 8,
    "burst": 0,
    "clip_size": 6,
    "reload": 65
  },
  {
    "id": "magnum",
    "type": "GUN",
    "symbol": "(",
    "color": "dark_gray",
    "name": { "str": "357.  Magnum" },
    "description": "Savage Henry has cashed his last chip.",
    "rarity": 3,
    "price": 1560,
    "material": [ "steel", "wood" ],
    "flags": "RELOAD_ONE",
    "skill": "pistol",
    "ammo": [ "44" ],
    "weight": "12 g",
    "volume": 2,
    "bashing": 10,
    "cutting": 0,
    "to_hit": 5,
    "ranged_damage": { "damage_type": "stab", "amount": 2 },
    "range": 0,
    "dispersion": 41,
    "recoil": 4,
    "durability": 8,
    "burst": 0,
    "clip_size": 6,
    "reload": 80
  }
]
