[
  {
    "type": "item_group",
    "id": "livingroom",
    "items": [
      [ "etpants", 35 ],
      [ "etshirt", 35 ],
      [ "motobike_boots", 10 ],
      [ "motobike_pants", 15 ],
      [ "motobike_armor", 10 ],
      [ "modular_helmet", 5 ]
    ]
  },
  {
    "type": "item_group",
    "id": "mechanics",
    "items": [ [ "notebook_nail", 7 ], [ "pvc", 13 ], [ "smallcrowbar", 3 ] ]
  },
  {
    "type": "item_group",
    "id": "road",
    "items": [ [ "pvc", 15 ], [ "enketoken", 1 ], [ "critmedictoken", 1 ], [ "slaxtoken", 1 ], [ "devtoken", 1 ] ]
  },
  {
    "type": "item_group",
    "id": "pawn",
    "items": [ [ "interpol_9mm", 2 ], [ "survivorcrowbar", 4 ] ]
  },
  {
    "type": "item_group",
    "id": "prison_weapons",
    "items": [ [ "interpol_9mm", 4 ] ]
  },
  {
    "type": "item_group",
    "id": "survivorweapons",
    "items": [ [ "survivorcrowbar", 6 ], [ "nailball", 18 ], [ "nailshot", 14 ], [ "splintergun", 8 ] ]
  }
]
