[
  {
    "type": "AMMO",
    "id": "battery",
    "rarity": 50,
    "price": 120,
    "name": { "str": "batteries" },
    "symbol": "=",
    "color": "magenta",
    "description": "A set of universal batteries.  Used to charge almost any electronic device.",
    "material": "iron",
    "volume": 1,
    "weight": "1 g",
    "bashing": 1,
    "cutting": 0,
    "to_hit": 0,
    "ammo_type": "battery",
    "damage": { "damage_type": "bullet", "amount": 0, "pierce": 0 },
    "range": 0,
    "dispersion": 0,
    "recoil": 0,
    "count": 100
  },
  {
    "type": "AMMO",
    "id": "thread",
    "rarity": 40,
    "price": 50,
    "name": { "str": "thread" },
    "symbol": "=",
    "color": "magenta",
    "description": "A small quantity of thread that could be used to refill a sewing kit.",
    "material": "cotton",
    "volume": 1,
    "weight": "1 g",
    "bashing": 1,
    "cutting": 0,
    "to_hit": 0,
    "ammo_type": "THREAD",
    "damage": { "damage_type": "bullet", "amount": 0, "pierce": 0 },
    "range": 0,
    "dispersion": 0,
    "recoil": 0,
    "count": 50
  },
  {
    "type": "AMMO",
    "id": "sinew",
    "rarity": 50,
    "price": 120,
    "name": { "str": "sinew" },
    "symbol": "=",
    "color": "red",
    "description": "A tough sinew cut from a corpse, useable as thread.",
    "material": "flesh",
    "volume": 1,
    "weight": "1 g",
    "bashing": 1,
    "cutting": 0,
    "to_hit": 0,
    "ammo_type": "THREAD",
    "damage": { "damage_type": "bullet", "amount": 0, "pierce": 0 },
    "range": 0,
    "dispersion": 0,
    "recoil": 0,
    "count": 10
  },
  {
    "type": "AMMO",
    "id": "plant_fibre",
    "rarity": 50,
    "price": 120,
    "name": { "str": "plant fibre" },
    "symbol": "=",
    "color": "green",
    "description": "Tough thin fibres, taken from a plant.  Can be used as thread.",
    "material": "veggy",
    "volume": 1,
    "weight": "1 g",
    "bashing": 1,
    "cutting": 0,
    "to_hit": 0,
    "ammo_type": "THREAD",
    "damage": { "damage_type": "bullet", "amount": 1, "pierce": 0 },
    "range": 0,
    "dispersion": 0,
    "recoil": 0,
    "count": 10
  },
  {
    "type": "AMMO",
    "id": "duct_tape",
    "rarity": 60,
    "price": 20,
    "name": { "str": "duct tape" },
    "symbol": "=",
    "color": "light_gray",
    "description": "A roll of incredibly strong tape.  Its uses are innumerable.",
    "material": "plastic",
    "volume": 2,
    "weight": "2 g",
    "bashing": 1,
    "cutting": 0,
    "to_hit": 0,
    "ammo_type": "NULL",
    "damage": { "damage_type": "bullet", "amount": 0, "pierce": 0 },
    "range": 0,
    "dispersion": 0,
    "recoil": 0,
    "count": 200
  },
  {
    "type": "AMMO",
    "id": "cable",
    "rarity": 60,
    "price": 20,
    "name": { "str": "copper wire" },
    "symbol": "=",
    "color": "light_gray",
    "description": "Plastic jacketed copper cable of the type used in small electronics.",
    "material": "plastic",
    "volume": 2,
    "weight": "2 g",
    "bashing": 1,
    "cutting": 0,
    "to_hit": 0,
    "ammo_type": "NULL",
    "damage": { "damage_type": "bullet", "amount": 0, "pierce": 0 },
    "range": 0,
    "dispersion": 0,
    "recoil": 0,
    "count": 200
  },
  {
    "type": "AMMO",
    "id": "plut_cell",
    "rarity": 10,
    "price": 1500,
    "name": { "str": "plutonium cell" },
    "symbol": "=",
    "color": "light_green",
    "description": "A nuclear-powered battery.  Used to charge advanced and rare electronics.",
    "material": "steel",
    "volume": 1,
    "weight": "1 g",
    "bashing": 1,
    "cutting": 0,
    "to_hit": 0,
    "ammo_type": "plutonium",
    "damage": { "damage_type": "bullet", "amount": 0, "pierce": 0 },
    "range": 0,
    "dispersion": 0,
    "recoil": 0,
    "count": 5
  },
  {
    "type": "AMMO",
    "id": "nail",
    "rarity": 35,
    "price": 60,
    "name": { "str": "nails" },
    "symbol": "=",
    "color": "cyan",
    "description": "A box of nails, mainly useful with a hammer.",
    "material": "iron",
    "volume": 1,
    "weight": "8 g",
    "bashing": 1,
    "cutting": 0,
    "to_hit": 0,
    "ammo_type": "nail",
    "damage": { "damage_type": "bullet", "amount": 4, "pierce": 3 },
    "range": 3,
    "dispersion": 34,
    "recoil": 4,
    "count": 100
  },
  {
    "type": "AMMO",
    "id": "pebble",
    "rarity": 1,
    "price": 1,
    "name": { "str": "pebbles" },
    "symbol": "=",
    "color": "light_gray",
    "description": "A handful of pebbles, useful as ammunition for slings.",
    "material": "stone",
    "volume": 1,
    "weight": "1 g",
    "bashing": 1,
    "cutting": 0,
    "to_hit": 0,
    "ammo_type": "pebble",
    "damage": { "damage_type": "bullet", "amount": 2, "pierce": 0 },
    "range": 30,
    "dispersion": 14,
    "recoil": 0,
    "count": 10
  },
  {
    "type": "AMMO",
    "id": "bearing",
    "rarity": 1,
    "price": 1,
    "name": { "str": "bearings" },
    "symbol": "=",
    "color": "light_gray",
    "description": "A box of ball bearings, useful as ammunition for slings.",
    "material": "stone",
    "volume": 1,
    "weight": "2 g",
    "bashing": 1,
    "cutting": 0,
    "to_hit": 0,
    "ammo_type": "pebble",
    "damage": { "damage_type": "bullet", "amount": 6, "pierce": 1 },
    "range": 30,
    "dispersion": 14,
    "recoil": 0,
    "count": 50
  },
  {
    "type": "AMMO",
    "id": "bb",
    "rarity": 8,
    "price": 50,
    "name": { "str": "BB" },
    "symbol": "=",
    "color": "pink",
    "description": "A box of small steel balls.  They deal virtually no damage.",
    "material": "steel",
    "volume": 1,
    "weight": "6 g",
    "bashing": 1,
    "cutting": 0,
    "to_hit": 0,
    "ammo_type": "BB",
    "damage": { "damage_type": "bullet", "amount": 2, "pierce": 0 },
    "range": 12,
    "dispersion": 11,
    "recoil": 0,
    "count": 200
  },
  {
    "type": "AMMO",
    "id": "feather",
    "rarity": 50,
    "price": 30,
    "name": { "str": "feather" },
    "symbol": "=",
    "color": "white",
    "description": "Feathers from a bird.  Useful for fletching arrows",
    "material": "cotton",
    "volume": 1,
    "weight": "0 g",
    "bashing": 0,
    "cutting": 0,
    "to_hit": 0,
    "ammo_type": "NULL",
    "damage": { "damage_type": "bullet", "amount": 0, "pierce": 0 },
    "range": 0,
    "dispersion": 0,
    "recoil": 0,
    "count": 20
  },
  {
    "type": "AMMO",
    "id": "shot_bird",
    "rarity": 8,
    "price": 500,
    "name": { "str": "birdshot" },
    "symbol": "=",
    "color": "red",
    "description": "Weak shotgun ammunition.  Designed for hunting birds and other small game, its applications in combat are very limited.",
    "material": "plastic",
    "volume": 2,
    "weight": "25 g",
    "bashing": 1,
    "cutting": 0,
    "to_hit": 0,
    "ammo_type": "shot",
    "damage": { "damage_type": "bullet", "amount": 18, "pierce": 0 },
    "range": 5,
    "dispersion": 0,
    "recoil": 18,
    "count": 25,
    "effects": [ "COOKOFF" ]
  },
  {
    "type": "AMMO",
    "id": "shot_00",
    "rarity": 8,
    "price": 800,
    "name": { "str": "00 shot" },
    "symbol": "=",
    "color": "red",
    "description": "A shell filled with iron pellets.  Extremely damaging, plus the spread makes it very accurate at short range.  Favored by SWAT forces.",
    "material": "plastic",
    "volume": 2,
    "weight": "28 g",
    "bashing": 1,
    "cutting": 0,
    "to_hit": 0,
    "ammo_type": "shot",
    "damage": { "damage_type": "bullet", "amount": 50, "pierce": 0 },
    "range": 6,
    "dispersion": 0,
    "recoil": 26,
    "count": 25,
    "effects": [ "COOKOFF" ]
  },
  {
    "type": "AMMO",
    "id": "shot_slug",
    "rarity": 6,
    "price": 900,
    "name": { "str": "shotgun slug" },
    "symbol": "=",
    "color": "red",
    "description": "A heavy metal slug used with shotguns to give them the range capabilities of a rifle.  Extremely damaging but rather innaccurate.  Works best in a shotgun with a rifled barrel.",
    "material": "plastic",
    "volume": 2,
    "weight": "34 g",
    "bashing": 1,
    "cutting": 0,
    "to_hit": 0,
    "ammo_type": "shot",
    "damage": { "damage_type": "bullet", "amount": 50, "pierce": 8 },
    "range": 12,
    "dispersion": 4,
    "recoil": 28,
    "count": 25,
    "effects": [ "COOKOFF" ]
  },
  {
    "type": "AMMO",
    "id": "shot_he",
    "rarity": 0,
    "price": 1200,
    "name": { "str": "explosive slug" },
    "symbol": "=",
    "color": "red",
    "description": "A shotgun slug loaded with concussive explosives.  While the slug itself will not do much damage to its target, it will explode on contact.",
    "material": "plastic",
    "volume": 2,
    "weight": "30 g",
    "bashing": 1,
    "cutting": 0,
    "to_hit": 0,
    "ammo_type": "shot",
    "damage": { "damage_type": "bullet", "amount": 10, "pierce": 0 },
    "range": 12,
    "dispersion": 6,
    "recoil": 20,
    "count": 5,
    "effects": [ "EXPLOSIVE" ]
  },
  {
    "type": "AMMO",
    "id": "22_lr",
    "rarity": 9,
    "price": 250,
    "name": { "str": ".22 LR" },
    "symbol": "=",
    "color": "light_blue",
    "description": "One of the smallest calibers available, the .22 Long Rifle cartridge has maintained popularity for nearly two centuries.  Its minimal recoil, low cost and low noise are offset by its paltry damage.",
    "material": "steel",
    "volume": 2,
    "weight": "2 g",
    "bashing": 1,
    "cutting": 0,
    "to_hit": 0,
    "ammo_type": "22",
    "damage": { "damage_type": "bullet", "amount": 11, "pierce": 0 },
    "range": 13,
    "dispersion": 8,
    "recoil": 6,
    "count": 100,
    "effects": [ "COOKOFF" ]
  },
  {
    "type": "AMMO",
    "id": "22_fmj",
    "rarity": 9,
    "price": 350,
    "name": { "str": ".22 FMJ" },
    "symbol": "=",
    "color": "light_blue",
    "description": "A brass-jacketed .22 calibre round with surperior penetration capacity.",
    "material": "steel",
    "volume": 2,
    "weight": "3 g",
    "bashing": 1,
    "cutting": 0,
    "to_hit": 0,
    "ammo_type": "22",
    "damage": { "damage_type": "bullet", "amount": 14, "pierce": 6 },
    "range": 13,
    "dispersion": 8,
    "recoil": 6,
    "count": 100,
    "effects": [ "COOKOFF" ]
  },
  {
    "type": "AMMO",
    "id": "22_cb",
    "rarity": 8,
    "price": 180,
    "name": { "str": ".22 CB" },
    "symbol": "=",
    "color": "light_blue",
    "description": "Conical Ball .22 is a variety of .22 ammunition with a very small propellant charge, generally with no gunpowder, resulting in a subsonic round.  It is nearly silent, but is so weak as to be nearly useless.",
    "material": "steel",
    "volume": 2,
    "weight": "2 g",
    "bashing": 1,
    "cutting": 0,
    "to_hit": 0,
    "ammo_type": "22",
    "damage": { "damage_type": "bullet", "amount": 5, "pierce": 0 },
    "range": 10,
    "dispersion": 10,
    "recoil": 4,
    "count": 100,
    "effects": [ "COOKOFF" ]
  },
  {
    "type": "AMMO",
    "id": "22_ratshot",
    "rarity": 2,
    "price": 230,
    "name": { "str": ".22 rat-shot" },
    "symbol": "=",
    "color": "light_blue",
    "description": "Rat-shot is extremely weak ammunition, designed for killing rats, snakes, or other small vermin while being unable to damage walls.  It has an extremely short range and is unable to injure all but the smallest creatures.",
    "material": "steel",
    "volume": 2,
    "weight": "2 g",
    "bashing": 1,
    "cutting": 0,
    "to_hit": 0,
    "ammo_type": "22",
    "damage": { "damage_type": "bullet", "amount": 4, "pierce": 0 },
    "range": 3,
    "dispersion": 0,
    "recoil": 4,
    "count": 100,
    "effects": [ "COOKOFF" ]
  },
  {
    "type": "AMMO",
    "id": "9mm",
    "rarity": 8,
    "price": 300,
    "name": { "str": "9mm" },
    "symbol": "=",
    "color": "light_blue",
    "description": "9 millimeter parabellum is generally regarded as the most popular handgun cartridge, used by the majority of US police forces.  It is also a very popular round in sub-machine guns.",
    "material": "steel",
    "volume": 2,
    "weight": "7 g",
    "bashing": 1,
    "cutting": 0,
    "to_hit": 0,
    "ammo_type": "9mm",
    "damage": { "damage_type": "bullet", "amount": 18, "pierce": 2 },
    "range": 14,
    "dispersion": 10,
    "recoil": 13,
    "count": 50,
    "effects": [ "COOKOFF" ]
  },
  {
    "type": "AMMO",
    "id": "9mmP",
    "rarity": 8,
    "price": 380,
    "name": { "str": "9mm +P" },
    "symbol": "=",
    "color": "light_blue",
    "description": "Attempts to improve the ballistics of 9mm ammunition lead to high-pressure rounds.  Increased velocity resullts in superior accuracy and damage.",
    "material": "steel",
    "volume": 1,
    "weight": "7 g",
    "bashing": 1,
    "cutting": 0,
    "to_hit": 0,
    "ammo_type": "9mm",
    "damage": { "damage_type": "bullet", "amount": 20, "pierce": 4 },
    "range": 14,
    "dispersion": 9,
    "recoil": 14,
    "count": 25,
    "effects": [ "COOKOFF" ]
  },
  {
    "type": "AMMO",
    "id": "9mmP2",
    "rarity": 8,
    "price": 440,
    "name": { "str": "9mm +P+" },
    "symbol": "=",
    "color": "light_blue",
    "description": "A step beyond the high-pressure 9mm +P round, the +P+ has an even higher internal pressure that offers a degree of armor-penetrating ability.",
    "material": "steel",
    "volume": 1,
    "weight": "7 g",
    "bashing": 1,
    "cutting": 0,
    "to_hit": 0,
    "ammo_type": "9mm",
    "damage": { "damage_type": "bullet", "amount": 22, "pierce": 12 },
    "range": 16,
    "dispersion": 8,
    "recoil": 15,
    "count": 10,
    "effects": [ "COOKOFF" ]
  },
  {
    "type": "AMMO",
    "id": "9mmfmj",
    "rarity": 8,
    "price": 500,
    "name": { "str": "9mm FMJ" },
    "symbol": "=",
    "color": "light_blue",
    "description": "A brass-jacketed 9mm Parabellum round.  This increases penetration slightly at the cost of reduced expansion.",
    "material": "steel",
    "volume": 2,
    "weight": "8 g",
    "bashing": 1,
    "cutting": 0,
    "to_hit": 0,
    "ammo_type": "9mm",
    "damage": { "damage_type": "bullet", "amount": 20, "pierce": 14 },
    "range": 14,
    "dispersion": 10,
    "recoil": 13,
    "count": 50,
    "effects": [ "COOKOFF" ]
  },
  {
    "type": "AMMO",
    "id": "762_25",
    "rarity": 8,
    "price": 300,
    "name": { "str": "7.62mm Type P" },
    "symbol": "=",
    "color": "light_blue",
    "description": "This small caliber pistol round offers quite good armor penetration at the cost of slightly less damage.  It is rarely used outside of the Chinese army.",
    "material": "steel",
    "volume": 2,
    "weight": "7 g",
    "bashing": 1,
    "cutting": 0,
    "to_hit": 0,
    "ammo_type": "762x25",
    "damage": { "damage_type": "bullet", "amount": 15, "pierce": 4 },
    "range": 12,
    "dispersion": 8,
    "recoil": 10,
    "count": 200,
    "effects": [ "COOKOFF" ]
  },
  {
    "type": "AMMO",
    "id": "38_special",
    "rarity": 7,
    "price": 400,
    "name": { "str": ".38 Special" },
    "symbol": "=",
    "color": "light_blue",
    "description": "The .38 Smith & Wesson Special enjoyed popularity among US police forces throughout the 20th century.  It is most commonly used in revolvers.",
    "material": "steel",
    "volume": 2,
    "weight": "10 g",
    "bashing": 1,
    "cutting": 0,
    "to_hit": 0,
    "ammo_type": "38",
    "damage": { "damage_type": "bullet", "amount": 20, "pierce": 0 },
    "range": 14,
    "dispersion": 10,
    "recoil": 12,
    "count": 50,
    "effects": [ "COOKOFF" ]
  },
  {
    "type": "AMMO",
    "id": "38_super",
    "rarity": 7,
    "price": 450,
    "name": { "str": ".38 Super" },
    "symbol": "=",
    "color": "light_blue",
    "description": "The .38 Super is a high-pressure load of the .38 Special caliber.  It is a popular choice in pistol competions for its high accuracy, while its stopping power keeps it popular for self-defense.",
    "material": "steel",
    "volume": 1,
    "weight": "9 g",
    "bashing": 1,
    "cutting": 0,
    "to_hit": 0,
    "ammo_type": "38",
    "damage": { "damage_type": "bullet", "amount": 25, "pierce": 4 },
    "range": 16,
    "dispersion": 8,
    "recoil": 14,
    "count": 25,
    "effects": [ "COOKOFF" ]
  },
  {
    "type": "AMMO",
    "id": "38_fmj",
    "rarity": 7,
    "price": 550,
    "name": { "str": ".38 FMJ" },
    "symbol": "=",
    "color": "light_blue",
    "description": "A brass-jacketed .38 round.  This increases penetration slightly at the cost of reduced expansion.",
    "material": "steel",
    "volume": 2,
    "weight": "12 g",
    "bashing": 1,
    "cutting": 0,
    "to_hit": 0,
    "ammo_type": "38",
    "damage": { "damage_type": "bullet", "amount": 20, "pierce": 8 },
    "range": 14,
    "dispersion": 10,
    "recoil": 12,
    "count": 50,
    "effects": [ "COOKOFF" ]
  },
  {
    "type": "AMMO",
    "id": "10mm",
    "rarity": 4,
    "price": 420,
    "name": { "str": "10mm Auto" },
    "symbol": "=",
    "color": "blue",
    "description": "Originally used by the FBI, the organization eventually abandoned the round due to its high recoil.  Although respected for its versatility and power, it has largely been supplanted by the downgraded .40 S&W.",
    "material": "steel",
    "volume": 2,
    "weight": "9 g",
    "bashing": 1,
    "cutting": 0,
    "to_hit": 0,
    "ammo_type": "40",
    "damage": { "damage_type": "bullet", "amount": 26, "pierce": 10 },
    "range": 14,
    "dispersion": 12,
    "recoil": 20,
    "count": 50,
    "effects": [ "COOKOFF" ]
  },
  {
    "type": "AMMO",
    "id": "40sw",
    "rarity": 7,
    "price": 450,
    "name": { "str": ".40 S&W" },
    "symbol": "=",
    "color": "blue",
    "description": "The .40 Smith & Wesson round was developed as an alternative to 10mm Auto for the FBI after they complained of high recoil.  It is as accurate as 9mm, but has greater stopping power, leading to widespread use in law enforcement.",
    "material": "steel",
    "volume": 2,
    "weight": "9 g",
    "bashing": 1,
    "cutting": 0,
    "to_hit": 0,
    "ammo_type": "40",
    "damage": { "damage_type": "bullet", "amount": 22, "pierce": 2 },
    "range": 14,
    "dispersion": 9,
    "recoil": 16,
    "count": 50,
    "effects": [ "COOKOFF" ]
  },
  {
    "type": "AMMO",
    "id": "40fmj",
    "rarity": 4,
    "price": 550,
    "name": { "str": ".40 FMJ" },
    "symbol": "=",
    "color": "blue",
    "description": "A brass-jacketed .40 Smith & Wesson round.  This increases penetration slightly at the cost of reduced expansion.",
    "material": "steel",
    "volume": 2,
    "weight": "11 g",
    "bashing": 1,
    "cutting": 0,
    "to_hit": 0,
    "ammo_type": "40",
    "damage": { "damage_type": "bullet", "amount": 22, "pierce": 15 },
    "range": 14,
    "dispersion": 12,
    "recoil": 20,
    "count": 50,
    "effects": [ "COOKOFF" ]
  },
  {
    "type": "AMMO",
    "id": "44magnum",
    "rarity": 7,
    "price": 580,
    "name": { "str": ".44 Magnum" },
    "symbol": "=",
    "color": "blue",
    "description": "Described (in 1971) by Dirty Harry as \"the most powerful handgun in the world,\" the .44 Magnum gained widespead popularity due to its depictions in the media.  In reality, its intense recoil makes it unsuitable in most cases.",
    "material": "steel",
    "volume": 2,
    "weight": "15 g",
    "bashing": 1,
    "cutting": 0,
    "to_hit": 0,
    "ammo_type": "44",
    "damage": { "damage_type": "bullet", "amount": 36, "pierce": 2 },
    "range": 16,
    "dispersion": 10,
    "recoil": 22,
    "count": 50,
    "effects": [ "COOKOFF" ]
  },
  {
    "type": "AMMO",
    "id": "44fmj",
    "rarity": 7,
    "price": 700,
    "name": { "str": ".44 FMJ" },
    "symbol": "=",
    "color": "blue",
    "description": "A brass-jacketed variant of the .40 Smith & Wesson round.  This increases penetration slightly at the cost of reduced expansion.",
    "material": "steel",
    "volume": 2,
    "weight": "18 g",
    "bashing": 1,
    "cutting": 0,
    "to_hit": 0,
    "ammo_type": "44",
    "damage": { "damage_type": "bullet", "amount": 36, "pierce": 8 },
    "range": 16,
    "dispersion": 10,
    "recoil": 22,
    "count": 50,
    "effects": [ "COOKOFF" ]
  },
  {
    "type": "AMMO",
    "id": "45_acp",
    "rarity": 7,
    "price": 470,
    "name": { "str": ".45 ACP" },
    "symbol": "=",
    "color": "blue",
    "description": "The .45 round was one of the most popular and powerful handgun rounds through the 20th century.  It features very good accuracy and stopping power, but suffers from moderate recoil and poor armor penetration.",
    "material": "steel",
    "volume": 2,
    "weight": "10 g",
    "bashing": 1,
    "cutting": 0,
    "to_hit": 0,
    "ammo_type": "45",
    "damage": { "damage_type": "bullet", "amount": 32, "pierce": 2 },
    "range": 16,
    "dispersion": 12,
    "recoil": 18,
    "count": 50,
    "effects": [ "COOKOFF" ]
  },
  {
    "type": "AMMO",
    "id": "45_jhp",
    "rarity": 4,
    "price": 480,
    "name": { "str": ".45 FMJ" },
    "symbol": "=",
    "color": "blue",
    "description": "Full Metal Jacket .45 rounds are designed to overcome the poor armor penetration of the standard ACP round.  However, they are less likely to expand upon impact, resulting in reduced damage overall.",
    "material": "steel",
    "volume": 1,
    "weight": "13 g",
    "bashing": 1,
    "cutting": 0,
    "to_hit": 0,
    "ammo_type": "45",
    "damage": { "damage_type": "bullet", "amount": 26, "pierce": 20 },
    "range": 16,
    "dispersion": 12,
    "recoil": 18,
    "count": 25,
    "effects": [ "COOKOFF" ]
  },
  {
    "type": "AMMO",
    "id": "45_super",
    "rarity": 5,
    "price": 520,
    "name": { "str": ".45 Super" },
    "symbol": "=",
    "color": "blue",
    "description": "The .45 Super round is an updated variant of .45 ACP.  It is overloaded, resulting in a great increase in muzzle velocity.  This translates to higher accuracy and range, a minor armor piercing capability, and greater recoil.",
    "material": "steel",
    "volume": 1,
    "weight": "11 g",
    "bashing": 1,
    "cutting": 0,
    "to_hit": 0,
    "ammo_type": "45",
    "damage": { "damage_type": "bullet", "amount": 34, "pierce": 8 },
    "range": 18,
    "dispersion": 10,
    "recoil": 20,
    "count": 10,
    "effects": [ "COOKOFF" ]
  },
  {
    "type": "AMMO",
    "id": "454_Casull",
    "rarity": 3,
    "price": 800,
    "name": { "str": ".454 Casull" },
    "symbol": "=",
    "color": "red",
    "description": "The .454 Casull round a very powerful revolver round capable of killing Huge game like Elephants with ease, it's designed to be used with the Taurus Raging Bull.",
    "material": "steel",
    "volume": 3,
    "weight": "13 g",
    "bashing": 1,
    "cutting": 0,
    "to_hit": 0,
    "ammo_type": "454",
    "damage": { "damage_type": "bullet", "amount": 34, "pierce": 15 },
    "range": 20,
    "dispersion": 8,
    "recoil": 34,
    "count": 10,
    "effects": [ "COOKOFF" ]
  },
  {
    "type": "AMMO",
    "id": "500_Magnum",
    "rarity": 3,
    "price": 1000,
    "name": { "str": ".500 S&W Magnum" },
    "symbol": "=",
    "color": "red",
    "description": "The .500 S&W Magnum round the World's most powerful handgun round recently developed by Smith and Wesson together with the revolutionary S&W 500 Revolver, it has enough power to kill anything with ease.",
    "material": "steel",
    "volume": 4,
    "weight": "14 g",
    "bashing": 1,
    "cutting": 0,
    "to_hit": 0,
    "ammo_type": "500",
    "damage": { "damage_type": "bullet", "amount": 36, "pierce": 20 },
    "range": 22,
    "dispersion": 6,
    "recoil": 30,
    "count": 10,
    "effects": [ "COOKOFF" ]
  },
  {
    "type": "AMMO",
    "id": "57mm",
    "rarity": 3,
    "price": 500,
    "name": { "str": "5.7x28mm" },
    "symbol": "=",
    "color": "dark_gray",
    "description": "The 5.7x28mm round is a proprietary round developed by FN Hestal for use in their P90 SMG.  While it is a very small round, comparable in power to .22, it features incredible armor-piercing capabilities and very low recoil.",
    "material": "steel",
    "volume": 3,
    "weight": "2 g",
    "bashing": 1,
    "cutting": 0,
    "to_hit": 0,
    "ammo_type": "57",
    "damage": { "damage_type": "bullet", "amount": 14, "pierce": 30 },
    "range": 14,
    "dispersion": 6,
    "recoil": 6,
    "count": 100,
    "effects": [ "COOKOFF" ]
  },
  {
    "type": "AMMO",
    "id": "46mm",
    "rarity": 2,
    "price": 520,
    "name": { "str": "4.6x30mm" },
    "symbol": "=",
    "color": "dark_gray",
    "description": "Designed by Heckler & Koch to compete with the 5.7x28mm round, 4.6x30mm is, like the 5.7, designed to minimize weight and recoil while increasing penetration of body armor.  Its low recoil makes it ideal for automatic fire.",
    "material": "steel",
    "volume": 3,
    "weight": "1 g",
    "bashing": 1,
    "cutting": 0,
    "to_hit": 0,
    "ammo_type": "46",
    "damage": { "damage_type": "bullet", "amount": 13, "pierce": 35 },
    "range": 14,
    "dispersion": 6,
    "recoil": 6,
    "count": 100,
    "effects": [ "COOKOFF" ]
  },
  {
    "type": "AMMO",
    "id": "762_m43",
    "rarity": 6,
    "price": 500,
    "name": { "str": "7.62x39mm M43" },
    "symbol": "=",
    "color": "dark_gray",
    "description": "Designed during World War II by the Soviet Union, the popularity of the AK-47 and the SKS contributed to the widespread adaption of the 7.62x39mm rifle round.  However, due to its lack of yaw, this round deals less damage than most.",
    "material": "steel",
    "volume": 3,
    "weight": "7 g",
    "bashing": 1,
    "cutting": 0,
    "to_hit": 0,
    "ammo_type": "762",
    "damage": { "damage_type": "bullet", "amount": 25, "pierce": 8 },
    "range": 30,
    "dispersion": 13,
    "recoil": 24,
    "count": 80,
    "effects": [ "COOKOFF" ]
  },
  {
    "type": "AMMO",
    "id": "762_m87",
    "rarity": 7,
    "price": 650,
    "name": { "str": "7.62x39mm M67" },
    "symbol": "=",
    "color": "dark_gray",
    "description": "The M67 variant of the popular 7.62x39mm rifle round was designed to improve yaw.  This causes the round to tumble inside a target, causing significantly more damage.  It is still outdone by shattering rounds.",
    "material": "steel",
    "volume": 3,
    "weight": "8 g",
    "bashing": 1,
    "cutting": 0,
    "to_hit": 0,
    "ammo_type": "762",
    "damage": { "damage_type": "bullet", "amount": 28, "pierce": 10 },
    "range": 30,
    "dispersion": 11,
    "recoil": 25,
    "count": 80,
    "effects": [ "COOKOFF" ]
  },
  {
    "type": "AMMO",
    "id": "223",
    "rarity": 8,
    "price": 620,
    "name": { "str": ".223 Remington" },
    "symbol": "=",
    "color": "dark_gray",
    "description": "The .223 rifle round is a civilian variant of the 5.56 NATO round.  It is designed to tumble or fragment inside a target, dealing devastating damage.  The lower pressure of the .223 compared to the 5.56 results in lower accuracy.",
    "material": "steel",
    "volume": 2,
    "weight": "2 g",
    "bashing": 1,
    "cutting": 0,
    "to_hit": 0,
    "ammo_type": "223",
    "damage": { "damage_type": "bullet", "amount": 36, "pierce": 2 },
    "range": 36,
    "dispersion": 7,
    "recoil": 30,
    "count": 40,
    "effects": [ "COOKOFF" ]
  },
  {
    "type": "AMMO",
    "id": "556",
    "rarity": 6,
    "price": 650,
    "name": { "str": "5.56 NATO" },
    "symbol": "=",
    "color": "dark_gray",
    "description": "This rifle round has enjoyed widespread use in NATO countries, thanks to its very light weight and high damage.  It is designed to shatter inside a target, inflicting massive damage.",
    "material": "steel",
    "volume": 2,
    "weight": "4 g",
    "bashing": 1,
    "cutting": 0,
    "to_hit": 0,
    "ammo_type": "223",
    "damage": { "damage_type": "bullet", "amount": 40, "pierce": 8 },
    "range": 38,
    "dispersion": 4,
    "recoil": 32,
    "count": 40,
    "effects": [ "COOKOFF" ]
  },
  {
    "type": "AMMO",
    "id": "556_incendiary",
    "rarity": 2,
    "price": 840,
    "name": { "str": "5.56 incendiary" },
    "symbol": "=",
    "color": "dark_gray",
    "description": "A variant of the widely-used 5.56 NATO round, incendiary rounds are designed to burn hotly upon impact, piercing armor and igniting flammable substances.",
    "material": "steel",
    "volume": 2,
    "weight": "4 g",
    "bashing": 1,
    "cutting": 0,
    "to_hit": 0,
    "ammo_type": "223",
    "damage": { "damage_type": "bullet", "amount": 28, "pierce": 18 },
    "range": 36,
    "dispersion": 5,
    "recoil": 32,
    "count": 30,
    "effects": [ "INCENDIARY" ]
  },
  {
    "type": "AMMO",
    "id": "270",
    "rarity": 8,
    "price": 600,
    "name": { "str": ".270 Winchester" },
    "symbol": "=",
    "color": "dark_gray",
    "description": "Based off the military .30-03 round, the .270 rifle round is compatible with most guns that fire .30-06 rounds.  However, it is designed for hunting, and is less powerful than the military rounds, with nearly no armor penetration.",
    "material": "steel",
    "volume": 1,
    "weight": "7 g",
    "bashing": 1,
    "cutting": 0,
    "to_hit": 0,
    "ammo_type": "3006",
    "damage": { "damage_type": "bullet", "amount": 42, "pierce": 4 },
    "range": 80,
    "dispersion": 0,
    "recoil": 34,
    "count": 20,
    "effects": [ "COOKOFF" ]
  },
  {
    "type": "AMMO",
    "id": "3006",
    "rarity": 4,
    "price": 650,
    "name": { "str": ".30-06 AP" },
    "symbol": "=",
    "color": "dark_gray",
    "description": "The .30-06 is a very powerful rifle round designed for long-range use.  Its stupendous accuracy and armor piercing capabilities make it one of the most deadly rounds available, offset only by its drastic recoil and noise.",
    "material": "steel",
    "volume": 1,
    "weight": "12 g",
    "bashing": 1,
    "cutting": 0,
    "to_hit": 0,
    "ammo_type": "3006",
    "damage": { "damage_type": "bullet", "amount": 50, "pierce": 30 },
    "range": 90,
    "dispersion": 1,
    "recoil": 36,
    "count": 10,
    "effects": [ "COOKOFF" ]
  },
  {
    "type": "AMMO",
    "id": "3006fmj",
    "rarity": 4,
    "price": 650,
    "name": { "str": ".30-06 FMJ" },
    "symbol": "=",
    "color": "dark_gray",
    "description": "A brass-jacketed variant of the .30-06 round.  Both penetration and stopping power are between the military and other civialian versions of the round.",
    "material": "steel",
    "volume": 1,
    "weight": "14 g",
    "bashing": 1,
    "cutting": 0,
    "to_hit": 0,
    "ammo_type": "3006",
    "damage": { "damage_type": "bullet", "amount": 60, "pierce": 20 },
    "range": 90,
    "dispersion": 1,
    "recoil": 36,
    "count": 10,
    "effects": [ "COOKOFF" ]
  },
  {
    "type": "AMMO",
    "id": "3006_incendiary",
    "rarity": 1,
    "price": 780,
    "name": { "str": ".30-06 incendiary" },
    "symbol": "=",
    "color": "dark_gray",
    "description": "A variant of the powerful .30-06 sniper round, incendiary rounds are designed to burn hotly upon impact, piercing armor and igniting flammable substances.",
    "material": "steel",
    "volume": 1,
    "weight": "12 g",
    "bashing": 1,
    "cutting": 0,
    "to_hit": 0,
    "ammo_type": "3006",
    "damage": { "damage_type": "bullet", "amount": 35, "pierce": 50 },
    "range": 90,
    "dispersion": 2,
    "recoil": 35,
    "count": 5,
    "effects": [ "INCENDIARY" ]
  },
  {
    "type": "AMMO",
    "id": "308",
    "rarity": 7,
    "price": 620,
    "name": { "str": ".308 Winchester" },
    "symbol": "=",
    "color": "dark_gray",
    "description": "The .308 Winchester is a rifle round, the commercial equivalent of the military 7.62x51mm round.  Its high accuracy and phenominal damage have made it the most poplar hunting round in the world.",
    "material": "steel",
    "volume": 1,
    "weight": "9 g",
    "bashing": 1,
    "cutting": 0,
    "to_hit": 0,
    "ammo_type": "308",
    "damage": { "damage_type": "bullet", "amount": 36, "pierce": 2 },
    "range": 65,
    "dispersion": 1,
    "recoil": 33,
    "count": 20,
    "effects": [ "COOKOFF" ]
  },
  {
    "type": "AMMO",
    "id": "762_51",
    "rarity": 6,
    "price": 680,
    "name": { "str": "7.62x51mm" },
    "symbol": "=",
    "color": "dark_gray",
    "description": "The 7.62x51mm largely replaced the .30-06 round as the standard military rifle round.  It is lighter, but offers similar velocities, resulting in greater accuracy and reduced recoil.",
    "material": "steel",
    "volume": 1,
    "weight": "9 g",
    "bashing": 1,
    "cutting": 0,
    "to_hit": 0,
    "ammo_type": "308",
    "damage": { "damage_type": "bullet", "amount": 44, "pierce": 8 },
    "range": 75,
    "dispersion": 0,
    "recoil": 34,
    "count": 20,
    "effects": [ "COOKOFF" ]
  },
  {
    "type": "AMMO",
    "id": "762_51_incendiary",
    "rarity": 6,
    "price": 740,
    "name": { "str": "7.62x51mm incendiary" },
    "symbol": "=",
    "color": "dark_gray",
    "description": "A variant of the powerful 7.62x51mm round, incendiary rounds are designed to burn hotly upon impact, piercing armor and igniting flammable substances.",
    "material": "steel",
    "volume": 1,
    "weight": "9 g",
    "bashing": 1,
    "cutting": 0,
    "to_hit": 0,
    "ammo_type": "308",
    "damage": { "damage_type": "bullet", "amount": 30, "pierce": 25 },
    "range": 75,
    "dispersion": 0,
    "recoil": 32,
    "count": 10,
    "effects": [ "INCENDIARY" ]
  },
  {
    "type": "AMMO",
    "id": "laser_pack",
    "rarity": 2,
    "price": 800,
    "name": { "str": "fusion pack" },
    "symbol": "=",
    "color": "light_green",
    "description": "In the middle of the 21st Century, military powers began to look towards energy based weapons.  The result was the standard fusion pack, capable of delivering bolts of superheated gas at near light speed with no recoil.",
    "material": "plastic",
    "volume": 1,
    "weight": "2 g",
    "bashing": 1,
    "cutting": 0,
    "to_hit": 0,
    "ammo_type": "fusion",
    "damage": { "damage_type": "bullet", "amount": 12, "pierce": 15 },
    "range": 30,
    "dispersion": 0,
    "recoil": 0,
    "count": 20,
    "effects": [ "INCENDIARY", "LASER" ]
  },
  {
    "type": "AMMO",
    "id": "40mm_concussive",
    "rarity": 10,
    "price": 400,
    "name": { "str": "40mm concussive" },
    "symbol": "=",
    "color": "light_red",
    "description": "A 40mm grenade with a concussive explosion.",
    "material": "steel",
    "volume": 1,
    "weight": "200 g",
    "bashing": 1,
    "cutting": 0,
    "to_hit": 0,
    "ammo_type": "40mm",
    "damage": { "damage_type": "bullet", "amount": 5, "pierce": 0 },
    "range": 40,
    "dispersion": 2,
    "recoil": 15,
    "count": 4,
    "effects": [ "EXPLOSIVE" ]
  },
  {
    "type": "AMMO",
    "id": "40mm_frag",
    "rarity": 8,
    "price": 450,
    "name": { "str": "40mm frag" },
    "symbol": "=",
    "color": "light_red",
    "description": "A 40mm grenade with a small explosion and a high number of damaging fragments.",
    "material": "steel",
    "volume": 1,
    "weight": "220 g",
    "bashing": 1,
    "cutting": 0,
    "to_hit": 0,
    "ammo_type": "40mm",
    "damage": { "damage_type": "bullet", "amount": 5, "pierce": 0 },
    "range": 40,
    "dispersion": 2,
    "recoil": 15,
    "count": 4,
    "effects": [ "FRAG" ]
  },
  {
    "type": "AMMO",
    "id": "40mm_incendiary",
    "rarity": 6,
    "price": 500,
    "name": { "str": "40mm incendiary" },
    "symbol": "=",
    "color": "light_red",
    "description": "A 40mm grenade with a small napalm load, designed to create a burst of flame.",
    "material": "steel",
    "volume": 1,
    "weight": "200 g",
    "bashing": 1,
    "cutting": 0,
    "to_hit": 0,
    "ammo_type": "40mm",
    "damage": { "damage_type": "bullet", "amount": 5, "pierce": 0 },
    "range": 40,
    "dispersion": 2,
    "recoil": 15,
    "count": 4,
    "effects": [ "NAPALM" ]
  },
  {
    "type": "AMMO",
    "id": "40mm_teargas",
    "rarity": 5,
    "price": 450,
    "name": { "str": "40mm teargas" },
    "symbol": "=",
    "color": "light_red",
    "description": "A 40mm grenade with a teargas load.  It will burst in a cloud of highly incapacitating gas.",
    "material": "steel",
    "volume": 1,
    "weight": "210 g",
    "bashing": 1,
    "cutting": 0,
    "to_hit": 0,
    "ammo_type": "40mm",
    "damage": { "damage_type": "bullet", "amount": 5, "pierce": 0 },
    "range": 40,
    "dispersion": 2,
    "recoil": 15,
    "count": 4,
    "effects": [ "TEARGAS" ]
  },
  {
    "type": "AMMO",
    "id": "40mm_smoke",
    "rarity": 4,
    "price": 350,
    "name": { "str": "40mm smoke cover" },
    "symbol": "=",
    "color": "light_red",
    "description": "A 40mm grenade with a smoke load.  It will burst in a cloud of harmless gas, and will also leave a streak of smoke cover in its wake.",
    "material": "steel",
    "volume": 1,
    "weight": "210 g",
    "bashing": 1,
    "cutting": 0,
    "to_hit": 0,
    "ammo_type": "40mm",
    "damage": { "damage_type": "bullet", "amount": 5, "pierce": 0 },
    "range": 40,
    "dispersion": 2,
    "recoil": 15,
    "count": 6,
    "effects": [ "SMOKE", "TRAIL" ]
  },
  {
    "type": "AMMO",
    "id": "40mm_flashbang",
    "rarity": 8,
    "price": 400,
    "name": { "str": "40mm flashbang" },
    "symbol": "=",
    "color": "light_red",
    "description": "A 40mm grenade with a flashbang load.  It will detonate with a blast of light and sound, designed to blind, deafen, and disorient anyone nearby.",
    "material": "steel",
    "volume": 1,
    "weight": "210 g",
    "bashing": 1,
    "cutting": 0,
    "to_hit": 0,
    "ammo_type": "40mm",
    "damage": { "damage_type": "bullet", "amount": 5, "pierce": 0 },
    "range": 40,
    "dispersion": 2,
    "recoil": 15,
    "count": 6,
    "effects": [ "FLASHBANG" ]
  },
  {
    "type": "AMMO",
    "id": "40mm_acidbomb",
    "rarity": 6,
    "price": 500,
    "name": { "str": "40mm acid bomb" },
    "symbol": "=",
    "color": "light_red",
    "description": "A 40mm grenade with an acid bomb load.",
    "material": "steel",
    "volume": 1,
    "weight": "200 g",
    "bashing": 1,
    "cutting": 0,
    "to_hit": 0,
    "ammo_type": "40mm",
    "damage": { "damage_type": "bullet", "amount": 5, "pierce": 0 },
    "range": 40,
    "dispersion": 2,
    "recoil": 15,
    "count": 1,
    "effects": [ "ACIDBOMB" ]
  },
  {
    "type": "AMMO",
    "id": "66mm_HEAT",
    "rarity": 0,
    "price": 0,
    "name": { "str": "66mm HEAT" },
    "symbol": "=",
    "color": "red",
    "description": "A 60mm High Explosive Anti Tank round.  They can blow through up to two feet of concrete.",
    "material": "steel",
    "volume": 1,
    "weight": "1 g",
    "bashing": 1,
    "cutting": 0,
    "to_hit": 0,
    "ammo_type": "66mm",
    "damage": { "damage_type": "bullet", "amount": 5, "pierce": 20 },
    "range": 80,
    "dispersion": 2,
    "recoil": 15,
    "count": 1,
    "effects": [ "EXPLOSIVE_BIG", "TRAIL" ]
  },
  {
    "type": "AMMO",
    "id": "12mm",
    "rarity": 2,
    "price": 500,
    "name": { "str": "H&K 12mm" },
    "symbol": "=",
    "color": "red",
    "description": "The Heckler & Koch 12mm projectiles are used in H&K railguns.  It's made of a ferromagnetic metal, probably cobalt.",
    "material": "steel",
    "volume": 1,
    "weight": "10 g",
    "bashing": 1,
    "cutting": 0,
    "to_hit": 0,
    "ammo_type": "12mm",
    "damage": { "damage_type": "bullet", "amount": 25, "pierce": 12 },
    "range": 70,
    "dispersion": 3,
    "recoil": 7,
    "count": 20,
    "effects": [ "COOKOFF" ]
  },
  {
    "type": "AMMO",
    "id": "plasma",
    "rarity": 8,
    "price": 800,
    "name": { "str": "hydrogen" },
    "symbol": "=",
    "color": "green",
    "description": "A canister of hydrogen.  With proper equipment, it could be heated to plasma.",
    "material": "steel",
    "volume": 10,
    "weight": "25 g",
    "bashing": 1,
    "cutting": 0,
    "to_hit": 0,
    "ammo_type": "plasma",
    "damage": { "damage_type": "bullet", "amount": 35, "pierce": 14 },
    "range": 12,
    "dispersion": 0,
    "recoil": 0,
    "count": 25,
    "effects": [ "INCENDIARY" ]
  },
  {
    "type": "AMMO",
    "id": "charge_shot",
    "rarity": 0,
    "price": 0,
    "name": { "str": "charge" },
    "symbol": "=",
    "color": "red",
    "description": "A weak plasma charge.",
    "material": "null",
    "volume": 0,
    "weight": "0 g",
    "bashing": 1,
    "cutting": 0,
    "to_hit": 0,
    "ammo_type": "NULL",
    "damage": { "damage_type": "bullet", "amount": 5, "pierce": 0 },
    "range": 30,
    "dispersion": 2,
    "recoil": 0,
    "count": 1
  },
  {
    "type": "AMMO",
    "id": "shot_hull",
    "rarity": 10,
    "price": 80,
    "name": { "str": "shotgun hull" },
    "symbol": "=",
    "color": "red",
    "description": "An empty hull from a shotgun round.",
    "material": "plastic",
    "volume": 0,
    "weight": "0 g",
    "bashing": 1,
    "cutting": 0,
    "to_hit": 0,
    "ammo_type": "NULL",
    "damage": { "damage_type": "bullet", "amount": 0, "pierce": 0 },
    "range": 0,
    "dispersion": 0,
    "recoil": 0,
    "count": 200
  },
  {
    "type": "AMMO",
    "id": "9mm_casing",
    "rarity": 10,
    "price": 30,
    "name": { "str": "9mm casing" },
    "symbol": "=",
    "color": "light_blue",
    "description": "An empty casing from a 9mm round.",
    "material": "steel",
    "volume": 0,
    "weight": "0 g",
    "bashing": 1,
    "cutting": 0,
    "to_hit": 0,
    "ammo_type": "NULL",
    "damage": { "damage_type": "bullet", "amount": 0, "pierce": 0 },
    "range": 0,
    "dispersion": 0,
    "recoil": 0,
    "count": 100
  },
  {
    "type": "AMMO",
    "id": "22_casing",
    "rarity": 10,
    "price": 40,
    "name": { "str": ".22 casing" },
    "symbol": "=",
    "color": "light_blue",
    "description": "An empty casing from a .22 round.",
    "material": "steel",
    "volume": 0,
    "weight": "0 g",
    "bashing": 1,
    "cutting": 0,
    "to_hit": 0,
    "ammo_type": "NULL",
    "damage": { "damage_type": "bullet", "amount": 0, "pierce": 0 },
    "range": 0,
    "dispersion": 0,
    "recoil": 0,
    "count": 200
  },
  {
    "type": "AMMO",
    "id": "38_casing",
    "rarity": 10,
    "price": 40,
    "name": { "str": ".38 casing" },
    "symbol": "=",
    "color": "light_blue",
    "description": "An empty casing from a .38 round.",
    "material": "steel",
    "volume": 0,
    "weight": "0 g",
    "bashing": 1,
    "cutting": 0,
    "to_hit": 0,
    "ammo_type": "NULL",
    "damage": { "damage_type": "bullet", "amount": 0, "pierce": 0 },
    "range": 0,
    "dispersion": 0,
    "recoil": 0,
    "count": 200
  },
  {
    "type": "AMMO",
    "id": "40_casing",
    "rarity": 10,
    "price": 45,
    "name": { "str": ".40 casing" },
    "symbol": "=",
    "color": "blue",
    "description": "An empty casing from a .40 round.",
    "material": "steel",
    "volume": 0,
    "weight": "0 g",
    "bashing": 1,
    "cutting": 0,
    "to_hit": 0,
    "ammo_type": "NULL",
    "damage": { "damage_type": "bullet", "amount": 0, "pierce": 0 },
    "range": 0,
    "dispersion": 0,
    "recoil": 0,
    "count": 200
  },
  {
    "type": "AMMO",
    "id": "44_casing",
    "rarity": 10,
    "price": 58,
    "name": { "str": ".44 casing" },
    "symbol": "=",
    "color": "blue",
    "description": "An empty casing from a .44 round.",
    "material": "steel",
    "volume": 0,
    "weight": "0 g",
    "bashing": 1,
    "cutting": 0,
    "to_hit": 0,
    "ammo_type": "NULL",
    "damage": { "damage_type": "bullet", "amount": 0, "pierce": 0 },
    "range": 0,
    "dispersion": 0,
    "recoil": 0,
    "count": 200
  },
  {
    "type": "AMMO",
    "id": "45_casing",
    "rarity": 10,
    "price": 47,
    "name": { "str": ".45 casing" },
    "symbol": "=",
    "color": "blue",
    "description": "An empty casing from a .45 round.",
    "material": "steel",
    "volume": 0,
    "weight": "0 g",
    "bashing": 1,
    "cutting": 0,
    "to_hit": 0,
    "ammo_type": "NULL",
    "damage": { "damage_type": "bullet", "amount": 0, "pierce": 0 },
    "range": 0,
    "dispersion": 0,
    "recoil": 0,
    "count": 200
  },
  {
    "type": "AMMO",
    "id": "454_casing",
    "rarity": 4,
    "price": 100,
    "name": { "str": ".454 Casull casing" },
    "symbol": "=",
    "color": "light_red",
    "description": "An empty casing from a .454 Casull round.",
    "material": "steel",
    "volume": 0,
    "weight": "0 g",
    "bashing": 1,
    "cutting": 0,
    "to_hit": 0,
    "ammo_type": "none",
    "damage": { "damage_type": "bullet", "amount": 0, "pierce": 0 },
    "range": 0,
    "dispersion": 0,
    "recoil": 0,
    "count": 50
  },
  {
    "type": "AMMO",
    "id": "500_casing",
    "rarity": 4,
    "price": 100,
    "name": { "str": ".500 S&W Magnum casing" },
    "symbol": "=",
    "color": "light_red",
    "description": "An empty casing from a .500 S&W Magnum round.",
    "material": "steel",
    "volume": 0,
    "weight": "0 g",
    "bashing": 1,
    "cutting": 0,
    "to_hit": 0,
    "ammo_type": "none",
    "damage": { "damage_type": "bullet", "amount": 0, "pierce": 0 },
    "range": 0,
    "dispersion": 0,
    "recoil": 0,
    "count": 50
  },
  {
    "type": "AMMO",
    "id": "57mm_casing",
    "rarity": 10,
    "price": 50,
    "name": { "str": "5.7x28mm casing" },
    "symbol": "=",
    "color": "dark_gray",
    "description": "An empty casing from a 5.7x28mm round.",
    "material": "steel",
    "volume": 0,
    "weight": "0 g",
    "bashing": 1,
    "cutting": 0,
    "to_hit": 0,
    "ammo_type": "NULL",
    "damage": { "damage_type": "bullet", "amount": 0, "pierce": 0 },
    "range": 0,
    "dispersion": 0,
    "recoil": 0,
    "count": 200
  },
  {
    "type": "AMMO",
    "id": "46mm_casing",
    "rarity": 10,
    "price": 52,
    "name": { "str": "4.6x30mm casing" },
    "symbol": "=",
    "color": "dark_gray",
    "description": "An empty casing from a 4.6x30mm round.",
    "material": "steel",
    "volume": 0,
    "weight": "0 g",
    "bashing": 1,
    "cutting": 0,
    "to_hit": 0,
    "ammo_type": "NULL",
    "damage": { "damage_type": "bullet", "amount": 0, "pierce": 0 },
    "range": 0,
    "dispersion": 0,
    "recoil": 0,
    "count": 200
  },
  {
    "type": "AMMO",
    "id": "762_casing",
    "rarity": 10,
    "price": 50,
    "name": { "str": "7.62x39mm casing" },
    "symbol": "=",
    "color": "dark_gray",
    "description": "An empty casing from a 7.62x39mm round.",
    "material": "steel",
    "volume": 0,
    "weight": "0 g",
    "bashing": 1,
    "cutting": 0,
    "to_hit": 0,
    "ammo_type": "NULL",
    "damage": { "damage_type": "bullet", "amount": 0, "pierce": 0 },
    "range": 0,
    "dispersion": 0,
    "recoil": 0,
    "count": 200
  },
  {
    "type": "AMMO",
    "id": "223_casing",
    "rarity": 10,
    "price": 72,
    "name": { "str": ".223 casing" },
    "symbol": "=",
    "color": "dark_gray",
    "description": "An empty casing from a .223 round.",
    "material": "steel",
    "volume": 0,
    "weight": "0 g",
    "bashing": 1,
    "cutting": 0,
    "to_hit": 0,
    "ammo_type": "NULL",
    "damage": { "damage_type": "bullet", "amount": 0, "pierce": 0 },
    "range": 0,
    "dispersion": 0,
    "recoil": 0,
    "count": 200
  },
  {
    "type": "AMMO",
    "id": "3006_casing",
    "rarity": 10,
    "price": 90,
    "name": { "str": ".30-06 casing" },
    "symbol": "=",
    "color": "dark_gray",
    "description": "An empty casing from a .30-06 round.",
    "material": "steel",
    "volume": 0,
    "weight": "0 g",
    "bashing": 1,
    "cutting": 0,
    "to_hit": 0,
    "ammo_type": "NULL",
    "damage": { "damage_type": "bullet", "amount": 0, "pierce": 0 },
    "range": 0,
    "dispersion": 0,
    "recoil": 0,
    "count": 200
  },
  {
    "type": "AMMO",
    "id": "308_casing",
    "rarity": 10,
    "price": 92,
    "name": { "str": ".308 casing" },
    "symbol": "=",
    "color": "dark_gray",
    "description": "An empty casing from a .308 round.",
    "material": "steel",
    "volume": 0,
    "weight": "0 g",
    "bashing": 1,
    "cutting": 0,
    "to_hit": 0,
    "ammo_type": "NULL",
    "damage": { "damage_type": "bullet", "amount": 0, "pierce": 0 },
    "range": 0,
    "dispersion": 0,
    "recoil": 0,
    "count": 200
  },
  {
    "type": "AMMO",
    "id": "40mm_casing",
    "rarity": 10,
    "price": 92,
    "name": { "str": "40mm canister" },
    "symbol": "=",
    "color": "dark_gray",
    "description": "A large canister from a spent 40mm grenade.",
    "material": "steel",
    "volume": 0,
    "weight": "0 g",
    "bashing": 1,
    "cutting": 0,
    "to_hit": 0,
    "ammo_type": "NULL",
    "damage": { "damage_type": "bullet", "amount": 0, "pierce": 0 },
    "range": 0,
    "dispersion": 0,
    "recoil": 0,
    "count": 20
  },
  {
    "type": "AMMO",
    "id": "gunpowder",
    "rarity": 10,
    "price": 30,
    "name": { "str": "gunpowder" },
    "symbol": "=",
    "color": "dark_gray",
    "description": "Firearm quality gunpowder.",
    "material": "powder",
    "volume": 0,
    "weight": "0 g",
    "bashing": 1,
    "cutting": 0,
    "to_hit": 0,
    "ammo_type": "NULL",
    "damage": { "damage_type": "bullet", "amount": 0, "pierce": 0 },
    "range": 0,
    "dispersion": 0,
    "recoil": 0,
    "count": 200,
    "effects": [ "COOKOFF" ]
  },
  {
    "type": "AMMO",
    "id": "shotgun_primer",
    "rarity": 10,
    "price": 30,
    "name": { "str": "shotgun primer" },
    "symbol": "=",
    "color": "dark_gray",
    "description": "Primer from a shotgun round.",
    "material": "steel",
    "volume": 0,
    "weight": "0 g",
    "bashing": 1,
    "cutting": 0,
    "to_hit": 0,
    "ammo_type": "NULL",
    "damage": { "damage_type": "bullet", "amount": 0, "pierce": 0 },
    "range": 0,
    "dispersion": 0,
    "recoil": 0,
    "count": 200,
    "effects": [ "COOKOFF" ]
  },
  {
    "type": "AMMO",
    "id": "smpistol_primer",
    "rarity": 15,
    "price": 40,
    "name": { "str": "small pistol primer" },
    "symbol": "=",
    "color": "dark_gray",
    "description": "Primer from a small caliber  round.",
    "material": "steel",
    "volume": 0,
    "weight": "0 g",
    "bashing": 1,
    "cutting": 0,
    "to_hit": 0,
    "ammo_type": "NULL",
    "damage": { "damage_type": "bullet", "amount": 0, "pierce": 0 },
    "range": 0,
    "dispersion": 0,
    "recoil": 0,
    "count": 200,
    "effects": [ "COOKOFF" ]
  },
  {
    "type": "AMMO",
    "id": "lgpistol_primer",
    "rarity": 15,
    "price": 60,
    "name": { "str": "large pistol primer" },
    "symbol": "=",
    "color": "dark_gray",
    "description": "Primer from a large caliber pistol round.",
    "material": "steel",
    "volume": 0,
    "weight": "0 g",
    "bashing": 1,
    "cutting": 0,
    "to_hit": 0,
    "ammo_type": "NULL",
    "damage": { "damage_type": "bullet", "amount": 0, "pierce": 0 },
    "range": 0,
    "dispersion": 0,
    "recoil": 0,
    "count": 200,
    "effects": [ "COOKOFF" ]
  },
  {
    "type": "AMMO",
    "id": "smrifle_primer",
    "rarity": 10,
    "price": 60,
    "name": { "str": "small rifle primer" },
    "symbol": "=",
    "color": "dark_gray",
    "description": "Primer from a small caliber rifle round.",
    "material": "steel",
    "volume": 0,
    "weight": "0 g",
    "bashing": 1,
    "cutting": 0,
    "to_hit": 0,
    "ammo_type": "NULL",
    "damage": { "damage_type": "bullet", "amount": 0, "pierce": 0 },
    "range": 0,
    "dispersion": 0,
    "recoil": 0,
    "count": 200,
    "effects": [ "COOKOFF" ]
  },
  {
    "type": "AMMO",
    "id": "lgrifle_primer",
    "rarity": 10,
    "price": 80,
    "name": { "str": "large rifle primer" },
    "symbol": "=",
    "color": "dark_gray",
    "description": "Primer from a large caliber rifle round.",
    "material": "steel",
    "volume": 0,
    "weight": "0 g",
    "bashing": 1,
    "cutting": 0,
    "to_hit": 0,
    "ammo_type": "NULL",
    "damage": { "damage_type": "bullet", "amount": 0, "pierce": 0 },
    "range": 0,
    "dispersion": 0,
    "recoil": 0,
    "count": 200,
    "effects": [ "COOKOFF" ]
  },
  {
    "type": "AMMO",
    "id": "lead",
    "rarity": 10,
    "price": 50,
    "name": { "str": "lead" },
    "symbol": "=",
    "color": "dark_gray",
    "description": "Assorted bullet materials, useful in constructing a variety of ammunition.",
    "material": "steel",
    "volume": 0,
    "weight": "0 g",
    "bashing": 1,
    "cutting": 0,
    "to_hit": 0,
    "ammo_type": "NULL",
    "damage": { "damage_type": "bullet", "amount": 0, "pierce": 0 },
    "range": 0,
    "dispersion": 0,
    "recoil": 0,
    "count": 200
  },
  {
    "type": "AMMO",
    "id": "gold_small",
    "rarity": 10,
    "price": 5000,
    "name": { "str": "gold" },
    "symbol": "=",
    "color": "yellow",
    "description": "Small gold bits.  Before the cataclysm these would have been worth quite a bit.  Still usable in making ammunition.",
    "material": "steel",
    "volume": 0,
    "weight": "6 g",
    "bashing": 1,
    "cutting": 0,
    "to_hit": 0,
    "ammo_type": "NULL",
    "damage": { "damage_type": "bullet", "amount": 0, "pierce": 0 },
    "range": 0,
    "dispersion": 0,
    "recoil": 0,
    "count": 200
  },
  {
    "type": "AMMO",
    "id": "incendiary",
    "rarity": 0,
    "price": 100,
    "name": { "str": "incendiary" },
    "symbol": "=",
    "color": "dark_gray",
    "description": "Material from an incendiary round, useful in constructing incendiary ammunition.",
    "material": "steel",
    "volume": 0,
    "weight": "0 g",
    "bashing": 1,
    "cutting": 0,
    "to_hit": 0,
    "ammo_type": "NULL",
    "damage": { "damage_type": "bullet", "amount": 0, "pierce": 0 },
    "range": 0,
    "dispersion": 0,
    "recoil": 0,
    "count": 200,
    "effects": [ "COOKOFF" ]
  },
  {
    "type": "AMMO",
    "id": "gasoline",
    "rarity": 0,
    "price": 50,
    "name": { "str": "gasoline" },
    "symbol": "=",
    "color": "light_red",
    "description": "Gasoline is a highly flammable liquid.  When under pressure, it has the potential for violent explosion.",
    "material": "steel",
    "volume": 0,
    "weight": "0 g",
    "phase": "liquid",
    "bashing": 1,
    "cutting": 0,
    "to_hit": 0,
    "ammo_type": "gasoline",
    "damage": { "damage_type": "bullet", "amount": 5, "pierce": 5 },
    "range": 4,
    "dispersion": 0,
    "recoil": 0,
    "count": 200,
    "effects": [ "FLAME", "STREAM" ]
  },
  {
    "type": "AMMO",
    "id": "medical_tape",
    "rarity": 45,
    "price": 20,
    "name": { "str": "medical tape" },
    "symbol": "=",
    "color": "white",
    "description": "A roll of medical tape, similar to duct tape.",
    "material": "plastic",
    "volume": 0,
    "weight": "0 g",
    "bashing": 0,
    "cutting": 0,
    "to_hit": 0,
    "ammo_type": "NULL",
    "damage": { "damage_type": "bullet", "amount": 0, "pierce": 0 },
    "range": 0,
    "dispersion": 0,
    "recoil": 0,
    "count": 35
  },
  {
    "type": "AMMO",
    "id": "bio_fusion_ammo",
    "rarity": 0,
    "price": 0,
    "name": { "str": "Fusion blast" },
    "symbol": "=",
    "color": "dark_gray",
    "description": "",
    "material": "null",
    "volume": 0,
    "weight": "0 g",
    "bashing": 0,
    "cutting": 0,
    "to_hit": 0,
    "ammo_type": "fusion",
    "effects": [ "INCENDIARY" ],
    "damage": { "damage_type": "bullet", "amount": 40, "pierce": 0 },
    "range": 10,
    "dispersion": 0,
    "recoil": 0,
    "count": 5
  },
  {
    "type": "AMMO",
    "id": "bio_lightning_ammo",
    "rarity": 0,
    "price": 0,
    "name": { "str": "Lightning" },
    "symbol": "=",
    "color": "dark_gray",
    "description": "",
    "material": "null",
    "volume": 0,
    "weight": "0 g",
    "bashing": 0,
    "cutting": 0,
    "to_hit": 0,
    "ammo_type": "fusion",
    "effects": [ "BOUNCE", "LIGHTNING" ],
    "damage": { "damage_type": "bullet", "amount": 6, "pierce": 0 },
    "range": 10,
    "dispersion": 0,
    "recoil": 10,
    "count": 10
  },
  {
    "type": "AMMO",
    "id": "792_57",
    "rarity": 8,
    "price": 300,
    "name": { "str": "7.92x57mm Mauser" },
    "symbol": "=",
    "color": "light_blue",
    "description": "In its day, the 7.92x57mm Mauser cartridge was one of the world�s most popular military cartridges.",
    "material": "steel",
    "volume": 2,
    "weight": "7 g",
    "bashing": 1,
    "cutting": 0,
    "to_hit": 0,
    "ammo_type": "792x57",
    "damage": { "damage_type": "bullet", "amount": 45, "pierce": 4 },
    "range": 52,
    "dispersion": 2,
    "recoil": 22,
    "count": 20,
    "effects": [ "COOKOFF" ]
  },
  {
    "type": "AMMO",
    "id": "45_king",
    "rarity": 7,
    "price": 470,
    "name": { "str": ".45 King" },
    "symbol": "=",
    "color": "blue",
    "description": "The .45 rounds of a king.  The King.  Bullets loaded especially for Elvis...",
    "material": "steel",
    "volume": 2,
    "weight": "10 g",
    "bashing": 1,
    "cutting": 0,
    "to_hit": 0,
    "ammo_type": ".45",
    "damage": { "damage_type": "bullet", "amount": 52, "pierce": 20 },
    "range": 29,
    "dispersion": 28,
    "recoil": 12,
    "count": 100,
    "effects": [ "COOKOFF" ]
  },
  {
    "type": "AMMO",
    "id": "357magnum",
    "rarity": 7,
    "price": 580,
    "name": { "str": ".357 Magnum" },
    "symbol": "=",
    "color": "blue",
    "description": "357 Magnum Rounds.",
    "material": "steel",
    "volume": 2,
    "weight": "15 g",
    "bashing": 1,
    "cutting": 0,
    "to_hit": 0,
    "ammo_type": "44",
    "damage": { "damage_type": "bullet", "amount": 36, "pierce": 2 },
    "range": 16,
    "dispersion": 10,
    "recoil": 22,
    "count": 50,
    "effects": [ "COOKOFF" ]
  }
]
