[
  {
    "type": "AMMO",
    "id": "arrowhead",
    "rarity": 0,
    "price": 30,
    "name": { "str": "arrowhead" },
    "symbol": "=",
    "color": "light_gray",
    "description": "Heads for an arrow.  Placing these on an arrow will make the arrow more damaging and piercing.",
    "material": "steel",
    "volume": 1,
    "weight": "1 g",
    "bashing": 1,
    "cutting": 0,
    "to_hit": 0,
    "ammo_type": "NULL",
    "damage": { "damage_type": "stab", "amount": 0, "pierce": 0 },
    "range": 0,
    "dispersion": 0,
    "recoil": 0,
    "count": 10
  },
  {
    "type": "AMMO",
    "id": "fletching",
    "rarity": 0,
    "price": 30,
    "name": { "str": "fletching" },
    "symbol": "=",
    "color": "white",
    "description": "Also known as a flight, this item provides aerodynamic stabilization of arrows.",
    "material": "leather",
    "volume": 1,
    "weight": "1 g",
    "bashing": 1,
    "cutting": 0,
    "to_hit": 0,
    "ammo_type": "NULL",
    "damage": { "damage_type": "stab", "amount": 0, "pierce": 0 },
    "range": 0,
    "dispersion": 0,
    "recoil": 0,
    "count": 10
  },
  {
    "type": "AMMO",
    "id": "shaft_wood",
    "rarity": 0,
    "price": 20,
    "name": { "str": "wood arrow shaft" },
    "symbol": "=",
    "color": "green",
    "description": "A crude shaft made from wood.  It needs arrowheads and fletching to become a functional arrow.  You can, however, fire it from a bow.",
    "material": "wood",
    "volume": 1,
    "weight": "12 g",
    "bashing": 1,
    "cutting": 0,
    "to_hit": 0,
    "ammo_type": "arrow",
    "damage": { "damage_type": "stab", "amount": 0, "pierce": 0 },
    "range": 0,
    "dispersion": 34,
    "recoil": 0,
    "count": 10
  },
  {
    "type": "AMMO",
    "id": "shaft_wood_heavy",
    "rarity": 0,
    "price": 20,
    "name": { "str": "heavy wood arrow shaft" },
    "symbol": "=",
    "color": "green",
    "description": "A heavy shaft made from wood.  It needs arrowheads and fletching to become a functional arrow.  You can, however, fire it from a bow.",
    "material": "wood",
    "volume": 1,
    "weight": "14 g",
    "bashing": 2,
    "cutting": 0,
    "to_hit": 0,
    "ammo_type": "arrow",
    "damage": { "damage_type": "stab", "amount": 2, "pierce": 0 },
    "range": 1,
    "dispersion": 29,
    "recoil": 0,
    "count": 10
  },
  {
    "type": "AMMO",
    "id": "shaft_metal",
    "rarity": 0,
    "price": 20,
    "name": { "str": "metal arrow shaft" },
    "symbol": "=",
    "color": "green",
    "description": "A heavy shaft made from scrap metal.  It needs arrowheads and fletching to become a functional arrow.  You can, however, fire it from a bow.",
    "material": "steel",
    "volume": 1,
    "weight": "19 g",
    "bashing": 3,
    "cutting": 0,
    "to_hit": 0,
    "ammo_type": "arrow",
    "damage": { "damage_type": "stab", "amount": 3, "pierce": 0 },
    "range": 3,
    "dispersion": 24,
    "recoil": 0,
    "count": 10
  },
  {
    "type": "AMMO",
    "id": "arrow_fire_hardened",
    "rarity": 0,
    "price": 25,
    "name": { "str": "fire hardened wood arrow" },
    "symbol": "=",
    "color": "green",
    "description": "A simple arrow shaft that has had a point carved into it and then fire hardened.",
    "material": "wood",
    "volume": 1,
    "weight": "12 g",
    "bashing": 2,
    "cutting": 0,
    "to_hit": 0,
    "ammo_type": "arrow",
    "damage": { "damage_type": "stab", "amount": 3, "pierce": 0 },
    "range": 2,
    "dispersion": 29,
    "recoil": 0,
    "count": 10
  },
  {
    "type": "AMMO",
    "id": "arrow_field_point",
    "rarity": 0,
    "price": 30,
    "name": { "str": "field point wood arrow" },
    "symbol": "=",
    "color": "green",
    "description": "A simple arrow shaft that has a crude arrow head.  Useful for hunting small woodland creatures.",
    "material": "wood",
    "volume": 1,
    "weight": "13 g",
    "bashing": 3,
    "cutting": 0,
    "to_hit": 0,
    "ammo_type": "arrow",
    "damage": { "damage_type": "stab", "amount": 6, "pierce": 1 },
    "range": 2,
    "dispersion": 29,
    "recoil": 0,
    "count": 10
  },
  {
    "type": "AMMO",
    "id": "arrow_small_game",
    "rarity": 0,
    "price": 30,
    "name": { "str": "small game arrow" },
    "symbol": "=",
    "color": "green",
    "description": "A simple arrow shaft that has a wide blunt head.  Useful for hunting small woodland creatures without splattering them all over the ground.",
    "material": "wood",
    "volume": 1,
    "weight": "13 g",
    "bashing": 4,
    "cutting": 0,
    "to_hit": 0,
    "ammo_type": "arrow",
    "damage": { "damage_type": "stab", "amount": 2, "pierce": 0 },
    "range": 2,
    "dispersion": 29,
    "recoil": 0,
    "count": 10,
    "flags": [ "NOGIB" ]
  },
  {
    "type": "AMMO",
    "id": "arrow_fire_hardened_fletched",
    "rarity": 0,
    "price": 35,
    "name": { "str": "fletched fire hardened wood arrow" },
    "symbol": "=",
    "color": "green",
    "description": "This simple arrow has a fire hardened point and some fletchings.",
    "material": "wood",
    "volume": 1,
    "weight": "13 g",
    "bashing": 3,
    "cutting": 0,
    "to_hit": 0,
    "ammo_type": "arrow",
    "damage": { "damage_type": "stab", "amount": 4, "pierce": 0 },
    "range": 6,
    "dispersion": 14,
    "recoil": 0,
    "count": 10
  },
  {
    "type": "AMMO",
    "id": "arrow_field_point_fletched",
    "rarity": 0,
    "price": 40,
    "name": { "str": "fletched field point wood arrow" },
    "symbol": "=",
    "color": "green",
    "description": "A simple arrow shaft that has a crude arrow head and some fletchings.  Useful for hunting small woodland creatures or as a last ditch defense against zombies.",
    "material": "wood",
    "volume": 1,
    "weight": "14 g",
    "bashing": 3,
    "cutting": 0,
    "to_hit": 0,
    "ammo_type": "arrow",
    "damage": { "damage_type": "stab", "amount": 7, "pierce": 2 },
    "range": 6,
    "dispersion": 14,
    "recoil": 0,
    "count": 10
  },
  {
    "type": "AMMO",
    "id": "arrow_wood",
    "rarity": 7,
    "price": 75,
    "name": { "str": "wood arrow" },
    "symbol": "=",
    "color": "green",
    "description": "A basic wooden arrow, it has a metal arrow head and some fletchings.  It's light-weight, does some damage, and is so-so on accuracy.  Stands a good chance of remaining intact once fired.",
    "material": "wood",
    "volume": 1,
    "weight": "15 g",
    "bashing": 2,
    "cutting": 1,
    "to_hit": 0,
    "ammo_type": "arrow",
    "damage": { "damage_type": "stab", "amount": 10, "pierce": 3 },
    "range": 7,
    "dispersion": 9,
    "recoil": 0,
    "count": 10
  },
  {
    "type": "AMMO",
    "id": "arrow_heavy_fire_hardened_fletched",
    "rarity": 7,
    "price": 75,
    "name": { "str": "heavy fletched fire hardened arrow" },
    "symbol": "=",
    "color": "green",
    "description": "This arrow is significantly sturdier than other wooden arrows.  It has a firehardened point and some fletchings.",
    "material": "plastic",
    "volume": 1,
    "weight": "19 g",
    "bashing": 4,
    "cutting": 0,
    "to_hit": 0,
    "ammo_type": "arrow",
    "damage": { "damage_type": "stab", "amount": 5, "pierce": 2 },
    "range": 7,
    "dispersion": 9,
    "recoil": 0,
    "count": 10
  },
  {
    "type": "AMMO",
    "id": "arrow_heavy_field_point_fletched",
    "rarity": 7,
    "price": 75,
    "name": { "str": "heavy fletched field point arrow" },
    "symbol": "=",
    "color": "green",
    "description": "This arrow is significantly sturdier than other wooden arrows.  It has a crude field point head and some fletchings.",
    "material": "plastic",
    "volume": 1,
    "weight": "20 g",
    "bashing": 4,
    "cutting": 0,
    "to_hit": 0,
    "ammo_type": "arrow",
    "damage": { "damage_type": "stab", "amount": 6, "pierce": 3 },
    "range": 7,
    "dispersion": 9,
    "recoil": 0,
    "count": 10
  },
  {
    "type": "AMMO",
    "id": "arrow_wood_heavy",
    "rarity": 7,
    "price": 75,
    "name": { "str": "heavy wood arrow" },
    "symbol": "=",
    "color": "green",
    "description": "A heavy wooden arrow, it has a metal arrow head and some fletchings.  It's much heavier than other wooden arrows, as a result it does more damage and is more stable in flight, resulting in better accuracy over a longer range.  Stands a very good chance of remaining intact once fired.",
    "material": "plastic",
    "volume": 1,
    "weight": "22 g",
    "bashing": 6,
    "cutting": 2,
    "to_hit": 0,
    "ammo_type": "arrow",
    "damage": { "damage_type": "stab", "amount": 12, "pierce": 5 },
    "range": 8,
    "dispersion": 4,
    "recoil": 0,
    "count": 10
  },
  {
    "type": "AMMO",
    "id": "arrow_metal_sharpened",
    "rarity": 7,
    "price": 50,
    "name": { "str": "sharpened metal arrow" },
    "symbol": "=",
    "color": "green",
    "description": "This metal shaft has been carefully sharpened so that it has a crude point at the end.",
    "material": "steel",
    "volume": 1,
    "weight": "19 g",
    "bashing": 2,
    "cutting": 0,
    "to_hit": 0,
    "ammo_type": "arrow",
    "damage": { "damage_type": "stab", "amount": 5, "pierce": 3 },
    "range": 5,
    "dispersion": 19,
    "recoil": 0,
    "count": 10
  },
  {
    "type": "AMMO",
    "id": "arrow_metal",
    "rarity": 7,
    "price": 100,
    "name": { "str": "metal arrow" },
    "symbol": "=",
    "color": "green",
    "description": "This metal arrow has a steel arrow head and some fletchings.",
    "material": "steel",
    "volume": 1,
    "weight": "21 g",
    "bashing": 3,
    "cutting": 2,
    "to_hit": 0,
    "ammo_type": "arrow",
    "damage": { "damage_type": "stab", "amount": 14, "pierce": 7 },
    "range": 10,
    "dispersion": 4,
    "recoil": 0,
    "count": 10
  },
  {
    "type": "AMMO",
    "id": "arrow_cf",
    "rarity": 5,
    "price": 150,
    "name": { "str": "carbon fiber arrow" },
    "symbol": "=",
    "color": "green",
    "description": "High-tech carbon fiber shafts and 100 grain broadheads.  Very light weight, fast, and notoriously fragile.",
    "material": "plastic",
    "volume": 2,
    "weight": "15 g",
    "bashing": 1,
    "cutting": 0,
    "to_hit": 0,
    "ammo_type": "arrow",
    "damage": { "damage_type": "stab", "amount": 10, "pierce": 5 },
    "range": 8,
    "dispersion": 9,
    "recoil": 0,
    "count": 8
  },
  {
    "type": "AMMO",
    "id": "arrow_exploding",
    "rarity": 5,
    "price": 350,
    "name": { "str": "exploding arrow" },
    "symbol": "=",
    "color": "green",
    "description": "This arrow has a small IED strapped to its tip.  Horribly inaccurate, heavy, and bulky, not only does this contraption require expert hands to pull off a shot, it requires one to loose this with a small measure of confidence the shooter won't be caught in the blast radius.",
    "material": "steel",
    "volume": 2,
    "weight": "40 g",
    "bashing": 2,
    "cutting": 0,
    "to_hit": 0,
    "ammo_type": "arrow",
    "damage": { "damage_type": "stab", "amount": 15, "pierce": 9 },
    "range": 5,
    "dispersion": 19,
    "recoil": 0,
    "count": 5,
    "effects": [ "EXPLOSIVE" ]
  },
  {
    "type": "AMMO",
    "id": "exploding_arrow_warhead",
    "symbol": "=",
    "color": "green",
    "name": { "str": "exploding arrowhead" },
    "description": "This simple IED is designed to be attached to an arrow and detonate on impact.  Theoretically you could throw it but who would want to do that?",
    "rarity": 3,
    "price": 400,
    "material": "iron",
    "weight": "10 g",
    "volume": 1,
    "bashing": 10,
    "cutting": 0,
    "to_hit": -1,
    "ammo_type": "arrow",
    "damage": { "damage_type": "stab", "amount": 15, "pierce": 9 },
    "count": 5,
    "effects": [ "EXPLOSIVE" ]
  },
  {
    "type": "AMMO",
    "id": "arrow_flamming",
    "rarity": 5,
    "price": 350,
    "name": { "str": "flaming arrow" },
    "symbol": "=",
    "color": "green",
    "description": "This arrow has a flaming rag wrapped around the shaft near the head.  You should shoot it soon before it burns your bow.",
    "material": "steel",
    "volume": 2,
    "weight": "40 g",
    "bashing": 2,
    "cutting": 0,
    "to_hit": 0,
    "ammo_type": "arrow",
    "damage": { "damage_type": "stab", "amount": 15, "pierce": 9 },
    "range": 5,
    "dispersion": 19,
    "recoil": 0,
    "count": 5,
    "effects": [ "IGNITE" ]
  },
  {
    "type": "AMMO",
    "id": "bolt_wood",
    "rarity": 8,
    "price": 100,
    "name": { "str": "wood crossbow bolt" },
    "symbol": "=",
    "color": "green",
    "description": "A sharpened bolt carved from wood.  It's lighter than a steel bolt, but does less damage and is less accurate.  Stands a good chance of remaining intact once fired.",
    "material": "wood",
    "volume": 1,
    "weight": "40 g",
    "bashing": 1,
    "cutting": 0,
    "to_hit": 0,
    "ammo_type": "bolt",
    "damage": { "damage_type": "stab", "amount": 10, "pierce": 1 },
    "range": 0,
    "dispersion": 10,
    "recoil": 0,
    "count": 15
  },
  {
    "type": "AMMO",
    "id": "bolt_steel",
    "rarity": 7,
    "price": 400,
    "name": { "str": "steel crossbow bolt" },
    "symbol": "=",
    "color": "green",
    "description": "A sharp bolt made from steel.  Deadly in skilled hands.  Stands an excellent chance of remaining intact once fired.",
    "material": "steel",
    "volume": 1,
    "weight": "25 g",
    "bashing": 5,
    "cutting": 0,
    "to_hit": 0,
    "ammo_type": "bolt",
    "damage": { "damage_type": "stab", "amount": 20, "pierce": 10 },
    "range": 6,
    "dispersion": 9,
    "recoil": 0,
    "count": 10
  }
]
