[
  {
    "type": "AMMO",
    "id": "atlatl_dart_crude",
    "price": 1000,
    "name": { "str": "crude atlatl dart" },
    "symbol": "=",
    "color": "green",
    "description": "A thin pole with a fire-hardened point designed to be thrown from an atlatl.  Not very accurate without fletching.  Stands a very good chance of remaining intact once fired.",
    "material": "wood",
    "volume": 4,
    "weight": "900 g",
    "bashing": 2,
    "cutting": 7,
    "flags": "SPEAR",
    "to_hit": 0,
    "ammo_type": "atlatl_dart",
    "casing": "atlatl_dart_crude",
    "damage": { "damage_type": "bullet", "amount": 6, "pierce": 2 },
    "range": 0,
    "dispersion": 450,
    "recoil": 0,
    "count": 1,
    "effects": [ "RECOVER_15" ]
  },
  {
    "type": "AMMO",
    "id": "atlatl_dart",
    "price": 1000,
    "name": { "str": "atlatl dart" },
    "symbol": "=",
    "color": "green",
    "description": "A thin pole with fletching and a metal point designed to be thrown from an atlatl.  Stands an excellent chance of remaining intact once fired.",
    "material": [ "wood", "steel" ],
    "volume": 4,
    "weight": "1000 g",
    "bashing": 3,
    "cutting": 10,
    "flags": "SPEAR",
    "to_hit": 0,
    "ammo_type": "atlatl_dart",
    "casing": "atlatl_dart",
    "damage": { "damage_type": "bullet", "amount": 12, "pierce": 5 },
    "range": 5,
    "dispersion": 150,
    "recoil": 0,
    "count": 1,
    "effects": [ "RECOVER_25" ]
  }
]
