[
  {
    "type": "ARMOR",
    "id": "atlatl_dart_crude_bundle",
    "name": { "str": "bundle of crude atlatl darts" },
    "weight": "5000 g",
    "color": "brown",
    "to_hit": 0,
    "storage": 0,
    "symbol": "[",
    "description": "A bundle of crude atlatl darts, bound up with a rope for easy carrying.",
    "price": 6500,
    "material": [ "wood" ],
    "covers": [ "TORSO" ],
    "volume": 15,
    "cutting": 0,
    "bashing": 4,
    "warmth": 0,
    "phase": "solid",
    "environmental_protection": 0,
    "encumbrance": 0,
    "coverage": 15,
    "material_thickness": 1,
    "flags": [ "BELTED", "OVERSIZE" ]
  },
  {
    "type": "ARMOR",
    "id": "atlatl_dart_bundle",
    "name": { "str": "bundle of atlatl darts" },
    "weight": "5000 g",
    "color": "brown",
    "to_hit": 0,
    "storage": 0,
    "symbol": "[",
    "description": "A bundle of atlatl darts, bound up with a rope for easy carrying.",
    "price": 6500,
    "material": [ "wood" ],
    "covers": [ "TORSO" ],
    "volume": 15,
    "cutting": 0,
    "bashing": 4,
    "warmth": 0,
    "phase": "solid",
    "environmental_protection": 0,
    "encumbrance": 0,
    "coverage": 15,
    "material_thickness": 1,
    "flags": [ "BELTED", "OVERSIZE" ]
  }
]
