[
  {
    "type": "GENERIC",
    "id": "rope_fiber_6",
    "category": "spare_parts",
    "copy-from": "rope_6",
    "name": { "str": "short fiber rope" },
    "description": "A six-foot long piece of rope, woven from plant fibers.  Too small to be of much use.",
    "weight": "216 g",
    "volume": "500 ml",
    "color": "light_gray",
    "symbol": ",",
    "material": [ "paper" ],
    "flags": [ "TIE_UP", "BELTED", "WATER_FRIENDLY", "OVERSIZE", "NO_SALVAGE" ],
    "price": 3500
  },
  {
    "type": "GENERIC",
    "id": "rope_fiber_30",
    "category": "spare_parts",
    "copy-from": "rope_30",
    "name": { "str": "long fiber rope" },
    "description": "A 30-foot long piece of rope, woven from plant fibers.",
    "weight": "1080 g",
    "color": "light_gray",
    "symbol": ",",
    "material": [ "paper" ],
    "volume": "2500 ml",
    "flags": [ "TIE_UP", "BELTED", "WATER_FRIENDLY", "OVERSIZE", "NO_SALVAGE" ],
    "price": 7500
  },
  {
    "type": "GENERIC",
    "id": "clay_plant_pot",
    "category": "spare_parts",
    "name": { "str": "clay plant pot" },
    "description": "A large, open topped clay pot with holes near the bottom for water drainage.",
    "weight": "3629 g",
    "color": "light_gray",
    "symbol": ")",
    "material": [ "stone" ],
    "volume": "3 L",
    "flags": [ "NO_SALVAGE" ],
    "price": 3500
  }
]
