[
  {
    "id": "atlatl",
    "type": "GUN",
    "symbol": "(",
    "color": "yellow",
    "name": { "str": "atlatl" },
    "description": "A short stick with a cup at the end that allows a user to hurl a spear with much more force.",
    "price": 69000,
    "material": "wood",
    "flags": [ "RELOAD_AND_SHOOT" ],
    "skill": "throw",
    "ammo": [ "atlatl_dart" ],
    "weight": "1300 g",
    "volume": "1000 ml",
    "bashing": 5,
    "cutting": 0,
    "to_hit": 1,
    "ranged_damage": { "damage_type": "bullet", "amount": 25 },
    "range": 10,
    "dispersion": 150,
    "sight_dispersion": 90,
    "aim_speed": 4,
    "recoil": 0,
    "durability": 6,
    "clip_size": 1,
    "reload": 200
  }
]
