[
  {
    "id": "wiresaw",
    "type": "TOOL",
    "symbol": ";",
    "color": "light_gray",
    "name": { "str": "wire saw" },
    "description": "This is a thin saw, useful for cutting through wood objects.",
    "price": 1000,
    "material": [ "steel", "wood" ],
    "weight": "283 g",
    "volume": "250 ml",
    "bashing": 0,
    "cutting": 6,
    "to_hit": -2,
    "qualities": [ [ "SAW_W", 1 ] ]
  },
  {
    "id": "primitive_mattock",
    "type": "TOOL",
    "symbol": ";",
    "color": "brown",
    "name": { "str": "stone mattock" },
    "description": "This is a stone mattock, with both an axe head and an adze head.  This is useful for a variety of tasks as well as a passable melee weapon.",
    "price": 1000,
    "flags": [ "DURABLE_MELEE" ],
    "material": [ "stone", "wood" ],
    "weight": "3154 g",
    "volume": "3750 ml",
    "bashing": 12,
    "cutting": 12,
    "to_hit": 0,
    "qualities": [ [ "SAW_W", 1 ], [ "AXE", 2 ], [ "DIG", 2 ] ],
    "use_action": "LUMBER"
  }
]
