[
  {
    "type": "construction",
    "id": "constr_fire_pit",
    "group": "build_fire_pit",
    "category": "FURN",
    "difficulty": 0,
    "time": 5,
    "qualities": [ [ { "id": "DIG", "level": 1 } ] ],
    "components": [ [ [ "rock", 8 ] ] ],
    "pre_special": "check_empty",
    "post_terrain": "f_firepit"
  },
  {
    "type": "construction",
    "id": "constr_fire_pit_cook",
    "group": "build_fire_pit",
    "category": "FURN",
    "difficulty": 1,
    "time": 10,
    "qualities": [ [ { "id": "DIG", "level": 1 } ] ],
    "components": [ [ [ "stick", 4 ] ], [ [ "rock_pot", 1 ] ] ],
    "pre_terrain": "f_firepit",
    "post_terrain": "f_cookfirepit"
  },
  {
    "type": "construction",
    "id": "constr_makeshift_fence",
    "group": "build_makeshift_fence",
    "category": "FURN",
    "difficulty": 2,
    "time": 10,
    "qualities": [
      [ { "id": "DIG", "level": 2 } ],
      [ { "id": "HAMMER", "level": 2 } ],
      [ { "id": "SAW_W", "level": 1 } ],
      [ { "id": "AXE", "level": 1 } ]
    ],
    "components": [ [ [ "2x4", 8 ], [ "stick", 8 ] ] ],
    "pre_flags": "check_empty",
    "post_terrain": "f_makeshift_fence"
  },
  {
    "type": "construction",
    "id": "constr_makeshift_gate",
    "group": "build_makeshift_gate",
    "category": "FURN",
    "difficulty": 2,
    "time": 10,
    "qualities": [
      [ { "id": "DIG", "level": 2 } ],
      [ { "id": "HAMMER", "level": 2 } ],
      [ { "id": "SAW_W", "level": 1 } ],
      [ { "id": "AXE", "level": 1 } ]
    ],
    "components": [ [ [ "2x4", 8 ], [ "stick", 8 ] ] ],
    "pre_flags": "check_empty",
    "post_terrain": "f_makeshift_gate"
  }
]
