[
  {
    "type": "COMESTIBLE",
    "id": "gffish_sandwich",
    "name": { "str": "gluten free fish sandwich", "str_pl": "gluten free fish sandwiches" },
    "weight": "222 g",
    "color": "yellow",
    "spoils_in": "24 hours",
    "container": "wrapper",
    "comestible_type": "FOOD",
    "symbol": "%",
    "nutrition": 26,
    "description": "Gluten free and a delicious fish sandwich.",
    "price": 800,
    "material": [ "flesh" ],
    "volume": "250 ml",
    "charges": 4,
    "//": "Four portions seems like a lot, but given the amount of ingredients needed, it's a good perk.",
    "fun": 14
  },
  {
    "type": "COMESTIBLE",
    "id": "gfsandwich_veggy",
    "name": { "str": "gluten free vegetable sandwich", "str_pl": "gluten free vegetable sandwiches" },
    "weight": "190 g",
    "color": "light_gray",
    "spoils_in": "48 hours",
    "container": "wrapper",
    "comestible_type": "FOOD",
    "symbol": "%",
    "quench": 1,
    "healthy": 1,
    "nutrition": 27,
    "description": "Gluen free bread and vegetables, that's it.",
    "price": 800,
    "material": [ "veggy" ],
    "volume": "250 ml",
    "charges": 3,
    "flags": [ "EATEN_COLD" ],
    "fun": 1
  },
  {
    "type": "COMESTIBLE",
    "id": "gfgranola",
    "name": { "str": "gluten free granola" },
    "weight": "86 g",
    "color": "brown",
    "spoils_in": "4320 hours",
    "container": "bag_plastic",
    "comestible_type": "FOOD",
    "symbol": "%",
    "quench": -2,
    "healthy": 1,
    "nutrition": 31,
    "description": "A tasty and nutritious mixture of oats, honey, and other ingredients that has been baked until crisp.",
    "price": 350,
    "material": [ "fruit" ],
    "volume": "500 ml",
    "charges": 8,
    "fun": 3
  },
  {
    "type": "COMESTIBLE",
    "id": "gfsandwich_t",
    "name": { "str": "gluten free meat sandwich", "str_pl": "gluten free meat sandwiches" },
    "weight": "186 g",
    "color": "light_gray",
    "spoils_in": "36 hours",
    "container": "wrapper",
    "comestible_type": "FOOD",
    "symbol": "%",
    "nutrition": 30,
    "description": "Gluten free bread and meat, that's it.",
    "price": 900,
    "material": [ "flesh", "veggy" ],
    "volume": "250 ml",
    "charges": 3,
    "fun": 2
  },
  {
    "type": "COMESTIBLE",
    "id": "gfsandwich_pb",
    "name": { "str": "gluten free peanut butter sandwich", "str_pl": "gluten free peanut butter sandwiches" },
    "weight": "186 g",
    "color": "brown",
    "spoils_in": "36 hours",
    "container": "wrapper",
    "comestible_type": "FOOD",
    "symbol": "%",
    "quench": -10,
    "nutrition": 30,
    "description": "Some peanut butter smothered between two pieces of gluten free bread.  Not very filling and will stick to the roof of your mouth like glue.",
    "price": 250,
    "material": [ "veggy" ],
    "volume": "250 ml",
    "fun": 3
  },
  {
    "type": "COMESTIBLE",
    "id": "gfsandwich_pbj",
    "name": { "str": "gluten free PB&J sandwich", "str_pl": "gluten free PB&J sandwiches" },
    "weight": "186 g",
    "color": "brown",
    "spoils_in": "36 hours",
    "container": "wrapper",
    "comestible_type": "FOOD",
    "symbol": "%",
    "quench": 8,
    "nutrition": 45,
    "description": "A delicious peanut butter and jelly gluten free sandwich.  It reminds you of the times your mother would make you lunch.",
    "price": 175,
    "material": [ "fruit", "veggy" ],
    "volume": "250 ml",
    "fun": 6
  },
  {
    "type": "COMESTIBLE",
    "id": "gfsandwich_pbh",
    "name": { "str": "gluten free PB&H sandwich", "str_pl": "gluten free PB&H sandwiches" },
    "weight": "186 g",
    "color": "brown",
    "spoils_in": "36 hours",
    "container": "wrapper",
    "comestible_type": "FOOD",
    "symbol": "%",
    "quench": 8,
    "nutrition": 45,
    "description": "Some damned fool put honey on this peanut butter sandwich, who in their right mind- oh wait this is pretty good.  Gluten free too!",
    "price": 175,
    "material": [ "veggy", "honey" ],
    "volume": "250 ml",
    "fun": 6
  },
  {
    "type": "COMESTIBLE",
    "id": "gfsandwich_pbm",
    "name": { "str": "gluten free PB&M sandwich", "str_pl": "gluten free PB&M sandwiches" },
    "weight": "186 g",
    "color": "brown",
    "spoils_in": "36 hours",
    "container": "wrapper",
    "comestible_type": "FOOD",
    "symbol": "%",
    "quench": 8,
    "nutrition": 45,
    "description": "Who knew you could mix maple syrup and peanut butter to create yet another different gluten free sandwich?",
    "price": 175,
    "material": [ "veggy" ],
    "volume": "250 ml",
    "fun": 6
  },
  {
    "type": "COMESTIBLE",
    "id": "lfhickory_nut_ambrosia",
    "name": { "str": "lactose free hickory nut ambrosia" },
    "weight": "254 g",
    "color": "brown",
    "spoils_in": "259 hours",
    "container": "bottle_plastic",
    "comestible_type": "DRINK",
    "symbol": "~",
    "quench": 10,
    "nutrition": 15,
    "description": "Delicious hickory nut ambrosia.  A drink worthy of the gods.  This one was made with an alternative to cows milk.",
    "price": 100,
    "material": [ "veggy" ],
    "volume": "250 ml",
    "phase": "liquid",
    "charges": 4,
    "flags": [ "EATEN_HOT" ],
    "fun": 5
  },
  {
    "type": "COMESTIBLE",
    "id": "cornmeal",
    "name": { "str": "cornmeal" },
    "weight": "37 g",
    "color": "white",
    "spoils_in": "8640 hours",
    "container": "box_small",
    "comestible_type": "FOOD",
    "symbol": "%",
    "quench": -1,
    "nutrition": 2,
    "description": "You think this is cornflour… or rice flour…  Or something else.  However, it certainly is not wheat flour!  It is useful for baking though.",
    "price": 450,
    "material": [ "veggy", "powder" ],
    "volume": "250 ml",
    "charges": 12,
    "fun": -5
  },
  {
    "type": "COMESTIBLE",
    "id": "gfjohnnycake",
    "name": { "str": "gluten free johnnycake" },
    "weight": "46 g",
    "color": "yellow",
    "spoils_in": "480 hours",
    "comestible_type": "FOOD",
    "symbol": "%",
    "healthy": 1,
    "nutrition": 20,
    "description": "We all crave for cake sometimes.  This is not perfect, but it is a tasty and nutritious gluten free fried bread treat.  ",
    "price": 550,
    "material": [ "veggy", "junk" ],
    "volume": "250 ml",
    "charges": 4,
    "flags": [ "EATEN_HOT" ],
    "fun": 2
  },
  {
    "type": "COMESTIBLE",
    "id": "gffruit_pancakes",
    "name": { "str": "gluten free fruit pancake" },
    "weight": "354 g",
    "color": "brown",
    "spoils_in": "240 hours",
    "comestible_type": "FOOD",
    "symbol": "%",
    "healthy": 1,
    "nutrition": 25,
    "description": "Fluffy and delicious gluten free pancakes with real maple syrup, made sweeter and healthier with the addition of wholesome fruit.",
    "price": 650,
    "material": [ "junk", "fruit" ],
    "volume": "250 ml",
    "charges": 4,
    "flags": [ "EATEN_HOT" ],
    "fun": 3
  },
  {
    "type": "COMESTIBLE",
    "id": "lffruit_pancakes",
    "name": { "str": "lactose free fruit pancake" },
    "weight": "354 g",
    "color": "brown",
    "spoils_in": "240 hours",
    "comestible_type": "FOOD",
    "symbol": "%",
    "healthy": 1,
    "nutrition": 25,
    "description": "Fluffy and delicious lactose free pancakes with real maple syrup, made sweeter and healthier with the addition of wholesome fruit.",
    "price": 650,
    "material": [ "wheat", "fruit" ],
    "volume": "250 ml",
    "charges": 4,
    "flags": [ "EATEN_HOT" ],
    "fun": 3
  },
  {
    "type": "COMESTIBLE",
    "id": "gflffruit_pancakes",
    "name": { "str": "gluten free lactose free fruit pancake" },
    "weight": "354 g",
    "color": "brown",
    "spoils_in": "240 hours",
    "comestible_type": "FOOD",
    "symbol": "%",
    "healthy": 1,
    "nutrition": 25,
    "description": "Fluffy and delicious pancakes made out of the only things you can still eat.  But at least it has real maple syrup, made sweeter and healthier with the addition of wholesome fruit.",
    "price": 650,
    "material": [ "junk", "fruit" ],
    "volume": "250 ml",
    "charges": 4,
    "flags": [ "EATEN_HOT" ],
    "fun": 3
  },
  {
    "type": "COMESTIBLE",
    "id": "gfchoc_pancakes",
    "name": { "str": "gluten free chocolate pancake" },
    "weight": "354 g",
    "color": "brown",
    "spoils_in": "240 hours",
    "comestible_type": "FOOD",
    "symbol": "%",
    "nutrition": 25,
    "description": "Fluffy and delicious gluten free pancakes with real maple syrup, with delicious chocolate baked right in.",
    "price": 700,
    "material": [ "veggy", "junk" ],
    "volume": "250 ml",
    "charges": 4,
    "flags": [ "EATEN_HOT" ],
    "fun": 6
  },
  {
    "type": "COMESTIBLE",
    "id": "gffrenchtoast",
    "name": { "str": "gluten free French toast" },
    "weight": "246 g",
    "color": "brown",
    "spoils_in": "240 hours",
    "comestible_type": "FOOD",
    "symbol": "%",
    "healthy": 1,
    "nutrition": 45,
    "description": "Slices of gluten free bread dipped in a milk and egg mixture then fried.",
    "price": 600,
    "material": [ "junk", "milk", "egg" ],
    "volume": "250 ml",
    "charges": 2,
    "flags": [ "EATEN_HOT" ],
    "fun": 8
  },
  {
    "type": "COMESTIBLE",
    "id": "gflffrenchtoast",
    "name": { "str": "gluten free lactose free French toast" },
    "weight": "246 g",
    "color": "brown",
    "spoils_in": "240 hours",
    "comestible_type": "FOOD",
    "symbol": "%",
    "healthy": 1,
    "nutrition": 45,
    "description": "Slices of gluten free bread dipped in a lactose free milk and egg mixture then fried.  You never thought it was possible, but now you truly feel like a post millennial.",
    "price": 600,
    "material": [ "veggy", "egg" ],
    "volume": "250 ml",
    "charges": 2,
    "flags": [ "EATEN_HOT" ],
    "fun": 8
  },
  {
    "type": "COMESTIBLE",
    "id": "gfbiscuit",
    "name": { "str": "gluten free biscuit" },
    "weight": "136 g",
    "color": "brown",
    "spoils_in": "180 hours",
    "container": "box_small",
    "comestible_type": "FOOD",
    "symbol": "%",
    "healthy": 1,
    "nutrition": 24,
    "description": "Delicious and filling, this home made gluten free biscuit is good, and good for you!",
    "price": 230,
    "material": [ "junk" ],
    "volume": "1 L",
    "charges": 8,
    "flags": [ "EATEN_HOT" ],
    "fun": 1
  },
  {
    "type": "COMESTIBLE",
    "id": "gfpie",
    "name": { "str": "gluten free fruit pie" },
    "weight": "252 g",
    "color": "brown",
    "spoils_in": "72 hours",
    "stim": 2,
    "container": "box_small",
    "comestible_type": "FOOD",
    "symbol": "%",
    "quench": 5,
    "healthy": 1,
    "nutrition": 16,
    "description": "A delicious baked gluten free pie with a sweet fruit filling.",
    "price": 1250,
    "material": [ "veggy", "fruit" ],
    "volume": "1 L",
    "charges": 6,
    "flags": [ "EATEN_HOT" ],
    "fun": 3
  },
  {
    "type": "COMESTIBLE",
    "id": "gfpie_veggy",
    "name": { "str": "gluten free vegetable pie" },
    "weight": "252 g",
    "color": "brown",
    "spoils_in": "72 hours",
    "container": "box_small",
    "comestible_type": "FOOD",
    "symbol": "%",
    "quench": 5,
    "healthy": 1,
    "nutrition": 16,
    "description": "A delicious baked gluten free pie with a delicious vegetable filling.",
    "price": 1250,
    "material": [ "veggy" ],
    "volume": "1 L",
    "charges": 6,
    "flags": [ "EATEN_HOT" ],
    "fun": 3
  },
  {
    "type": "COMESTIBLE",
    "id": "gfpie_meat",
    "name": { "str": "gluten free meat pie" },
    "weight": "260 g",
    "color": "brown",
    "spoils_in": "80 hours",
    "container": "box_small",
    "comestible_type": "FOOD",
    "symbol": "%",
    "quench": 5,
    "healthy": 1,
    "nutrition": 16,
    "description": "A delicious baked gluten free pie with a delicious meat filling.",
    "price": 1350,
    "material": [ "flesh" ],
    "volume": "1 L",
    "charges": 6,
    "flags": [ "EATEN_HOT" ],
    "fun": 3
  },
  {
    "type": "COMESTIBLE",
    "id": "gfpie_maple",
    "name": { "str": "gluten free maple pie" },
    "weight": "252 g",
    "color": "brown",
    "spoils_in": "72 hours",
    "stim": 2,
    "container": "box_small",
    "comestible_type": "FOOD",
    "symbol": "%",
    "quench": 4,
    "healthy": -1,
    "nutrition": 16,
    "description": "A sweet and delicious baked gluten free pie with pure maple syrup.",
    "price": 1850,
    "material": [ "junk", "milk" ],
    "volume": "1 L",
    "charges": 6,
    "flags": [ "EATEN_HOT" ],
    "fun": 6
  },
  {
    "type": "COMESTIBLE",
    "id": "gfpizza_veggy",
    "name": { "str": "gluten free vegetable pizza" },
    "weight": "175 g",
    "color": "light_green",
    "spoils_in": "48 hours",
    "container": "box_small",
    "comestible_type": "FOOD",
    "symbol": "%",
    "nutrition": 40,
    "description": "A vegetarian gluten free pizza, with delicious tomato sauce and a fluffy crust.  Its smell brings back great memories.",
    "price": 990,
    "material": [ "veggy" ],
    "volume": "2 L",
    "charges": 4,
    "flags": [ "EATEN_HOT" ],
    "fun": 10
  },
  {
    "type": "COMESTIBLE",
    "id": "gfpizza_cheese",
    "name": { "str": "gluten free cheese pizza" },
    "weight": "175 g",
    "color": "yellow",
    "spoils_in": "48 hours",
    "stim": 1,
    "container": "box_small",
    "comestible_type": "FOOD",
    "symbol": "%",
    "nutrition": 40,
    "description": "A delicious gluten free pizza with molten cheese on top.",
    "price": 990,
    "material": [ "junk", "milk" ],
    "volume": "2 L",
    "charges": 4,
    "flags": [ "EATEN_HOT" ],
    "fun": 10
  },
  {
    "type": "COMESTIBLE",
    "id": "gfpizza_meat",
    "name": { "str": "gluten free meat pizza" },
    "weight": "175 g",
    "color": "light_red",
    "spoils_in": "48 hours",
    "container": "box_small",
    "comestible_type": "FOOD",
    "symbol": "%",
    "nutrition": 50,
    "description": "A meat gluten free pizza, for all the carnivores out there.  Chock full of minced meat and heavily seasoned.",
    "price": 1090,
    "material": [ "junk", "flesh" ],
    "volume": "2 L",
    "charges": 4,
    "flags": [ "EATEN_HOT" ],
    "fun": 10
  },
  {
    "type": "COMESTIBLE",
    "id": "gfcheeseburger",
    "name": { "str": "gluten free cheeseburger" },
    "weight": "340 g",
    "color": "brown",
    "spoils_in": "36 hours",
    "stim": 1,
    "container": "wrapper",
    "comestible_type": "FOOD",
    "symbol": "%",
    "nutrition": 35,
    "description": "A gluten free sandwich of minced meat and cheese with condiments.  The apex of pre-Cataclysm culinary achievement.",
    "price": 1000,
    "material": [ "flesh", "veggy" ],
    "volume": "250 ml",
    "charges": 4,
    "flags": [ "EATEN_HOT", "ALLERGEN_MILK" ],
    "fun": 5
  },
  {
    "type": "COMESTIBLE",
    "id": "gfhamburger",
    "name": { "str": "gluten free hamburger" },
    "weight": "300 g",
    "color": "brown",
    "spoils_in": "36 hours",
    "stim": 1,
    "container": "wrapper",
    "comestible_type": "FOOD",
    "symbol": "%",
    "nutrition": 30,
    "description": "A gluten free sandwich of minced meat with condiments.",
    "price": 900,
    "material": [ "flesh", "veggy" ],
    "volume": "250 ml",
    "charges": 4,
    "flags": [ "EATEN_HOT" ],
    "fun": 4
  },
  {
    "type": "COMESTIBLE",
    "id": "gfsloppyjoe",
    "name": { "str": "gluten free sloppy joe" },
    "weight": "300 g",
    "color": "brown",
    "spoils_in": "36 hours",
    "stim": 1,
    "container": "wrapper",
    "comestible_type": "FOOD",
    "symbol": "%",
    "nutrition": 31,
    "description": "A gluten free sandwich, consisting of ground meat and tomato sauce served on a hamburger bun.",
    "price": 900,
    "material": [ "flesh", "veggy" ],
    "volume": "250 ml",
    "charges": 4,
    "flags": [ "EATEN_HOT" ],
    "fun": 4
  },
  {
    "type": "COMESTIBLE",
    "id": "gfblt",
    "name": { "str": "gluten free BLT" },
    "weight": "250 g",
    "color": "brown",
    "spoils_in": "60 hours",
    "stim": 1,
    "container": "wrapper",
    "comestible_type": "FOOD",
    "symbol": "%",
    "quench": 2,
    "nutrition": 33,
    "description": "A bacon, lettuce, and tomato gluten free sandwich on toasted bread.",
    "price": 400,
    "material": [ "flesh", "veggy" ],
    "volume": "250 ml",
    "charges": 4,
    "flags": [ "EATEN_HOT" ],
    "fun": 5
  },
  {
    "type": "COMESTIBLE",
    "id": "gfsweetbread",
    "name": { "str": "gluten free sweetbread" },
    "weight": "150 g",
    "color": "brown",
    "spoils_in": "48 hours",
    "comestible_type": "FOOD",
    "symbol": "%",
    "quench": 1,
    "healthy": 1,
    "nutrition": 24,
    "description": "Delicious and tender organ meats.  First boiled, then gluten free breaded crumbs added and fried.  They have interesting flavor and unparalleled texture.",
    "price": 500,
    "material": [ "veggy", "flesh" ],
    "volume": "250 ml",
    "charges": 2,
    "flags": [ "EATEN_HOT" ],
    "fun": 8
  },
  {
    "type": "COMESTIBLE",
    "id": "gfsandwich_cheese",
    "name": { "str": "gluten free cheese sandwich", "str_pl": "gluten free cheese sandwiches" },
    "weight": "187 g",
    "color": "brown",
    "spoils_in": "36 hours",
    "stim": 1,
    "container": "wrapper",
    "comestible_type": "FOOD",
    "symbol": "%",
    "nutrition": 65,
    "description": "A simple gluten free cheese sandwich.",
    "price": 500,
    "material": [ "milk", "veggy" ],
    "volume": "250 ml",
    "fun": 8
  },
  {
    "type": "COMESTIBLE",
    "id": "gfsandwich_cheese_grilled",
    "name": { "str": "gluten free grilled cheese sandwich", "str_pl": "gluten free grilled cheese sandwiches" },
    "weight": "188 g",
    "color": "brown",
    "spoils_in": "34 hours",
    "stim": 1,
    "container": "wrapper",
    "comestible_type": "FOOD",
    "symbol": "%",
    "quench": 1,
    "nutrition": 70,
    "description": "A delicious gluten free grilled cheese sandwich, because everything is better with melted cheese.",
    "price": 550,
    "material": [ "milk", "veggy" ],
    "volume": "250 ml",
    "flags": [ "EATEN_HOT" ],
    "fun": 10
  },
  {
    "type": "COMESTIBLE",
    "id": "gfsandwich_deluxe",
    "name": { "str": "gluten free deluxe sandwich", "str_pl": "gluten free deluxe sandwiches" },
    "weight": "340 g",
    "color": "brown",
    "spoils_in": "32 hours",
    "stim": 1,
    "container": "wrapper",
    "comestible_type": "FOOD",
    "symbol": "%",
    "quench": 1,
    "healthy": 1,
    "nutrition": 38,
    "description": "A gluten free sandwich of meat, vegetables, and cheese with condiments.  Tasty and nutritious!",
    "price": 1200,
    "material": [ "flesh", "veggy", "milk" ],
    "volume": "250 ml",
    "charges": 4,
    "fun": 12
  },
  {
    "type": "COMESTIBLE",
    "id": "gfsandwich_cucumber",
    "name": { "str": "gluten free cucumber sandwich", "str_pl": "gluten free cucumber sandwiches" },
    "weight": "187 g",
    "color": "light_green",
    "spoils_in": "36 hours",
    "container": "wrapper",
    "comestible_type": "FOOD",
    "symbol": "%",
    "quench": 2,
    "healthy": 1,
    "nutrition": 26,
    "description": "A refreshing gluten free cucumber sandwich.  Not very filling, but quite tasty.",
    "price": 200,
    "volume": "250 ml",
    "charges": 2,
    "material": [ "veggy" ],
    "flags": [ "EATEN_COLD" ],
    "fun": 8
  },
  {
    "type": "COMESTIBLE",
    "id": "sandwich_cheese",
    "name": { "str": "cheese sandwich", "str_pl": "cheese sandwiches" },
    "weight": "187 g",
    "color": "brown",
    "spoils_in": "36 hours",
    "stim": 1,
    "container": "wrapper",
    "comestible_type": "FOOD",
    "symbol": "%",
    "nutrition": 65,
    "description": "A simple cheese sandwich.",
    "price": 500,
    "material": [ "milk", "wheat" ],
    "volume": "250 ml",
    "fun": 8
  },
  {
    "type": "COMESTIBLE",
    "id": "gfsandwich_jam",
    "name": { "str": "gluten free jam sandwich", "str_pl": "gluten free jam sandwiches" },
    "weight": "189 g",
    "color": "brown",
    "spoils_in": "37 hours",
    "container": "wrapper",
    "comestible_type": "FOOD",
    "symbol": "%",
    "quench": 1,
    "nutrition": 50,
    "description": "A delicious gluten free jam sandwich.",
    "price": 200,
    "material": [ "fruit", "veggy" ],
    "volume": "250 ml",
    "fun": 15
  },
  {
    "type": "COMESTIBLE",
    "id": "gfsandwich_honey",
    "name": { "str": "gluten free honey sandwich", "str_pl": "gluten free honey sandwiches" },
    "weight": "189 g",
    "color": "brown",
    "spoils_in": "240 hours",
    "container": "wrapper",
    "comestible_type": "FOOD",
    "symbol": "%",
    "quench": 1,
    "healthy": 1,
    "nutrition": 50,
    "description": "A delicious gluten free honey sandwich.",
    "price": 500,
    "material": [ "honey", "veggy" ],
    "volume": "250 ml",
    "fun": 10
  },
  {
    "type": "COMESTIBLE",
    "id": "gfsandwich_sauce",
    "name": { "str": "gluten free boring sandwich", "str_pl": "gluten free boring sandwiches" },
    "weight": "187 g",
    "color": "brown",
    "spoils_in": "46 hours",
    "container": "wrapper",
    "comestible_type": "FOOD",
    "symbol": "%",
    "quench": 1,
    "nutrition": 48,
    "description": "A simple gluten free sauce sandwich.  Not very filling but beats eating just the bread… especially if it is the wrong type of bread!",
    "price": 200,
    "material": [ "veggy" ],
    "volume": "250 ml",
    "fun": 2
  },
  {
    "type": "COMESTIBLE",
    "id": "gfwaffles",
    "name": { "str": "gluten free waffle" },
    "weight": "246 g",
    "color": "yellow",
    "spoils_in": "240 hours",
    "comestible_type": "FOOD",
    "symbol": "%",
    "nutrition": 37,
    "description": "Gluten free waffle.  It's basically a pancake in hashtag form.",
    "price": 550,
    "material": [ "veggy", "milk" ],
    "volume": "250 ml",
    "charges": 4,
    "flags": [ "EATEN_HOT" ],
    "fun": 5
  },
  {
    "type": "COMESTIBLE",
    "id": "lfwaffles",
    "name": { "str": "lactose free waffle" },
    "weight": "246 g",
    "color": "yellow",
    "spoils_in": "240 hours",
    "comestible_type": "FOOD",
    "symbol": "%",
    "nutrition": 37,
    "description": "Lactose free waffle.  It's basically a pancake in hashtag form.",
    "price": 550,
    "material": [ "wheat" ],
    "volume": "250 ml",
    "charges": 4,
    "flags": [ "EATEN_HOT" ],
    "fun": 5
  },
  {
    "type": "COMESTIBLE",
    "id": "gflfwaffles",
    "name": { "str": "lactose free waffle" },
    "weight": "246 g",
    "color": "yellow",
    "spoils_in": "240 hours",
    "comestible_type": "FOOD",
    "symbol": "%",
    "nutrition": 37,
    "description": "Gluten free and lactose free waffle.  It's basically a pancake in hashtag form.",
    "price": 550,
    "material": [ "junk" ],
    "volume": "250 ml",
    "charges": 4,
    "flags": [ "EATEN_HOT" ],
    "fun": 5
  },
  {
    "type": "COMESTIBLE",
    "id": "gffruit_waffles",
    "name": { "str": "gluten free fruit waffle" },
    "weight": "354 g",
    "color": "yellow",
    "spoils_in": "240 hours",
    "comestible_type": "FOOD",
    "symbol": "%",
    "healthy": 1,
    "nutrition": 45,
    "description": "Crunchy and delicious gluten free waffles with real maple syrup, made sweeter and healthier with the addition of wholesome fruit.",
    "price": 600,
    "material": [ "fruit", "milk" ],
    "volume": "250 ml",
    "charges": 4,
    "flags": [ "EATEN_HOT" ],
    "fun": 6
  },
  {
    "type": "COMESTIBLE",
    "id": "gflffruit_waffles",
    "name": { "str": "gluten free lactose free fruit waffle" },
    "weight": "354 g",
    "color": "yellow",
    "spoils_in": "240 hours",
    "comestible_type": "FOOD",
    "symbol": "%",
    "healthy": 1,
    "nutrition": 45,
    "description": "Crunchy and delicious gluten free and lactose free waffles with real maple syrup, made sweeter and healthier with the addition of wholesome fruit.",
    "price": 600,
    "material": [ "fruit" ],
    "volume": "250 ml",
    "charges": 4,
    "flags": [ "EATEN_HOT" ],
    "fun": 6
  },
  {
    "type": "COMESTIBLE",
    "id": "gfchoc_waffles",
    "name": { "str": "gluten free chocolate waffle" },
    "weight": "354 g",
    "color": "brown",
    "spoils_in": "240 hours",
    "comestible_type": "FOOD",
    "symbol": "%",
    "nutrition": 40,
    "description": "Crunchy and delicious gluten free waffles with real maple syrup, with delicious chocolate baked right in.",
    "price": 650,
    "material": [ "junk" ],
    "volume": "250 ml",
    "charges": 4,
    "flags": [ "EATEN_HOT" ],
    "fun": 12
  },
  {
    "type": "COMESTIBLE",
    "id": "rice_milk",
    "name": { "str_sp": "rice milk" },
    "weight": "263 g",
    "color": "white",
    "spoils_in": "24 hours",
    "container": "bottle_plastic",
    "comestible_type": "DRINK",
    "symbol": "~",
    "quench": 25,
    "healthy": 1,
    "nutrition": 8,
    "description": "Sweeter than real cows milk, almost tastes like vanilla icecream.  Spoils rapidly.",
    "price": 48,
    "//": "I am assuming it costs more than cows milk.  TB",
    "material": [ "junk" ],
    "volume": "250 ml",
    "phase": "liquid",
    "flags": [ "EATEN_COLD" ],
    "fun": 1
  },
  {
    "type": "COMESTIBLE",
    "id": "coconut_water",
    "name": { "str_sp": "coconut water" },
    "weight": "263 g",
    "color": "white",
    "spoils_in": "24 hours",
    "container": "bottle_plastic",
    "comestible_type": "DRINK",
    "symbol": "~",
    "quench": 25,
    "healthy": 1,
    "nutrition": 8,
    "description": "Coconut milk, with water added to make it go further.  Tastes ok though.  Spoils rapidly.",
    "price": 58,
    "//": "More expensive than regular milk.  Sometimes about twice the price.  TB",
    "material": [ "veggy" ],
    "volume": "250 ml",
    "phase": "liquid",
    "flags": [ "EATEN_COLD" ],
    "fun": 1
  },
  {
    "type": "COMESTIBLE",
    "id": "jar_cream_coconut",
    "name": { "str_sp": "jarred coconut milk" },
    "weight": "258 g",
    "color": "white",
    "spoils_in": "24 hours",
    "container": "jar_glass_sealed",
    "comestible_type": "DRINK",
    "symbol": "~",
    "quench": 20,
    "nutrition": 11,
    "description": "This deliciously rich coconut cream is a more concentrated, thicker version of the coconut milk.",
    "price": 700,
    "material": [ "junk" ],
    "volume": "250 ml",
    "phase": "liquid",
    "fun": 3
  },
  {
    "type": "COMESTIBLE",
    "id": "rice_flour",
    "name": { "str_sp": "rice flour" },
    "weight": "45 g",
    "color": "white",
    "container": "box_small",
    "comestible_type": "FOOD",
    "symbol": "%",
    "quench": -1,
    "nutrition": 1,
    "description": "This rice flour is useful for baking.",
    "price": 450,
    "material": [ "powder" ],
    "volume": "250 ml",
    "charges": 10,
    "fun": -5
  }
]
