[
  {
    "id": "style_eskrima",
    "copy-from": "style_eskrima",
    "type": "martial_art",
    "name": { "str": "Eskrima" },
    "extend": { "weapons": [ "ceramic_knife", "afs_energy_saber_off" ] }
  },
  {
    "id": "style_fencing",
    "copy-from": "style_fencing",
    "type": "martial_art",
    "name": { "str": "Fencing" },
    "extend": { "weapons": [ "afs_energy_saber_on", "afs_energy_saber_off" ] }
  },
  {
    "id": "style_krav_maga",
    "copy-from": "style_krav_maga",
    "type": "martial_art",
    "name": { "str": "Krav Maga" },
    "extend": { "weapons": [ "ceramic_knife", "afs_energy_saber_off" ] }
  },
  {
    "id": "style_swordsmanship",
    "copy-from": "style_swordsmanship",
    "type": "martial_art",
    "name": { "str": "Medieval Swordsmanship" },
    "extend": { "weapons": [ "afs_energy_saber_on" ] }
  },
  {
    "id": "style_ninjutsu",
    "copy-from": "style_ninjutsu",
    "type": "martial_art",
    "name": { "str": "Ninjutsu" },
    "extend": { "weapons": [ "afs_energy_saber_on", "ceramic_knife" ] }
  },
  {
    "id": "style_niten",
    "copy-from": "style_niten",
    "type": "martial_art",
    "name": { "str": "Niten Ichi-Ryu" },
    "extend": { "weapons": [ "afs_energy_saber_on" ] }
  },
  {
    "id": "style_silat",
    "copy-from": "style_silat",
    "type": "martial_art",
    "name": { "str": "Silat" },
    "extend": { "weapons": [ "afs_energy_saber_on", "afs_energy_saber_off" ] }
  }
]
