[
  {
    "id": "m6_asw",
    "type": "GUN",
    "reload_noise_volume": 10,
    "name": { "str": "M6 Aircrew Survival Weapon" },
    "description": "A lightweight combination rifle, combining a .22 rimfire barrel with .410 shotgun barrel, and designed to fold for compact storage.  Produced for military aircraft pilots who might be stranded after a crash, later produced commercially by various companies.",
    "weight": "2140 g",
    "volume": "1750 ml",
    "price": 59500,
    "to_hit": -1,
    "bashing": 6,
    "material": [ "steel" ],
    "symbol": "(",
    "color": "brown",
    "ammo": [ "22" ],
    "skill": "rifle",
    "ranged_damage": { "damage_type": "bullet", "amount": 1 },
    "dispersion": 160,
    "durability": 7,
    "loudness": 25,
    "clip_size": 1,
    "barrel_volume": "500 ml",
    "built_in_mods": [ "M6_shotgun" ],
    "valid_mod_locations": [ [ "accessories", 2 ], [ "muzzle", 1 ], [ "sling", 1 ], [ "underbarrel", 1 ] ],
    "flags": [ "RELOAD_ONE", "RELOAD_EJECT", "NEEDS_UNFOLD", "COLLAPSIBLE_STOCK" ]
  },
  {
    "id": "410_pipe_shotgun",
    "copy-from": "shotgun_base",
    "type": "GUN",
    "name": { "str": ".410 pipe shotgun" },
    "description": "A home-made shotgun, in .410 bore.  It is simply a pipe attached to a stock, with a hammer to strike the single round it holds.",
    "weight": "2267 g",
    "volume": "2 L",
    "price": 10000,
    "to_hit": -1,
    "bashing": 10,
    "material": [ "steel", "wood" ],
    "ammo": [ "410shot" ],
    "dispersion": 855,
    "durability": 6,
    "clip_size": 1,
    "barrel_volume": "1000 ml",
    "valid_mod_locations": [ [ "accessories", 2 ], [ "sling", 1 ], [ "stock", 1 ], [ "barrel", 1 ] ],
    "flags": [ "RELOAD_ONE", "NEVER_JAMS", "RELOAD_EJECT" ]
  }
]
