[
  {
    "id": "grei_mobilehome_1",
    "type": "vehicle",
    "name": { "str": "Mobile Home" },
    "blueprint": [
      [ "L-OO--'--L" ],
      [ "|&=+=#o&H|" ],
      [ "|--|=#o=='" ],
      [ "|#=+=====|" ],
      [ "L-OO-+'--L" ]
    ],
    "parts": [
      { "x": -4, "y": -2, "parts": [ "frame_sw", "board_sw" ] },
      { "x": -4, "y": -1, "parts": [ "frame_horizontal", "board_horizontal" ] },
      { "x": -4, "y": 0, "parts": [ "frame_horizontal", "board_horizontal" ] },
      { "x": -4, "y": 1, "parts": [ "frame_horizontal", "board_horizontal" ] },
      { "x": -4, "y": 2, "parts": [ "frame_se", "board_se" ] },
      { "x": -3, "y": -2, "parts": [ "frame_vertical", "board_vertical" ] },
      { "x": -3, "y": -1, "parts": [ "frame_cross", "bed", "roof" ] },
      { "x": -3, "y": 0, "parts": [ "frame_cross", "board_vertical" ] },
      { "x": -3, "y": 1, "parts": [ "frame_cross", "tank", "roof" ] },
      { "x": -3, "y": 2, "parts": [ "frame_vertical", "board_vertical" ] },
      { "x": -2, "y": -2, "parts": [ "frame_vertical", "board_vertical", "wheel" ] },
      { "x": -2, "y": -1, "parts": [ "frame_cross", "aisle_vertical", "roof" ] },
      { "x": -2, "y": 0, "parts": [ "frame_vertical", "board_vertical", "storage_battery" ] },
      { "x": -2, "y": 1, "parts": [ "frame_cross", "aisle_horizontal", "roof" ] },
      { "x": -2, "y": 2, "parts": [ "frame_vertical", "board_vertical", "wheel" ] },
      { "x": -1, "y": -2, "parts": [ "frame_vertical", "board_vertical", "wheel" ] },
      { "x": -1, "y": -1, "parts": [ "frame_cross", "door_internal" ] },
      { "x": -1, "y": 0, "parts": [ "frame_cross", "board_horizontal", "controls_electronic" ] },
      { "x": -1, "y": 1, "parts": [ "frame_cross", "door_internal" ] },
      { "x": -1, "y": 2, "parts": [ "frame_vertical", "board_vertical", "wheel" ] },
      { "x": 0, "y": -2, "parts": [ "frame_vertical", "board_vertical" ] },
      { "x": 0, "y": -1, "parts": [ "frame_cross", "aisle_horizontal", "roof" ] },
      { "x": 0, "y": 0, "parts": [ "frame_cross", "aisle_horizontal", "aisle_lights", "roof" ] },
      { "x": 0, "y": 1, "parts": [ "frame_cross", "aisle_horizontal", "roof" ] },
      { "x": 0, "y": 2, "parts": [ "frame_vertical", "board_vertical" ] },
      { "x": 1, "y": -2, "parts": [ "frame_vertical", "windshield", "v_curtain" ] },
      { "x": 1, "y": -1, "parts": [ "frame_cross", "seat", "roof" ] },
      { "x": 1, "y": 0, "parts": [ "frame_cross", "veh_table", "roof" ] },
      { "x": 1, "y": 1, "parts": [ "frame_cross", "aisle_horizontal", "roof" ] },
      { "x": 1, "y": 2, "parts": [ "frame_vertical", "door_opaque" ] },
      { "x": 2, "y": -2, "parts": [ "frame_vertical", "windshield", "v_curtain" ] },
      { "x": 2, "y": -1, "parts": [ "frame_cross", "box", "roof" ] },
      { "x": 2, "y": 0, "parts": [ "frame_cross", "box", "roof" ] },
      { "x": 2, "y": 1, "parts": [ "frame_cross", "aisle_horizontal", "roof" ] },
      { "x": 2, "y": 2, "parts": [ "frame_vertical", "windshield", "v_curtain" ] },
      { "x": 3, "y": -2, "parts": [ "frame_vertical", "board_vertical" ] },
      { "x": 3, "y": -1, "parts": [ "frame_cross", "kitchen_unit", "tank", "roof" ] },
      { "x": 3, "y": 0, "parts": [ "frame_cross", "aisle_horizontal", "roof" ] },
      { "x": 3, "y": 1, "parts": [ "frame_cross", "aisle_horizontal", "roof" ] },
      { "x": 3, "y": 2, "parts": [ "frame_vertical", "board_vertical" ] },
      { "x": 4, "y": -2, "parts": [ "frame_vertical", "board_vertical" ] },
      { "x": 4, "y": -1, "parts": [ "frame_cross", "minifridge", "roof" ] },
      { "x": 4, "y": 0, "parts": [ "frame_cross", "aisle_horizontal", "aisle_lights", "roof" ] },
      { "x": 4, "y": 1, "parts": [ "frame_cross", "aisle_horizontal", "roof" ] },
      { "x": 4, "y": 2, "parts": [ "frame_vertical", "board_vertical" ] },
      { "x": 5, "y": -2, "parts": [ "frame_nw", "board_nw" ] },
      { "x": 5, "y": -1, "parts": [ "frame_horizontal", "board_horizontal" ] },
      { "x": 5, "y": 0, "parts": [ "frame_horizontal", "windshield", "v_curtain" ] },
      { "x": 5, "y": 1, "parts": [ "frame_horizontal", "board_horizontal" ] },
      { "x": 5, "y": 2, "parts": [ "frame_ne", "board_ne" ] }
    ],
    "items": [
      { "x": 2, "y": -1, "chance": 4, "item_groups": [ "livingroom" ] },
      { "x": 2, "y": 0, "chance": 4, "item_groups": [ "livingroom" ] },
      { "x": 4, "y": -1, "chance": 4, "item_groups": [ "fridge" ] },
      { "x": -3, "y": -1, "chance": 4, "item_groups": [ "bed" ] }
    ]
  },
  {
    "id": "grei_mobilehome_2",
    "type": "vehicle",
    "name": { "str": "High-End Mobile Home" },
    "blueprint": [
      [ "L-OO-'---L" ],
      [ "|#=+=#|oH|" ],
      [ "|--|=#|=='" ],
      [ "|^=+==+=&|" ],
      [ "L-OO'+---L" ]
    ],
    "parts": [
      { "x": -4, "y": -2, "parts": [ "frame_sw", "board_sw" ] },
      { "x": -4, "y": -1, "parts": [ "frame_horizontal", "board_horizontal" ] },
      { "x": -4, "y": 0, "parts": [ "frame_horizontal", "board_horizontal" ] },
      { "x": -4, "y": 1, "parts": [ "frame_horizontal", "board_horizontal" ] },
      { "x": -4, "y": 2, "parts": [ "frame_se", "board_se" ] },
      { "x": -3, "y": -2, "parts": [ "frame_vertical", "board_vertical" ] },
      { "x": -3, "y": -1, "parts": [ "frame_cross", "bed", "roof", "solar_panel_v2" ] },
      { "x": -3, "y": 0, "parts": [ "frame_cross", "board_vertical" ] },
      { "x": -3, "y": 1, "parts": [ "frame_cross", "tank", "roof", "solar_panel_v2" ] },
      { "x": -3, "y": 2, "parts": [ "frame_vertical", "board_vertical" ] },
      { "x": -2, "y": -2, "parts": [ "frame_vertical", "board_vertical", "wheel" ] },
      { "x": -2, "y": -1, "parts": [ "frame_cross", "aisle_vertical", "roof", "solar_panel_v2" ] },
      { "x": -2, "y": 0, "parts": [ "frame_vertical", "board_vertical", "storage_battery" ] },
      { "x": -2, "y": 1, "parts": [ "frame_cross", "aisle_horizontal", "roof", "solar_panel_v2" ] },
      { "x": -2, "y": 2, "parts": [ "frame_vertical", "board_vertical", "wheel" ] },
      { "x": -1, "y": -2, "parts": [ "frame_vertical", "board_vertical", "wheel" ] },
      { "x": -1, "y": -1, "parts": [ "frame_cross", "door_internal", "solar_panel_v2" ] },
      { "x": -1, "y": 0, "parts": [ "frame_cross", "board_horizontal", "controls_electronic" ] },
      { "x": -1, "y": 1, "parts": [ "frame_cross", "door_internal", "solar_panel_v2" ] },
      { "x": -1, "y": 2, "parts": [ "frame_vertical", "board_vertical", "wheel" ] },
      { "x": 0, "y": -2, "parts": [ "frame_vertical", "board_vertical" ] },
      { "x": 0, "y": -1, "parts": [ "frame_cross", "aisle_horizontal", "roof" ] },
      { "x": 0, "y": 0, "parts": [ "frame_cross", "aisle_horizontal", "aisle_lights", "roof" ] },
      { "x": 0, "y": 1, "parts": [ "frame_cross", "aisle_horizontal", "roof" ] },
      { "x": 0, "y": 2, "parts": [ "frame_vertical", "board_vertical" ] },
      { "x": 1, "y": -2, "parts": [ "frame_vertical", "windshield", "v_curtain" ] },
      { "x": 1, "y": -1, "parts": [ "frame_cross", "seat", "roof" ] },
      { "x": 1, "y": 0, "parts": [ "frame_cross", "veh_table", "roof" ] },
      { "x": 1, "y": 1, "parts": [ "frame_cross", "aisle_horizontal", "roof" ] },
      { "x": 1, "y": 2, "parts": [ "frame_vertical", "door_opaque" ] },
      { "x": 2, "y": -2, "parts": [ "frame_vertical", "board_vertical" ] },
      { "x": 2, "y": -1, "parts": [ "frame_cross", "stowboard_horizontal" ] },
      { "x": 2, "y": 0, "parts": [ "frame_cross", "stowboard_horizontal" ] },
      { "x": 2, "y": 1, "parts": [ "frame_cross", "door_internal", "roof" ] },
      { "x": 2, "y": 2, "parts": [ "frame_vertical", "board_vertical" ] },
      { "x": 3, "y": -2, "parts": [ "frame_vertical", "board_vertical" ] },
      { "x": 3, "y": -1, "parts": [ "frame_cross", "kitchen_unit", "tank", "roof" ] },
      { "x": 3, "y": 0, "parts": [ "frame_cross", "aisle_horizontal", "roof" ] },
      { "x": 3, "y": 1, "parts": [ "frame_cross", "aisle_horizontal", "roof" ] },
      { "x": 3, "y": 2, "parts": [ "frame_vertical", "windshield", "v_curtain" ] },
      { "x": 4, "y": -2, "parts": [ "frame_vertical", "board_vertical" ] },
      { "x": 4, "y": -1, "parts": [ "frame_cross", "minifridge", "roof" ] },
      { "x": 4, "y": 0, "parts": [ "frame_cross", "aisle_horizontal", "aisle_lights", "roof" ] },
      { "x": 4, "y": 1, "parts": [ "frame_cross", "aisle_horizontal", "roof" ] },
      { "x": 4, "y": 2, "parts": [ "frame_vertical", "board_vertical" ] },
      { "x": 5, "y": -2, "parts": [ "frame_nw", "board_nw" ] },
      { "x": 5, "y": -1, "parts": [ "frame_horizontal", "board_horizontal" ] },
      { "x": 5, "y": 0, "parts": [ "frame_horizontal", "windshield", "v_curtain" ] },
      { "x": 5, "y": 1, "parts": [ "frame_horizontal", "board_horizontal" ] },
      { "x": 5, "y": 2, "parts": [ "frame_ne", "board_ne" ] }
    ],
    "items": [
      { "x": 2, "y": -1, "chance": 4, "item_groups": [ "livingroom" ] },
      { "x": 2, "y": 0, "chance": 4, "item_groups": [ "livingroom" ] },
      { "x": 4, "y": -1, "chance": 4, "item_groups": [ "fridge" ] },
      { "x": -3, "y": -1, "chance": 4, "item_groups": [ "bed" ] }
    ]
  }
]
