[
  {
    "id": "grei_microcar",
    "type": "vehicle",
    "name": { "str": "Microcar" },
    "blueprint": [
      [ "L+o" ],
      [ "O#'" ],
      [ "L'o" ]
    ],
    "parts": [
      { "x": -1, "y": -1, "parts": [ "xlframe_vertical", "xlhalfboard_sw" ] },
      { "x": -1, "y": 0, "parts": [ "xlframe_cross", "xlhalfboard_horizontal", "grei_engine_1cyl_efficiency", "alternator_motorbike", "battery_motorbike", "wheel_motorbike" ] },
      { "x": -1, "y": 1, "parts": [ "xlframe_vertical", "xlhalfboard_se" ] },
      { "x": 0, "y": -1, "parts": [ "xlframe_vertical", "door" ] },
      { "x": 0, "y": 0, "parts": [ "xlframe_cross", "seat", "seatbelt", "controls", "horn_car", "roof" ] },
      { "x": 0, "y": 1, "parts": [ "xlframe_vertical", "windshield", "tank_small" ] },
      { "x": 1, "y": -1, "parts": [ "xlframe_vertical", "xlhalfboard_nw", "wheel_small_steerable", "headlight" ] },
      { "x": 1, "y": 0, "parts": [ "xlframe_vertical", "windshield" ] },
      { "x": 1, "y": 1, "parts": [ "xlframe_vertical", "xlhalfboard_ne", "wheel_small_steerable", "headlight" ] }
    ],
    "items": [ { "x": 0, "y": 0, "chance": 8, "item_groups": [ "car_misc" ] } ]
  },
  {
    "id": "grei_microcar_test",
    "type": "vehicle",
    "name": { "str": "Prototype Microcar" },
    "blueprint": [
      [ "L+o" ],
      [ "O#'" ],
      [ "L'o" ]
    ],
    "parts": [
      { "x": -1, "y": -1, "parts": [ "xlframe_vertical", "xlhalfboard_sw" ] },
      { "x": -1, "y": 0, "parts": [ "xlframe_cross", "xlhalfboard_horizontal", "grei_engine_1cyl_efficiency", "alternator_motorbike", "battery_motorbike", "wheel_motorbike" ] },
      { "x": -1, "y": 1, "parts": [ "xlframe_vertical", "xlhalfboard_se" ] },
      { "x": 0, "y": -1, "parts": [ "xlframe_vertical", "door" ] },
      { "x": 0, "y": 0, "parts": [ "xlframe_cross", "seat", "seatbelt", "controls", "horn_car", "roof" ] },
      { "x": 0, "y": 1, "parts": [ "xlframe_vertical", "windshield", "tank_small" ] },
      { "x": 1, "y": -1, "parts": [ "xlframe_vertical", "xlhalfboard_nw", "wheel_small_steerable", "headlight" ] },
      { "x": 1, "y": 0, "parts": [ "xlframe_vertical", "windshield" ] },
      { "x": 1, "y": 1, "parts": [ "xlframe_vertical", "xlhalfboard_ne", "wheel_small_steerable", "headlight" ] }
    ]
  },
  {
    "id": "grei_microcar_elec",
    "type": "vehicle",
    "name": { "str": "Electric Microcar" },
    "blueprint": [
      [ "L+o" ],
      [ "O#'" ],
      [ "L'o" ]
    ],
    "parts": [
      { "x": -1, "y": -1, "parts": [ "xlframe_vertical", "xlhalfboard_sw", "solar_panel" ] },
      { "x": -1, "y": 0, "parts": [ "xlframe_cross", "xlhalfboard_horizontal", "grei_engine_electric_efficiency", "solar_panel", "wheel_motorbike" ] },
      { "x": -1, "y": 1, "parts": [ "xlframe_vertical", "xlhalfboard_se", "solar_panel" ] },
      { "x": 0, "y": -1, "parts": [ "xlframe_vertical", "door" ] },
      { "x": 0, "y": 0, "parts": [ "xlframe_cross", "seat", "seatbelt", "controls", "horn_car", "roof" ] },
      { "x": 0, "y": 1, "parts": [ "xlframe_vertical", "windshield", "medium_storage_battery" ] },
      { "x": 1, "y": -1, "parts": [ "xlframe_vertical", "xlhalfboard_nw", "wheel_small_steerable", "headlight" ] },
      { "x": 1, "y": 0, "parts": [ "xlframe_vertical", "windshield" ] },
      { "x": 1, "y": 1, "parts": [ "xlframe_vertical", "xlhalfboard_ne", "wheel_small_steerable", "headlight" ] }
    ],
    "items": [ { "x": 0, "y": 0, "chance": 8, "item_groups": [ "car_misc" ] } ]
  },
  {
    "id": "grei_buggy",
    "type": "vehicle",
    "name": { "str": "Offroad buggy" },
    "blueprint": [
      [ "O  o" ],
      [ "=|#|" ],
      [ "=|#|" ],
      [ "O  o" ]
    ],
    "parts": [
      { "x": -2, "y": -2, "parts": [ "xlframe_vertical", "xlhalfboard_vertical", "wheel" ] },
      { "x": -2, "y": -1, "parts": [ "xlframe_cross", "trunk" ] },
      { "x": -2, "y": 0, "parts": [ "xlframe_cross", "trunk" ] },
      { "x": -2, "y": 1, "parts": [ "xlframe_vertical", "xlhalfboard_vertical", "wheel" ] },
      { "x": -1, "y": -1, "parts": [ "xlframe_cross", "xlhalfboard_horizontal", "engine_inline4", "alternator_motorbike", "battery_motorbike" ] },
      { "x": -1, "y": 0, "parts": [ "xlframe_cross", "xlhalfboard_horizontal", "tank_small" ] },
      { "x": 0, "y": -1, "parts": [ "xlframe_cross", "seat", "seatbelt", "controls", "roof" ] },
      { "x": 0, "y": 0, "parts": [ "xlframe_cross", "seat", "seatbelt", "roof" ] },
      { "x": 1, "y": -2, "parts": [ "xlframe_horizontal", "wheel_motorbike_steerable" ] },
      { "x": 1, "y": -1, "parts": [ "xlframe_horizontal", "headlight" ] },
      { "x": 1, "y": 0, "parts": [ "xlframe_horizontal", "headlight" ] },
      { "x": 1, "y": 1, "parts": [ "xlframe_horizontal", "wheel_motorbike_steerable" ] }
    ],
    "items": [
      { "x": -2, "y": 0, "chance": 4, "item_groups": [ "car_kit" ] },
      { "x": -2, "y": 0, "chance": 4, "item_groups": [ "car_kit" ] },
      { "x": -2, "y": 0, "chance": 4, "item_groups": [ "college_camping" ] },
      { "x": -2, "y": 0, "chance": 4, "item_groups": [ "college_camping" ] }
    ]
  },
  {
    "id": "grei_LURV",
    "type": "vehicle",
    "name": { "str": "Light Urban Recon Vehicle" },
    "blueprint": [
      [ "O+L " ],
      [ "t#'O" ],
      [ "O+L " ]
    ],
    "parts": [
      { "x": -1, "y": -1, "parts": [ "frame_cross", "wheel_armor", "halfboard_vertical", "plating_military" ] },
      { "x": -1, "y": 0, "parts": [ "frame_vertical_2", "seat", "seatbelt_heavyduty", "tank", "mounted_browning", "roof", "muffler" ] },
      { "x": -1, "y": 1, "parts": [ "frame_cross", "wheel_armor", "halfboard_vertical", "plating_military" ] },
      { "x": 0, "y": -1, "parts": [ "frame_vertical", "hatch", "plating_military" ] },
      { "x": 0, "y": 0, "parts": [ "frame_vertical_2", "seat", "seatbelt_heavyduty", "controls", "roof", "engine_v6", "alternator_truck", "small_storage_battery" ] },
      { "x": 0, "y": 1, "parts": [ "frame_vertical", "hatch", "plating_military" ] },
      { "x": 1, "y": -1, "parts": [ "frame_se", "halfboard_nw", "headlight_reinforced", "plating_military" ] },
      { "x": 1, "y": 0, "parts": [ "frame_vertical_2", "reinforced_windshield" ] },
      { "x": 1, "y": 1, "parts": [ "frame_sw", "halfboard_ne", "headlight_reinforced", "plating_military" ] },
      { "x": 2, "y": 0, "parts": [ "frame_vertical_2", "halfboard_cover", "wheel_armor_steerable", "plating_military" ] }
    ]
  },
  {
    "id": "grei_armor_tanker_gas",
    "type": "vehicle",
    "name": { "str": "Armored Tanker Truck" },
    "blueprint": [
      [ "       o " ],
      [ "O--oO-+-O" ],
      [ "|====+#'|" ],
      [ "ot000|o'>" ],
      [ "|====+#'|" ],
      [ "O--oO-+-O" ],
      [ "       o " ]
    ],
    "parts": [
      { "x": -6, "y": -1, "parts": [ "frame_vertical", "wheel_armor", "board_sw", "plating_steel" ] },
      { "x": -6, "y": 0, "parts": [ "frame_horizontal", "board_horizontal", "plating_steel", "muffler" ] },
      { "x": -6, "y": 1, "parts": [ "frame_horizontal", "board_horizontal", "plating_steel", "omnicam" ] },
      { "x": -6, "y": 2, "parts": [ "frame_horizontal", "board_horizontal", "plating_steel", "muffler" ] },
      { "x": -6, "y": 3, "parts": [ "frame_vertical", "wheel_armor", "board_se", "plating_steel" ] },
      { "x": -5, "y": -1, "parts": [ "frame_vertical", "board_vertical", "plating_steel" ] },
      { "x": -5, "y": 0, "parts": [ "frame_cross", "aisle_vertical", "roof" ] },
      { "x": -5, "y": 1, "parts": [ "frame_cross", "seat", "seatbelt", "cam_control", "roof", "mounted_browning" ] },
      { "x": -5, "y": 2, "parts": [ "frame_cross", "aisle_vertical", "roof" ] },
      { "x": -5, "y": 3, "parts": [ "frame_vertical", "board_vertical", "plating_steel" ] },
      { "x": -4, "y": -1, "parts": [ "frame_vertical", "board_vertical", "plating_steel" ] },
      { "x": -4, "y": 0, "parts": [ "frame_cross", "aisle_vertical", "roof" ] },
      { "x": -4, "y": 1, "parts": [ "grei_tanker_drum" ] },
      { "x": -4, "y": 2, "parts": [ "frame_cross", "aisle_vertical", "roof" ] },
      { "x": -4, "y": 3, "parts": [ "frame_vertical", "board_vertical", "plating_steel" ] },
      { "x": -3, "y": -1, "parts": [ "frame_vertical", "board_vertical", "plating_steel", "omnicam" ] },
      { "x": -3, "y": 0, "parts": [ "frame_cross", "aisle_vertical", "roof" ] },
      { "x": -3, "y": 1, "parts": [ "grei_tanker_drum" ] },
      { "x": -3, "y": 2, "parts": [ "frame_cross", "aisle_vertical", "roof" ] },
      { "x": -3, "y": 3, "parts": [ "frame_vertical", "board_vertical", "omnicam", "plating_steel" ] },
      { "x": -2, "y": -1, "parts": [ "frame_vertical", "wheel_armor", "board_vertical", "plating_steel" ] },
      { "x": -2, "y": 0, "parts": [ "frame_cross", "aisle_vertical", "roof" ] },
      { "x": -2, "y": 1, "parts": [ "grei_tanker_drum" ] },
      { "x": -2, "y": 2, "parts": [ "frame_cross", "aisle_vertical", "roof" ] },
      { "x": -2, "y": 3, "parts": [ "frame_vertical", "wheel_armor", "board_vertical", "plating_steel" ] },
      { "x": -1, "y": -1, "parts": [ "frame_vertical", "board_vertical", "plating_steel" ] },
      { "x": -1, "y": 0, "parts": [ "frame_cross", "door_internal" ] },
      { "x": -1, "y": 1, "parts": [ "frame_horizontal", "board_horizontal", "tank" ] },
      { "x": -1, "y": 2, "parts": [ "frame_cross", "door_internal" ] },
      { "x": -1, "y": 3, "parts": [ "frame_vertical", "board_vertical", "plating_steel" ] },
      { "x": 0, "y": -1, "parts": [ "frame_vertical", "door", "plating_steel" ] },
      { "x": 0, "y": 0, "parts": [ "frame_vertical_2", "seat", "seatbelt", "controls", "roof", "horn_big" ] },
      { "x": 0, "y": 1, "parts": [ "frame_vertical_2", "box", "roof" ] },
      { "x": 0, "y": 2, "parts": [ "frame_vertical_2", "seat", "seatbelt", "roof" ] },
      { "x": 0, "y": 3, "parts": [ "frame_vertical", "door", "plating_steel" ] },
      { "x": 1, "y": -2, "parts": [ "wing_mirror" ] },
      { "x": 1, "y": -1, "parts": [ "frame_vertical", "halfboard_vertical", "plating_steel" ] },
      { "x": 1, "y": 0, "parts": [ "frame_vertical_2", "reinforced_windshield" ] },
      { "x": 1, "y": 1, "parts": [ "frame_vertical_2", "reinforced_windshield" ] },
      { "x": 1, "y": 2, "parts": [ "frame_vertical_2", "reinforced_windshield" ] },
      { "x": 1, "y": 3, "parts": [ "frame_vertical", "halfboard_vertical", "plating_steel" ] },
      { "x": 1, "y": 4, "parts": [ "wing_mirror" ] },
      { "x": 2, "y": -1, "parts": [ "frame_vertical", "halfboard_nw", "wheel_armor_steerable", "plating_steel" ] },
      { "x": 2, "y": 0, "parts": [ "frame_horizontal", "halfboard_horizontal", "headlight_reinforced", "plating_steel" ] },
      { "x": 2, "y": 1, "parts": [ "frame_horizontal", "diesel_engine_v6", "alternator_truck", "battery_car", "halfboard_cover", "plating_steel" ] },
      { "x": 2, "y": 2, "parts": [ "frame_horizontal", "halfboard_horizontal", "headlight_reinforced", "plating_steel" ] },
      { "x": 2, "y": 3, "parts": [ "frame_vertical", "halfboard_ne", "wheel_armor_steerable", "plating_steel" ] }
    ]
  },
  {
    "id": "grei_armor_tanker_diesel",
    "type": "vehicle",
    "name": { "str": "Armored Tanker Truck" },
    "blueprint": [
      [ "       o " ],
      [ "O--oO-+-O" ],
      [ "|====+#'|" ],
      [ "ot000|o'>" ],
      [ "|====+#'|" ],
      [ "O--oO-+-O" ],
      [ "       o " ]
    ],
    "parts": [
      { "x": -6, "y": -1, "parts": [ "frame_vertical", "wheel_armor", "board_sw", "plating_steel" ] },
      { "x": -6, "y": 0, "parts": [ "frame_horizontal", "board_horizontal", "plating_steel", "muffler" ] },
      { "x": -6, "y": 1, "parts": [ "frame_horizontal", "board_horizontal", "plating_steel", "omnicam" ] },
      { "x": -6, "y": 2, "parts": [ "frame_horizontal", "board_horizontal", "plating_steel", "muffler" ] },
      { "x": -6, "y": 3, "parts": [ "frame_vertical", "wheel_armor", "board_se", "plating_steel" ] },
      { "x": -5, "y": -1, "parts": [ "frame_vertical", "board_vertical", "plating_steel" ] },
      { "x": -5, "y": 0, "parts": [ "frame_cross", "aisle_vertical", "roof" ] },
      { "x": -5, "y": 1, "parts": [ "frame_cross", "seat", "seatbelt", "cam_control", "roof", "mounted_browning" ] },
      { "x": -5, "y": 2, "parts": [ "frame_cross", "aisle_vertical", "roof" ] },
      { "x": -5, "y": 3, "parts": [ "frame_vertical", "board_vertical", "plating_steel" ] },
      { "x": -4, "y": -1, "parts": [ "frame_vertical", "board_vertical", "plating_steel" ] },
      { "x": -4, "y": 0, "parts": [ "frame_cross", "aisle_vertical", "roof" ] },
      { "x": -4, "y": 1, "parts": [ "grei_tanker_drum" ] },
      { "x": -4, "y": 2, "parts": [ "frame_cross", "aisle_vertical", "roof" ] },
      { "x": -4, "y": 3, "parts": [ "frame_vertical", "board_vertical", "plating_steel" ] },
      { "x": -3, "y": -1, "parts": [ "frame_vertical", "board_vertical", "plating_steel", "omnicam" ] },
      { "x": -3, "y": 0, "parts": [ "frame_cross", "aisle_vertical", "roof" ] },
      { "x": -3, "y": 1, "parts": [ "grei_tanker_drum" ] },
      { "x": -3, "y": 2, "parts": [ "frame_cross", "aisle_vertical", "roof" ] },
      { "x": -3, "y": 3, "parts": [ "frame_vertical", "board_vertical", "omnicam", "plating_steel" ] },
      { "x": -2, "y": -1, "parts": [ "frame_vertical", "wheel_armor", "board_vertical", "plating_steel" ] },
      { "x": -2, "y": 0, "parts": [ "frame_cross", "aisle_vertical", "roof" ] },
      { "x": -2, "y": 1, "parts": [ "grei_tanker_drum" ] },
      { "x": -2, "y": 2, "parts": [ "frame_cross", "aisle_vertical", "roof" ] },
      { "x": -2, "y": 3, "parts": [ "frame_vertical", "wheel_armor", "board_vertical", "plating_steel" ] },
      { "x": -1, "y": -1, "parts": [ "frame_vertical", "board_vertical", "plating_steel" ] },
      { "x": -1, "y": 0, "parts": [ "frame_cross", "door_internal" ] },
      { "x": -1, "y": 1, "parts": [ "frame_horizontal", "board_horizontal", "tank" ] },
      { "x": -1, "y": 2, "parts": [ "frame_cross", "door_internal" ] },
      { "x": -1, "y": 3, "parts": [ "frame_vertical", "board_vertical", "plating_steel" ] },
      { "x": 0, "y": -1, "parts": [ "frame_vertical", "door", "plating_steel" ] },
      { "x": 0, "y": 0, "parts": [ "frame_vertical_2", "seat", "seatbelt", "controls", "roof", "horn_big" ] },
      { "x": 0, "y": 1, "parts": [ "frame_vertical_2", "box", "roof" ] },
      { "x": 0, "y": 2, "parts": [ "frame_vertical_2", "seat", "seatbelt", "roof" ] },
      { "x": 0, "y": 3, "parts": [ "frame_vertical", "door", "plating_steel" ] },
      { "x": 1, "y": -2, "parts": [ "wing_mirror" ] },
      { "x": 1, "y": -1, "parts": [ "frame_vertical", "halfboard_vertical", "plating_steel" ] },
      { "x": 1, "y": 0, "parts": [ "frame_vertical_2", "reinforced_windshield" ] },
      { "x": 1, "y": 1, "parts": [ "frame_vertical_2", "reinforced_windshield" ] },
      { "x": 1, "y": 2, "parts": [ "frame_vertical_2", "reinforced_windshield" ] },
      { "x": 1, "y": 3, "parts": [ "frame_vertical", "halfboard_vertical", "plating_steel" ] },
      { "x": 1, "y": 4, "parts": [ "wing_mirror" ] },
      { "x": 2, "y": -1, "parts": [ "frame_vertical", "halfboard_nw", "wheel_armor_steerable", "plating_steel" ] },
      { "x": 2, "y": 0, "parts": [ "frame_horizontal", "halfboard_horizontal", "headlight_reinforced", "plating_steel" ] },
      { "x": 2, "y": 1, "parts": [ "frame_horizontal", "diesel_engine_v6", "alternator_truck", "battery_car", "halfboard_cover", "plating_steel" ] },
      { "x": 2, "y": 2, "parts": [ "frame_horizontal", "halfboard_horizontal", "headlight_reinforced", "plating_steel" ] },
      { "x": 2, "y": 3, "parts": [ "frame_vertical", "halfboard_ne", "wheel_armor_steerable", "plating_steel" ] }
    ]
  },
  {
    "id": "grei_tanker_water",
    "type": "vehicle",
    "blueprint": [
      [ "      o " ],
      [ "O----+-O" ],
      [ "|000|#'|" ],
      [ "|000|#'|" ],
      [ "O----+-O" ],
      [ "      o " ]
    ],
    "parts": [
      { "x": -4, "y": -1, "parts": [ "frame_vertical", "wheel_wide", "box" ] },
      { "x": -4, "y": 0, "parts": [ "grei_tanker_drum" ] },
      { "x": -4, "y": 1, "parts": [ "grei_tanker_drum" ] },
      { "x": -4, "y": 2, "parts": [ "frame_vertical", "wheel_wide", "box" ] },
      { "x": -3, "y": -1, "parts": [ "frame_vertical", "box" ] },
      { "x": -3, "y": 0, "parts": [ "grei_tanker_drum" ] },
      { "x": -3, "y": 1, "parts": [ "grei_tanker_drum" ] },
      { "x": -3, "y": 2, "parts": [ "frame_vertical", "box" ] },
      { "x": -2, "y": -1, "parts": [ "frame_cross", "water_faucet" ] },
      { "x": -2, "y": 0, "parts": [ "grei_tanker_drum" ] },
      { "x": -2, "y": 1, "parts": [ "grei_tanker_drum" ] },
      { "x": -2, "y": 2, "parts": [ "frame_cross", "water_faucet" ] },
      { "x": -1, "y": -1, "parts": [ "frame_vertical", "board_nw", "tank" ] },
      { "x": -1, "y": 0, "parts": [ "frame_horizontal", "board_horizontal" ] },
      { "x": -1, "y": 1, "parts": [ "frame_horizontal", "board_horizontal" ] },
      { "x": -1, "y": 2, "parts": [ "frame_vertical", "board_ne" ] },
      { "x": 0, "y": -1, "parts": [ "frame_vertical", "door" ] },
      { "x": 0, "y": 0, "parts": [ "frame_vertical_2", "seat", "seatbelt", "controls", "horn_big", "roof" ] },
      { "x": 0, "y": 1, "parts": [ "frame_vertical_2", "seat", "seatbelt", "roof" ] },
      { "x": 0, "y": 2, "parts": [ "frame_vertical", "door" ] },
      { "x": 1, "y": -2, "parts": [ "wing_mirror" ] },
      { "x": 1, "y": -1, "parts": [ "frame_vertical", "halfboard_vertical" ] },
      { "x": 1, "y": 0, "parts": [ "frame_cross", "windshield" ] },
      { "x": 1, "y": 1, "parts": [ "frame_cross", "windshield" ] },
      { "x": 1, "y": 2, "parts": [ "frame_vertical", "halfboard_vertical" ] },
      { "x": 1, "y": 3, "parts": [ "wing_mirror" ] },
      { "x": 2, "y": -1, "parts": [ "frame_vertical", "wheel_wide_steerable", "halfboard_nw" ] },
      { "x": 2, "y": 0, "parts": [ "frame_horizontal", "halfboard_horizontal", "diesel_engine_v6", "alternator_truck", "battery_car" ] },
      { "x": 2, "y": 1, "parts": [ "frame_horizontal", "halfboard_horizontal" ] },
      { "x": 2, "y": 2, "parts": [ "frame_vertical", "wheel_wide_steerable", "halfboard_ne" ] }
    ]
  },
  {
    "id": "grei_tanker_clwater",
    "type": "vehicle",
    "name": "Tanker Truck",
    "blueprint": [
      [ "      o " ],
      [ "O----+-O" ],
      [ "|000|#'|" ],
      [ "|000|#'|" ],
      [ "O----+-O" ],
      [ "      o " ]
    ],
    "parts": [
      { "x": -4, "y": -1, "parts": [ "frame_vertical", "wheel_wide", "box" ] },
      { "x": -4, "y": 0, "parts": [ "grei_tanker_drum" ] },
      { "x": -4, "y": 1, "parts": [ "grei_tanker_drum" ] },
      { "x": -4, "y": 2, "parts": [ "frame_vertical", "wheel_wide", "box" ] },
      { "x": -3, "y": -1, "parts": [ "frame_vertical", "box" ] },
      { "x": -3, "y": 0, "parts": [ "grei_tanker_drum" ] },
      { "x": -3, "y": 1, "parts": [ "grei_tanker_drum" ] },
      { "x": -3, "y": 2, "parts": [ "frame_vertical", "box" ] },
      { "x": -2, "y": -1, "parts": [ "frame_cross", "water_faucet" ] },
      { "x": -2, "y": 0, "parts": [ "grei_tanker_drum" ] },
      { "x": -2, "y": 1, "parts": [ "grei_tanker_drum" ] },
      { "x": -2, "y": 2, "parts": [ "frame_cross", "water_faucet" ] },
      { "x": -1, "y": -1, "parts": [ "frame_vertical", "board_nw", "tank" ] },
      { "x": -1, "y": 0, "parts": [ "frame_horizontal", "board_horizontal" ] },
      { "x": -1, "y": 1, "parts": [ "frame_horizontal", "board_horizontal" ] },
      { "x": -1, "y": 2, "parts": [ "frame_vertical", "board_ne" ] },
      { "x": 0, "y": -1, "parts": [ "frame_vertical", "door" ] },
      { "x": 0, "y": 0, "parts": [ "frame_vertical_2", "seat", "seatbelt", "controls", "horn_big", "roof" ] },
      { "x": 0, "y": 1, "parts": [ "frame_vertical_2", "seat", "seatbelt", "roof" ] },
      { "x": 0, "y": 2, "parts": [ "frame_vertical", "door" ] },
      { "x": 1, "y": -2, "parts": [ "wing_mirror" ] },
      { "x": 1, "y": -1, "parts": [ "frame_vertical", "halfboard_vertical" ] },
      { "x": 1, "y": 0, "parts": [ "frame_cross", "windshield" ] },
      { "x": 1, "y": 1, "parts": [ "frame_cross", "windshield" ] },
      { "x": 1, "y": 2, "parts": [ "frame_vertical", "halfboard_vertical" ] },
      { "x": 1, "y": 3, "parts": [ "wing_mirror" ] },
      { "x": 2, "y": -1, "parts": [ "frame_vertical", "wheel_wide_steerable", "halfboard_nw" ] },
      { "x": 2, "y": 0, "parts": [ "frame_horizontal", "halfboard_horizontal", "diesel_engine_v6", "alternator_truck", "battery_car" ] },
      { "x": 2, "y": 1, "parts": [ "frame_horizontal", "halfboard_horizontal" ] },
      { "x": 2, "y": 2, "parts": [ "frame_vertical", "wheel_wide_steerable", "halfboard_ne" ] }
    ]
  },
  {
    "id": "grei_tanker_sewage",
    "type": "vehicle",
    "name": { "str": "Tanker Truck" },
    "blueprint": [
      [ "      o " ],
      [ "O----+-O" ],
      [ "|000|#'|" ],
      [ "|000|#'|" ],
      [ "O----+-O" ],
      [ "      o " ]
    ],
    "parts": [
      { "x": -4, "y": -1, "parts": [ "frame_vertical", "wheel_wide", "box" ] },
      { "x": -4, "y": 0, "parts": [ "grei_tanker_drum" ] },
      { "x": -4, "y": 1, "parts": [ "grei_tanker_drum" ] },
      { "x": -4, "y": 2, "parts": [ "frame_vertical", "wheel_wide", "box" ] },
      { "x": -3, "y": -1, "parts": [ "frame_vertical", "box" ] },
      { "x": -3, "y": 0, "parts": [ "grei_tanker_drum" ] },
      { "x": -3, "y": 1, "parts": [ "grei_tanker_drum" ] },
      { "x": -3, "y": 2, "parts": [ "frame_vertical", "box" ] },
      { "x": -2, "y": -1, "parts": [ "frame_cross", "water_faucet" ] },
      { "x": -2, "y": 0, "parts": [ "grei_tanker_drum" ] },
      { "x": -2, "y": 1, "parts": [ "grei_tanker_drum" ] },
      { "x": -2, "y": 2, "parts": [ "frame_cross", "water_faucet" ] },
      { "x": -1, "y": -1, "parts": [ "frame_vertical", "board_nw", "tank" ] },
      { "x": -1, "y": 0, "parts": [ "frame_horizontal", "board_horizontal" ] },
      { "x": -1, "y": 1, "parts": [ "frame_horizontal", "board_horizontal" ] },
      { "x": -1, "y": 2, "parts": [ "frame_vertical", "board_ne" ] },
      { "x": 0, "y": -1, "parts": [ "frame_vertical", "door" ] },
      { "x": 0, "y": 0, "parts": [ "frame_vertical_2", "seat", "seatbelt", "controls", "horn_big", "roof" ] },
      { "x": 0, "y": 1, "parts": [ "frame_vertical_2", "seat", "seatbelt", "roof" ] },
      { "x": 0, "y": 2, "parts": [ "frame_vertical", "door" ] },
      { "x": 1, "y": -2, "parts": [ "wing_mirror" ] },
      { "x": 1, "y": -1, "parts": [ "frame_vertical", "halfboard_vertical" ] },
      { "x": 1, "y": 0, "parts": [ "frame_cross", "windshield" ] },
      { "x": 1, "y": 1, "parts": [ "frame_cross", "windshield" ] },
      { "x": 1, "y": 2, "parts": [ "frame_vertical", "halfboard_vertical" ] },
      { "x": 1, "y": 3, "parts": [ "wing_mirror" ] },
      { "x": 2, "y": -1, "parts": [ "frame_vertical", "wheel_wide_steerable", "halfboard_nw" ] },
      { "x": 2, "y": 0, "parts": [ "frame_horizontal", "halfboard_horizontal", "diesel_engine_v6", "alternator_truck", "battery_car" ] },
      { "x": 2, "y": 1, "parts": [ "frame_horizontal", "halfboard_horizontal" ] },
      { "x": 2, "y": 2, "parts": [ "frame_vertical", "wheel_wide_steerable", "halfboard_ne" ] }
    ]
  }
]
