[
  {
    "type": "profession",
    "id": "jr_naturalist",
    "name": "Tyro Naturalist",
    "description": "You had just begun your quest to come to an understanding with Mother Nature when the world as you knew it ended.",
    "points": 2,
    "items": {
      "both": [
        "pants_fur",
        "trenchcoat_fur",
        "backpack_leather",
        "boots_fur",
        "gloves_fur",
        "hat_fur",
        "scarf_fur",
        "primitive_knife",
        "rope_30",
        "waterskin2",
        "fur_rollmat",
        "fire_drill"
      ]
    }
  }
]
