[
  {
    "id": "grei_1cyl_combustion_efficient",
    "copy-from": "engine_gasoline",
    "type": "ENGINE",
    "name": { "str": "2-stroke efficiency engine (0.2L)" },
    "description": "A light high efficiency air cooled gasoline engine proprietary to the GEE&M motor company designed for extremely light road vehicles.  Barely even sips fuel, but with horsepower that could not run a lawnmower.",
    "idle": 500,
    "optimum": 900,
    "redline": 1500,
    "weight": "5000 g",
    "volume": 10,
    "displacement": 60,
    "gears": [ 1.5, 1.0, 800 ],
    "faults": [ "fault_engine_starter" ],
    "proportional": { "efficiency": 1.4, "start_time": 4 }
  },
  {
    "type": "ENGINE",
    "id": "grei_motor_small_efficient",
    "name": { "str": "high efficiency small electric motor" },
    "description": "A high efficiency electric motor.  Proprietary to GEE&M motor company.  Less powerful than the gas version",
    "weight": "4000 g",
    "color": "light_cyan",
    "symbol": "*",
    "material": [ "steel" ],
    "fuel_type": "battery",
    "volume": 10,
    "bashing": 1,
    "category": "veh_parts",
    "price": 2000,
    "epower": -1000,
    "displacement": 40
  }
]
