[
  {
    "id": "grei_engine_1cyl_efficiency",
    "copy-from": "engine_combustion",
    "type": "vehicle_part",
    "item": "grei_1cyl_combustion_efficient",
    "fuel_type": "gasoline",
    "difficulty": 2,
    "durability": 120,
    "epower": -10,
    "damage_modifier": 80,
    "breaks_into": [
      { "item": "steel_lump", "count": [ 2, 4 ] },
      { "item": "steel_chunk", "count": [ 2, 4 ] },
      { "item": "scrap", "count": [ 2, 4 ] }
    ]
  },
  {
    "id": "grei_engine_electric_efficiency",
    "copy-from": "engine_motor",
    "type": "vehicle_part",
    "name": { "str": "high efficiency electric motor" },
    "item": "grei_motor_small_efficient",
    "difficulty": 1,
    "durability": 120,
    "damage_modifier": 80,
    "folded_volume": 1,
    "breaks_into": [
      { "item": "steel_lump", "count": [ 1, 2 ] },
      { "item": "steel_chunk", "count": [ 1, 2 ] },
      { "item": "scrap", "count": [ 1, 2 ] },
      { "item": "cable", "charges": [ 3, 6 ] }
    ],
    "extend": { "flags": [ "TOOL_SCREWDRIVER", "FOLDABLE" ] },
    "delete": { "flags": [ "TOOL_WRENCH" ] }
  }
]
