[
  {
    "id": "grei_tanker_drum",
    "type": "vehicle_part",
    "name": { "str": "Tanker Drum (200L)" },
    "item": "55gal_drum",
    "location": "structure",
    "symbol": "O",
    "broken_color": "red",
    "difficulty": 1,
    "durability": 200,
    "size": 200000,
    "damage_modifier": 80,
    "flags": [ "OBSTACLE", "OPAQUE", "FAUCET", "PROTRUSION" ],
    "breaks_into": [
      { "item": "steel_lump", "count": [ 2, 2 ] },
      { "item": "steel_chunk", "count": [ 1, 2 ] },
      { "item": "scrap", "count": [ 1, 5 ] }
    ]
  }
]
