[
  {
    "type": "item_group",
    "id": "afs_machinery_maintenance_scrapgroup",
    "items": [
      { "group": "afs_basic_material_scrapgroup", "prob": 30 },
      { "group": "afs_common_material_scrapgroup", "prob": 30 },
      { "group": "afs_common_heat_scrapgroup", "prob": 10 },
      { "group": "afs_common_magnet_scrapgroup", "prob": 30 }
    ]
  },
  {
    "type": "item_group",
    "id": "afs_robotics_scrapgroup",
    "items": [
      { "group": "afs_common_material_scrapgroup", "prob": 30 },
      { "group": "afs_common_circuitry_scrapgroup", "prob": 10 },
      { "group": "afs_common_energy_storage_scrapgroup", "prob": 20 },
      { "group": "afs_common_heat_scrapgroup", "prob": 10 },
      { "group": "afs_common_magnet_scrapgroup", "prob": 30 }
    ]
  },
  {
    "type": "item_group",
    "id": "afs_biomedical_scrapgroup",
    "items": [
      { "group": "afs_common_biomaterial_scrapgroup", "prob": 60 },
      { "group": "afs_common_neural_io_scrapgroup", "prob": 35 },
      { "group": "afs_basic_material_scrapgroup", "prob": 5 }
    ]
  },
  {
    "type": "item_group",
    "id": "afs_common_biomaterial_scrapgroup",
    "items": [ [ "afs_biomaterial_1", 70 ], [ "afs_biomaterial_2", 20 ], [ "afs_biomaterial_3", 10 ] ]
  },
  {
    "type": "item_group",
    "id": "afs_advanced_biomaterial_scrapgroup",
    "items": [ [ "afs_biomaterial_3", 70 ], [ "afs_biomaterial_4", 25 ], [ "afs_biomaterial_5", 5 ] ]
  },
  {
    "type": "item_group",
    "id": "afs_common_circuitry_scrapgroup",
    "items": [ [ "afs_circuitry_1", 70 ], [ "afs_circuitry_2", 20 ], [ "afs_circuitry_3", 10 ] ]
  },
  {
    "type": "item_group",
    "id": "afs_advanced_circuitry_scrapgroup",
    "items": [ [ "afs_circuitry_3", 70 ], [ "afs_circuitry_4", 25 ], [ "afs_circuitry_5", 5 ] ]
  },
  {
    "type": "item_group",
    "id": "afs_common_energy_storage_scrapgroup",
    "items": [ [ "afs_energy_storage_1", 70 ], [ "afs_energy_storage_2", 30 ], [ "afs_energy_storage_3", 10 ] ]
  },
  {
    "type": "item_group",
    "id": "afs_advanced_energy_storage_scrapgroup",
    "items": [ [ "afs_energy_storage_3", 70 ], [ "afs_energy_storage_4", 25 ], [ "afs_energy_storage_5", 5 ] ]
  },
  {
    "type": "item_group",
    "id": "afs_common_heat_scrapgroup",
    "items": [ [ "afs_heat_1", 70 ], [ "afs_heat_2_salvage", 20 ], [ "afs_heat_3", 10 ] ]
  },
  {
    "type": "item_group",
    "id": "afs_advanced_heat_scrapgroup",
    "items": [ [ "afs_heat_3", 70 ], [ "afs_heat_4", 25 ], [ "afs_heat_5", 5 ] ]
  },
  {
    "type": "item_group",
    "id": "afs_common_magnet_scrapgroup",
    "items": [ [ "afs_magnet_1", 70 ], [ "afs_magnet_2", 30 ], [ "afs_magnet_3", 10 ] ]
  },
  {
    "type": "item_group",
    "id": "afs_advanced_magnet_scrapgroup",
    "items": [ [ "afs_magnet_3", 70 ], [ "afs_magnet_4", 25 ] ]
  },
  {
    "type": "item_group",
    "id": "afs_basic_material_scrapgroup",
    "items": [ [ "afs_material_1", 90 ], [ "afs_material_2", 10 ] ]
  },
  {
    "type": "item_group",
    "id": "afs_common_material_scrapgroup",
    "items": [ [ "afs_material_1", 70 ], [ "afs_material_2", 20 ], [ "afs_material_3", 10 ] ]
  },
  {
    "type": "item_group",
    "id": "afs_advanced_material_scrapgroup",
    "items": [ [ "afs_material_3", 70 ], [ "afs_material_4", 25 ], [ "afs_material_5", 5 ] ]
  },
  {
    "type": "item_group",
    "id": "afs_common_neural_io_scrapgroup",
    "items": [ [ "afs_neural_io_1", 70 ], [ "afs_neural_io_2", 20 ], [ "afs_neural_io_3", 10 ] ]
  },
  {
    "type": "item_group",
    "id": "afs_advanced_neural_io_scrapgroup",
    "items": [ [ "afs_neural_io_3", 70 ], [ "afs_neural_io_4", 25 ], [ "afs_neural_io_5", 5 ] ]
  },
  {
    "type": "item_group",
    "id": "afs_advanced_optics_scrapgroup",
    "items": [ [ "afs_optics_3", 70 ], [ "afs_optics_4", 25 ] ]
  },
  {
    "type": "item_group",
    "id": "afs_scrapgroup",
    "items": [
      [ "afs_biomaterial_1", 40 ],
      [ "afs_biomaterial_2", 20 ],
      [ "afs_biomaterial_3", 10 ],
      [ "afs_biomaterial_4", 3 ],
      [ "afs_circuitry_1", 25 ],
      [ "afs_circuitry_2", 14 ],
      [ "afs_circuitry_3", 6 ],
      [ "afs_energy_storage_1", 30 ],
      [ "afs_energy_storage_2", 19 ],
      [ "afs_energy_storage_3", 2 ],
      [ "afs_magnet_1", 18 ],
      [ "afs_material_1", 100 ],
      [ "afs_material_2", 40 ],
      [ "afs_material_3", 20 ],
      [ "afs_neural_io_1", 65 ],
      [ "afs_neural_io_2", 10 ],
      [ "plut_cell", 20 ]
    ]
  }
]
