[
  {
    "type": "item_group",
    "subtype": "collection",
    "id": "afs_vending_false_meals",
    "entries": [
      { "group": "afs_vending_false_meal_items", "count-min": 5, "count-max": 20 },
      { "group": "afs_vending_false_meal_items", "prob": 66, "count-min": 5, "count-max": 25 },
      { "group": "afs_vending_false_meal_items", "prob": 20, "count-min": 5, "count-max": 25 }
    ]
  },
  {
    "type": "item_group",
    "subtype": "collection",
    "id": "afs_vending_medicine",
    "entries": [
      { "group": "drugs_pharmacy", "count-min": 5, "count-max": 20 },
      { "group": "drugs_soldier", "prob": 40, "count-min": 5, "count-max": 25 },
      { "group": "harddrugs", "prob": 10, "count-min": 5, "count-max": 25 }
    ]
  },
  {
    "type": "item_group",
    "id": "afs_vending_false_meal_items",
    "items": [
      [ "afs_h2o", 90 ],
      [ "afs_sundew", 50 ],
      [ "afs_food_to_go", 50 ],
      [ "afs_calorie_pill", 10 ],
      [ "afs_food_cube", 50 ],
      [ "afs_cee_wafers", 50 ],
      [ "afs_beefsim", 50 ],
      [ "afs_soup_27", 50 ],
      [ "afs_caffex", 50 ],
      [ "afs_loop_fruit", 50 ]
    ]
  }
]
