[
  {
    "id": "bfeedfuel",
    "type": "AMMO",
    "category": "fuel",
    "name": { "str": "liquified blob feed", "str_pl": "bfeedfuel" },
    "description": "Liquified blob feed, useful for fueling certain blob based vehicle parts",
    "weight": "1 g",
    "volume": "200 ml",
    "price": 40,
    "price_postapoc": 800,
    "phase": "liquid",
    "container": "jerrycan",
    "material": [ "bfeedfuel" ],
    "symbol": "=",
    "color": "red",
    "count": 250,
    "stack_size": 200,
    "ammo_type": "bfeed",
    "range": 4,
    "damage": { "damage_type": "stab", "amount": 5, "armor_penetration": 5 }
  },
  {
    "id": "bfeed",
    "type": "AMMO",
    "category": "fuel",
    "name": { "str_sp": "blob feed" },
    "description": "An amalgam of various types of organic material, contains everything the blob needs to be healthy.  You think…",
    "weight": "50 g",
    "volume": "250 ml",
    "to_hit": -3,
    "bashing": 8,
    "material": [ "flesh" ],
    "symbol": "*",
    "color": "red",
    "count": 25,
    "ammo_type": "bfeed"
  }
]
