[
  {
    "type": "mapgen",
    "om_terrain": "robot_dispatch_first",
    "weight": 250,
    "method": "json",
    "object": {
      "fill_ter": "t_thconc_floor",
      "rows": [
        "####PPPPPPP#############",
        "####PPPPPPP#############",
        "####PPPPPPP#############",
        "##-G-     -G-G-G-G-G--##",
        "##| =     | |z| | |z |##",
        "##|-=     ==========-|##",
        "##| =               7|##",
        "##|-=               7|##",
        "##|z=     ==========-|##",
        "##|-=     |z| | | |  |##",
        "##| =     -----------|##",
        "##|-=        %%%%   L|##",
        "##| =               l|##",
        "##|-=               C|##",
        "##|z=               C|##",
        "##|-=      v        C|##",
        "##| =               l|##",
        "##|--7            ---|##",
        "##+               +<<|##",
        "##|CCC644         +<<|##",
        "##--------------------##",
        "########################",
        "########################",
        "########################"
      ],
      "palettes": [ "robot_dispatch" ],
      "terrain": {
        "#": [
          "t_grass",
          "t_grass",
          "t_grass",
          "t_grass",
          "t_grass",
          "t_grass",
          "t_grass",
          "t_grass",
          "t_grass",
          "t_grass",
          "t_grass",
          "t_dirt",
          "t_dirt",
          "t_dirt",
          "t_dirt",
          "t_dirt",
          "t_shrub"
        ],
        "P": "t_pavement"
      },
      "vehicles": { "v": { "vehicle": "warehouse_vehicles", "chance": 70 } },
      "monsters": { "z": { "monster": "GROUP_UTILIBOT" } }
    }
  }
]
