[
  {
    "id": "grei_car_manual",
    "type": "BOOK",
    "name": { "str": "Vehicle Manual", "str_pl": "Vehicle Manuals" },
    "description": "A small vehicle maintenance manual.  It only specialises on one model, and focuses on replacing parts rather than repairing them, but it can still teach the basics.",
    "weight": "192 g",
    "volume": 1,
    "price": 4000,
    "material": [ "paper" ],
    "symbol": "?",
    "color": "green",
    "skill": "mechanics",
    "max_level": 1,
    "intelligence": 5,
    "time": 20
  }
]
