[
  {
    "type": "construction",
    "id": "constr_steel_drum_push_cart",
    "group": "build_steel_drum_push_cart",
    "difficulty": 3,
    "time": 30,
    "tools": [ [ "hose" ], [ "hammer", "primitive_hammer", "hatchet", "hammer_sledge", "toolset" ], [ "wrench", "toolset" ] ],
    "components": [ [ [ "55gal_drum", 1 ] ], [ [ "water_faucet", 1 ] ], [ [ "wheel_caster", 1 ] ] ],
    "pre_special": "check_empty",
    "post_terrain": "f_explosive_barrel"
  },
  {
    "type": "construction",
    "id": "constr_wooden_barrel_push_cart",
    "group": "build_wooden_barrel_push_cart",
    "difficulty": 3,
    "time": 30,
    "tools": [ [ "hose" ], [ "hammer", "primitive_hammer", "hatchet", "hammer_sledge", "toolset" ], [ "wrench", "toolset" ] ],
    "components": [ [ [ "wooden_barrel", 1 ] ], [ [ "water_faucet", 1 ] ], [ [ "wheel_caster", 1 ] ] ],
    "pre_special": "check_empty",
    "post_terrain": "f_wooden_barrel"
  },
  {
    "type": "construction",
    "id": "constr_exposive_barrel",
    "group": "build_explosive_barrel",
    "difficulty": 3,
    "time": 10,
    "tools": [ [ "hose" ] ],
    "components": [ [ [ "55gal_drum", 1 ], [ "30gal_barrel", 1 ], [ "wooden_barrel", 1 ] ], [ [ "gasoline", 5000 ] ] ],
    "pre_special": "check_empty",
    "post_terrain": "f_boom_barrel"
  },
  {
    "type": "construction",
    "id": "constr_plastic_barrel_push_cart",
    "group": "build_plastic_barrel_push_cart",
    "difficulty": 3,
    "time": 30,
    "tools": [ [ "hose" ], [ "hammer", "primitive_hammer", "hatchet", "hammer_sledge", "toolset" ], [ "wrench", "toolset" ] ],
    "components": [ [ [ "30gal_barrel", 1 ] ], [ [ "water_faucet", 1 ] ], [ [ "wheel_caster", 1 ] ] ],
    "pre_special": "check_empty",
    "post_terrain": "f_liquid_barrel"
  }
]
