[
  {
    "type": "construction_group",
    "id": "build_steel_drum_push_cart",
    "name": "Assemble steel drum cart"
  },
  {
    "type": "construction_group",
    "id": "build_wooden_barrel_push_cart",
    "name": "Assemble wooden barrel cart"
  },
  {
    "type": "construction_group",
    "id": "build_explosive_barrel",
    "name": "Assemble explosive barrel"
  },
  {
    "type": "construction_group",
    "id": "build_plastic_barrel_push_cart",
    "name": "Assemble plastic barrel cart"
  }
]
