[
  {
    "type": "furniture",
    "id": "f_explosive_barrel",
    "name": "steel oil drum",
    "description": "A big steel drum.  Usefull for filling up with liquids.",
    "symbol": "#",
    "color": "white",
    "move_cost_mod": 5,
    "required_str": 10,
    "flags": [ "TRANSPARENT", "PLACE_ITEM", "DECONSTRUCT", "BASHABLE", "CONTAINER", "REDUCE_SCENT", "BLOCKSDOOR", "MOUNTABLE" ],
    "examine_action": "gaspump",
    "bash": {
      "str_min": 2,
      "str_max": 30,
      "comment": "originally result = dice(8, 4) - 8;",
      "sound": "metal crunching!",
      "sound_fail": "smash!",
      "items": [ { "item": "55gal_drum", "amount": 1, "minamount": 1 } ]
    }
  },
  {
    "type": "furniture",
    "id": "f_wooden_barrel",
    "name": "wooden barrel",
    "description": "A wooden barrel.  Usefull for hauling stuff.",
    "symbol": "#",
    "color": "brown",
    "move_cost_mod": 5,
    "required_str": 10,
    "flags": [ "TRANSPARENT", "PLACE_ITEM", "DECONSTRUCT", "BASHABLE", "CONTAINER", "REDUCE_SCENT", "BLOCKSDOOR", "MOUNTABLE" ],
    "examine_action": "gaspump",
    "bash": {
      "str_min": 2,
      "str_max": 30,
      "comment": "originally result = dice(8, 4) - 8;",
      "sound": "wood crunching!",
      "sound_fail": "crack!",
      "items": [ { "item": "wooden_barrel", "amount": 1, "minamount": 1 } ]
    }
  },
  {
    "type": "furniture",
    "id": "f_liquid_barrel",
    "name": "plastic barrel",
    "description": "A plastic barrel.  Usefull for filling up with liquids.",
    "symbol": "#",
    "color": "blue",
    "move_cost_mod": 5,
    "required_str": 10,
    "flags": [ "TRANSPARENT", "PLACE_ITEM", "BASHABLE", "DECONSTRUCT", "CONTAINER", "REDUCE_SCENT", "BLOCKSDOOR", "MOUNTABLE" ],
    "examine_action": "gaspump",
    "bash": {
      "str_min": 2,
      "str_max": 30,
      "comment": "originally result = dice(8, 4) - 8;",
      "sound": "plastic crunching!",
      "sound_fail": "smash!",
      "items": [ { "item": "30gal_drum", "amount": 1, "minamount": 1 } ]
    }
  },
  {
    "type": "furniture",
    "id": "f_boom_barrel",
    "name": "red danger barrel",
    "description": "A red danger barrel.",
    "symbol": "#",
    "color": "red",
    "move_cost_mod": 5,
    "required_str": 10,
    "flags": [
      "TRANSPARENT",
      "FLAMMABLE",
      "EXPLODES",
      "NOITEM",
      "SEALED",
      "BASHABLE",
      "DECONSTRUCT",
      "CONTAINER",
      "REDUCE_SCENT",
      "BLOCKSDOOR",
      "MOUNTABLE"
    ]
  }
]
