[
  {
    "type": "profession",
    "id": "miner",
    "name": "Miner",
    "description": "You worked in the mines before you immigrated to New England.  Even though you couldn't find a job, you kept your flashlight, tool belt, and hardhat.  Looks like they'll come in handy.",
    "points": 2,
    "skills": [ { "level": 2, "name": "bashing" }, { "level": 1, "name": "survival" } ],
    "items": {
      "both": {
        "items": [ "hat_hard", "flashlight", "tool_belt", "jeans", "socks", "boots", "longshirt" ],
        "entries": [
          { "group": "charged_matches" },
          { "group": "full_gasmask" },
          { "item": "ear_plugs", "custom-flags": [ "no_auto_equip" ] },
          { "item": "jackhammer", "charges": 400 },
          { "item": "light_minus_disposable_cell", "charges": 100 },
          { "item": "light_minus_disposable_cell", "charges": 100, "container-item": "miner_hat" }
        ]
      },
      "male": [ "boxer_shorts" ],
      "female": [ "boy_shorts", "sports_bra" ]
    }
  },
  {
    "type": "profession",
    "id": "spelunker",
    "name": "Spelunker",
    "description": "You always liked going into caves and exploring around, and when the cataclysm hit you were lucky enough to be coming back from a trip.",
    "points": 2,
    "skills": [ { "level": 2, "name": "dodge" }, { "level": 1, "name": "fabrication" } ],
    "items": {
      "both": { "items": [ "shorts_cargo", "chestrig", "socks", "boots", "flashlight", "rope_30", "hat_hard" ] },
      "male": [ "boxer_shorts" ],
      "female": [ "bra", "boy_shorts" ]
    }
  },
  {
    "type": "profession",
    "id": "cowboy",
    "name": "Cowboy",
    "description": "You always wore a 10-Gallon hat, and now your trusty revolver might just save you from the zombies.  \"And ain't no sidewindin', bushwhackin', hornswagglin', cracker crooger gonna ruin my biscuit cutter!\"",
    "points": 3,
    "skills": [ { "level": 3, "name": "pistol" } ],
    "items": {
      "both": [ "chaps_leather", "jacket_leather", "socks", "boots", "cowboy_hat", "sw_619", "canteen", "38_special" ],
      "male": [ "boxer_shorts" ],
      "female": [ "boy_shorts", "sports_bra" ]
    }
  },
  {
    "type": "profession",
    "id": "racecardriver",
    "name": "Race Car Driver",
    "description": "Although you weren't a pro, you always won against the regulars at the local track, and those driving and mechanics skills will surely be useful in a world devoid of functioning mechanics.",
    "points": 2,
    "skills": [ { "level": 5, "name": "driving" }, { "level": 2, "name": "mechanics" } ],
    "items": {
      "both": [ "jumpsuit", "wrench", "textbook_mechanics", "socks", "sneakers" ],
      "male": [ "briefs" ],
      "female": [ "bra", "panties" ]
    }
  },
  {
    "type": "profession",
    "id": "megamanwannabe",
    "name": "Megaman Wannabe",
    "description": "You loved the games.  You had them all.  You even went so far as to have a fusion blaster CBM installed in your arm.  And your parents said it was useless; that you'll never get to use it.  WHO'S LAUGHING NOW, HUH?",
    "points": 3,
    "CBMs": [ "bio_blaster", "bio_batteries", "bio_power_storage_mkII" ],
    "skills": [ { "level": 1, "name": "dodge" }, { "level": 3, "name": "electronics" } ],
    "items": { "both": [ "tshirt", "jeans", "socks", "sneakers" ], "male": [ "briefs" ], "female": [ "bra", "panties" ] }
  },
  {
    "type": "profession",
    "id": "powerplantworker",
    "name": "Power Plant Worker",
    "description": "You worked at the power plants before the Cataclysm, and your skills may come in handy later, assuming you survive first.",
    "points": 2,
    "skills": [ { "level": 3, "name": "mechanics" } ],
    "items": {
      "both": [ "jumpsuit", "hat_hard", "socks", "boots_rubber", "gloves_rubber" ],
      "male": [ "boxer_shorts" ],
      "female": [ "boy_shorts", "sports_bra" ]
    }
  },
  {
    "type": "profession",
    "id": "bionicboxer",
    "name": "Bionic Boxer",
    "description": "A washed-up boxer, you were a sure bet until you were disqualified from the competition due to your \"enhancements\".  Show them that cheaters will prosper!",
    "points": 3,
    "skills": [ { "level": 3, "name": "unarmed" } ],
    "items": { "both": [ "army_top", "b_shorts", "socks", "sneakers" ], "male": [ "briefs" ], "female": [ "bra", "briefs" ] },
    "CBMs": [ "bio_batteries", "bio_power_storage_mkII", "bio_hydraulics" ]
  },
  {
    "type": "profession",
    "id": "daredevil",
    "name": "Daredevil",
    "description": "You always had to get that rush of adrenaline, and you just couldn't keep away from danger.  You'll be getting plenty of adrenaline now.",
    "points": 2,
    "skills": [ { "level": 1, "name": "dodge" }, { "level": 1, "name": "survival" } ],
    "items": {
      "both": [ "jumpsuit", "helmet_bike", "socks", "sneakers", "rope_30", "backpack" ],
      "male": [ "boxer_shorts" ],
      "female": [ "boy_shorts", "sports_bra" ]
    }
  },
  {
    "type": "profession",
    "id": "bartender",
    "name": "Bartender",
    "description": "You owned a small bar, and you loved your job.  Now that your cash flow has stopped, you may begin to take desperate measures.  Do zombies like booze?",
    "points": -1,
    "skills": [ { "level": 1, "name": "cooking" } ],
    "items": {
      "both": [ "dress_shirt", "pants", "socks", "sneakers", "money_bundle", "gin" ],
      "male": [ "boxer_shorts" ],
      "female": [ "boy_shorts", "sports_bra" ]
    }
  },
  {
    "type": "profession",
    "id": "roleplayer",
    "name": "Roleplayer",
    "description": "All you know is that you'd really like to be having a word with the GM of the universe.  Convince him to remove some of the zombies or at least give you a head start, you know?",
    "points": -1,
    "skills": [ { "level": 3, "name": "barter" }, { "level": 1, "name": "speech" } ],
    "items": { "both": [ "tshirt", "jeans", "socks", "sneakers" ], "male": [ "briefs" ], "female": [ "bra", "panties" ] }
  },
  {
    "type": "profession",
    "id": "knight",
    "name": "Knight",
    "description": "By the gods! You've never seen this much destruction before.  Too bad you still don't have your horse with you.",
    "points": 1,
    "skills": [ { "level": 2, "name": "melee" } ],
    "items": {
      "both": [ "armor_scrapsuit", "armguard_metal", "legguard_metal", "boots" ],
      "male": [ "boxer_shorts" ],
      "female": [ "boy_shorts", "sports_bra" ]
    }
  },
  {
    "type": "profession",
    "id": "samurai",
    "name": "Samurai",
    "description": "Hi-Keeyah!",
    "points": 2,
    "skills": [ { "level": 2, "name": "dodge" }, { "level": 2, "name": "cutting" } ],
    "items": { "both": [ "wakizashi", "armor_samurai", "boots" ], "male": [ "briefs" ], "female": [ "bra", "panties" ] }
  },
  {
    "type": "profession",
    "id": "terminator",
    "name": "T-1000",
    "description": "The Schwarzenegger-ization of the Cataclysm is now complete.",
    "points": 4,
    "skills": [ { "level": 4, "name": "gun" }, { "level": 3, "name": "melee" }, { "level": 3, "name": "dodge" } ],
    "items": { "both": [ "uzi", "9mm", "pants_army", "socks", "sneakers", "tshirt", "jacket_leather" ] },
    "CBMs": [ "bio_power_storage_mkII", "bio_batteries", "bio_ears", "bio_eye_enhancer", "bio_targeting" ]
  },
  {
    "type": "profession",
    "id": "bguard",
    "name": "Bionic Guard",
    "description": "You beat out the competition with a set of bionic enhancements, making employers practically fall over themselves to hire you.  Equipped with the latest in bionic and security technology, you were prepared to handle any criminal.  Unfortunately, your job description didn't include zombies.",
    "points": 4,
    "skills": [ { "level": 2, "name": "pistol" }, { "level": 1, "name": "melee" } ],
    "items": {
      "both": [ "interpol_9mm", "9mm", "jacket_light", "pants", "socks", "boots", "flashlight" ],
      "male": [ "boxer_shorts" ],
      "female": [ "boy_shorts", "sports_bra" ]
    },
    "CBMs": [ "bio_power_storage_mkII", "bio_power_storage_mkII", "bio_alarm", "bio_batteries", "bio_ears", "bio_eye_enhancer" ]
  },
  {
    "type": "profession",
    "id": "joe",
    "name": "Average Joe",
    "description": "What chance could some normal guy have in this hellhole of a world? Luckily for you, you managed to grab some household items as you fled.",
    "points": 0,
    "items": {
      "both": [ "bat", "water_clean", "jeans", "tshirt", "socks", "sneakers", "jacket_light" ],
      "male": [ "boxer_shorts" ],
      "female": [ "boy_shorts", "sports_bra" ]
    }
  },
  {
    "type": "profession",
    "id": "flasher",
    "name": "Flasher",
    "description": "Anytime you try to flash a zombie, he almost eats your brains.  It's probably wise to not get close enough to attempt to flash them, anyway.",
    "points": -2,
    "items": { "both": [ "trenchcoat", "socks", "sneakers" ], "male": [ "mag_porn" ], "female": [ "novel_erotic" ] }
  }
]
