[
  {
    "type": "recipe",
    "result": "nailball",
    "category": "CC_WEAPON",
    "subcategory": "CSC_WEAPON_RANGED",
    "skill_used": "fabrication",
    "difficulty": 0,
    "time": 1000,
    "reversible": true,
    "autolearn": false,
    "book_learn": [ [ "notebook_nail", 1 ] ],
    "components": [ [ [ "duct_tape", 50 ] ], [ [ "nail", 10 ] ] ]
  },
  {
    "type": "recipe",
    "result": "shotgun_sawn_barrel",
    "category": "CC_WEAPON",
    "subcategory": "CSC_WEAPON_BASHING",
    "skill_used": "fabrication",
    "difficulty": 0,
    "time": 8000,
    "reversible": false,
    "autolearn": true,
    "qualities": [ { "id": "SAW_M_FINE", "level": 1, "amount": 1 } ],
    "components": [ [ [ "shotgun_d", 1 ], [ "shotgun_s", 1 ], [ "remington_870", 1 ], [ "mossberg_500", 1 ] ] ]
  },
  {
    "type": "recipe",
    "result": "nailshot",
    "category": "CC_AMMO",
    "subcategory": "CSC_AMMO_BULLETS",
    "skill_used": "fabrication",
    "skills_required": [ "gun", 2 ],
    "difficulty": 3,
    "time": 3500,
    "reversible": false,
    "autolearn": false,
    "book_learn": [ [ "notebook_nail", 1 ] ],
    "tools": [ [ [ "press", -1 ] ] ],
    "components": [ [ [ "nail", 5 ] ], [ [ "paper", 3 ] ], [ [ "gunpowder", 50 ] ] ]
  },
  {
    "type": "recipe",
    "result": "alunailbat",
    "category": "CC_WEAPON",
    "subcategory": "CSC_WEAPON_BASHING",
    "skill_used": "fabrication",
    "skills_required": [ [ "mechanics", 2 ], [ "fabrication", 2 ] ],
    "difficulty": 1,
    "time": 12500,
    "reversible": false,
    "autolearn": false,
    "book_learn": [ [ "notebook_nail", 1 ] ],
    "tools": [ [ [ "goggles_welding", -1 ] ], [ [ "welder", 15 ], [ "welder_crude", 20 ], [ "toolset", 2 ] ] ],
    "components": [ [ [ "nail", 10 ] ], [ [ "bat_metal", 1 ] ] ]
  },
  {
    "type": "recipe",
    "result": "splinters",
    "category": "CC_AMMO",
    "subcategory": "CSC_AMMO_OTHER",
    "skill_used": "fabrication",
    "skills_required": [ "fabrication", 1 ],
    "difficulty": 1,
    "time": 10000,
    "reversible": false,
    "autolearn": true,
    "qualities": [ { "id": "CUT", "level": 1, "amount": 1 } ],
    "components": [ [ [ "splinter", 10 ], [ "stick", 4 ], [ "2x4", 1 ] ] ]
  },
  {
    "type": "recipe",
    "result": "splintergun",
    "category": "CC_WEAPON",
    "subcategory": "CSC_WEAPON_RANGED",
    "skill_used": "fabrication",
    "skills_required": [ "mechanics", 2 ],
    "difficulty": 1,
    "time": 10000,
    "reversible": true,
    "autolearn": false,
    "book_learn": [ [ "notebook_nail", 1 ] ],
    "qualities": [ { "id": "CUT", "level": 1, "amount": 1 } ],
    "tools": [ [ [ "welder", 10 ], [ "welder_crude", 15 ] ] ],
    "components": [ [ [ "nailgun", 1 ] ], [ [ "pipe", 2 ] ], [ [ "2x4", 1 ] ] ]
  },
  {
    "type": "recipe",
    "result": "ammopvc",
    "category": "CC_AMMO",
    "subcategory": "CSC_AMMO_OTHER",
    "skill_used": "fabrication",
    "difficulty": 1,
    "time": 8000,
    "reversible": false,
    "autolearn": true,
    "qualities": [ { "id": "SAW_M_FINE", "level": 1, "amount": 1 } ],
    "components": [ [ [ "pvc", 1 ] ] ]
  },
  {
    "type": "recipe",
    "result": "chitin_sword",
    "category": "CC_WEAPON",
    "subcategory": "CSC_WEAPON_CUTTING",
    "skill_used": "fabrication",
    "difficulty": 2,
    "time": 20000,
    "reversible": false,
    "autolearn": true,
    "qualities": [ { "id": "CUT", "level": 1, "amount": 1 } ],
    "components": [ [ [ "chitin_piece", 6 ] ] ]
  },
  {
    "type": "recipe",
    "result": "pvc_spear",
    "category": "CC_WEAPON",
    "subcategory": "CSC_WEAPON_PIERCING",
    "skill_used": "fabrication",
    "difficulty": 2,
    "time": 4000,
    "reversible": false,
    "autolearn": true,
    "qualities": [ { "id": "CUT", "level": 1, "amount": 1 } ],
    "components": [ [ [ "pvc", 2 ] ], [ [ "duct_tape", 30 ] ] ]
  },
  {
    "type": "recipe",
    "result": "spiky_chitin_sword",
    "category": "CC_WEAPON",
    "subcategory": "CSC_WEAPON_CUTTING",
    "skill_used": "fabrication",
    "difficulty": 3,
    "time": 4500,
    "reversible": false,
    "autolearn": true,
    "qualities": [ { "id": "CUT", "level": 1, "amount": 1 }, { "id": "HAMMER", "level": 1, "amount": 1 } ],
    "components": [ [ [ "chitin_piece", 6 ] ], [ [ "bee_sting", 5 ], [ "fighter_sting", 10 ], [ "wasp_sting", 5 ] ] ]
  },
  {
    "type": "recipe",
    "result": "bone_dagger",
    "category": "CC_WEAPON",
    "subcategory": "CSC_WEAPON_CUTTING",
    "skill_used": "fabrication",
    "difficulty": 1,
    "time": 8500,
    "reversible": false,
    "autolearn": true,
    "qualities": [ { "id": "CUT", "level": 1, "amount": 1 } ],
    "components": [ [ [ "bone", 1 ] ] ]
  },
  {
    "type": "recipe",
    "result": "bat_spike",
    "category": "CC_WEAPON",
    "subcategory": "CSC_WEAPON_BASHING",
    "skill_used": "fabrication",
    "difficulty": 1,
    "time": 9000,
    "reversible": false,
    "autolearn": true,
    "qualities": [ { "id": "HAMMER", "level": 1, "amount": 1 }, { "id": "CUT", "level": 1, "amount": 1 } ],
    "components": [ [ [ "bat", 1 ] ], [ [ "spike", 7 ] ] ]
  },
  {
    "type": "recipe",
    "result": "bat_blade",
    "category": "CC_WEAPON",
    "subcategory": "CSC_WEAPON_BASHING",
    "skill_used": "fabrication",
    "difficulty": 1,
    "time": 4100,
    "reversible": false,
    "autolearn": true,
    "qualities": [ { "id": "CUT", "level": 1, "amount": 1 }, { "id": "HAMMER", "level": 1, "amount": 1 } ],
    "components": [ [ [ "bat", 1 ] ], [ [ "bayonet", 1 ] ] ]
  },
  {
    "type": "recipe",
    "result": "rags_face",
    "category": "CC_ARMOR",
    "subcategory": "CSC_ARMOR_HEAD",
    "skill_used": "fabrication",
    "difficulty": 1,
    "time": 8000,
    "reversible": true,
    "autolearn": true,
    "components": [ [ [ "rag", 2 ] ] ]
  },
  {
    "type": "recipe",
    "result": "bone_bat",
    "category": "CC_WEAPON",
    "subcategory": "CSC_WEAPON_BASHING",
    "skill_used": "fabrication",
    "difficulty": 2,
    "time": 6750,
    "reversible": false,
    "autolearn": true,
    "qualities": [ { "id": "CUT", "level": 1, "amount": 1 } ],
    "components": [ [ [ "bone", 1 ] ], [ [ "bat", 1 ] ] ]
  }
]
