[
  {
    "type": "item_group",
    "id": "mil_hw",
    "items": [
      [ "electric_primer", 2 ],
      [ "electric_primer_large", 1 ],
      [ "30mm_hedp", 1 ],
      [ "30mm_hei", 1 ],
      [ "belt30mm", 1 ],
      [ "120mm_usable_heat", 3 ],
      [ "120mm_usable_ap", 1 ],
      [ "155mm_frag", 2 ],
      [ "155mm_heat", 1 ]
    ]
  },
  {
    "type": "item_group",
    "id": "military",
    "items": [
      [ "electric_primer", 2 ],
      [ "electric_primer_large", 1 ],
      [ "atgm_launcher", 1 ],
      [ "30mm_hedp", 1 ],
      [ "30mm_hei", 1 ],
      [ "belt30mm", 1 ],
      [ "120mm_usable_heat", 3 ],
      [ "120mm_usable_ap", 1 ],
      [ "155mm_frag", 2 ],
      [ "155mm_heat", 1 ]
    ]
  },
  {
    "type": "item_group",
    "id": "rare",
    "items": [
      [ "electric_primer", 1 ],
      [ "electric_primer_large", 1 ],
      [ "30mm_hedp", 1 ],
      [ "30mm_hei", 1 ],
      [ "belt30mm", 1 ],
      [ "120mm_usable_heat", 3 ],
      [ "120mm_usable_ap", 1 ],
      [ "155mm_frag", 2 ],
      [ "155mm_heat", 1 ]
    ]
  },
  {
    "type": "item_group",
    "id": "helicopter",
    "items": [ [ "electric_primer", 2 ], [ "electric_primer_large", 1 ], [ "30mm_hedp", 2 ], [ "30mm_hei", 2 ], [ "belt30mm", 3 ] ]
  },
  {
    "type": "item_group",
    "id": "manuals",
    "items": [ [ "textbook_launcher", 1 ] ]
  },
  {
    "type": "item_group",
    "id": "book_gunref",
    "items": [ [ "textbook_launcher", 1 ] ]
  },
  {
    "type": "item_group",
    "id": "mil_surplus",
    "items": [ [ "textbook_launcher", 1 ] ]
  },
  {
    "type": "item_group",
    "id": "book_military",
    "items": [ [ "textbook_launcher", 5 ] ]
  }
]
