[
  {
    "type": "snippet",
    "category": "note",
    "text": [
      {
        "id": "note_tanks_01",
        "text": "\"Tank drone, meet the real deal.  See how you handle 120 millimeters of HELL YEAH!\""
      },
      { "id": "note_tanks_02", "text": "\"big fucking gun, earplugs are good for your brain\"" },
      { "id": "note_tanks_03", "text": "\"I have a bicyle-mounted tank cannon.  Your argument is invalid.\"" },
      {
        "id": "note_tanks_04",
        "text": "\"Next person to call this infantry fighting vehicle a 'tank' is walking home.\""
      },
      {
        "id": "note_tanks_05",
        "text": "\"Found what used to be an armored platoon.  Most tanks have hatches up top, not in the back like the new ones they're using.\""
      }
    ]
  }
]
