[
  {
    "type": "vehicle",
    "id": "tank_atomic",
    "name": "Atomic Mini-Tank",
    "blueprint": [
      [ "ooooooo" ],
      [ "|x--|||" ],
      [ "+x+#---" ],
      [ "|x--t||" ],
      [ "ooooooo" ]
    ],
    "parts": [
      { "x": -3, "y": -2, "parts": [ "hdframe_vertical_2", "hdboard_vertical", "omnicam", "plating_military" ] },
      { "x": -3, "y": -1, "parts": [ "hdframe_vertical_2", "hdboard_horizontal", "plating_military" ] },
      { "x": -3, "y": 0, "parts": [ "hdframe_vertical_2", "door_opaque", "hdroof", "plating_military" ] },
      { "x": -3, "y": 1, "parts": [ "hdframe_vertical_2", "hdboard_horizontal", "plating_military" ] },
      { "x": -3, "y": 2, "parts": [ "hdframe_vertical_2", "hdboard_vertical", "omnicam", "plating_military" ] },
      { "x": -2, "y": -2, "parts": [ "hdframe_vertical_2", "hdboard_vertical", "tread3", "plating_military" ] },
      { "x": -2, "y": -1, "parts": [ "hdframe_vertical_2", "trunk_floor", "minireactor", "hdroof" ] },
      { "x": -2, "y": 0, "parts": [ "hdframe_vertical_2", "trunk_floor", "storage_battery", "hdroof" ] },
      { "x": -2, "y": 1, "parts": [ "hdframe_vertical_2", "trunk_floor", "minireactor", "hdroof" ] },
      { "x": -2, "y": 2, "parts": [ "hdframe_vertical_2", "hdboard_vertical", "tread3", "plating_military" ] },
      { "x": -1, "y": -2, "parts": [ "hdframe_vertical_2", "hdboard_vertical", "tread3", "plating_military" ] },
      { "x": -1, "y": -1, "parts": [ "hdframe_vertical_2", "hdboard_sw", "minireactor", "plating_military" ] },
      { "x": -1, "y": 0, "parts": [ "hdframe_vertical_2", "hdhatch", "storage_battery", "hdroof" ] },
      { "x": -1, "y": 1, "parts": [ "hdframe_vertical_2", "hdboard_se", "minireactor", "plating_military" ] },
      { "x": -1, "y": 2, "parts": [ "hdframe_vertical_2", "hdboard_vertical", "tread3", "plating_military" ] },
      { "x": 0, "y": -2, "parts": [ "hdframe_vertical_2", "hdboard_vertical", "tread3", "plating_military" ] },
      { "x": 0, "y": -1, "parts": [ "hdframe_vertical_2", "hdboard_vertical", "plating_military" ] },
      {
        "x": 0,
        "y": 0,
        "parts": [
          "hdframe_vertical_2",
          "seat",
          "seatbelt_heavyduty",
          "controls",
          "dashboard",
          "cam_control",
          "turret_mount",
          "mounted_tank_auto",
          "vehicle_clock",
          "hdroof"
        ]
      },
      { "x": 0, "y": 1, "parts": [ "hdframe_vertical_2", "hdboard_vertical", "plating_military" ] },
      { "x": 0, "y": 2, "parts": [ "hdframe_vertical_2", "hdboard_vertical", "tread3", "plating_military" ] },
      { "x": 1, "y": -2, "parts": [ "hdframe_vertical_2", "hdhalfboard_vertical", "tread3", "plating_military" ] },
      { "x": 1, "y": -1, "parts": [ "hdframe_vertical_2", "hdhalfboard_nw", "plating_military" ] },
      { "x": 1, "y": 0, "parts": [ "hdframe_vertical_2", "hdhalfboard_vertical", "plating_military" ] },
      {
        "x": 1,
        "y": 1,
        "parts": [ "hdframe_vertical_2", "hdhalfboard_ne", "turret_mount", "mounted_browning", "plating_military" ]
      },
      { "x": 1, "y": 2, "parts": [ "hdframe_vertical_2", "hdhalfboard_vertical", "tread3", "plating_military" ] },
      { "x": 2, "y": -2, "parts": [ "hdframe_vertical_2", "hdhalfboard_vertical", "tread3", "plating_military" ] },
      {
        "x": 2,
        "y": -1,
        "parts": [
          "hdframe_vertical_2",
          "hdhalfboard_horizontal",
          "engine_electric_enhanced",
          "headlight_reinforced",
          "omnicam",
          "plating_military"
        ]
      },
      {
        "x": 2,
        "y": 0,
        "parts": [ "hdframe_vertical_2", "hdhalfboard_vertical", "engine_electric_enhanced", "storage_battery", "plating_military" ]
      },
      {
        "x": 2,
        "y": 1,
        "parts": [
          "hdframe_vertical_2",
          "hdhalfboard_horizontal",
          "engine_electric_enhanced",
          "headlight_reinforced",
          "omnicam",
          "plating_military"
        ]
      },
      { "x": 2, "y": 2, "parts": [ "hdframe_vertical_2", "hdhalfboard_vertical", "tread3", "plating_military" ] },
      { "x": 3, "y": -2, "parts": [ "hdframe_vertical_2", "hdhalfboard_vertical", "plating_military" ] },
      { "x": 3, "y": -1, "parts": [ "hdframe_vertical_2", "hdhalfboard_horizontal", "plating_military" ] },
      { "x": 3, "y": 0, "parts": [ "hdframe_vertical_2", "hdhalfboard_vertical", "plating_military" ] },
      { "x": 3, "y": 1, "parts": [ "hdframe_vertical_2", "hdhalfboard_horizontal", "plating_military" ] },
      { "x": 3, "y": 2, "parts": [ "hdframe_vertical_2", "hdhalfboard_vertical", "plating_military" ] }
    ],
    "items": [
      { "x": -2, "y": -1, "chance": 70, "items": [ "120mm_usable_heat" ] },
      { "x": -2, "y": -1, "chance": 50, "items": [ "120mm_usable_heat", "120mm_usable_ap" ] },
      { "x": -2, "y": -1, "chance": 30, "items": [ "120mm_usable_heat", "120mm_usable_heat", "120mm_usable_ap" ] },
      {
        "x": -2,
        "y": -1,
        "chance": 10,
        "items": [ "120mm_usable_heat", "120mm_usable_heat", "120mm_usable_heat", "120mm_usable_ap", "120mm_usable_ap" ]
      },
      { "x": -2, "y": -1, "chance": 75, "items": [ "electric_primer_large" ] },
      { "x": -2, "y": -1, "chance": 50, "items": [ "electric_primer_large" ] },
      { "x": -3, "y": 0, "chance": 100, "items": [ "ear_plugs" ] },
      { "x": -2, "y": 0, "chance": 40, "items": [ "plut_cell" ] },
      { "x": -2, "y": 0, "chance": 20, "items": [ "plut_cell", "plut_cell" ] },
      { "x": -2, "y": 0, "chance": 10, "items": [ "plut_cell", "plut_cell" ] },
      { "x": -1, "y": 0, "chance": 5, "items": [ "id_military" ] },
      { "x": -1, "y": 0, "chance": 50, "items": [ "120mm_usable_heat" ] },
      { "x": -1, "y": 0, "chance": 25, "items": [ "120mm_usable_heat", "120mm_usable_ap" ] },
      { "x": -1, "y": 0, "chance": 12, "items": [ "120mm_usable_heat", "120mm_usable_heat", "120mm_usable_ap" ] },
      { "x": -2, "y": 1, "chance": 60, "items": [ "50bmg" ] },
      { "x": -2, "y": 1, "chance": 40, "items": [ "50bmg", "50bmg" ] }
    ]
  },
  {
    "type": "vehicle",
    "id": "tank_light",
    "name": "Light Tank",
    "blueprint": [
      [ "ooooooooo" ],
      [ "|=.+#'|||" ],
      [ "|x.--||||" ],
      [ "+..+#----" ],
      [ "|x.--||||" ],
      [ "|=...+#||" ],
      [ "ooooooooo" ]
    ],
    "parts": [
      { "x": -4, "y": -3, "parts": [ "hdframe_vertical_2", "hdboard_vertical", "omnicam", "plating_military" ] },
      { "x": -4, "y": -2, "parts": [ "hdframe_vertical_2", "hdboard_horizontal", "plating_military", "muffler" ] },
      { "x": -4, "y": -1, "parts": [ "hdframe_vertical_2", "hdboard_horizontal", "plating_military" ] },
      { "x": -4, "y": 0, "parts": [ "hdframe_vertical_2", "door_opaque", "hdroof", "plating_military" ] },
      { "x": -4, "y": 1, "parts": [ "hdframe_vertical_2", "hdboard_horizontal", "plating_military" ] },
      { "x": -4, "y": 2, "parts": [ "hdframe_vertical_2", "hdboard_horizontal", "muffler", "plating_military" ] },
      { "x": -4, "y": 3, "parts": [ "hdframe_vertical_2", "hdboard_vertical", "omnicam", "plating_military" ] },
      { "x": -3, "y": -3, "parts": [ "hdframe_vertical_2", "hdboard_vertical", "tread3", "plating_military" ] },
      { "x": -3, "y": -2, "parts": [ "hdframe_vertical_2", "trunk", "hdroof" ] },
      { "x": -3, "y": -1, "parts": [ "hdframe_vertical_2", "trunk_floor", "hdroof" ] },
      { "x": -3, "y": 0, "parts": [ "hdframe_vertical_2", "aisle_vertical", "hdroof" ] },
      { "x": -3, "y": 1, "parts": [ "hdframe_vertical_2", "trunk_floor", "hdroof" ] },
      { "x": -3, "y": 2, "parts": [ "hdframe_vertical_2", "trunk", "hdroof" ] },
      { "x": -3, "y": 3, "parts": [ "hdframe_vertical_2", "hdboard_vertical", "tread3", "plating_military" ] },
      { "x": -2, "y": -3, "parts": [ "hdframe_vertical_2", "hdboard_vertical", "tread3", "plating_military" ] },
      { "x": -2, "y": -2, "parts": [ "hdframe_vertical_2", "aisle_vertical", "hdroof" ] },
      { "x": -2, "y": -1, "parts": [ "hdframe_vertical_2", "aisle_vertical", "hdroof" ] },
      { "x": -2, "y": 0, "parts": [ "hdframe_vertical_2", "aisle_vertical", "hdroof" ] },
      { "x": -2, "y": 1, "parts": [ "hdframe_vertical_2", "aisle_vertical", "hdroof" ] },
      { "x": -2, "y": 2, "parts": [ "hdframe_vertical_2", "aisle_vertical", "hdroof" ] },
      { "x": -2, "y": 3, "parts": [ "hdframe_vertical_2", "hdboard_vertical", "tread3", "plating_military" ] },
      { "x": -1, "y": -3, "parts": [ "hdframe_vertical_2", "hdboard_vertical", "tread3", "plating_military" ] },
      { "x": -1, "y": -2, "parts": [ "hdframe_vertical_2", "hdhatch", "hdroof" ] },
      { "x": -1, "y": -1, "parts": [ "hdframe_vertical_2", "hdboard_sw", "plating_military" ] },
      { "x": -1, "y": 0, "parts": [ "hdframe_vertical_2", "hdhatch", "hdroof" ] },
      { "x": -1, "y": 1, "parts": [ "hdframe_vertical_2", "hdboard_se", "plating_military" ] },
      { "x": -1, "y": 2, "parts": [ "hdframe_vertical_2", "aisle_vertical", "hdroof" ] },
      { "x": -1, "y": 3, "parts": [ "hdframe_vertical_2", "hdboard_vertical", "tread3", "plating_military" ] },
      { "x": 0, "y": -3, "parts": [ "hdframe_vertical_2", "hdboard_vertical", "tread3", "plating_military" ] },
      {
        "x": 0,
        "y": -2,
        "parts": [
          "hdframe_vertical_2",
          "seat",
          "seatbelt_heavyduty",
          "turret_mount",
          "mounted_m240",
          "controls",
          "dashboard",
          "cam_control",
          "vehicle_clock",
          "horn_big",
          "hdroof"
        ]
      },
      { "x": 0, "y": -1, "parts": [ "hdframe_vertical_2", "hdboard_vertical", "plating_military" ] },
      {
        "x": 0,
        "y": 0,
        "parts": [
          "hdframe_vertical_2",
          "seat",
          "seatbelt_heavyduty",
          "cam_control",
          "turret_mount",
          "mounted_tank_auto",
          "vehicle_clock",
          "hdroof"
        ]
      },
      { "x": 0, "y": 1, "parts": [ "hdframe_vertical_2", "hdboard_vertical", "plating_military" ] },
      { "x": 0, "y": 2, "parts": [ "hdframe_vertical_2", "aisle_vertical", "hdroof" ] },
      { "x": 0, "y": 3, "parts": [ "hdframe_vertical_2", "hdboard_vertical", "tread3", "plating_military" ] },
      { "x": 1, "y": -3, "parts": [ "hdframe_vertical_2", "hdboard_vertical", "tread3", "plating_military" ] },
      { "x": 1, "y": -2, "parts": [ "hdframe_vertical_2", "reinforced_windshield", "plating_military" ] },
      { "x": 1, "y": -1, "parts": [ "hdframe_vertical_2", "hdboard_nw", "plating_military" ] },
      {
        "x": 1,
        "y": 0,
        "parts": [
          "hdframe_vertical_2",
          "hdhalfboard_vertical",
          "plating_military",
          "diesel_engine_v12",
          "alternator_truck",
          "storage_battery"
        ]
      },
      { "x": 1, "y": 1, "parts": [ "hdframe_vertical_2", "hdboard_ne", "plating_military" ] },
      { "x": 1, "y": 2, "parts": [ "hdframe_vertical_2", "hdhatch", "hdroof", "plating_military" ] },
      { "x": 1, "y": 3, "parts": [ "hdframe_vertical_2", "hdboard_vertical", "tread3", "plating_military" ] },
      { "x": 2, "y": -3, "parts": [ "hdframe_vertical_2", "hdhalfboard_vertical", "tread3", "plating_military" ] },
      { "x": 2, "y": -2, "parts": [ "hdframe_vertical_2", "hdhalfboard_horizontal", "plating_military" ] },
      { "x": 2, "y": -1, "parts": [ "hdframe_vertical_2", "hdhalfboard_horizontal", "plating_military" ] },
      { "x": 2, "y": 0, "parts": [ "hdframe_vertical_2", "hdhalfboard_vertical", "plating_military" ] },
      { "x": 2, "y": 1, "parts": [ "hdframe_vertical_2", "hdhalfboard_horizontal", "plating_military" ] },
      {
        "x": 2,
        "y": 2,
        "parts": [
          "hdframe_vertical_2",
          "seat",
          "seatbelt_heavyduty",
          "turret_mount",
          "mounted_browning",
          "cam_control",
          "hdroof",
          "plating_military"
        ]
      },
      { "x": 2, "y": 3, "parts": [ "hdframe_vertical_2", "hdhalfboard_vertical", "tread3", "plating_military" ] },
      { "x": 3, "y": -3, "parts": [ "hdframe_vertical_2", "hdhalfboard_vertical", "tread3", "plating_military" ] },
      {
        "x": 3,
        "y": -2,
        "parts": [ "hdframe_vertical_2", "hdhalfboard_horizontal", "headlight_reinforced", "omnicam", "plating_military" ]
      },
      { "x": 3, "y": -1, "parts": [ "hdframe_vertical_2", "hdhalfboard_horizontal", "plating_military" ] },
      { "x": 3, "y": 0, "parts": [ "hdframe_vertical_2", "hdhalfboard_vertical", "plating_military" ] },
      { "x": 3, "y": 1, "parts": [ "hdframe_vertical_2", "hdhalfboard_horizontal", "plating_military" ] },
      {
        "x": 3,
        "y": 2,
        "parts": [ "hdframe_vertical_2", "hdhalfboard_horizontal", "headlight_reinforced", "omnicam", "plating_military" ]
      },
      { "x": 3, "y": 3, "parts": [ "hdframe_vertical_2", "hdhalfboard_vertical", "tread3", "plating_military" ] },
      { "x": 4, "y": -3, "parts": [ "hdframe_vertical_2", "hdhalfboard_vertical", "plating_military" ] },
      { "x": 4, "y": -2, "parts": [ "hdframe_vertical_2", "hdhalfboard_horizontal", "plating_military" ] },
      { "x": 4, "y": -1, "parts": [ "hdframe_vertical_2", "hdhalfboard_horizontal", "plating_military" ] },
      { "x": 4, "y": 0, "parts": [ "hdframe_vertical_2", "hdhalfboard_vertical", "plating_military" ] },
      { "x": 4, "y": 1, "parts": [ "hdframe_vertical_2", "hdhalfboard_horizontal", "plating_military" ] },
      { "x": 4, "y": 2, "parts": [ "hdframe_vertical_2", "hdhalfboard_horizontal", "plating_military" ] },
      { "x": 4, "y": 3, "parts": [ "hdframe_vertical_2", "hdhalfboard_vertical", "plating_military" ] }
    ],
    "items": [
      { "x": -3, "y": -2, "chance": 50, "item_groups": [ "fuel_diesel" ] },
      { "x": -1, "y": -2, "chance": 50, "items": [ "762_51" ] },
      { "x": -1, "y": -2, "chance": 25, "items": [ "762_51", "762_51" ] },
      { "x": -1, "y": -2, "chance": 12, "items": [ "762_51", "762_51", "762_51" ] },
      { "x": -3, "y": -1, "chance": 60, "items": [ "762_51" ] },
      { "x": -3, "y": -1, "chance": 40, "items": [ "762_51", "762_51" ] },
      { "x": -4, "y": 0, "chance": 100, "items": [ "ear_plugs" ] },
      { "x": -4, "y": 0, "chance": 50, "items": [ "ear_plugs" ] },
      { "x": -4, "y": 0, "chance": 25, "items": [ "ear_plugs" ] },
      { "x": -1, "y": 0, "chance": 60, "items": [ "120mm_usable_heat" ] },
      { "x": -1, "y": 0, "chance": 30, "items": [ "120mm_usable_heat", "120mm_usable_ap" ] },
      { "x": -1, "y": 0, "chance": 15, "items": [ "120mm_usable_heat", "120mm_usable_heat", "120mm_usable_ap" ] },
      { "x": -3, "y": 1, "chance": 60, "items": [ "50bmg" ] },
      { "x": -3, "y": 1, "chance": 40, "items": [ "50bmg", "50bmg" ] },
      { "x": -3, "y": 1, "chance": 20, "items": [ "50bmg", "50bmg", "50bmg" ] },
      { "x": -3, "y": 2, "chance": 60, "items": [ "120mm_usable_heat" ] },
      { "x": -3, "y": 2, "chance": 50, "items": [ "120mm_usable_heat", "120mm_usable_ap" ] },
      { "x": -3, "y": 2, "chance": 40, "items": [ "120mm_usable_heat", "120mm_usable_heat", "120mm_usable_ap" ] },
      {
        "x": -3,
        "y": 2,
        "chance": 20,
        "items": [ "120mm_usable_heat", "120mm_usable_heat", "120mm_usable_ap", "120mm_usable_ap" ]
      },
      { "x": -3, "y": 2, "chance": 60, "items": [ "electric_primer_large" ] },
      { "x": -3, "y": 2, "chance": 40, "items": [ "electric_primer_large" ] },
      { "x": -3, "y": 2, "chance": 20, "items": [ "electric_primer_large" ] },
      { "x": 1, "y": 2, "chance": 2, "items": [ "id_military" ] },
      { "x": 1, "y": 2, "chance": 50, "items": [ "50bmg" ] },
      { "x": 1, "y": 2, "chance": 25, "items": [ "50bmg", "50bmg" ] }
    ]
  },
  {
    "type": "vehicle",
    "id": "tank_medium",
    "name": "Main Battle Tank",
    "blueprint": [
      [ "oooooooooooo" ],
      [ "------------" ],
      [ "||=..+#'||||" ],
      [ "||x.---|||||" ],
      [ "||.--.--||||" ],
      [ " +.+.x#-----" ],
      [ "||.--#--||||" ],
      [ "||x.---|||||" ],
      [ "||=....+#|||" ],
      [ "------------" ],
      [ "oooooooooooo" ]
    ],
    "parts": [
      { "x": -6, "y": -5, "parts": [ "hdframe_vertical_2", "hdhalfboard_vertical", "plating_military" ] },
      { "x": -6, "y": -4, "parts": [ "hdframe_vertical_2", "hdhalfboard_vertical", "plating_military" ] },
      { "x": -6, "y": -3, "parts": [ "hdframe_vertical_2", "hdhalfboard_horizontal", "plating_military" ] },
      { "x": -6, "y": -2, "parts": [ "hdframe_vertical_2", "hdhalfboard_horizontal", "muffler", "plating_military" ] },
      { "x": -6, "y": -1, "parts": [ "hdframe_vertical_2", "hdhalfboard_horizontal", "plating_military" ] },
      { "x": -6, "y": 1, "parts": [ "hdframe_vertical_2", "hdhalfboard_horizontal", "plating_military" ] },
      { "x": -6, "y": 2, "parts": [ "hdframe_vertical_2", "hdhalfboard_horizontal", "muffler", "plating_military" ] },
      { "x": -6, "y": 3, "parts": [ "hdframe_vertical_2", "hdhalfboard_horizontal", "plating_military" ] },
      { "x": -6, "y": 4, "parts": [ "hdframe_vertical_2", "hdhalfboard_vertical", "plating_military" ] },
      { "x": -6, "y": 5, "parts": [ "hdframe_vertical_2", "hdhalfboard_vertical", "plating_military" ] },
      { "x": -5, "y": -5, "parts": [ "hdframe_vertical_2", "hdhalfboard_vertical", "tread3", "plating_military" ] },
      { "x": -5, "y": -4, "parts": [ "hdframe_vertical_2", "hdboard_vertical", "omnicam", "plating_military" ] },
      { "x": -5, "y": -3, "parts": [ "hdframe_vertical_2", "hdboard_horizontal", "plating_military" ] },
      { "x": -5, "y": -2, "parts": [ "hdframe_vertical_2", "hdboard_horizontal", "plating_military" ] },
      { "x": -5, "y": -1, "parts": [ "hdframe_vertical_2", "hdboard_horizontal", "plating_military" ] },
      { "x": -5, "y": 0, "parts": [ "hdframe_vertical_2", "door_opaque", "hdroof", "plating_military" ] },
      { "x": -5, "y": 1, "parts": [ "hdframe_vertical_2", "hdboard_horizontal", "plating_military" ] },
      { "x": -5, "y": 2, "parts": [ "hdframe_vertical_2", "hdboard_horizontal", "plating_military" ] },
      { "x": -5, "y": 3, "parts": [ "hdframe_vertical_2", "hdboard_horizontal", "plating_military" ] },
      { "x": -5, "y": 4, "parts": [ "hdframe_vertical_2", "omnicam", "hdboard_vertical", "plating_military" ] },
      { "x": -5, "y": 5, "parts": [ "hdframe_vertical_2", "hdhalfboard_vertical", "tread3", "plating_military" ] },
      { "x": -4, "y": -5, "parts": [ "hdframe_vertical_2", "hdhalfboard_vertical", "tread3", "plating_military" ] },
      { "x": -4, "y": -4, "parts": [ "hdframe_vertical_2", "hdboard_vertical", "plating_military" ] },
      { "x": -4, "y": -3, "parts": [ "hdframe_vertical_2", "trunk", "hdroof" ] },
      { "x": -4, "y": -2, "parts": [ "hdframe_vertical_2", "trunk_floor", "hdroof" ] },
      { "x": -4, "y": -1, "parts": [ "hdframe_vertical_2", "aisle_vertical", "hdroof" ] },
      { "x": -4, "y": 0, "parts": [ "hdframe_vertical_2", "aisle_vertical", "hdroof" ] },
      { "x": -4, "y": 1, "parts": [ "hdframe_vertical_2", "aisle_vertical", "hdroof" ] },
      { "x": -4, "y": 2, "parts": [ "hdframe_vertical_2", "trunk_floor", "hdroof" ] },
      { "x": -4, "y": 3, "parts": [ "hdframe_vertical_2", "trunk", "hdroof" ] },
      { "x": -4, "y": 4, "parts": [ "hdframe_vertical_2", "hdboard_vertical", "plating_military" ] },
      { "x": -4, "y": 5, "parts": [ "hdframe_vertical_2", "hdhalfboard_vertical", "tread3", "plating_military" ] },
      { "x": -3, "y": -5, "parts": [ "hdframe_vertical_2", "hdhalfboard_vertical", "tread3", "plating_military" ] },
      { "x": -3, "y": -4, "parts": [ "hdframe_vertical_2", "hdboard_vertical", "plating_military" ] },
      { "x": -3, "y": -3, "parts": [ "hdframe_vertical_2", "aisle_vertical", "hdroof" ] },
      { "x": -3, "y": -2, "parts": [ "hdframe_vertical_2", "aisle_vertical", "hdroof" ] },
      { "x": -3, "y": -1, "parts": [ "hdframe_vertical_2", "hdboard_sw", "plating_military" ] },
      { "x": -3, "y": 0, "parts": [ "hdframe_vertical_2", "hdhatch", "hdroof" ] },
      { "x": -3, "y": 1, "parts": [ "hdframe_vertical_2", "hdboard_se", "plating_military" ] },
      { "x": -3, "y": 2, "parts": [ "hdframe_vertical_2", "aisle_vertical", "hdroof" ] },
      { "x": -3, "y": 3, "parts": [ "hdframe_vertical_2", "aisle_vertical", "hdroof" ] },
      { "x": -3, "y": 4, "parts": [ "hdframe_vertical_2", "hdboard_vertical", "plating_military" ] },
      { "x": -3, "y": 5, "parts": [ "hdframe_vertical_2", "hdhalfboard_vertical", "tread3", "plating_military" ] },
      { "x": -2, "y": -5, "parts": [ "hdframe_vertical_2", "hdhalfboard_vertical", "tread3", "plating_military" ] },
      { "x": -2, "y": -4, "parts": [ "hdframe_vertical_2", "hdboard_vertical", "plating_military" ] },
      { "x": -2, "y": -3, "parts": [ "hdframe_vertical_2", "aisle_vertical", "hdroof" ] },
      { "x": -2, "y": -2, "parts": [ "hdframe_vertical_2", "hdboard_sw", "plating_military" ] },
      { "x": -2, "y": -1, "parts": [ "hdframe_vertical_2", "hdboard_ne", "plating_military" ] },
      { "x": -2, "y": 0, "parts": [ "hdframe_vertical_2", "aisle_vertical", "hdroof" ] },
      { "x": -2, "y": 1, "parts": [ "hdframe_vertical_2", "hdboard_nw", "plating_military" ] },
      { "x": -2, "y": 2, "parts": [ "hdframe_vertical_2", "hdboard_se", "plating_military" ] },
      { "x": -2, "y": 3, "parts": [ "hdframe_vertical_2", "aisle_vertical", "hdroof" ] },
      { "x": -2, "y": 4, "parts": [ "hdframe_vertical_2", "hdboard_vertical", "plating_military" ] },
      { "x": -2, "y": 5, "parts": [ "hdframe_vertical_2", "hdhalfboard_vertical", "tread3", "plating_military" ] },
      { "x": -1, "y": -5, "parts": [ "hdframe_vertical_2", "hdhalfboard_vertical", "tread3", "plating_military" ] },
      { "x": -1, "y": -4, "parts": [ "hdframe_vertical_2", "hdboard_vertical", "plating_military" ] },
      { "x": -1, "y": -3, "parts": [ "hdframe_vertical_2", "hdhatch", "hdroof" ] },
      { "x": -1, "y": -2, "parts": [ "hdframe_vertical_2", "hdboard_vertical", "plating_military" ] },
      { "x": -1, "y": -1, "parts": [ "hdframe_vertical_2", "aisle_vertical", "hdroof" ] },
      { "x": -1, "y": 0, "parts": [ "hdframe_vertical_2", "trunk_floor", "hdroof" ] },
      { "x": -1, "y": 1, "parts": [ "hdframe_vertical_2", "seat", "seatbelt_heavyduty", "hdroof" ] },
      { "x": -1, "y": 2, "parts": [ "hdframe_vertical_2", "hdboard_vertical", "plating_military" ] },
      { "x": -1, "y": 3, "parts": [ "hdframe_vertical_2", "aisle_vertical", "hdroof" ] },
      { "x": -1, "y": 4, "parts": [ "hdframe_vertical_2", "hdboard_vertical", "plating_military" ] },
      { "x": -1, "y": 5, "parts": [ "hdframe_vertical_2", "hdhalfboard_vertical", "tread3", "plating_military" ] },
      { "x": 0, "y": -5, "parts": [ "hdframe_vertical_2", "hdhalfboard_vertical", "tread3", "plating_military" ] },
      { "x": 0, "y": -4, "parts": [ "hdframe_vertical_2", "hdboard_vertical", "plating_military" ] },
      {
        "x": 0,
        "y": -3,
        "parts": [
          "hdframe_vertical_2",
          "seat",
          "seatbelt_heavyduty",
          "turret_mount",
          "mounted_m240",
          "controls",
          "dashboard",
          "cam_control",
          "vehicle_clock",
          "horn_big",
          "hdroof"
        ]
      },
      { "x": 0, "y": -2, "parts": [ "hdframe_vertical_2", "hdboard_nw", "plating_military" ] },
      { "x": 0, "y": -1, "parts": [ "hdframe_vertical_2", "hdboard_se", "plating_military" ] },
      {
        "x": 0,
        "y": 0,
        "parts": [
          "hdframe_vertical_2",
          "seat",
          "seatbelt_heavyduty",
          "cam_control",
          "turret_mount",
          "mounted_tank_manual",
          "vehicle_clock",
          "hdroof"
        ]
      },
      { "x": 0, "y": 1, "parts": [ "hdframe_vertical_2", "hdboard_sw", "plating_military" ] },
      { "x": 0, "y": 2, "parts": [ "hdframe_vertical_2", "hdboard_ne", "plating_military" ] },
      { "x": 0, "y": 3, "parts": [ "hdframe_vertical_2", "aisle_vertical", "hdroof" ] },
      { "x": 0, "y": 4, "parts": [ "hdframe_vertical_2", "hdboard_vertical", "plating_military" ] },
      { "x": 0, "y": 5, "parts": [ "hdframe_vertical_2", "hdhalfboard_vertical", "tread3", "plating_military" ] },
      { "x": 1, "y": -5, "parts": [ "hdframe_vertical_2", "hdhalfboard_vertical", "tread3", "plating_military" ] },
      { "x": 1, "y": -4, "parts": [ "hdframe_vertical_2", "hdboard_vertical", "plating_military" ] },
      { "x": 1, "y": -3, "parts": [ "hdframe_vertical_2", "reinforced_windshield", "plating_military" ] },
      { "x": 1, "y": -2, "parts": [ "hdframe_vertical_2", "hdboard_horizontal", "plating_military" ] },
      { "x": 1, "y": -1, "parts": [ "hdframe_vertical_2", "hdboard_nw", "plating_military" ] },
      { "x": 1, "y": 0, "parts": [ "hdframe_vertical_2", "hdhalfboard_vertical", "plating_military" ] },
      { "x": 1, "y": 1, "parts": [ "hdframe_vertical_2", "hdboard_ne", "plating_military" ] },
      { "x": 1, "y": 2, "parts": [ "hdframe_vertical_2", "hdboard_horizontal", "plating_military" ] },
      { "x": 1, "y": 3, "parts": [ "hdframe_vertical_2", "hdhatch", "hdroof", "plating_military" ] },
      { "x": 1, "y": 4, "parts": [ "hdframe_vertical_2", "hdboard_vertical", "plating_military" ] },
      { "x": 1, "y": 5, "parts": [ "hdframe_vertical_2", "hdhalfboard_vertical", "tread3", "plating_military" ] },
      { "x": 2, "y": -5, "parts": [ "hdframe_vertical_2", "hdhalfboard_vertical", "tread3", "plating_military" ] },
      { "x": 2, "y": -4, "parts": [ "hdframe_vertical_2", "hdhalfboard_vertical", "plating_military" ] },
      { "x": 2, "y": -3, "parts": [ "hdframe_vertical_2", "hdhalfboard_horizontal", "plating_military" ] },
      { "x": 2, "y": -2, "parts": [ "hdframe_vertical_2", "hdhalfboard_horizontal", "plating_military" ] },
      { "x": 2, "y": -1, "parts": [ "hdframe_vertical_2", "hdhalfboard_horizontal", "plating_military" ] },
      {
        "x": 2,
        "y": 0,
        "parts": [
          "hdframe_vertical_2",
          "hdhalfboard_vertical",
          "engine_turbine_small",
          "alternator_truck",
          "storage_battery",
          "plating_military"
        ]
      },
      { "x": 2, "y": 1, "parts": [ "hdframe_vertical_2", "hdhalfboard_horizontal", "plating_military" ] },
      { "x": 2, "y": 2, "parts": [ "hdframe_vertical_2", "hdhalfboard_horizontal", "plating_military" ] },
      {
        "x": 2,
        "y": 3,
        "parts": [
          "hdframe_vertical_2",
          "seat",
          "seatbelt_heavyduty",
          "turret_mount",
          "mounted_browning",
          "cam_control",
          "hdroof",
          "plating_military"
        ]
      },
      { "x": 2, "y": 4, "parts": [ "hdframe_vertical_2", "hdhalfboard_vertical", "plating_military" ] },
      { "x": 2, "y": 5, "parts": [ "hdframe_vertical_2", "hdhalfboard_vertical", "tread3", "plating_military" ] },
      { "x": 3, "y": -5, "parts": [ "hdframe_vertical_2", "hdhalfboard_vertical", "tread3", "plating_military" ] },
      { "x": 3, "y": -4, "parts": [ "hdframe_vertical_2", "hdhalfboard_vertical", "plating_military" ] },
      { "x": 3, "y": -3, "parts": [ "hdframe_vertical_2", "hdhalfboard_horizontal", "plating_military" ] },
      { "x": 3, "y": -2, "parts": [ "hdframe_vertical_2", "hdhalfboard_horizontal", "plating_military" ] },
      { "x": 3, "y": -1, "parts": [ "hdframe_vertical_2", "hdhalfboard_horizontal", "plating_military" ] },
      { "x": 3, "y": 0, "parts": [ "hdframe_vertical_2", "hdhalfboard_vertical", "plating_military" ] },
      { "x": 3, "y": 1, "parts": [ "hdframe_vertical_2", "hdhalfboard_horizontal", "plating_military" ] },
      { "x": 3, "y": 2, "parts": [ "hdframe_vertical_2", "hdhalfboard_horizontal", "plating_military" ] },
      { "x": 3, "y": 3, "parts": [ "hdframe_vertical_2", "hdhalfboard_horizontal", "plating_military" ] },
      { "x": 3, "y": 4, "parts": [ "hdframe_vertical_2", "hdhalfboard_vertical", "plating_military" ] },
      { "x": 3, "y": 5, "parts": [ "hdframe_vertical_2", "hdhalfboard_vertical", "tread3", "plating_military" ] },
      { "x": 4, "y": -5, "parts": [ "hdframe_vertical_2", "hdhalfboard_vertical", "tread3", "plating_military" ] },
      {
        "x": 4,
        "y": -4,
        "parts": [ "hdframe_vertical_2", "hdhalfboard_vertical", "headlight_reinforced", "omnicam", "plating_military" ]
      },
      { "x": 4, "y": -3, "parts": [ "hdframe_vertical_2", "hdhalfboard_horizontal", "plating_military" ] },
      { "x": 4, "y": -2, "parts": [ "hdframe_vertical_2", "hdhalfboard_horizontal", "plating_military" ] },
      { "x": 4, "y": -1, "parts": [ "hdframe_vertical_2", "hdhalfboard_horizontal", "plating_military" ] },
      { "x": 4, "y": 0, "parts": [ "hdframe_vertical_2", "hdhalfboard_vertical", "plating_military" ] },
      { "x": 4, "y": 1, "parts": [ "hdframe_vertical_2", "hdhalfboard_horizontal", "plating_military" ] },
      { "x": 4, "y": 2, "parts": [ "hdframe_vertical_2", "hdhalfboard_horizontal", "plating_military" ] },
      { "x": 4, "y": 3, "parts": [ "hdframe_vertical_2", "hdhalfboard_horizontal", "plating_military" ] },
      {
        "x": 4,
        "y": 4,
        "parts": [ "hdframe_vertical_2", "hdhalfboard_vertical", "headlight_reinforced", "omnicam", "plating_military" ]
      },
      { "x": 4, "y": 5, "parts": [ "hdframe_vertical_2", "hdhalfboard_vertical", "tread3", "plating_military" ] },
      { "x": 5, "y": -5, "parts": [ "hdframe_vertical_2", "hdhalfboard_vertical", "plating_military" ] },
      { "x": 5, "y": -4, "parts": [ "hdframe_vertical_2", "hdhalfboard_vertical", "plating_military" ] },
      { "x": 5, "y": -3, "parts": [ "hdframe_vertical_2", "hdhalfboard_horizontal", "plating_military" ] },
      { "x": 5, "y": -2, "parts": [ "hdframe_vertical_2", "hdhalfboard_horizontal", "plating_military" ] },
      { "x": 5, "y": -1, "parts": [ "hdframe_vertical_2", "hdhalfboard_horizontal", "plating_military" ] },
      { "x": 5, "y": 0, "parts": [ "hdframe_vertical_2", "hdhalfboard_vertical", "plating_military" ] },
      { "x": 5, "y": 1, "parts": [ "hdframe_vertical_2", "hdhalfboard_horizontal", "plating_military" ] },
      { "x": 5, "y": 2, "parts": [ "hdframe_vertical_2", "hdhalfboard_horizontal", "plating_military" ] },
      { "x": 5, "y": 3, "parts": [ "hdframe_vertical_2", "hdhalfboard_horizontal", "plating_military" ] },
      { "x": 5, "y": 4, "parts": [ "hdframe_vertical_2", "hdhalfboard_vertical", "plating_military" ] },
      { "x": 5, "y": 5, "parts": [ "hdframe_vertical_2", "hdhalfboard_vertical", "plating_military" ] }
    ],
    "items": [
      { "x": -4, "y": -3, "chance": 50, "item_groups": [ "fuel_diesel" ] },
      { "x": -4, "y": -3, "chance": 25, "item_groups": [ "fuel_diesel", "fuel_diesel" ] },
      { "x": -1, "y": -3, "chance": 50, "items": [ "762_51" ] },
      { "x": -1, "y": -3, "chance": 25, "items": [ "762_51", "762_51" ] },
      { "x": -4, "y": -2, "chance": 60, "items": [ "762_51" ] },
      { "x": -4, "y": -2, "chance": 40, "items": [ "762_51", "762_51" ] },
      { "x": -4, "y": -2, "chance": 20, "items": [ "762_51", "762_51", "762_51" ] },
      { "x": -5, "y": 0, "chance": 100, "items": [ "ear_plugs" ] },
      { "x": -5, "y": 0, "chance": 50, "items": [ "ear_plugs" ] },
      { "x": -5, "y": 0, "chance": 25, "items": [ "ear_plugs" ] },
      { "x": -5, "y": 0, "chance": 12, "items": [ "ear_plugs" ] },
      { "x": -3, "y": 0, "chance": 60, "items": [ "120mm_usable_heat" ] },
      { "x": -3, "y": 0, "chance": 30, "items": [ "120mm_usable_heat", "120mm_usable_ap" ] },
      { "x": -3, "y": 0, "chance": 15, "items": [ "120mm_usable_heat", "120mm_usable_heat", "120mm_usable_ap" ] },
      { "x": -1, "y": 0, "chance": 60, "items": [ "120mm_usable_heat" ] },
      { "x": -1, "y": 0, "chance": 40, "items": [ "120mm_usable_heat", "120mm_usable_ap" ] },
      { "x": -1, "y": 0, "chance": 20, "items": [ "120mm_usable_heat", "120mm_usable_heat", "120mm_usable_ap" ] },
      {
        "x": -1,
        "y": 0,
        "chance": 10,
        "items": [ "120mm_usable_heat", "120mm_usable_heat", "120mm_usable_ap", "120mm_usable_ap" ]
      },
      { "x": -4, "y": 2, "chance": 60, "items": [ "50bmg" ] },
      { "x": -4, "y": 2, "chance": 40, "items": [ "50bmg", "50bmg" ] },
      { "x": -4, "y": 2, "chance": 20, "items": [ "50bmg", "50bmg", "50bmg" ] },
      { "x": -4, "y": 3, "chance": 60, "items": [ "120mm_usable_heat" ] },
      { "x": -4, "y": 3, "chance": 50, "items": [ "120mm_usable_heat", "120mm_usable_ap" ] },
      { "x": -4, "y": 3, "chance": 40, "items": [ "120mm_usable_heat", "120mm_usable_heat", "120mm_usable_ap" ] },
      {
        "x": -4,
        "y": 3,
        "chance": 30,
        "items": [ "120mm_usable_heat", "120mm_usable_heat", "120mm_usable_heat", "120mm_usable_ap" ]
      },
      {
        "x": -4,
        "y": 3,
        "chance": 20,
        "items": [ "120mm_usable_heat", "120mm_usable_heat", "120mm_usable_heat", "120mm_usable_ap", "120mm_usable_ap" ]
      },
      { "x": -4, "y": 3, "chance": 75, "items": [ "electric_primer_large" ] },
      { "x": -4, "y": 3, "chance": 50, "items": [ "electric_primer_large" ] },
      { "x": -4, "y": 3, "chance": 25, "items": [ "electric_primer_large" ] },
      { "x": 1, "y": 3, "chance": 2, "items": [ "id_military" ] },
      { "x": 1, "y": 3, "chance": 50, "items": [ "50bmg" ] },
      { "x": 1, "y": 3, "chance": 25, "items": [ "50bmg", "50bmg" ] },
      { "x": 1, "y": 3, "chance": 12, "items": [ "50bmg", "50bmg", "50bmg" ] }
    ]
  },
  {
    "type": "vehicle",
    "id": "sp_howitzer",
    "name": "Self-Propelled Howitzer",
    "blueprint": [
      [ " ooo+ooooooo " ],
      [ " ---.------- " ],
      [ " |-...+#'||| " ],
      [ "||-.=.--|||| " ],
      [ "||=.=##------" ],
      [ "||-.=.--|||| " ],
      [ " |-...+.#||| " ],
      [ " ---=------- " ],
      [ " ooooooooooo " ]
    ],
    "parts": [
      { "x": -6, "y": -1, "parts": [ "hdframe_vertical_2", "hdboard_sw", "plating_military" ] },
      { "x": -6, "y": 0, "parts": [ "hdframe_vertical_2", "hdhalfboard_horizontal", "plating_military" ] },
      { "x": -6, "y": 1, "parts": [ "hdframe_vertical_2", "hdhalfboard_se", "plating_military" ] },
      { "x": -5, "y": -4, "parts": [ "hdframe_vertical_2", "hdboard_vertical", "plating_military" ] },
      { "x": -5, "y": -3, "parts": [ "hdframe_vertical_2", "hdboard_sw", "muffler", "plating_military" ] },
      { "x": -5, "y": -2, "parts": [ "hdframe_vertical_2", "hdboard_horizontal", "plating_military" ] },
      {
        "x": -5,
        "y": -1,
        "parts": [
          "hdframe_vertical_2",
          "hdboard_horizontal",
          "diesel_engine_v8",
          "alternator_truck",
          "storage_battery",
          "plating_military"
        ]
      },
      {
        "x": -5,
        "y": 0,
        "parts": [
          "hdframe_vertical_2",
          "hdboard_horizontal",
          "diesel_engine_v8",
          "alternator_truck",
          "storage_battery",
          "omnicam",
          "plating_military"
        ]
      },
      {
        "x": -5,
        "y": 1,
        "parts": [
          "hdframe_vertical_2",
          "hdboard_horizontal",
          "diesel_engine_v8",
          "alternator_truck",
          "storage_battery",
          "plating_military"
        ]
      },
      { "x": -5, "y": 2, "parts": [ "hdframe_vertical_2", "hdboard_horizontal", "plating_military" ] },
      { "x": -5, "y": 3, "parts": [ "hdframe_vertical_2", "hdboard_se", "muffler", "plating_military" ] },
      { "x": -5, "y": 4, "parts": [ "hdframe_vertical_2", "hdboard_vertical", "plating_military" ] },
      { "x": -4, "y": -4, "parts": [ "hdframe_vertical_2", "hdboard_vertical", "tread3", "plating_military" ] },
      { "x": -4, "y": -3, "parts": [ "hdframe_vertical_2", "hdboard_vertical", "plating_military" ] },
      { "x": -4, "y": -2, "parts": [ "hdframe_vertical_2", "hdboard_horizontal", "plating_military" ] },
      { "x": -4, "y": -1, "parts": [ "hdframe_vertical_2", "hdboard_horizontal", "plating_military" ] },
      { "x": -4, "y": 0, "parts": [ "hdframe_vertical_2", "trunk", "hdroof" ] },
      { "x": -4, "y": 1, "parts": [ "hdframe_vertical_2", "hdboard_horizontal", "plating_military" ] },
      { "x": -4, "y": 2, "parts": [ "hdframe_vertical_2", "hdboard_horizontal", "plating_military" ] },
      { "x": -4, "y": 3, "parts": [ "hdframe_vertical_2", "hdboard_vertical", "plating_military" ] },
      { "x": -4, "y": 4, "parts": [ "hdframe_vertical_2", "hdboard_vertical", "tread3", "plating_military" ] },
      { "x": -3, "y": -4, "parts": [ "hdframe_vertical_2", "hdboard_vertical", "tread3", "plating_military" ] },
      { "x": -3, "y": -3, "parts": [ "hdframe_vertical_2", "hdboard_vertical", "plating_military" ] },
      { "x": -3, "y": -2, "parts": [ "hdframe_vertical_2", "aisle_vertical" ] },
      { "x": -3, "y": -1, "parts": [ "hdframe_vertical_2", "aisle_vertical", "hdroof" ] },
      { "x": -3, "y": 0, "parts": [ "hdframe_vertical_2", "aisle_vertical", "hdroof" ] },
      { "x": -3, "y": 1, "parts": [ "hdframe_vertical_2", "aisle_vertical", "hdroof" ] },
      { "x": -3, "y": 2, "parts": [ "hdframe_vertical_2", "aisle_vertical", "hdroof" ] },
      { "x": -3, "y": 3, "parts": [ "hdframe_vertical_2", "hdboard_vertical", "plating_military" ] },
      { "x": -3, "y": 4, "parts": [ "hdframe_vertical_2", "hdboard_vertical", "tread3", "plating_military" ] },
      { "x": -2, "y": -4, "parts": [ "hdframe_vertical_2", "door_opaque", "hdroof", "tread3", "plating_military" ] },
      { "x": -2, "y": -3, "parts": [ "hdframe_vertical_2", "aisle_vertical", "hdroof" ] },
      { "x": -2, "y": -2, "parts": [ "hdframe_vertical_2", "aisle_vertical", "hdroof" ] },
      { "x": -2, "y": -1, "parts": [ "hdframe_vertical_2", "trunk", "hdroof" ] },
      { "x": -2, "y": 0, "parts": [ "hdframe_vertical_2", "trunk", "hdroof" ] },
      { "x": -2, "y": 1, "parts": [ "hdframe_vertical_2", "trunk", "hdroof" ] },
      { "x": -2, "y": 2, "parts": [ "hdframe_vertical_2", "aisle_vertical", "hdroof" ] },
      { "x": -2, "y": 3, "parts": [ "hdframe_vertical_2", "trunk", "hdroof" ] },
      { "x": -2, "y": 4, "parts": [ "hdframe_vertical_2", "hdboard_vertical", "tread3", "plating_military" ] },
      { "x": -1, "y": -4, "parts": [ "hdframe_vertical_2", "hdboard_vertical", "tread3", "plating_military" ] },
      { "x": -1, "y": -3, "parts": [ "hdframe_vertical_2", "hdboard_vertical", "plating_military" ] },
      { "x": -1, "y": -2, "parts": [ "hdframe_vertical_2", "aisle_vertical", "hdroof" ] },
      { "x": -1, "y": -1, "parts": [ "hdframe_vertical_2", "aisle_vertical", "hdroof" ] },
      { "x": -1, "y": 0, "parts": [ "hdframe_vertical_2", "seat", "seatbelt_heavyduty", "hdroof" ] },
      { "x": -1, "y": 1, "parts": [ "hdframe_vertical_2", "aisle_vertical", "hdroof" ] },
      { "x": -1, "y": 2, "parts": [ "hdframe_vertical_2", "aisle_vertical", "hdroof" ] },
      { "x": -1, "y": 3, "parts": [ "hdframe_vertical_2", "hdboard_vertical", "plating_military" ] },
      { "x": -1, "y": 4, "parts": [ "hdframe_vertical_2", "hdboard_vertical", "tread3", "plating_military" ] },
      { "x": 0, "y": -4, "parts": [ "hdframe_vertical_2", "hdhalfboard_vertical", "tread3", "plating_military" ] },
      { "x": 0, "y": -3, "parts": [ "hdframe_vertical_2", "hdboard_nw", "plating_military" ] },
      { "x": 0, "y": -2, "parts": [ "hdframe_vertical_2", "hdhatch", "hdroof", "dashboard" ] },
      { "x": 0, "y": -1, "parts": [ "hdframe_vertical_2", "hdboard_se", "plating_military" ] },
      {
        "x": 0,
        "y": 0,
        "parts": [
          "hdframe_vertical_2",
          "seat",
          "seatbelt_heavyduty",
          "cam_control",
          "turret_mount",
          "mounted_howitzer",
          "vehicle_clock",
          "hdroof"
        ]
      },
      { "x": 0, "y": 1, "parts": [ "hdframe_vertical_2", "hdboard_sw", "plating_military" ] },
      { "x": 0, "y": 2, "parts": [ "hdframe_vertical_2", "hdhatch", "hdroof" ] },
      { "x": 0, "y": 3, "parts": [ "hdframe_vertical_2", "hdboard_ne", "plating_military" ] },
      { "x": 0, "y": 4, "parts": [ "hdframe_vertical_2", "hdhalfboard_vertical", "tread3", "plating_military" ] },
      { "x": 1, "y": -4, "parts": [ "hdframe_vertical_2", "hdhalfboard_vertical", "tread3", "plating_military" ] },
      { "x": 1, "y": -3, "parts": [ "hdframe_vertical_2", "hdboard_vertical", "plating_military" ] },
      {
        "x": 1,
        "y": -2,
        "parts": [ "hdframe_vertical_2", "seat", "seatbelt_heavyduty", "controls", "cam_control", "vehicle_clock", "hdroof" ]
      },
      { "x": 1, "y": -1, "parts": [ "hdframe_vertical_2", "hdboard_nw", "plating_military" ] },
      { "x": 1, "y": 0, "parts": [ "hdframe_vertical_2", "hdhalfboard_vertical", "plating_military" ] },
      { "x": 1, "y": 1, "parts": [ "hdframe_vertical_2", "hdboard_ne", "plating_military" ] },
      { "x": 1, "y": 2, "parts": [ "hdframe_vertical_2", "aisle_vertical", "hdroof" ] },
      { "x": 1, "y": 3, "parts": [ "hdframe_vertical_2", "hdboard_vertical", "plating_military" ] },
      { "x": 1, "y": 4, "parts": [ "hdframe_vertical_2", "hdhalfboard_vertical", "tread3", "plating_military" ] },
      { "x": 2, "y": -4, "parts": [ "hdframe_vertical_2", "hdhalfboard_vertical", "tread3", "plating_military" ] },
      { "x": 2, "y": -3, "parts": [ "hdframe_vertical_2", "hdhalfboard_vertical", "plating_military" ] },
      { "x": 2, "y": -2, "parts": [ "hdframe_vertical_2", "hdhalfboard_horizontal", "plating_military" ] },
      { "x": 2, "y": -1, "parts": [ "hdframe_vertical_2", "hdhalfboard_horizontal", "plating_military" ] },
      { "x": 2, "y": 0, "parts": [ "hdframe_vertical_2", "hdhalfboard_vertical", "plating_military" ] },
      { "x": 2, "y": 1, "parts": [ "hdframe_vertical_2", "hdhalfboard_horizontal", "plating_military" ] },
      {
        "x": 2,
        "y": 2,
        "parts": [
          "hdframe_vertical_2",
          "seat",
          "seatbelt_heavyduty",
          "turret_mount",
          "mounted_browning",
          "cam_control",
          "hdroof",
          "plating_military"
        ]
      },
      { "x": 2, "y": 3, "parts": [ "hdframe_vertical_2", "hdhalfboard_vertical", "plating_military" ] },
      { "x": 2, "y": 4, "parts": [ "hdframe_vertical_2", "hdhalfboard_vertical", "tread3", "plating_military" ] },
      { "x": 3, "y": -4, "parts": [ "hdframe_vertical_2", "hdhalfboard_vertical", "tread3", "plating_military" ] },
      { "x": 3, "y": -3, "parts": [ "hdframe_vertical_2", "hdhalfboard_vertical", "plating_military" ] },
      { "x": 3, "y": -2, "parts": [ "hdframe_vertical_2", "hdhalfboard_horizontal", "plating_military" ] },
      { "x": 3, "y": -1, "parts": [ "hdframe_vertical_2", "hdhalfboard_horizontal", "plating_military" ] },
      { "x": 3, "y": 0, "parts": [ "hdframe_vertical_2", "hdhalfboard_vertical", "plating_military" ] },
      { "x": 3, "y": 1, "parts": [ "hdframe_vertical_2", "hdhalfboard_horizontal", "plating_military" ] },
      { "x": 3, "y": 2, "parts": [ "hdframe_vertical_2", "hdhalfboard_horizontal", "plating_military" ] },
      { "x": 3, "y": 3, "parts": [ "hdframe_vertical_2", "hdhalfboard_vertical", "plating_military" ] },
      { "x": 3, "y": 4, "parts": [ "hdframe_vertical_2", "hdhalfboard_vertical", "tread3", "plating_military" ] },
      { "x": 4, "y": -4, "parts": [ "hdframe_vertical_2", "hdhalfboard_vertical", "tread3", "plating_military" ] },
      {
        "x": 4,
        "y": -3,
        "parts": [ "hdframe_vertical_2", "hdhalfboard_vertical", "headlight_reinforced", "omnicam", "plating_military" ]
      },
      { "x": 4, "y": -2, "parts": [ "hdframe_vertical_2", "hdhalfboard_horizontal", "plating_military" ] },
      { "x": 4, "y": -1, "parts": [ "hdframe_vertical_2", "hdhalfboard_horizontal", "plating_military" ] },
      { "x": 4, "y": 0, "parts": [ "hdframe_vertical_2", "hdhalfboard_vertical", "plating_military" ] },
      { "x": 4, "y": 1, "parts": [ "hdframe_vertical_2", "hdhalfboard_horizontal", "plating_military" ] },
      { "x": 4, "y": 2, "parts": [ "hdframe_vertical_2", "hdhalfboard_horizontal", "plating_military" ] },
      {
        "x": 4,
        "y": 3,
        "parts": [ "hdframe_vertical_2", "hdhalfboard_vertical", "headlight_reinforced", "omnicam", "plating_military" ]
      },
      { "x": 4, "y": 4, "parts": [ "hdframe_vertical_2", "hdhalfboard_vertical", "tread3", "plating_military" ] },
      { "x": 5, "y": -4, "parts": [ "hdframe_vertical_2", "hdhalfboard_vertical", "plating_military" ] },
      { "x": 5, "y": -3, "parts": [ "hdframe_vertical_2", "hdhalfboard_vertical", "plating_military" ] },
      { "x": 5, "y": -2, "parts": [ "hdframe_vertical_2", "hdhalfboard_horizontal", "plating_military" ] },
      { "x": 5, "y": -1, "parts": [ "hdframe_vertical_2", "hdhalfboard_horizontal", "plating_military" ] },
      { "x": 5, "y": 0, "parts": [ "hdframe_vertical_2", "hdhalfboard_vertical", "plating_military" ] },
      { "x": 5, "y": 1, "parts": [ "hdframe_vertical_2", "hdhalfboard_horizontal", "plating_military" ] },
      { "x": 5, "y": 2, "parts": [ "hdframe_vertical_2", "hdhalfboard_horizontal", "plating_military" ] },
      { "x": 5, "y": 3, "parts": [ "hdframe_vertical_2", "hdhalfboard_vertical", "plating_military" ] },
      { "x": 5, "y": 4, "parts": [ "hdframe_vertical_2", "hdhalfboard_vertical", "plating_military" ] },
      { "x": 6, "y": 0, "parts": [ "hdframe_vertical_2", "hdhalfboard_vertical", "plating_military" ] }
    ],
    "items": [
      { "x": -2, "y": -4, "chance": 100, "items": [ "ear_plugs" ] },
      { "x": -2, "y": -4, "chance": 50, "items": [ "ear_plugs" ] },
      { "x": -2, "y": -4, "chance": 25, "items": [ "ear_plugs" ] },
      { "x": -2, "y": -4, "chance": 12, "items": [ "ear_plugs" ] },
      { "x": -2, "y": -1, "chance": 60, "items": [ "155mm_frag" ] },
      { "x": -2, "y": -1, "chance": 40, "items": [ "155mm_frag", "155mm_heat" ] },
      { "x": -2, "y": -1, "chance": 20, "items": [ "155mm_frag", "155mm_heat", "155mm_heat" ] },
      { "x": -2, "y": -1, "chance": 10, "items": [ "155mm_frag", "155mm_frag", "155mm_frag", "155mm_heat" ] },
      { "x": -2, "y": -1, "chance": 60, "items": [ "electric_primer_large" ] },
      { "x": -2, "y": -1, "chance": 40, "items": [ "electric_primer_large" ] },
      { "x": -2, "y": -1, "chance": 20, "items": [ "electric_primer_large" ] },
      { "x": -2, "y": -1, "chance": 10, "items": [ "electric_primer_large" ] },
      { "x": -4, "y": 0, "chance": 50, "item_groups": [ "fuel_diesel" ] },
      { "x": -4, "y": 0, "chance": 25, "item_groups": [ "fuel_diesel", "fuel_diesel" ] },
      { "x": -2, "y": 0, "chance": 60, "items": [ "155mm_frag" ] },
      { "x": -2, "y": 0, "chance": 40, "items": [ "155mm_frag", "155mm_heat" ] },
      { "x": -2, "y": 0, "chance": 20, "items": [ "155mm_frag", "155mm_heat", "155mm_heat" ] },
      { "x": -2, "y": 0, "chance": 10, "items": [ "155mm_frag", "155mm_frag", "155mm_heat", "155mm_heat" ] },
      { "x": -2, "y": 1, "chance": 60, "items": [ "155mm_heat" ] },
      { "x": -2, "y": 1, "chance": 40, "items": [ "155mm_frag", "155mm_heat" ] },
      { "x": -2, "y": 1, "chance": 20, "items": [ "155mm_frag", "155mm_heat", "155mm_heat" ] },
      { "x": -2, "y": 1, "chance": 10, "items": [ "155mm_frag", "155mm_frag", "155mm_heat", "155mm_heat" ] },
      { "x": 0, "y": 2, "chance": 60, "items": [ "50bmg" ] },
      { "x": 0, "y": 2, "chance": 40, "items": [ "50bmg", "50bmg" ] },
      { "x": 2, "y": 2, "chance": 2, "items": [ "id_military" ] },
      { "x": 2, "y": 2, "chance": 50, "items": [ "50bmg" ] },
      { "x": 2, "y": 2, "chance": 40, "items": [ "50bmg", "50bmg" ] },
      { "x": 2, "y": 2, "chance": 30, "items": [ "50bmg", "50bmg", "50bmg" ] }
    ]
  },
  {
    "type": "vehicle",
    "id": "mobile_gun_system",
    "name": "Mobile Gun System",
    "blueprint": [
      [ "---+----" ],
      [ "-=..+#'-" ],
      [ "|-t.|-|-" ],
      [ "-=#.+#|-" ],
      [ "--------" ]
    ],
    "parts": [
      { "x": -5, "y": -1, "parts": [ "hdframe_sw", "hdboard_sw", "plating_military" ] },
      { "x": -5, "y": 0, "parts": [ "hdframe_horizontal", "hdboard_horizontal", "plating_military" ] },
      { "x": -5, "y": 1, "parts": [ "hdframe_horizontal", "hdboard_horizontal", "omnicam", "plating_military" ] },
      { "x": -5, "y": 2, "parts": [ "hdframe_horizontal", "hdboard_horizontal", "muffler", "plating_military" ] },
      { "x": -5, "y": 3, "parts": [ "hdframe_se", "hdboard_se", "plating_military" ] },
      { "x": -4, "y": -1, "parts": [ "hdframe_vertical", "hdboard_vertical", "plating_military" ] },
      { "x": -4, "y": 0, "parts": [ "hdframe_vertical_2", "trunk", "hdroof" ] },
      {
        "x": -4,
        "y": 1,
        "parts": [ "hdframe_vertical_2", "hdboard_vertical", "diesel_engine_v6", "battery_car", "alternator_truck", "hdroof" ]
      },
      { "x": -4, "y": 2, "parts": [ "hdframe_vertical_2", "trunk", "hdroof" ] },
      { "x": -4, "y": 3, "parts": [ "hdframe_vertical", "hdboard_vertical", "plating_military" ] },
      {
        "x": -3,
        "y": -1,
        "parts": [ "hdframe_vertical", "hdboard_vertical", "wheel_mount_heavy", "wheel_armor", "plating_military" ]
      },
      { "x": -3, "y": 0, "parts": [ "hdframe_vertical_2", "aisle_horizontal", "hdroof" ] },
      {
        "x": -3,
        "y": 1,
        "parts": [ "hdframe_vertical_2", "hdboard_vertical", "turret_mount", "mounted_tank_rws", "hdroof" ]
      },
      { "x": -3, "y": 2, "parts": [ "hdframe_vertical_2", "seat", "hdroof" ] },
      {
        "x": -3,
        "y": 3,
        "parts": [ "hdframe_vertical", "wheel_mount_heavy", "wheel_armor", "hdboard_vertical", "plating_military" ]
      },
      {
        "x": -2,
        "y": -1,
        "parts": [ "hdframe_vertical", "door_opaque", "wheel_mount_heavy", "wheel_armor", "plating_military" ]
      },
      { "x": -2, "y": 0, "parts": [ "hdframe_vertical_2", "aisle_horizontal", "hdroof" ] },
      { "x": -2, "y": 1, "parts": [ "hdframe_vertical_2", "aisle_horizontal", "hdroof" ] },
      { "x": -2, "y": 2, "parts": [ "hdframe_vertical_2", "aisle_horizontal", "hdroof" ] },
      {
        "x": -2,
        "y": 3,
        "parts": [ "hdframe_vertical", "wheel_mount_heavy", "wheel_armor", "hdboard_vertical", "plating_military" ]
      },
      {
        "x": -1,
        "y": -1,
        "parts": [ "hdframe_vertical", "hdboard_vertical", "wheel_mount_heavy", "wheel_armor", "plating_military" ]
      },
      { "x": -1, "y": 0, "parts": [ "hdframe_vertical_2", "hdhatch", "hdroof" ] },
      { "x": -1, "y": 1, "parts": [ "hdframe_vertical_2", "hdboard_se", "hdroof", "plating_military" ] },
      { "x": -1, "y": 2, "parts": [ "hdframe_vertical_2", "aisle_horizontal", "hdroof" ] },
      {
        "x": -1,
        "y": 3,
        "parts": [ "hdframe_vertical", "wheel_mount_heavy", "wheel_armor", "hdboard_vertical", "plating_military" ]
      },
      {
        "x": 0,
        "y": -1,
        "parts": [ "hdframe_vertical", "wheel_mount_heavy_steerable", "wheel_armor", "hdboard_vertical", "plating_military" ]
      },
      {
        "x": 0,
        "y": 0,
        "parts": [
          "hdframe_vertical_2",
          "seat",
          "controls",
          "dashboard",
          "cam_control",
          "vehicle_clock",
          "seatbelt_heavyduty",
          "hdroof"
        ]
      },
      { "x": 0, "y": 1, "parts": [ "hdframe_vertical_2", "hdboard_vertical", "plating_military" ] },
      { "x": 0, "y": 2, "parts": [ "hdframe_vertical_2", "hdhatch", "hdroof" ] },
      {
        "x": 0,
        "y": 3,
        "parts": [ "hdframe_vertical", "wheel_mount_heavy_steerable", "wheel_armor", "hdboard_vertical", "plating_military" ]
      },
      { "x": 1, "y": -1, "parts": [ "hdframe_vertical", "hdboard_vertical", "omnicam", "plating_military" ] },
      {
        "x": 1,
        "y": 0,
        "parts": [ "hdframe_horizontal", "reinforced_windshield", "headlight_reinforced", "plating_military" ]
      },
      { "x": 1, "y": 1, "parts": [ "hdframe_horizontal", "hdboard_vertical", "plating_military" ] },
      {
        "x": 1,
        "y": 2,
        "parts": [
          "hdframe_horizontal",
          "seat",
          "seatbelt_heavyduty",
          "cam_control",
          "turret_mount",
          "mounted_browning",
          "hdroof",
          "plating_military"
        ]
      },
      { "x": 1, "y": 3, "parts": [ "hdframe_ne", "hdboard_vertical", "omnicam", "plating_military" ] },
      { "x": 2, "y": -1, "parts": [ "hdframe_vertical", "hdhalfboard_vertical", "plating_military" ] },
      { "x": 2, "y": 0, "parts": [ "hdframe_horizontal", "hdhalfboard_horizontal", "plating_military" ] },
      { "x": 2, "y": 1, "parts": [ "hdframe_horizontal", "hdhalfboard_horizontal", "horn_big", "plating_military" ] },
      {
        "x": 2,
        "y": 2,
        "parts": [ "hdframe_horizontal", "hdhalfboard_horizontal", "headlight_reinforced", "plating_military" ]
      },
      { "x": 2, "y": 3, "parts": [ "hdframe_ne", "hdhalfboard_vertical", "plating_military" ] },
      { "x": 3, "y": -1, "parts": [ "hdframe_nw", "hdhalfboard_nw", "plating_military" ] },
      { "x": 3, "y": 0, "parts": [ "hdframe_horizontal", "hdhalfboard_horizontal", "plating_military" ] },
      { "x": 3, "y": 1, "parts": [ "hdframe_horizontal", "hdhalfboard_horizontal", "plating_military" ] },
      { "x": 3, "y": 2, "parts": [ "hdframe_horizontal", "hdhalfboard_horizontal", "plating_military" ] },
      { "x": 3, "y": 3, "parts": [ "hdframe_ne", "hdhalfboard_ne", "plating_military" ] }
    ],
    "items": [
      { "x": -2, "y": -1, "chance": 100, "items": [ "ear_plugs" ] },
      { "x": -2, "y": -1, "chance": 50, "items": [ "ear_plugs" ] },
      { "x": -2, "y": -1, "chance": 25, "items": [ "ear_plugs" ] },
      { "x": -4, "y": 0, "chance": 50, "item_groups": [ "fuel_diesel" ] },
      { "x": -4, "y": 2, "chance": 75, "items": [ "120mm_usable_heat" ] },
      { "x": -4, "y": 2, "chance": 50, "items": [ "120mm_usable_heat", "120mm_usable_ap" ] },
      { "x": -4, "y": 2, "chance": 25, "items": [ "120mm_usable_heat", "120mm_usable_heat", "120mm_usable_ap" ] },
      {
        "x": -4,
        "y": 2,
        "chance": 12,
        "items": [ "120mm_usable_heat", "120mm_usable_heat", "120mm_usable_heat", "120mm_usable_ap" ]
      },
      { "x": -4, "y": 2, "chance": 75, "items": [ "electric_primer_large" ] },
      { "x": -4, "y": 2, "chance": 50, "items": [ "electric_primer_large" ] },
      { "x": 0, "y": 2, "chance": 2, "items": [ "id_military" ] },
      { "x": 0, "y": 2, "chance": 60, "items": [ "50bmg" ] },
      { "x": 0, "y": 2, "chance": 40, "items": [ "50bmg", "50bmg" ] },
      { "x": 0, "y": 2, "chance": 20, "items": [ "50bmg", "50bmg", "50bmg" ] },
      { "x": 0, "y": 2, "chance": 10, "items": [ "50bmg", "50bmg", "50bmg", "50bmg" ] }
    ]
  },
  {
    "type": "vehicle",
    "id": "tractor_bandit",
    "name": "Bandit Bulldozer",
    "blueprint": [
      [ "ooooo x" ],
      [ "|-+'||x" ],
      [ "'=#'||x" ],
      [ "|-+'||x" ],
      [ "ooooo x" ]
    ],
    "parts": [
      { "x": -2, "y": -2, "parts": [ "frame_horizontal", "tread2" ] },
      { "x": -2, "y": -1, "parts": [ "frame_horizontal", "halfboard_sw" ] },
      { "x": -2, "y": 0, "parts": [ "frame_horizontal", "windshield", "rebar_plate" ] },
      { "x": -2, "y": 1, "parts": [ "frame_horizontal", "halfboard_se" ] },
      { "x": -2, "y": 2, "parts": [ "frame_horizontal", "tread2" ] },
      { "x": -1, "y": -2, "parts": [ "frame_horizontal", "tread2" ] },
      { "x": -1, "y": -1, "parts": [ "frame_horizontal", "halfboard_vertical" ] },
      { "x": -1, "y": 0, "parts": [ "frame_horizontal", "trunk", "roof" ] },
      { "x": -1, "y": 1, "parts": [ "frame_horizontal", "halfboard_vertical" ] },
      { "x": -1, "y": 2, "parts": [ "frame_horizontal", "tread2" ] },
      { "x": 0, "y": -2, "parts": [ "frame_horizontal", "tread2" ] },
      { "x": 0, "y": -1, "parts": [ "frame_horizontal", "door", "roof" ] },
      {
        "x": 0,
        "y": 0,
        "parts": [ "frame_horizontal", "seat", "turret_mount", "flamethrower", "controls", "dashboard", "horn_big", "roof" ]
      },
      { "x": 0, "y": 1, "parts": [ "frame_horizontal", "door", "roof" ] },
      { "x": 0, "y": 2, "parts": [ "frame_horizontal", "tread2" ] },
      { "x": 1, "y": -2, "parts": [ "frame_horizontal", "tread2" ] },
      { "x": 1, "y": -1, "parts": [ "frame_horizontal", "windshield", "rebar_plate" ] },
      { "x": 1, "y": 0, "parts": [ "frame_horizontal", "windshield", "rebar_plate" ] },
      { "x": 1, "y": 1, "parts": [ "frame_horizontal", "windshield", "rebar_plate" ] },
      { "x": 1, "y": 2, "parts": [ "frame_horizontal", "tread2" ] },
      { "x": 2, "y": -2, "parts": [ "frame_horizontal", "tread2" ] },
      { "x": 2, "y": -1, "parts": [ "frame_horizontal", "halfboard_vertical" ] },
      {
        "x": 2,
        "y": 0,
        "parts": [ "frame_horizontal", "halfboard_cover", "engine_v6", "battery_car", "alternator_truck" ]
      },
      { "x": 2, "y": 1, "parts": [ "frame_horizontal", "halfboard_vertical" ] },
      { "x": 2, "y": 2, "parts": [ "frame_horizontal", "tread2" ] },
      { "x": 3, "y": -2, "parts": [ "frame_vertical" ] },
      { "x": 3, "y": -1, "parts": [ "frame_horizontal", "halfboard_nw" ] },
      { "x": 3, "y": 0, "parts": [ "frame_horizontal", "halfboard_horizontal" ] },
      { "x": 3, "y": 1, "parts": [ "frame_horizontal", "halfboard_ne" ] },
      { "x": 3, "y": 2, "parts": [ "frame_vertical" ] },
      { "x": 4, "y": -2, "parts": [ "ram_spiked" ] },
      { "x": 4, "y": -1, "parts": [ "ram_spiked" ] },
      { "x": 4, "y": 0, "parts": [ "ram_spiked" ] },
      { "x": 4, "y": 1, "parts": [ "ram_spiked" ] },
      { "x": 4, "y": 2, "parts": [ "ram_spiked" ] }
    ],
    "items": [ { "x": -1, "y": 0, "chance": 25, "item_groups": "fuel_gasoline" } ]
  },
  {
    "type": "vehicle",
    "id": "tractor_heavy_seed",
    "name": "Heavy Planter Tractor",
    "blueprint": [
      [ "&ooooo " ],
      [ "H|-+'||" ],
      [ "&'=#'||" ],
      [ "H|-+'||" ],
      [ "&ooooo " ]
    ],
    "parts": [
      { "x": -3, "y": -2, "parts": [ "seed_drill" ] },
      { "x": -3, "y": -1, "parts": [ "frame_horizontal" ] },
      { "x": -3, "y": 0, "parts": [ "seed_drill" ] },
      { "x": -3, "y": 1, "parts": [ "frame_horizontal" ] },
      { "x": -3, "y": 2, "parts": [ "seed_drill" ] },
      { "x": -2, "y": -2, "parts": [ "frame_horizontal", "tread1" ] },
      { "x": -2, "y": -1, "parts": [ "frame_horizontal", "board_sw" ] },
      { "x": -2, "y": 0, "parts": [ "frame_horizontal", "windshield" ] },
      { "x": -2, "y": 1, "parts": [ "frame_horizontal", "board_se" ] },
      { "x": -2, "y": 2, "parts": [ "frame_horizontal", "tread1" ] },
      { "x": -1, "y": -2, "parts": [ "frame_horizontal", "tread1" ] },
      { "x": -1, "y": -1, "parts": [ "frame_horizontal", "board_vertical" ] },
      { "x": -1, "y": 0, "parts": [ "frame_horizontal", "trunk", "roof" ] },
      { "x": -1, "y": 1, "parts": [ "frame_horizontal", "board_vertical" ] },
      { "x": -1, "y": 2, "parts": [ "frame_horizontal", "tread1" ] },
      { "x": 0, "y": -2, "parts": [ "frame_horizontal", "tread1" ] },
      { "x": 0, "y": -1, "parts": [ "frame_horizontal", "door", "roof" ] },
      { "x": 0, "y": 0, "parts": [ "frame_horizontal", "seat", "controls", "dashboard", "horn_big", "roof" ] },
      { "x": 0, "y": 1, "parts": [ "frame_horizontal", "door", "roof" ] },
      { "x": 0, "y": 2, "parts": [ "frame_horizontal", "tread1" ] },
      { "x": 1, "y": -2, "parts": [ "frame_horizontal", "tread1" ] },
      { "x": 1, "y": -1, "parts": [ "frame_horizontal", "windshield" ] },
      { "x": 1, "y": 0, "parts": [ "frame_horizontal", "windshield" ] },
      { "x": 1, "y": 1, "parts": [ "frame_horizontal", "windshield" ] },
      { "x": 1, "y": 2, "parts": [ "frame_horizontal", "tread1" ] },
      { "x": 2, "y": -2, "parts": [ "wing_mirror" ] },
      { "x": 2, "y": -1, "parts": [ "frame_horizontal", "halfboard_vertical" ] },
      {
        "x": 2,
        "y": 0,
        "parts": [ "frame_horizontal", "halfboard_cover", "diesel_engine_v6", "battery_car", "alternator_truck" ]
      },
      { "x": 2, "y": 1, "parts": [ "frame_horizontal", "halfboard_vertical", "muffler" ] },
      { "x": 2, "y": 2, "parts": [ "wing_mirror" ] },
      { "x": 3, "y": -1, "parts": [ "frame_horizontal", "halfboard_nw" ] },
      { "x": 3, "y": 0, "parts": [ "frame_horizontal", "halfboard_horizontal" ] },
      { "x": 3, "y": 1, "parts": [ "frame_horizontal", "halfboard_ne" ] }
    ],
    "items": [ { "x": -1, "y": 0, "chance": 15, "item_groups": "farming_tools" } ]
  },
  {
    "type": "vehicle",
    "id": "tractor_heavy_plow",
    "name": "Heavy Plow Tractor",
    "blueprint": [
      [ "&ooooo " ],
      [ "H|-+'||" ],
      [ "&'=#'||" ],
      [ "H|-+'||" ],
      [ "&ooooo " ]
    ],
    "parts": [
      { "x": -3, "y": -2, "parts": [ "frame_horizontal", "plow" ] },
      { "x": -3, "y": -1, "parts": [ "frame_horizontal" ] },
      { "x": -3, "y": 0, "parts": [ "frame_horizontal", "plow" ] },
      { "x": -3, "y": 1, "parts": [ "frame_horizontal" ] },
      { "x": -3, "y": 2, "parts": [ "frame_horizontal", "plow" ] },
      { "x": -2, "y": -2, "parts": [ "frame_horizontal", "tread1" ] },
      { "x": -2, "y": -1, "parts": [ "frame_horizontal", "board_sw" ] },
      { "x": -2, "y": 0, "parts": [ "frame_horizontal", "windshield" ] },
      { "x": -2, "y": 1, "parts": [ "frame_horizontal", "board_se" ] },
      { "x": -2, "y": 2, "parts": [ "frame_horizontal", "tread1" ] },
      { "x": -1, "y": -2, "parts": [ "frame_horizontal", "tread1" ] },
      { "x": -1, "y": -1, "parts": [ "frame_horizontal", "board_vertical" ] },
      { "x": -1, "y": 0, "parts": [ "frame_horizontal", "trunk", "roof" ] },
      { "x": -1, "y": 1, "parts": [ "frame_horizontal", "board_vertical" ] },
      { "x": -1, "y": 2, "parts": [ "frame_horizontal", "tread1" ] },
      { "x": 0, "y": -2, "parts": [ "frame_horizontal", "tread1" ] },
      { "x": 0, "y": -1, "parts": [ "frame_horizontal", "door", "roof" ] },
      { "x": 0, "y": 0, "parts": [ "frame_horizontal", "seat", "controls", "dashboard", "horn_big", "roof" ] },
      { "x": 0, "y": 1, "parts": [ "frame_horizontal", "door", "roof" ] },
      { "x": 0, "y": 2, "parts": [ "frame_horizontal", "tread1" ] },
      { "x": 1, "y": -2, "parts": [ "frame_horizontal", "tread1" ] },
      { "x": 1, "y": -1, "parts": [ "frame_horizontal", "windshield" ] },
      { "x": 1, "y": 0, "parts": [ "frame_horizontal", "windshield" ] },
      { "x": 1, "y": 1, "parts": [ "frame_horizontal", "windshield" ] },
      { "x": 1, "y": 2, "parts": [ "frame_horizontal", "tread1" ] },
      { "x": 2, "y": -2, "parts": [ "wing_mirror" ] },
      { "x": 2, "y": -1, "parts": [ "frame_horizontal", "halfboard_vertical" ] },
      {
        "x": 2,
        "y": 0,
        "parts": [ "frame_horizontal", "halfboard_cover", "diesel_engine_v6", "battery_car", "alternator_truck" ]
      },
      { "x": 2, "y": 1, "parts": [ "frame_horizontal", "halfboard_vertical", "muffler" ] },
      { "x": 2, "y": 2, "parts": [ "wing_mirror" ] },
      { "x": 3, "y": -1, "parts": [ "frame_horizontal", "halfboard_nw" ] },
      { "x": 3, "y": 0, "parts": [ "frame_horizontal", "halfboard_horizontal" ] },
      { "x": 3, "y": 1, "parts": [ "frame_horizontal", "halfboard_ne" ] }
    ],
    "items": [ { "x": -1, "y": 0, "chance": 15, "item_groups": "farming_tools" } ]
  },
  {
    "type": "vehicle",
    "id": "tractor_heavy_reaper",
    "name": "Heavy Reaper Tractor",
    "blueprint": [
      [ "&ooooo " ],
      [ "H|-+'||" ],
      [ "&'=#'||" ],
      [ "H|-+'||" ],
      [ "&ooooo " ]
    ],
    "parts": [
      { "x": -3, "y": -2, "parts": [ "reaper" ] },
      { "x": -3, "y": -1, "parts": [ "frame_horizontal" ] },
      { "x": -3, "y": 0, "parts": [ "reaper" ] },
      { "x": -3, "y": 1, "parts": [ "frame_horizontal" ] },
      { "x": -3, "y": 2, "parts": [ "reaper" ] },
      { "x": -2, "y": -2, "parts": [ "frame_horizontal", "tread1" ] },
      { "x": -2, "y": -1, "parts": [ "frame_horizontal", "board_sw" ] },
      { "x": -2, "y": 0, "parts": [ "frame_horizontal", "windshield" ] },
      { "x": -2, "y": 1, "parts": [ "frame_horizontal", "board_se" ] },
      { "x": -2, "y": 2, "parts": [ "frame_horizontal", "tread1" ] },
      { "x": -1, "y": -2, "parts": [ "frame_horizontal", "tread1" ] },
      { "x": -1, "y": -1, "parts": [ "frame_horizontal", "board_vertical" ] },
      { "x": -1, "y": 0, "parts": [ "frame_horizontal", "trunk", "roof" ] },
      { "x": -1, "y": 1, "parts": [ "frame_horizontal", "board_vertical" ] },
      { "x": -1, "y": 2, "parts": [ "frame_horizontal", "tread1" ] },
      { "x": 0, "y": -2, "parts": [ "frame_horizontal", "tread1" ] },
      { "x": 0, "y": -1, "parts": [ "frame_horizontal", "door", "roof" ] },
      { "x": 0, "y": 0, "parts": [ "frame_horizontal", "seat", "controls", "dashboard", "horn_big", "roof" ] },
      { "x": 0, "y": 1, "parts": [ "frame_horizontal", "door", "roof" ] },
      { "x": 0, "y": 2, "parts": [ "frame_horizontal", "tread1" ] },
      { "x": 1, "y": -2, "parts": [ "frame_horizontal", "tread1" ] },
      { "x": 1, "y": -1, "parts": [ "frame_horizontal", "windshield" ] },
      { "x": 1, "y": 0, "parts": [ "frame_horizontal", "windshield" ] },
      { "x": 1, "y": 1, "parts": [ "frame_horizontal", "windshield" ] },
      { "x": 1, "y": 2, "parts": [ "frame_horizontal", "tread1" ] },
      { "x": 2, "y": -2, "parts": [ "wing_mirror" ] },
      { "x": 2, "y": -1, "parts": [ "frame_horizontal", "halfboard_vertical" ] },
      {
        "x": 2,
        "y": 0,
        "parts": [ "frame_horizontal", "halfboard_cover", "diesel_engine_v6", "battery_car", "alternator_truck" ]
      },
      { "x": 2, "y": 1, "parts": [ "frame_horizontal", "halfboard_vertical", "muffler" ] },
      { "x": 2, "y": 2, "parts": [ "wing_mirror" ] },
      { "x": 3, "y": -1, "parts": [ "frame_horizontal", "halfboard_nw" ] },
      { "x": 3, "y": 0, "parts": [ "frame_horizontal", "halfboard_horizontal" ] },
      { "x": 3, "y": 1, "parts": [ "frame_horizontal", "halfboard_ne" ] }
    ],
    "items": [ { "x": -1, "y": 0, "chance": 15, "item_groups": "farming_tools" } ]
  },
  {
    "type": "vehicle",
    "id": "ifv",
    "name": "Infantry Fighting Vehicle",
    "blueprint": [
      [ "ooooooooo" ],
      [ "|##.+#'||" ],
      [ "|x#.--|||" ],
      [ "+...+#--|" ],
      [ "|x#.--|||" ],
      [ "|##...+#|" ],
      [ "ooooooooo" ]
    ],
    "parts": [
      { "x": -5, "y": -3, "parts": [ "hdframe_vertical_2", "hdboard_vertical", "omnicam", "plating_military" ] },
      { "x": -5, "y": -2, "parts": [ "hdframe_vertical_2", "hdboard_horizontal", "muffler", "plating_military" ] },
      { "x": -5, "y": -1, "parts": [ "hdframe_vertical_2", "hdboard_horizontal", "plating_military" ] },
      { "x": -5, "y": 0, "parts": [ "hdframe_vertical_2", "door_opaque", "hdroof", "plating_military" ] },
      { "x": -5, "y": 1, "parts": [ "hdframe_vertical_2", "hdboard_horizontal", "plating_military" ] },
      { "x": -5, "y": 2, "parts": [ "hdframe_vertical_2", "hdboard_horizontal", "muffler", "plating_military" ] },
      { "x": -5, "y": 3, "parts": [ "hdframe_vertical_2", "hdboard_vertical", "omnicam", "plating_military" ] },
      { "x": -4, "y": -3, "parts": [ "hdframe_vertical_2", "hdboard_vertical", "tread3", "plating_military" ] },
      { "x": -4, "y": -2, "parts": [ "hdframe_vertical_2", "seat", "hdroof" ] },
      { "x": -4, "y": -1, "parts": [ "hdframe_vertical_2", "trunk_floor", "hdroof" ] },
      { "x": -4, "y": 0, "parts": [ "hdframe_vertical_2", "aisle_vertical", "hdroof" ] },
      { "x": -4, "y": 1, "parts": [ "hdframe_vertical_2", "trunk_floor", "hdroof" ] },
      { "x": -4, "y": 2, "parts": [ "hdframe_vertical_2", "seat", "hdroof" ] },
      { "x": -4, "y": 3, "parts": [ "hdframe_vertical_2", "hdboard_vertical", "tread3", "plating_military" ] },
      { "x": -3, "y": -3, "parts": [ "hdframe_vertical_2", "hdboard_vertical", "tread3", "plating_military" ] },
      { "x": -3, "y": -2, "parts": [ "hdframe_vertical_2", "seat", "hdroof" ] },
      { "x": -3, "y": -1, "parts": [ "hdframe_vertical_2", "seat", "hdroof" ] },
      { "x": -3, "y": 0, "parts": [ "hdframe_vertical_2", "aisle_vertical", "hdroof" ] },
      { "x": -3, "y": 1, "parts": [ "hdframe_vertical_2", "seat", "hdroof" ] },
      { "x": -3, "y": 2, "parts": [ "hdframe_vertical_2", "seat", "hdroof" ] },
      { "x": -3, "y": 3, "parts": [ "hdframe_vertical_2", "hdboard_vertical", "tread3", "plating_military" ] },
      { "x": -2, "y": -3, "parts": [ "hdframe_vertical_2", "hdboard_vertical", "tread3", "plating_military" ] },
      { "x": -2, "y": -2, "parts": [ "hdframe_vertical_2", "aisle_vertical", "hdroof" ] },
      { "x": -2, "y": -1, "parts": [ "hdframe_vertical_2", "aisle_vertical", "hdroof" ] },
      { "x": -2, "y": 0, "parts": [ "hdframe_vertical_2", "aisle_vertical", "hdroof" ] },
      { "x": -2, "y": 1, "parts": [ "hdframe_vertical_2", "aisle_vertical", "hdroof" ] },
      { "x": -2, "y": 2, "parts": [ "hdframe_vertical_2", "aisle_vertical", "hdroof" ] },
      { "x": -2, "y": 3, "parts": [ "hdframe_vertical_2", "hdboard_vertical", "tread3", "plating_military" ] },
      { "x": -1, "y": -3, "parts": [ "hdframe_vertical_2", "hdboard_vertical", "tread3", "plating_military" ] },
      { "x": -1, "y": -2, "parts": [ "hdframe_vertical_2", "hdhatch", "hdroof" ] },
      { "x": -1, "y": -1, "parts": [ "hdframe_vertical_2", "hdboard_sw", "plating_military" ] },
      { "x": -1, "y": 0, "parts": [ "hdframe_vertical_2", "hdhatch", "hdroof" ] },
      { "x": -1, "y": 1, "parts": [ "hdframe_vertical_2", "hdboard_se", "plating_military" ] },
      { "x": -1, "y": 2, "parts": [ "hdframe_vertical_2", "aisle_vertical", "hdroof" ] },
      { "x": -1, "y": 3, "parts": [ "hdframe_vertical_2", "hdboard_vertical", "tread3", "plating_military" ] },
      { "x": 0, "y": -3, "parts": [ "hdframe_vertical_2", "hdboard_vertical", "tread3", "plating_military" ] },
      {
        "x": 0,
        "y": -2,
        "parts": [
          "hdframe_vertical_2",
          "seat",
          "seatbelt_heavyduty",
          "turret_mount",
          "tow_turret",
          "controls",
          "dashboard",
          "cam_control",
          "vehicle_clock",
          "horn_big",
          "hdroof"
        ]
      },
      {
        "x": 0,
        "y": -1,
        "parts": [ "hdframe_vertical_2", "hdboard_vertical", "diesel_engine_v8", "alternator_truck", "storage_battery" ]
      },
      {
        "x": 0,
        "y": 0,
        "parts": [
          "hdframe_vertical_2",
          "seat",
          "seatbelt_heavyduty",
          "cam_control",
          "turret_mount",
          "mounted_30mm_autocannon",
          "vehicle_clock",
          "hdroof"
        ]
      },
      {
        "x": 0,
        "y": 1,
        "parts": [
          "hdframe_vertical_2",
          "hdboard_vertical",
          "diesel_engine_v8",
          "alternator_truck",
          "storage_battery",
          "plating_military"
        ]
      },
      { "x": 0, "y": 2, "parts": [ "hdframe_vertical_2", "aisle_vertical", "hdroof" ] },
      { "x": 0, "y": 3, "parts": [ "hdframe_vertical_2", "hdboard_vertical", "tread3", "plating_military" ] },
      { "x": 1, "y": -3, "parts": [ "hdframe_vertical_2", "hdboard_vertical", "tread3", "plating_military" ] },
      { "x": 1, "y": -2, "parts": [ "hdframe_vertical_2", "reinforced_windshield", "plating_military" ] },
      {
        "x": 1,
        "y": -1,
        "parts": [ "hdframe_vertical_2", "hdboard_nw", "diesel_engine_v8", "alternator_truck", "storage_battery", "plating_military" ]
      },
      { "x": 1, "y": 0, "parts": [ "hdframe_vertical_2", "hdhalfboard_vertical", "plating_military" ] },
      {
        "x": 1,
        "y": 1,
        "parts": [ "hdframe_vertical_2", "hdboard_ne", "diesel_engine_v8", "alternator_truck", "storage_battery", "plating_military" ]
      },
      { "x": 1, "y": 2, "parts": [ "hdframe_vertical_2", "hdhatch", "hdroof", "plating_military" ] },
      { "x": 1, "y": 3, "parts": [ "hdframe_vertical_2", "hdboard_vertical", "tread3", "plating_military" ] },
      {
        "x": 2,
        "y": -3,
        "parts": [ "hdframe_vertical_2", "hdhalfboard_vertical", "tread3", "omnicam", "plating_military" ]
      },
      {
        "x": 2,
        "y": -2,
        "parts": [ "hdframe_vertical_2", "hdhalfboard_horizontal", "headlight_reinforced", "plating_military" ]
      },
      { "x": 2, "y": -1, "parts": [ "hdframe_vertical_2", "hdhalfboard_horizontal", "plating_military" ] },
      { "x": 2, "y": 0, "parts": [ "hdframe_vertical_2", "hdhalfboard_vertical", "plating_military" ] },
      { "x": 2, "y": 1, "parts": [ "hdframe_vertical_2", "hdhalfboard_horizontal", "plating_military" ] },
      {
        "x": 2,
        "y": 2,
        "parts": [
          "hdframe_vertical_2",
          "seat",
          "seatbelt_heavyduty",
          "turret_mount",
          "mounted_m240",
          "cam_control",
          "headlight_reinforced",
          "hdroof",
          "plating_military"
        ]
      },
      {
        "x": 2,
        "y": 3,
        "parts": [ "hdframe_vertical_2", "hdhalfboard_vertical", "tread3", "omnicam", "plating_military" ]
      },
      { "x": 3, "y": -3, "parts": [ "hdframe_vertical_2", "hdhalfboard_vertical", "plating_military" ] },
      { "x": 3, "y": -2, "parts": [ "hdframe_vertical_2", "hdhalfboard_horizontal", "plating_military" ] },
      { "x": 3, "y": -1, "parts": [ "hdframe_vertical_2", "hdhalfboard_horizontal", "plating_military" ] },
      { "x": 3, "y": 0, "parts": [ "hdframe_vertical_2", "hdhalfboard_horizontal", "plating_military" ] },
      { "x": 3, "y": 1, "parts": [ "hdframe_vertical_2", "hdhalfboard_horizontal", "plating_military" ] },
      { "x": 3, "y": 2, "parts": [ "hdframe_vertical_2", "hdhalfboard_horizontal", "plating_military" ] },
      { "x": 3, "y": 3, "parts": [ "hdframe_vertical_2", "hdhalfboard_vertical", "plating_military" ] }
    ],
    "items": [
      { "x": -1, "y": -2, "chance": 50, "items": [ "atgm_heat" ] },
      { "x": -1, "y": -2, "chance": 25, "items": [ "atgm_heat", "atgm_heat" ] },
      { "x": -1, "y": -2, "chance": 12, "items": [ "atgm_heat", "atgm_heat", "atgm_heat" ] },
      { "x": -4, "y": -1, "chance": 50, "item_groups": [ "fuel_diesel" ] },
      { "x": -5, "y": 0, "chance": 100, "items": [ "ear_plugs" ] },
      { "x": -5, "y": 0, "chance": 50, "items": [ "ear_plugs" ] },
      { "x": -5, "y": 0, "chance": 25, "items": [ "ear_plugs" ] },
      { "x": -1, "y": 0, "chance": 50, "items": [ "belt30mm" ] },
      { "x": -1, "y": 0, "chance": 25, "items": [ "belt30mm", "30mm_hedp" ] },
      { "x": -1, "y": 0, "chance": 25, "items": [ "30mm_hei" ] },
      { "x": -1, "y": 0, "chance": 12, "items": [ "belt30mm", "belt30mm", "30mm_hedp" ] },
      { "x": -1, "y": 0, "chance": 12, "items": [ "belt30mm", "30mm_hei" ] },
      { "x": -1, "y": 0, "chance": 6, "items": [ "belt30mm", "belt30mm", "30mm_hedp", "30mm_hedp" ] },
      { "x": -1, "y": 0, "chance": 6, "items": [ "belt30mm", "30mm_hei", "30mm_hei" ] },
      { "x": -4, "y": 1, "chance": 60, "items": [ "30mm_hedp" ] },
      { "x": -4, "y": 1, "chance": 40, "items": [ "belt30mm", "30mm_hedp" ] },
      { "x": -4, "y": 1, "chance": 20, "items": [ "belt30mm", "30mm_hedp", "30mm_hedp" ] },
      { "x": -4, "y": 1, "chance": 20, "items": [ "30mm_hei" ] },
      { "x": -4, "y": 1, "chance": 60, "items": [ "electric_primer" ] },
      { "x": -4, "y": 1, "chance": 40, "items": [ "electric_primer" ] },
      { "x": -4, "y": 1, "chance": 20, "items": [ "electric_primer" ] },
      { "x": 1, "y": 2, "chance": 5, "items": [ "id_military" ] },
      { "x": 1, "y": 2, "chance": 50, "items": [ "762_51" ] },
      { "x": 1, "y": 2, "chance": 25, "items": [ "762_51", "762_51" ] }
    ]
  }
]
