[
  {
    "type": "AMMO",
    "id": "nailshot",
    "category": "spare_parts",
    "price": 1000,
    "name": { "str": "nail shot" },
    "symbol": "=",
    "color": "cyan",
    "description": "A handful of nails bundled together to produce ammunition that spreads like other forms of shot.",
    "material": "iron",
    "volume": 1,
    "weight": "1 g",
    "bashing": 0,
    "cutting": 2,
    "to_hit": 0,
    "ammo_type": "nailshot",
    "casing": "nailshot",
    "damage": { "damage_type": "bullet", "amount": 4, "pierce": 3 },
    "range": 3,
    "dispersion": 32,
    "recoil": 5,
    "count": 1,
    "stack_size": 1,
    "effects": [ "COOKOFF", "SHOT", "NEVER_MISFIRES" ]
  },
  {
    "type": "AMMO",
    "id": "splinters",
    "category": "spare_parts",
    "price": 75,
    "name": { "str": "wooden splinters" },
    "symbol": "=",
    "color": "brown",
    "description": "A box of wooden splinters.  Still not usable for much.",
    "material": "wood",
    "volume": 1,
    "weight": "2 g",
    "bashing": 0,
    "cutting": 1,
    "to_hit": 0,
    "ammo_type": "splintammo",
    "casing": "splintammo",
    "damage": { "damage_type": "bullet", "amount": 6, "pierce": 2 },
    "range": 6,
    "dispersion": 22,
    "recoil": 1,
    "count": 100
  },
  {
    "type": "AMMO",
    "id": "ammopvc",
    "category": "spare_parts",
    "price": 3000,
    "name": { "str": "PVC shards" },
    "symbol": "=",
    "color": "white",
    "description": "A box of segments PVC pipe that have been cut into small shards.  These are small enough to be fired from a nailgun.",
    "material": "plastic",
    "volume": 1,
    "weight": "2 g",
    "bashing": 1,
    "cutting": 0,
    "to_hit": 0,
    "ammo_type": "nail",
    "casing": "ammopvc",
    "damage": { "damage_type": "bullet", "amount": 6, "pierce": 4 },
    "range": 5,
    "dispersion": 32,
    "recoil": 3,
    "count": 100
  }
]
