[
  {
    "type": "ARMOR",
    "id": "modular_helmet",
    "name": { "str": "modular helmet" },
    "weight": "1844 g",
    "color": "dark_gray",
    "covers": [ "HEAD", "MOUTH", "EYES" ],
    "techniques": [ "WBLOCK_1" ],
    "to_hit": -2,
    "storage": 0,
    "symbol": "[",
    "description": "A helmet that covers your whole head.  Unfortunately, the modular chin is stuck in the down position, but it's better than nothing.  It even includes a sun visor.",
    "price": 35500,
    "material": "plastic",
    "volume": 6,
    "cutting": 0,
    "warmth": 12,
    "phase": "solid",
    "environmental_protection": 3,
    "encumbrance": 2,
    "bashing": 8,
    "coverage": 95,
    "material_thickness": 4,
    "flags": [ "SUN_GLASSES" ]
  },
  {
    "type": "ARMOR",
    "id": "motobike_armor",
    "name": { "str": "motorcycle armor" },
    "weight": "2125 g",
    "color": "dark_gray",
    "covers": [ "TORSO", "ARMS" ],
    "to_hit": 0,
    "storage": 2,
    "symbol": "[",
    "description": "A suit of armor to be used by dirt bikers and motorcyclists.  It has a small pocket intended for you to put your keys and your wallet, if you had some.",
    "price": 43000,
    "material": [ "plastic", "cotton" ],
    "volume": 4,
    "cutting": 0,
    "warmth": 6,
    "phase": "solid",
    "environmental_protection": 2,
    "encumbrance": 0,
    "bashing": 8,
    "coverage": 95,
    "material_thickness": 4,
    "flags": [ "VARSIZE" ]
  },
  {
    "type": "ARMOR",
    "id": "motobike_pants",
    "name": { "str": "motorcycle pants" },
    "weight": "1340 g",
    "color": "dark_gray",
    "covers": [ "LEGS" ],
    "to_hit": 0,
    "storage": 0,
    "symbol": "[",
    "description": "A pair of pants designed for dirt bikers and motorcyclists.",
    "price": 43000,
    "material": [ "plastic", "cotton" ],
    "volume": 3,
    "cutting": 0,
    "warmth": 6,
    "phase": "solid",
    "environmental_protection": 2,
    "encumbrance": 0,
    "bashing": 0,
    "coverage": 100,
    "material_thickness": 3
  },
  {
    "type": "ARMOR",
    "id": "motobike_boots",
    "name": { "str": "motorcycle boots" },
    "weight": "2125 g",
    "color": "dark_gray",
    "covers": [ "FEET" ],
    "to_hit": 0,
    "storage": 0,
    "symbol": "[",
    "description": "A pair of strengthened boots to be used by dirt bikers and motorcyclists.",
    "price": 28000,
    "material": [ "plastic", "cotton" ],
    "volume": 8,
    "cutting": 0,
    "warmth": 6,
    "phase": "solid",
    "environmental_protection": 3,
    "encumbrance": 2,
    "bashing": 5,
    "coverage": 100,
    "material_thickness": 4,
    "flags": [ "VARSIZE" ]
  },
  {
    "type": "ARMOR",
    "id": "etshirt",
    "name": { "str": "E&T shirt" },
    "weight": "110 g",
    "color": "white",
    "covers": [ "TORSO" ],
    "to_hit": 0,
    "storage": 1,
    "symbol": "[",
    "description": "An Estilo & Thames T-shirt.",
    "price": 14000,
    "material": [ "superfabric", "null" ],
    "volume": 2,
    "cutting": 0,
    "warmth": 11,
    "phase": "solid",
    "environmental_protection": 1,
    "encumbrance": 0,
    "bashing": 0,
    "flags": [ "VARSIZE" ],
    "coverage": 90,
    "material_thickness": 1
  },
  {
    "type": "ARMOR",
    "id": "etpants",
    "name": { "str": "E&T pants" },
    "weight": "450 g",
    "color": "brown",
    "covers": [ "LEGS" ],
    "to_hit": 0,
    "storage": 4,
    "symbol": "[",
    "description": "A pair of Estilo & Thames pants.",
    "price": 15000,
    "material": [ "superfabric", "null" ],
    "volume": 6,
    "cutting": 0,
    "warmth": 20,
    "phase": "solid",
    "environmental_protection": 2,
    "encumbrance": 0,
    "bashing": 0,
    "flags": [ "VARSIZE", "POCKETS" ],
    "coverage": 90,
    "material_thickness": 2
  },
  {
    "type": "ARMOR",
    "id": "rags_face",
    "name": { "str": "face rags" },
    "weight": "220 g",
    "color": "dark_gray",
    "covers": [ "HEAD", "MOUTH" ],
    "to_hit": -2,
    "storage": 0,
    "symbol": "[",
    "description": "Rags that you can wrap around your face.",
    "price": 100,
    "material": "cotton",
    "volume": 1,
    "cutting": 0,
    "warmth": 8,
    "phase": "solid",
    "environmental_protection": 4,
    "encumbrance": 0,
    "bashing": 0,
    "coverage": 65,
    "material_thickness": 3
  }
]
