[
  {
    "type": "BOOK",
    "id": "notebook_nail",
    "name": { "str": "nail notebook" },
    "max_level": 1,
    "description": "A small notebook with some drawings of constructions that can be created with nails.  Worth a read if you have extra nails around.  It also includes some scribblings on nail guns as well.",
    "volume": "250 ml",
    "weight": "45 g",
    "to_hit": 0,
    "color": "light_green",
    "intelligence": 6,
    "symbol": "?",
    "material": [ "paper", "null" ],
    "bashing": 0,
    "cutting": 0,
    "time": 20,
    "fun": 0,
    "skill": "fabrication",
    "price": 1000,
    "required_level": 0,
    "chapters": 1
  }
]
