[
  {
    "type": "GENERIC",
    "id": "enketoken",
    "name": { "str": "Enke Token" },
    "description": "A token with a picture of a person with the word \"Enke\" imprinted on it.  You feel that this has a strange connection to some items.",
    "weight": "1 g",
    "to_hit": -2,
    "color": "blue",
    "symbol": "o",
    "material": [ "steel", "null" ],
    "volume": 0,
    "bashing": 0,
    "cutting": 0,
    "price": 0
  },
  {
    "type": "GENERIC",
    "id": "critmedictoken",
    "name": { "str": "CritMedic Token" },
    "description": "A token with a picture of a person with the word \"CritMedic\" imprinted on it.  On the opposite side it says \"Spiky Chitin Sword\".",
    "weight": "1 g",
    "to_hit": -2,
    "color": "blue",
    "symbol": "o",
    "material": [ "steel", "null" ],
    "volume": 0,
    "bashing": 0,
    "cutting": 0,
    "price": 0
  },
  {
    "type": "GENERIC",
    "id": "slaxtoken",
    "name": { "str": "Slax Token" },
    "description": "A token with a picture of a person with the word \"Slax\" imprinted on it.  On the opposite side it says \"Bone Dagger; Spike Bat; Blade Bat; face rags\".",
    "weight": "1 g",
    "to_hit": -2,
    "color": "blue",
    "symbol": "o",
    "material": [ "steel", "null" ],
    "volume": 0,
    "bashing": 0,
    "cutting": 0,
    "price": 0
  },
  {
    "type": "GENERIC",
    "id": "devtoken",
    "name": { "str": "Developer Token" },
    "description": "A token with a picture of a group of people person with the word \"Developers\" imprinted on it.  You feel it has a strange connection to everything.  On the opposite side it says \"Cataclysm: Dark Days Ahead\" and \"Thanks!\" What the hell is Cataclysm: Dark Days Ahead?",
    "weight": "1 g",
    "to_hit": -2,
    "color": "blue",
    "symbol": "o",
    "material": [ "steel", "null" ],
    "volume": 0,
    "bashing": 0,
    "cutting": 0,
    "price": 0
  },
  {
    "type": "GENERIC",
    "id": "nailball",
    "symbol": "*",
    "color": "cyan",
    "name": { "str": "nail ball" },
    "description": "A handful of nails taped together with the nails facing outwards.  Makes a nice throwing weapon.",
    "price": 50,
    "material": "iron",
    "weight": "150 g",
    "volume": 1,
    "bashing": 4,
    "cutting": 6,
    "to_hit": 0
  },
  {
    "id": "shotgun_sawn_barrel",
    "type": "GENERIC",
    "symbol": "|",
    "color": "brown",
    "name": { "str": "sawn-off shotgun barrel" },
    "description": "The sawn-off barrel of a shotgun.  May make a decent melee weapon in a pinch.",
    "price": 5000,
    "material": "iron",
    "weight": "1586 g",
    "volume": 3,
    "bashing": 7,
    "cutting": 0,
    "to_hit": 2
  },
  {
    "type": "GENERIC",
    "id": "alunailbat",
    "symbol": "(",
    "color": "light_gray",
    "name": { "str": "aluminium nail bat" },
    "description": "With the power of welding, you fashioned some nails to an aluminum bat, giving it some serious power.  You also took the opportunity to add some scrap metal to the bat, making it slightly heavier.",
    "weight": "955 g",
    "to_hit": 3,
    "material": [ "steel", "null" ],
    "techniques": [ "WBLOCK_1", "BRUTAL" ],
    "flags": [ "DURABLE_MELEE", "CHOP" ],
    "volume": 8,
    "bashing": 22,
    "cutting": 12,
    "price": 17500
  },
  {
    "type": "GENERIC",
    "id": "pvc",
    "symbol": "/",
    "color": "white",
    "name": { "str": "PVC pipe" },
    "description": "A piece of PVC pipe.  Might come in handy for some impromptu constructions, although without the ability to bend it, it won't be of much use.",
    "price": 2500,
    "material": "plastic",
    "weight": "250 g",
    "volume": 3,
    "bashing": 8,
    "cutting": 1,
    "to_hit": 2
  },
  {
    "type": "GENERIC",
    "id": "chitin_sword",
    "symbol": "/",
    "color": "green",
    "name": { "str": "chitin sword" },
    "description": "A sword made from chitin.  It is very light.",
    "price": 15000,
    "material": "chitin",
    "weight": "214 g",
    "volume": 6,
    "bashing": 3,
    "cutting": 12,
    "to_hit": 1,
    "flags": [ "CHOP" ],
    "techniques": [ "WBLOCK_1" ]
  },
  {
    "type": "GENERIC",
    "id": "pvc_spear",
    "symbol": "/",
    "color": "white",
    "name": { "str": "PVC spear" },
    "description": "A spear made from sharpened PVC pipe.",
    "price": 5000,
    "material": "plastic",
    "weight": "431 g",
    "volume": 7,
    "bashing": 5,
    "cutting": 18,
    "to_hit": 1,
    "flags": [ "STAB" ]
  },
  {
    "type": "GENERIC",
    "id": "spiky_chitin_sword",
    "symbol": "/",
    "color": "light_green",
    "name": { "str": "spiky chitin sword" },
    "description": "Truly a fearsome creation, this chitin sword with attached bee stingers is a deadly weapon in the hands of trained professionals.  And also in the hands of untrained professionals, provided that they like insects.  And pretty much anyone else too.",
    "material": "chitin",
    "price": 5000,
    "volume": 7,
    "weight": "850 g",
    "bashing": 3,
    "cutting": 22,
    "to_hit": 1,
    "flags": [ "CHOP" ],
    "techniques": [ "WBLOCK_1" ]
  },
  {
    "type": "GENERIC",
    "id": "bone_dagger",
    "name": { "str": "bone dagger" },
    "description": "A bone that has been whittled down to a sharp point.  Neither durable nor strong, but better than nothing.",
    "weight": "75 g",
    "to_hit": 2,
    "color": "dark_gray",
    "symbol": "/",
    "material": [ "bone", "null" ],
    "volume": 1,
    "bashing": 2,
    "cutting": 5,
    "flags": [ "STAB", "UNARMED_WEAPON" ],
    "price": 100,
    "qualities": [ [ "CUT", 1 ] ]
  },
  {
    "type": "GENERIC",
    "id": "bat_spike",
    "symbol": "/",
    "color": "light_gray",
    "name": { "str": "spiky bat" },
    "description": "A spiky bat.  It's kinda scary-looking.  This wooden bat has had a few spikes attached to it, thus making it more akin to a clunky mace.",
    "material": [ "wood", "steel" ],
    "price": 500,
    "volume": 7,
    "weight": "2650 g",
    "bashing": 16,
    "cutting": 7,
    "to_hit": 0,
    "flags": [ "BRUTAL" ],
    "techniques": [ "WBLOCK_1" ]
  },
  {
    "type": "GENERIC",
    "id": "bat_blade",
    "symbol": "/",
    "color": "brown",
    "name": { "str": "bladed bat" },
    "description": "A bat with a bayonet attached to it.  No kidding.",
    "material": [ "wood", "steel" ],
    "price": 1500,
    "volume": 8,
    "weight": "1320 g",
    "bashing": 12,
    "cutting": 12,
    "to_hit": 0,
    "flags": [ "BRUTAL" ],
    "techniques": [ "WBLOCK_1" ]
  },
  {
    "type": "GENERIC",
    "id": "bone_bat",
    "name": { "str": "bone bat" },
    "description": "A bat that has the striking part removed and replaced with a thigh bone.  Ker-thwack!",
    "weight": "920 g",
    "to_hit": 2,
    "color": "dark_gray",
    "symbol": "/",
    "material": [ "bone", "wood" ],
    "volume": 3,
    "bashing": 18,
    "cutting": 0,
    "flags": [ "BRUTAL" ],
    "price": 4500
  }
]
