[
  {
    "id": "shotgun_nail",
    "type": "GUN",
    "symbol": "(",
    "color": "red",
    "name": { "str": "nail shotgun" },
    "description": "By outfitting a shotgun barrel to your nail gun, you can fire a spread of nails at short range to do some decent damage.  It's pretty quiet too.  Guess that's a bonus.",
    "price": 20000,
    "material": "iron",
    "flags": [ "RELOAD_ONE", "NEVER_JAMS" ],
    "skill": "shotgun",
    "ammo": [ "nailshot" ],
    "weight": "5690 g",
    "volume": "1500 ml",
    "bashing": 10,
    "cutting": 0,
    "to_hit": -1,
    "ranged_damage": { "damage_type": "bullet", "amount": 4 },
    "range": 15,
    "dispersion": 32,
    "sight_dispersion": 32,
    "recoil": 4,
    "aim_speed": 0,
    "durability": 4,
    "clip_size": 1,
    "reload": 175,
    "modes": [ [ "DEFAULT", "semi-auto", 1 ], [ "AUTO", "auto", 4 ] ],
    "valid_mod_locations": [ [ "accessories", 2 ], [ "grip", 1 ], [ "rail", 1 ], [ "stock", 1 ] ]
  },
  {
    "id": "splintergun",
    "type": "GUN",
    "symbol": "(",
    "color": "brown",
    "description": "A nailgun that has been modified to hold and fire wooden splinters.",
    "name": { "str": "splintergun" },
    "price": 18000,
    "material": [ "plastic", "wood" ],
    "flags": "MODE_BURST",
    "skill": "rifle",
    "ammo": [ "splintammo" ],
    "weight": "4458 g",
    "volume": 4,
    "bashing": 12,
    "cutting": 0,
    "to_hit": -2,
    "ranged_damage": { "damage_type": "bullet", "amount": 0 },
    "range": 2,
    "dispersion": 32,
    "sight_dispersion": 32,
    "aim_speed": 0,
    "recoil": 1,
    "durability": 8,
    "clip_size": 50,
    "reload": 300,
    "modes": [ [ "DEFAULT", "semi-auto", 1 ], [ "BURST", "5 rd.", 5 ] ],
    "valid_mod_locations": [ [ "accessories", 2 ], [ "grip", 1 ], [ "rail", 1 ], [ "stock", 1 ] ]
  },
  {
    "id": "interpol_9mm",
    "type": "GUN",
    "symbol": "(",
    "color": "light_gray",
    "name": { "str": "IP X-32" },
    "description": "The INTERPOL X-32 pistol was adopted as the standard sidearm of the International Police at its release in 2032.",
    "price": 175000,
    "material": [ "steel", "plastic" ],
    "skill": "pistol",
    "ammo": [ "9mm" ],
    "weight": "800 g",
    "volume": 2,
    "bashing": 6,
    "cutting": 0,
    "to_hit": -1,
    "ranged_damage": { "damage_type": "bullet", "amount": -1 },
    "range": 2,
    "dispersion": 10,
    "sight_dispersion": 32,
    "aim_speed": 0,
    "recoil": 3,
    "durability": 10,
    "clip_size": 12,
    "reload": 225,
    "modes": [ [ "DEFAULT", "semi-auto", 1 ], [ "BURST", "5 rd.", 3 ] ],
    "valid_mod_locations": [
      [ "accessories", 2 ],
      [ "barrel", 1 ],
      [ "conversion", 1 ],
      [ "grip", 1 ],
      [ "magazine", 2 ],
      [ "mechanism", 4 ],
      [ "muzzle", 1 ],
      [ "rail", 1 ],
      [ "sights", 1 ],
      [ "stock", 1 ],
      [ "underbarrel", 1 ]
    ],
    "flags": [ "MODE_BURST" ]
  }
]
