[
  {
    "id": "smallcrowbar",
    "type": "TOOL",
    "symbol": ";",
    "color": "dark_gray",
    "name": { "str": "small crowbar" },
    "description": "This is a smaller-than-standard crowbar.  Use it to open locked doors without destroying them or to lift manhole covers.  You could also wield it to bash some heads in.",
    "price": 1100,
    "material": "steel",
    "weight": "300 g",
    "volume": 2,
    "bashing": 9,
    "cutting": 1,
    "to_hit": 1,
    "max_charges": 0,
    "initial_charges": 0,
    "charges_per_use": 0,
    "turns_per_charge": 0,
    "ammo": [ "NULL" ],
    "revert_to": "null",
    "use_action": "CROWBAR"
  },
  {
    "id": "survivorcrowbar",
    "type": "TOOL",
    "symbol": ";",
    "color": "dark_gray",
    "name": { "str": "survivor crowbar" },
    "description": "This is a large crowbar with serrated edges.  Use it to open locked doors without destroying them or to lift manhole covers.  You could also wield it to seriously bash some heads in.",
    "price": 2100,
    "material": "steel",
    "weight": "550 g",
    "volume": 5,
    "bashing": 15,
    "cutting": 9,
    "to_hit": 2,
    "max_charges": 0,
    "initial_charges": 0,
    "charges_per_use": 0,
    "turns_per_charge": 0,
    "ammo": [ "NULL" ],
    "revert_to": "null",
    "use_action": "CROWBAR"
  }
]
