[
  {
    "type": "AMMO",
    "comestible_type": "MED",
    "id": "first_aid_supplies",
    "category": "spare_parts",
    "price": 12000,
    "name": { "str": "first aid supplies", "str_pl": "first aid supplies" },
    "symbol": "=",
    "color": "light_gray",
    "description": "A useful set of medical supplies, with bandages, local anesthetics, and rapid healing agents.",
    "material": "iron",
    "volume": 1,
    "weight": "1 g",
    "ammo_type": "first_aid_supplies",
    "count": 5
  },
  {
    "type": "AMMO",
    "comestible_type": "MED",
    "id": "doctor_supplies",
    "category": "spare_parts",
    "price": 12000,
    "name": { "str": "doctor supplies", "str_pl": "doctor aid supplies" },
    "symbol": "=",
    "color": "light_gray",
    "description": "A high quality set of medical supplies, with bandages, local anesthetics, and rapid healing agents.",
    "material": "iron",
    "volume": 1,
    "weight": "1 g",
    "ammo_type": "doctor_supplies",
    "count": 5
  }
]
