[
  {
    "id": "bandages_imp",
    "type": "COMESTIBLE",
    "comestible_type": "MED",
    "symbol": ",",
    "color": "white",
    "name": { "str": "improvised bandage" },
    "description": "Improvised cloth bandages, with skewers to pin them tight and staunch bleeding.",
    "price": 0,
    "material": "cotton",
    "weight": "80 g",
    "volume": 1,
    "flags": [ "NO_SALVAGE" ],
    "use_action": { "type": "heal", "limb_power": 0, "head_power": 0, "torso_power": 0, "bleed": 1, "move_cost": 400 }
  },
  {
    "id": "irrigator",
    "type": "COMESTIBLE",
    "comestible_type": "MED",
    "symbol": ",",
    "color": "white",
    "name": { "str": "wound irrigator" },
    "description": "An improvised wound irrigator, able to effectively clean out deep wounds.",
    "price": 0,
    "material": "plastic",
    "weight": "160 g",
    "volume": 1,
    "flags": [ "NO_SALVAGE" ],
    "use_action": {
      "type": "heal",
      "limb_power": 0,
      "head_power": 0,
      "torso_power": 0,
      "bite": 0.99,
      "move_cost": 500,
      "used_up_item": "irrigator_empty"
    }
  },
  {
    "id": "irrigator_empty",
    "type": "COMESTIBLE",
    "comestible_type": "MED",
    "symbol": ",",
    "color": "white",
    "name": { "str": "empty wound irrigator" },
    "description": "An empty improvised wound irrigator, refillable with saline solution.",
    "price": 0,
    "material": "plastic",
    "weight": "80 g",
    "volume": 1,
    "flags": [ "NO_SALVAGE" ]
  }
]
