[
  {
    "type": "recipe",
    "result": "crude_firestarter",
    "override": true,
    "category": "CC_ELECTRONIC",
    "subcategory": "CSC_ELECTRONIC_TOOLS",
    "skill_used": "electronics",
    "difficulty": 0,
    "time": 5000,
    "reversible": true,
    "autolearn": true,
    "qualities": [ { "id": "HAMMER", "level": 1, "amount": 1 } ],
    "components": [ [ [ "cable", 2 ] ], [ [ "scrap", 1 ] ] ]
  },
  {
    "id": "crude_firestarter",
    "type": "TOOL",
    "override": true,
    "symbol": ",",
    "color": "light_gray",
    "name": { "str": "electric firestarter" },
    "description": "This is little more than some wires that can generate a spark from batteries.  Extremely inefficient.",
    "price": 100,
    "material": "steel",
    "weight": "14 g",
    "volume": 1,
    "max_charges": 60,
    "charges_per_use": 10,
    "ammo": [ "battery" ],
    "use_action": { "type": "firestarter" }
  },
  {
    "type": "recipe",
    "result": "aspirin",
    "override": true,
    "category": "CC_CHEM",
    "subcategory": "CSC_CHEM_DRUGS",
    "skill_used": "cooking",
    "skills_required": [ "firstaid", 1 ],
    "difficulty": 3,
    "time": 24000,
    "reversible": false,
    "autolearn": false,
    "book_learn": [ [ "adv_chemistry", 2 ], [ "textbook_chemistry", 2 ], [ "recipe_labchem", 2 ], [ "atomic_survival", 3 ] ],
    "qualities": [ { "id": "CHEM", "level": 2, "amount": 1 } ],
    "tools": [ [ [ "hotplate", 25 ], [ "toolset", 25 ], [ "fire", -1 ] ] ],
    "components": [ [ [ "water_clean", 1 ] ], [ [ "oxy_powder", 5 ] ], [ [ "willowbark", 10 ] ] ]
  },
  {
    "type": "recipe",
    "result": "lightstrip_inactive",
    "override": true,
    "category": "CC_ELECTRONIC",
    "subcategory": "CSC_ELECTRONIC_LIGHTING",
    "skill_used": "electronics",
    "difficulty": 1,
    "time": 10000,
    "reversible": false,
    "autolearn": true,
    "components": [ [ [ "amplifier", 1 ] ], [ [ "cable", 5 ] ], [ [ "battery", 15 ] ], [ [ "e_scrap", 1 ] ] ]
  }
]
