[
  {
    "type": "recipe",
    "result": "bandages_imp",
    "category": "CC_OTHER",
    "subcategory": "CSC_OTHER_MEDICAL",
    "skill_used": "firstaid",
    "difficulty": 0,
    "time": 6000,
    "reversible": false,
    "autolearn": true,
    "components": [ [ [ "rag", 1 ] ], [ [ "skewer_bone", 2 ], [ "skewer", 2 ] ] ]
  },
  {
    "type": "recipe",
    "result": "irrigator",
    "id_suffix": "refill",
    "category": "CC_OTHER",
    "subcategory": "CSC_OTHER_MEDICAL",
    "skill_used": "firstaid",
    "difficulty": 0,
    "time": 1000,
    "reversible": false,
    "autolearn": true,
    "components": [ [ [ "irrigator_empty", 1 ] ], [ [ "saline", 2 ], [ "eyedrops", 4 ] ] ]
  },
  {
    "type": "recipe",
    "result": "irrigator_empty",
    "id_suffix": "from_new",
    "category": "CC_OTHER",
    "subcategory": "CSC_OTHER_MEDICAL",
    "skill_used": "firstaid",
    "difficulty": 2,
    "time": 20000,
    "reversible": false,
    "autolearn": true,
    "qualities": [ { "id": "CUT", "level": 1, "amount": 1 } ],
    "components": [ [ [ "syringe", 1 ] ], [ [ "bottle_plastic_small", 1 ] ], [ [ "plastic_chunk", 1 ] ] ]
  },
  {
    "result": "first_aid",
    "type": "recipe",
    "category": "CC_OTHER",
    "subcategory": "CSC_OTHER_MEDICAL",
    "skill_used": "firstaid",
    "difficulty": 3,
    "time": 2000,
    "reversible": true,
    "autolearn": true,
    "components": [
      [ [ "fanny", 1 ], [ "ragpouch", 1 ], [ "leather_pouch", 1 ], [ "runner_bag", 1 ] ],
      [ [ "scissors", 1 ] ],
      [ [ "thermometer", 1 ], [ "digital_thermometer", 1 ] ]
    ]
  },
  {
    "result": "first_aid_supplies",
    "type": "recipe",
    "category": "CC_OTHER",
    "subcategory": "CSC_OTHER_MEDICAL",
    "skill_used": "firstaid",
    "difficulty": 3,
    "time": 2000,
    "reversible": true,
    "autolearn": true,
    "components": [
      [ [ "medical_gauze", 5 ], [ "cotton_ball", 10 ] ],
      [ [ "medical_tape", 10 ], [ "duct_tape", 20 ] ],
      [ [ "aspirin", 10 ], [ "codeine", 2 ], [ "poppy_pain", 2 ], [ "oxycodone", 2 ] ],
      [ [ "chem_ethanol", 250 ], [ "disinfectant", 1 ], [ "thyme_oil", 1 ], [ "bfipowder", 1 ] ],
      [ [ "saline", 10 ], [ "eyedrops", 20 ] ]
    ]
  },
  {
    "result": "doctor_bag",
    "type": "recipe",
    "category": "CC_OTHER",
    "subcategory": "CSC_OTHER_MEDICAL",
    "skill_used": "firstaid",
    "difficulty": 6,
    "time": 2000,
    "reversible": true,
    "autolearn": true,
    "components": [
      [ [ "backpack_leather", 1 ], [ "backpack", 1 ] ],
      [ [ "scissors", 1 ] ],
      [ [ "stethoscope", 1 ] ],
      [ [ "syringe", 1 ] ],
      [ [ "digital_thermometer", 1 ], [ "thermometer", 1 ] ]
    ]
  },
  {
    "result": "doctor_supplies",
    "type": "recipe",
    "category": "CC_OTHER",
    "subcategory": "CSC_OTHER_MEDICAL",
    "skill_used": "firstaid",
    "difficulty": 6,
    "time": 2000,
    "reversible": true,
    "autolearn": true,
    "components": [
      [ [ "medical_gauze", 10 ] ],
      [ [ "medical_tape", 10 ] ],
      [ [ "codeine", 5 ], [ "oxycodone", 5 ], [ "morphine", 2 ] ],
      [ [ "disinfectant", 2 ], [ "bfipowder", 2 ] ],
      [ [ "saline", 15 ] ],
      [ [ "gloves_medical", 1 ] ],
      [ [ "quikclot", 6 ] ]
    ]
  },
  {
    "result": "medical_gauze",
    "type": "recipe",
    "category": "CC_OTHER",
    "subcategory": "CSC_OTHER_MEDICAL",
    "skill_used": "tailor",
    "skills_required": [ "firstaid", 2 ],
    "difficulty": 3,
    "time": 6000,
    "reversible": false,
    "autolearn": true,
    "tools": [ [ [ "knitting_needles", -1 ], [ "tailors_kit", -1 ] ] ],
    "components": [ [ [ "thread", 75 ], [ "sinew", 75 ], [ "plant_fibre", 75 ] ] ]
  },
  {
    "result": "medical_tape",
    "type": "recipe",
    "category": "CC_OTHER",
    "subcategory": "CSC_OTHER_MEDICAL",
    "skill_used": "fabrication",
    "skills_required": [ "firstaid", 2 ],
    "difficulty": 3,
    "time": 18000,
    "reversible": false,
    "autolearn": true,
    "qualities": [ { "id": "CUT", "level": 1, "amount": 1 }, { "id": "COOK", "level": 2, "amount": 1 } ],
    "tools": [ [ [ "hotplate", 5 ], [ "toolset", 5 ], [ "fire", -1 ] ] ],
    "components": [ [ [ "medical_gauze", 3 ] ], [ [ "superglue", 1 ] ], [ [ "neoprene", 1 ] ] ]
  },
  {
    "result": "gloves_medical",
    "type": "recipe",
    "category": "CC_OTHER",
    "subcategory": "CSC_OTHER_MEDICAL",
    "skill_used": "fabrication",
    "skills_required": [ "firstaid", 3 ],
    "difficulty": 4,
    "time": 20000,
    "reversible": false,
    "autolearn": true,
    "qualities": [ { "id": "CUT", "level": 1, "amount": 1 }, { "id": "COOK", "level": 2, "amount": 1 } ],
    "tools": [ [ [ "mold_plastic", -1 ] ], [ [ "hotplate", 5 ], [ "toolset", 5 ], [ "fire", -1 ] ] ],
    "components": [ [ [ "neoprene", 2 ], [ "hose", 1 ] ] ]
  },
  {
    "type": "recipe",
    "result": "scalpel",
    "category": "CC_OTHER",
    "subcategory": "CSC_OTHER_MATERIALS",
    "skill_used": "fabrication",
    "skills_required": [ "firstaid", 3 ],
    "difficulty": 4,
    "time": 120000,
    "reversible": false,
    "autolearn": true,
    "qualities": [ { "id": "HAMMER", "level": 3, "amount": 1 } ],
    "tools": [
      [ [ "tongs", -1 ] ],
      [ [ "chisel", -1 ] ],
      [ [ "anvil", -1 ] ],
      [ [ "swage", -1 ] ],
      [ [ "forge", 200 ], [ "oxy_torch", 10 ] ]
    ],
    "components": [ [ [ "steel_chunk", 2 ], [ "scrap", 6 ], [ "silver", 400 ] ], [ [ "neoprene", 1 ] ] ]
  },
  {
    "type": "recipe",
    "result": "kaolinite_jar",
    "category": "CC_OTHER",
    "subcategory": "CSC_OTHER_MEDICAL",
    "skill_used": "cooking",
    "difficulty": 5,
    "time": 60000,
    "reversible": false,
    "autolearn": false,
    "book_learn": [ [ "adv_chemistry", 5 ], [ "textbook_chemistry", 5 ], [ "recipe_labchem", 5 ], [ "emergency_book", 6 ] ],
    "qualities": [ { "id": "CHEM", "level": 2, "amount": 1 } ],
    "tools": [ [ [ "hotplate", 18 ], [ "toolset", 18 ], [ "fire", -1 ] ] ],
    "components": [
      [ [ "jar_glass", 1 ] ],
      [ [ "chem_aluminium_powder", 25 ] ],
      [ [ "material_sand", 25 ] ],
      [ [ "lye_powder", 50 ] ],
      [ [ "acid", 1 ] ]
    ]
  },
  {
    "type": "recipe",
    "result": "kaolinite_jar_done",
    "category": "CC_OTHER",
    "subcategory": "CSC_OTHER_MEDICAL",
    "skill_used": "cooking",
    "difficulty": 0,
    "time": 500,
    "reversible": true,
    "autolearn": false,
    "components": [ [ [ "jar_glass", 1 ] ], [ [ "quikclot", 6 ] ] ]
  },
  {
    "type": "recipe",
    "result": "bomb_noisy",
    "category": "CC_OTHER",
    "subcategory": "CSC_OTHER_MEDICAL",
    "skill_used": "electronics",
    "skills_required": [ "fabrication", 2 ],
    "difficulty": 2,
    "time": 3000,
    "reversible": true,
    "autolearn": true,
    "components": [ [ [ "nail_bomb", 1 ] ], [ [ "noise_emitter", 1 ] ], [ [ "amplifier", 1 ] ], [ [ "string_36", 1 ] ] ]
  },
  {
    "type": "recipe",
    "result": "digital_thermometer",
    "category": "CC_OTHER",
    "subcategory": "CSC_OTHER_MEDICAL",
    "skill_used": "electronics",
    "skills_required": [ "fabrication", 2 ],
    "difficulty": 3,
    "time": 10000,
    "reversible": false,
    "autolearn": true,
    "components": [
      [ [ "circuit", 1 ] ],
      [ [ "small_lcd_screen", 1 ] ],
      [ [ "solar_cell", 1 ] ],
      [ [ "amplifier", 1 ] ],
      [ [ "cable", 10 ] ],
      [ [ "wire", 1 ] ],
      [ [ "battery", 100 ] ]
    ]
  },
  {
    "type": "recipe",
    "result": "electric_firestarter",
    "category": "CC_ELECTRONIC",
    "subcategory": "CSC_ELECTRONIC_TOOLS",
    "skill_used": "electronics",
    "difficulty": 2,
    "time": 5000,
    "reversible": true,
    "autolearn": true,
    "qualities": [ { "id": "HAMMER", "level": 1, "amount": 1 } ],
    "tools": [ [ [ "soldering_iron", 10 ], [ "toolset", 10 ] ] ],
    "components": [ [ [ "crude_firestarter", 1 ] ], [ [ "cable", 6 ] ], [ [ "amplifier", 1 ] ], [ [ "e_scrap", 2 ] ], [ [ "scrap", 4 ] ] ]
  },
  {
    "type": "recipe",
    "result": "electric_firestarter_upgraded",
    "category": "CC_ELECTRONIC",
    "subcategory": "CSC_ELECTRONIC_TOOLS",
    "skill_used": "electronics",
    "difficulty": 4,
    "time": 5000,
    "reversible": true,
    "autolearn": true,
    "qualities": [ { "id": "HAMMER", "level": 1, "amount": 1 } ],
    "tools": [ [ [ "soldering_iron", 25 ], [ "toolset", 25 ] ] ],
    "components": [
      [ [ "electric_firestarter", 1 ] ],
      [ [ "cable", 4 ] ],
      [ [ "power_supply", 1 ] ],
      [ [ "e_scrap", 4 ] ],
      [ [ "circuit", 1 ] ]
    ]
  }
]
