[
  {
    "id": "bomb_noisy",
    "type": "TOOL",
    "symbol": "*",
    "color": "light_gray",
    "name": { "str": "noisy bomb" },
    "description": "This is an explosive attached to a noise emitter.  When activated, it will emit an unholy racket for 40 turns before it detonates.",
    "price": 1500,
    "material": [ "steel", "plastic" ],
    "weight": "360 g",
    "volume": 2,
    "bashing": 5,
    "to_hit": 1,
    "category": "weapons",
    "use_action": {
      "type": "transform",
      "msg": "You activate the bomb.",
      "need_fire": 1,
      "need_fire_msg": "You need a source of fire to light the %s",
      "active": true,
      "target": "bomb_noisy_act",
      "target_charges": 40
    }
  },
  {
    "id": "bomb_noisy_act",
    "type": "TOOL",
    "symbol": "*",
    "color": "light_gray",
    "name": { "str": "active noisy bomb" },
    "description": "This noisy bomb is active and making a racket!  Throw it immediately!",
    "price": 0,
    "material": [ "steel", "plastic" ],
    "weight": "360 g",
    "volume": 2,
    "bashing": 5,
    "to_hit": 1,
    "max_charges": 40,
    "initial_charges": 40,
    "turns_per_charge": 1,
    "category": "weapons",
    "use_action": {
      "type": "explosion",
      "sound_volume": 60,
      "sound_msg": "KKkkkkkxxckkckckkkkck",
      "no_deactivate_msg": "You've already activated it, throw it!",
      "explosion_power": 5,
      "explosion": { "power": 12, "shrapnel": { "count": 40, "mass": 4, "recovery": 10, "drop": "nail" } }
    }
  },
  {
    "id": "digital_thermometer",
    "type": "TOOL",
    "symbol": ";",
    "color": "red",
    "name": { "str": "digital thermometer", "str_pl": "digital thermometers" },
    "description": "A digital thermometer that can read the air temperature.  Solar power keeps the batteries topped off.",
    "price": 1200,
    "material": "plastic",
    "weight": "1 g",
    "volume": 1,
    "to_hit": -3,
    "category": "tools",
    "use_action": "WEATHER_TOOL",
    "flags": [ "THERMOMETER" ]
  },
  {
    "id": "electric_firestarter",
    "type": "TOOL",
    "symbol": ",",
    "color": "light_gray",
    "name": { "str": "electric firestarter" },
    "description": "This electric firestarter has been modified to more efficiently produce sparks.  Now with a handy protective case!",
    "price": 100,
    "material": "steel",
    "weight": "14 g",
    "volume": 1,
    "max_charges": 100,
    "charges_per_use": 5,
    "ammo": [ "battery" ],
    "use_action": { "type": "firestarter" }
  },
  {
    "id": "electric_firestarter_upgraded",
    "type": "TOOL",
    "symbol": ",",
    "color": "light_gray",
    "name": { "str": "electric firestarter" },
    "description": "A heavily modified firestarter, with an efficient sparking mechanism and an rechargeable internal power storage.",
    "price": 100,
    "material": "steel",
    "weight": "14 g",
    "volume": 1,
    "max_charges": 200,
    "charges_per_use": 1,
    "ammo": [ "battery" ],
    "flags": [ "NO_UNLOAD", "RECHARGE" ],
    "use_action": { "type": "firestarter" }
  },
  {
    "id": "doctor_bag",
    "type": "TOOL",
    "name": { "str": "doctor's bag" },
    "description": "A doctor's bag, with the tools to deal with heavy trauma.  Used for healing large amounts of damage.",
    "weight": "1080 g",
    "volume": 6,
    "price": 3000,
    "material": "leather",
    "symbol": "!",
    "color": "brown",
    "max_charges": 30,
    "initial_charges": 0,
    "charges_per_use": 1,
    "ammo": [ "doctor_supplies" ],
    "use_action": {
      "type": "heal",
      "need_charges": 1,
      "need_charges_msg": "You are out of medical supplies!",
      "head_power": 12,
      "limb_power": 17,
      "torso_power": 22,
      "bleed": 1,
      "bite": 0.99,
      "move_cost": 8000,
      "long_action": true,
      "effects": [ { "id": "pkill2", "duration": 180 } ]
    },
    "//": "healing is 20% higher than an old 1st aid kit",
    "flags": [ "USE_ON_NPC" ]
  },
  {
    "id": "first_aid",
    "type": "TOOL",
    "name": { "str": "first aid kit" },
    "description": "A first aid kit, with some basic tools and plenty of space for first aid supplies.  Used for healing large amounts of damage.",
    "weight": "360 g",
    "volume": 2,
    "price": 3000,
    "material": "plastic",
    "symbol": "!",
    "color": "red",
    "max_charges": 10,
    "initial_charges": 0,
    "charges_per_use": 1,
    "ammo": [ "first_aid_supplies" ],
    "use_action": {
      "type": "heal",
      "need_charges": 1,
      "need_charges_msg": "You are out of medical supplies!",
      "head_power": 8,
      "limb_power": 11,
      "torso_power": 14,
      "bleed": 1,
      "bite": 0.99,
      "move_cost": 4000,
      "long_action": true,
      "effects": [ { "id": "pkill1", "duration": 120 } ]
    },
    "//": "healing is 20% lower than an old 1st aid kit",
    "flags": [ "USE_ON_NPC" ]
  }
]
