[
  {
    "id": "flamethrower",
    "copy-from": "flamethrower",
    "type": "vehicle_part",
    "name": { "str": "manual flamethrower" },
    "broken_symbol": "#"
  },
  {
    "id": "auto_m1918",
    "copy-from": "mounted_m1918",
    "type": "vehicle_part",
    "name": { "str": "BAR turret" },
    "symbol": "t",
    "broken_symbol": "#",
    "color": "brown",
    "size": 40
  },
  {
    "id": "am249",
    "copy-from": "m249",
    "type": "vehicle_part",
    "name": { "str": "M249 turret" },
    "broken_symbol": "#",
    "size": 40
  },
  {
    "id": "aplasma_gun",
    "copy-from": "plasma_gun",
    "type": "vehicle_part",
    "name": { "str": "plasma turret" },
    "broken_symbol": "#"
  },
  {
    "id": "afusion_gun",
    "copy-from": "fusion_gun",
    "type": "vehicle_part",
    "name": { "str": "fusion turret" },
    "broken_symbol": "#",
    "size": 10
  },
  {
    "id": "am2browning",
    "copy-from": "mounted_browning",
    "type": "vehicle_part",
    "name": { "str": "M2 Browning turret" },
    "broken_symbol": "#",
    "size": 40
  },
  {
    "id": "auto_m240",
    "copy-from": "mounted_m240",
    "type": "vehicle_part",
    "name": { "str": "M240 turret" },
    "broken_symbol": "#",
    "size": 40
  },
  {
    "id": "auto_m60",
    "copy-from": "mounted_m60",
    "type": "vehicle_part",
    "name": { "str": "M60 turret" },
    "broken_symbol": "#",
    "size": 40
  },
  {
    "id": "auto_abzats",
    "copy-from": "mounted_bigun",
    "type": "vehicle_part",
    "name": { "str": "auto-shotgun turret" },
    "broken_symbol": "#",
    "size": 40
  },
  {
    "id": "auto_m134",
    "copy-from": "mounted_m134",
    "type": "vehicle_part",
    "name": { "str": "M134D-H Minigun turret" },
    "broken_symbol": "#",
    "size": 40
  },
  {
    "id": "auto_mk19",
    "copy-from": "mounted_mk19",
    "type": "vehicle_part",
    "name": { "str": "Mark 19 turret" },
    "broken_symbol": "#",
    "size": 40
  },
  {
    "id": "auto_rm614",
    "copy-from": "mounted_rm614",
    "type": "vehicle_part",
    "name": { "str": "RM614 turret" },
    "broken_symbol": "#",
    "broken_color": "light_gray",
    "size": 40
  },
  {
    "id": "auto_rm298",
    "copy-from": "mounted_rm298",
    "type": "vehicle_part",
    "name": { "str": "RM298 turret" },
    "broken_symbol": "#",
    "broken_color": "light_gray",
    "size": 40
  },
  {
    "id": "awatercannon",
    "copy-from": "watercannon",
    "type": "vehicle_part",
    "name": { "str": "water cannon turret" },
    "broken_symbol": "#"
  }
]
