[
  {
    "type": "snippet",
    "category": "note",
    "text": [
      {
        "id": "note_blazemod_01",
        "text": "\"Agh, to See the Spiral in such a Distorted Shape!  Manipulated for its Vortex motion!  Its Perpetual Grace!  Its beauty Tarnished…\""
      },
      { "id": "note_blazemod_02", "text": "\"My friend died, but at least I made her into a blob turret.\"" },
      {
        "id": "note_blazemod_03",
        "text": "\"I have this laser cannon turret on my shopping cart.  I push it around and everything dies.  I think I'm gonna toss it in the lake-- this just isn't fair anymore.\""
      },
      {
        "id": "note_blazemod_04",
        "text": "\"Day 40.  Controls broken-- car's magic reactor makes it goes inexorably forward.  Giant rollers on front demolish forest.  Maine, here I come.\""
      },
      { "id": "note_blazemod_05", "text": "\"my car is a diamond in the rough… literally\"" },
      { "id": "note_blazemod_06", "text": "\"M249 TURRET NODDED.  IS TURRET ALIVE?  FINALLY, SOMEBODY TO TALK TO!\"" },
      { "id": "note_blazemod_07", "text": "\"Added so many things to my taxi that it went a-blaze.  Whoops.\"" },
      {
        "id": "note_blazemod_08",
        "text": "\"If I put one cargo dimension into another cargo dimension, does the universe end?\""
      },
      { "id": "note_blazemod_09", "text": "\"one day, i will be part of car, too\"" },
      {
        "id": "note_blazemod_10",
        "text": "\"Putta little bitta dynamite and halfa landmine in an old soda can…  WHAM!  You goin' somewhere.\""
      }
    ]
  }
]
