[
  {
    "id": "bearing_lead",
    "type": "AMMO",
    "name": { "str": "lead pellet" },
    "description": "Hefty round projectiles cast from lead, useful as ammunition for slings.",
    "weight": "12 g",
    "volume": "250 ml",
    "price": 100,
    "bashing": 1,
    "material": [ "lead" ],
    "symbol": "=",
    "color": "dark_gray",
    "count": 30,
    "ammo_type": "pebble",
    "range": 13,
    "damage": { "damage_type": "bullet", "amount": 7, "armor_penetration": 1 },
    "dispersion": 240,
    "loudness": 0,
    "effects": [ "NEVER_MISFIRES" ]
  }
]
