[
  {
    "id": "hat_hooded",
    "type": "ARMOR",
    "name": { "str": "hooded hat" },
    "description": "A proper wide-brimmed hat, modified by the addition of a hood sewn to it, to better protect the neck from wind and rain.",
    "weight": "126 g",
    "volume": "500 ml",
    "price": 1200,
    "material": [ "cotton" ],
    "symbol": "[",
    "color": "dark_gray",
    "covers": [ "head" ],
    "coverage": 95,
    "encumbrance": 10,
    "warmth": 10,
    "material_thickness": 1,
    "environmental_protection": 2,
    "flags": [ "VARSIZE", "SUN_GLASSES", "WATERPROOF" ]
  },
  {
    "id": "javelin_bag",
    "type": "ARMOR",
    "copy-from": "javelin_bag",
    "name": { "str": "javelin bag" }
  }
]
