[
  {
    "id": "atlatl",
    "type": "GUN",
    "name": { "str": "atlatl" },
    "description": "A wooden tool for supporting a javelin, to throw it more effectively than by hand.",
    "weight": "116 g",
    "volume": "250 ml",
    "price": 500,
    "to_hit": -1,
    "bashing": 1,
    "material": [ "wood" ],
    "symbol": "(",
    "color": "brown",
    "ammo": [ "javelin" ],
    "skill": "throw",
    "range": 15,
    "ranged_damage": { "damage_type": "stab", "amount": 0 },
    "dispersion": 120,
    "sight_dispersion": 140,
    "durability": 6,
    "clip_size": 1,
    "flags": [ "RELOAD_AND_SHOOT", "NEVER_JAMS", "PRIMITIVE_RANGED_WEAPON" ]
  },
  {
    "id": "javelin",
    "copy-from": "javelin",
    "type": "AMMO",
    "name": { "str": "wooden javelin" },
    "//": "Item type intentionally converted from GENERIC to AMMO",
    "volume": "250 ml",
    "count": 1,
    "stack_size": 4,
    "ammo_type": "javelin",
    "range": 15,
    "damage": { "damage_type": "stab", "amount": 11 },
    "dispersion": 135,
    "loudness": 0,
    "thrown_damage": [ { "damage_type": "bash", "amount": 5 }, { "damage_type": "stab", "amount": 11 } ],
    "effects": [ "RECOVER_25" ],
    "flags": [ "FRAGILE_MELEE", "JAVELIN" ]
  },
  {
    "id": "javelin_stone",
    "copy-from": "javelin",
    "type": "AMMO",
    "name": { "str": "stone javelin" },
    "//": "Avoids negative numbers caused by any future rebalancing of mainline item",
    "description": "A throwing spear with a stone spearhead.  The grip area has also been carved and covered for better grip.",
    "material": [ "wood", "stone" ],
    "color": "light_gray",
    "count": 1,
    "stack_size": 4,
    "ammo_type": "javelin",
    "range": 13,
    "damage": { "damage_type": "stab", "amount": 13, "armor_penetration": 1 },
    "relative": { "weight": 100, "cutting": 2 },
    "proportional": { "price": 0.5, "bashing": 0.8 },
    "thrown_damage": [ { "damage_type": "bash", "amount": 4 }, { "damage_type": "stab", "amount": 13 } ],
    "flags": [ "FRAGILE_MELEE", "JAVELIN" ]
  },
  {
    "id": "javelin_iron",
    "copy-from": "javelin_iron",
    "type": "AMMO",
    "name": { "str": "iron javelin" },
    "//": "Item type intentionally converted from GENERIC to AMMO",
    "volume": "250 ml",
    "count": 1,
    "stack_size": 4,
    "ammo_type": "javelin",
    "range": 10,
    "damage": { "damage_type": "stab", "amount": 17, "armor_penetration": 3 },
    "dispersion": 135,
    "loudness": 0,
    "thrown_damage": [ { "damage_type": "bash", "amount": 5 }, { "damage_type": "stab", "amount": 17 } ],
    "effects": [ "RECOVER_30" ],
    "flags": [ "FRAGILE_MELEE", "JAVELIN" ]
  },
  {
    "id": "javelin_copper",
    "copy-from": "javelin_iron",
    "type": "AMMO",
    "name": { "str": "copper javelin" },
    "//": "Avoids negative numbers caused by any future rebalancing of mainline item",
    "description": "A copper-tipped throwing spear.  The grip area has also been carved and covered for better grip.",
    "material": [ "wood", "copper" ],
    "color": "light_red",
    "count": 1,
    "stack_size": 4,
    "ammo_type": "javelin",
    "damage": { "damage_type": "stab", "amount": 14, "armor_penetration": 2 },
    "relative": { "weight": 30 },
    "proportional": { "price": 0.5, "cutting": 0.85 },
    "thrown_damage": [ { "damage_type": "bash", "amount": 5 }, { "damage_type": "stab", "amount": 14 } ],
    "flags": [ "FRAGILE_MELEE", "JAVELIN" ]
  },
  {
    "id": "milk_curdling",
    "type": "TOOL",
    "category": "food",
    "name": { "str": "small batch of curdling milk", "str_pl": "small batches of curdling milk" },
    "description": "A sealed small waterskin filled with milk that is undergoing the process to become a crude form of cheese, having had vinegar and natural rennet added.",
    "weight": "1870 g",
    "volume": "1750 ml",
    "price": 2000,
    "to_hit": -1,
    "bashing": 1,
    "material": [ "milk", "leather" ],
    "symbol": ")",
    "color": "white",
    "use_action": {
      "target": "milk_curdled",
      "msg": "The milk appears to have finished curdling, and is ready for further processing.  Checking on it has exposed the mixture to the atmosphere.",
      "container": "waterskin",
      "target_charges": 6,
      "moves": 150,
      "type": "delayed_transform",
      "transform_age": 28800,
      "not_ready_msg": "The milk is still curdling."
    }
  },
  {
    "id": "milk_curdling2",
    "type": "TOOL",
    "category": "food",
    "name": { "str": "batch of curdling milk", "str_pl": "batches of curdling milk" },
    "description": "A sealed waterskin filled with milk that is undergoing the process to become a crude form of cheese, having had vinegar and natural rennet added.",
    "weight": "3617 g",
    "volume": "3500 ml",
    "price": 4000,
    "to_hit": -1,
    "bashing": 2,
    "material": [ "milk", "leather" ],
    "symbol": ")",
    "color": "white",
    "use_action": {
      "target": "milk_curdled",
      "msg": "The milk appears to have finished curdling, and is ready for further processing.  Checking on it has exposed the mixture to the atmosphere.",
      "container": "waterskin2",
      "target_charges": 12,
      "moves": 150,
      "type": "delayed_transform",
      "transform_age": 36000,
      "not_ready_msg": "The milk is still curdling."
    }
  },
  {
    "id": "milk_curdling3",
    "type": "TOOL",
    "category": "food",
    "name": { "str": "large batch of curdling milk", "str_pl": "large batches of curdling milk" },
    "description": "A sealed large waterskin filled with milk that is undergoing the process to become a crude form of cheese, having had vinegar and natural rennet added.",
    "weight": "5241 g",
    "volume": "5250 ml",
    "price": 6000,
    "to_hit": -1,
    "bashing": 3,
    "material": [ "milk", "leather" ],
    "symbol": ")",
    "color": "white",
    "use_action": {
      "target": "milk_curdled",
      "msg": "The milk appears to have finished curdling, and is ready for further processing.  Checking on it has exposed the mixture to the atmosphere.",
      "container": "waterskin3",
      "target_charges": 18,
      "moves": 150,
      "type": "delayed_transform",
      "transform_age": 43200,
      "not_ready_msg": "The milk is still curdling."
    }
  },
  {
    "id": "foil_alum",
    "type": "GENERIC",
    "category": "other",
    "name": { "str": "aluminum foil wrap" },
    "//": "Dummied out way back when.",
    "description": "A half crumpled sheet of aluminum foil, used for cooking and baking.",
    "weight": "5 g",
    "volume": "250 ml",
    "price": 0,
    "to_hit": -2,
    "material": [ "aluminum" ],
    "symbol": ",",
    "color": "light_gray",
    "qualities": [ [ "COOK", 1 ] ]
  },
  {
    "id": "crossbow_makeshift",
    "type": "GUN",
    "name": { "str": "makeshift crossbow" },
    "description": "A simple, handmade crossbow of the Skane style, with a wooden peg that is pushed up from underneath to loose the bowstring.  Not as powerful as other crossbow designs, but it is easier to draw the bow back.  Bolts fired from this weapon have a good chance of remaining intact for re-use.",
    "weight": "5456 g",
    "volume": "1 L",
    "price": 1380,
    "bashing": 7,
    "material": [ "wood" ],
    "symbol": "(",
    "color": "green",
    "ammo": [ "bolt" ],
    "skill": "rifle",
    "range": 6,
    "ranged_damage": { "damage_type": "stab", "amount": 7 },
    "dispersion": 500,
    "durability": 6,
    "clip_size": 1,
    "valid_mod_locations": [ [ "underbarrel", 1 ], [ "sights", 1 ], [ "accessories", 2 ] ],
    "flags": [ "PRIMITIVE_RANGED_WEAPON" ]
  },
  {
    "id": "heavy_snare_kit",
    "type": "TOOL",
    "name": { "str": "heavy snare kit" },
    "description": "This is a kit for a simple trap consisting of a rope noose and a snare trigger.  It requires a tree nearby.  It is effective at trapping monsters.",
    "weight": "1066 g",
    "volume": "250 ml",
    "price": 250,
    "cutting": 10,
    "material": [ "wood" ],
    "symbol": ";",
    "color": "brown",
    "use_action": {
      "type": "place_trap",
      "needs_neighbor_terrain": "t_tree",
      "trap": "tr_heavy_snare",
      "moves": 200,
      "practice": 4,
      "done_message": "You set the snare trap."
    }
  },
  {
    "id": "light_snare_kit",
    "type": "TOOL",
    "name": { "str": "light snare kit" },
    "description": "This is a kit for a simple trap consisting of a string noose and a snare trigger.  It requires a young tree nearby.  It is effective at trapping and killing some small animals.",
    "weight": "886 g",
    "volume": "250 ml",
    "price": 100,
    "cutting": 6,
    "material": [ "wood" ],
    "symbol": ";",
    "color": "brown",
    "use_action": {
      "type": "place_trap",
      "needs_neighbor_terrain": "t_tree_young",
      "trap": "tr_light_snare",
      "moves": 150,
      "practice": 2,
      "done_message": "You set the snare trap."
    }
  },
  {
    "id": "snare_trigger",
    "type": "TOOL",
    "name": { "str": "snare trigger" },
    "description": "This is a stick that has been cut into a trigger mechanism for a snare trap.",
    "weight": "850 g",
    "volume": "250 ml",
    "price": 0,
    "to_hit": -1,
    "material": [ "wood" ],
    "symbol": ";",
    "color": "brown"
  }
]
