[
  {
    "type": "trap",
    "id": "tr_light_snare",
    "name": "light snare trap",
    "color": "brown",
    "symbol": "^",
    "visibility": 5,
    "avoidance": 10,
    "difficulty": 2,
    "action": "snare_light",
    "drops": [ "light_snare_kit" ]
  },
  {
    "type": "trap",
    "id": "tr_heavy_snare",
    "name": "heavy snare trap",
    "color": "brown",
    "symbol": "^",
    "visibility": 3,
    "avoidance": 10,
    "difficulty": 4,
    "action": "snare_heavy",
    "drops": [ "heavy_snare_kit" ]
  }
]
