[
  {
    "id": "homeguns",
    "type": "item_group",
    "items": [
      [ "chocolate", 50 ],
      [ "arm", 50 ],
      [ "leg", 50 ],
      [ "candy", 80 ],
      [ "cocacola", 80 ],
      [ "mountaindew", 80 ],
      [ "crack", 8 ],
      [ "bat", 60 ],
      [ "heroin", 1 ],
      [ "bathsalts", 30 ],
      [ "meth5", 1 ],
      [ "MDMA", 4 ],
      [ "adderall", 14 ],
      [ "backpack", 38 ],
      [ "pockknife", 14 ],
      [ "mag_comic", 20 ]
    ]
  },
  {
    "id": "homeguns",
    "type": "item_group",
    "items": [ [ "rock", 40 ], [ "strawberries", 2 ] ]
  },
  {
    "id": "homeguns",
    "type": "item_group",
    "items": [
      [ "rock", 40 ],
      [ "stick", 95 ],
      [ "mushroom", 4 ],
      [ "mushroom_poison", 3 ],
      [ "mushroom_magic", 1 ],
      [ "blueberries", 3 ]
    ]
  },
  {
    "id": "homeguns",
    "type": "item_group",
    "items": [ [ "honeycomb", 10 ] ]
  },
  {
    "id": "homeguns",
    "type": "item_group",
    "items": [ [ "honeycomb", 10 ], [ "royal_jelly", 8 ] ]
  },
  {
    "id": "homeguns",
    "type": "item_group",
    "items": [
      [ "muffler", 30 ],
      [ "pipe", 20 ],
      [ "motor", 2 ],
      [ "seat", 8 ],
      [ "saddle", 8 ],
      [ "wheel", 10 ],
      [ "wheel_wide", 10 ],
      [ "wheel_bicycle", 10 ],
      [ "wheel_motorbike", 10 ],
      [ "wheel_small", 10 ],
      [ "1cyl_combustion", 10 ],
      [ "v2_combustion", 10 ],
      [ "i4_combustion", 10 ],
      [ "v6_combustion", 10 ],
      [ "v8_combustion", 10 ],
      [ "foot_crank", 10 ],
      [ "flyer", 10 ]
    ]
  },
  {
    "id": "homeguns",
    "type": "item_group",
    "items": [
      [ "rootbeer", 65 ],
      [ "cola", 70 ],
      [ "cig", 90 ],
      [ "cocacola", 70 ],
      [ "mountaindew", 90 ],
      [ "cocacola2", 3 ],
      [ "methedrinedew", 3 ],
      [ "cigar", 5 ],
      [ "cigar2", 4 ],
      [ "cigar3", 3 ],
      [ "weed", 20 ],
      [ "coke", 8 ],
      [ "coke2", 6 ],
      [ "coke3", 4 ],
      [ "meth", 6 ],
      [ "meth2", 2 ],
      [ "heroin", 3 ],
      [ "heroin2", 1 ],
      [ "sneakers", 80 ],
      [ "boots", 70 ],
      [ "boots_winter", 60 ],
      [ "flip_flops", 35 ],
      [ "dress_shoes", 50 ],
      [ "heels", 50 ],
      [ "coat_rain", 50 ],
      [ "poncho", 15 ],
      [ "gloves_light", 35 ],
      [ "mittens", 30 ],
      [ "armguard_soft", 40 ],
      [ "armguard_hard", 20 ],
      [ "legguard_hard", 15 ],
      [ "gloves_wool", 33 ],
      [ "gloves_winter", 40 ],
      [ "gloves_liner", 25 ],
      [ "gloves_leather", 45 ],
      [ "gloves_fingerless", 20 ],
      [ "bandana", 35 ],
      [ "scarf", 45 ],
      [ "hat_cotton", 45 ],
      [ "hat_knit", 25 ],
      [ "hat_fur", 15 ],
      [ "helmet_bike", 35 ],
      [ "helmet_motor", 40 ],
      [ "mag_tv", 40 ],
      [ "mag_news", 35 ],
      [ "lighter", 60 ],
      [ "matches", 60 ],
      [ "extinguisher", 20 ],
      [ "mp3", 18 ],
      [ "usb_drive", 5 ],
      [ "beer", 60 ],
      [ "cell_phone", 50 ],
      [ "wristwatch", 15 ]
    ]
  },
  {
    "id": "homeguns",
    "type": "item_group",
    "items": [
      [ "chips", 65 ],
      [ "pot", 25 ],
      [ "pan", 25 ],
      [ "knife_butter", 90 ],
      [ "knife_steak", 85 ],
      [ "knife_butcher", 10 ],
      [ "cookbook", 35 ],
      [ "rag", 1 ],
      [ "hotplate", 10 ],
      [ "flashlight", 40 ],
      [ "heroin", 1 ],
      [ "extinguisher", 20 ],
      [ "whiskey", 16 ],
      [ "bleach", 20 ],
      [ "wine_box", 20 ],
      [ "beer", 16 ],
      [ "cheetoes", 20 ],
      [ "ammonia", 24 ],
      [ "flour", 40 ],
      [ "sugar", 40 ],
      [ "salt", 40 ],
      [ "tea_raw", 10 ],
      [ "coffee_raw", 15 ],
      [ "funnel", 50 ],
      [ "vac_sealer", 10 ],
      [ "seasoning_italian", 25 ],
      [ "cookbook_italian", 25 ],
      [ "chips2", 65 ],
      [ "chips3", 65 ],
      [ "pizza_veggy", 8 ],
      [ "pizza_meat", 8 ],
      [ "heatpack", 60 ],
      [ "can_beans", 40 ],
      [ "can_corn", 35 ],
      [ "can_spam", 30 ],
      [ "can_pineapple", 30 ],
      [ "can_coconut", 10 ],
      [ "can_sardine", 14 ],
      [ "can_tuna", 35 ],
      [ "broth", 15 ],
      [ "soup_veggy", 15 ],
      [ "soup_meat", 15 ],
      [ "spaghetti_raw", 40 ],
      [ "macaroni_raw", 40 ],
      [ "ravioli", 25 ],
      [ "sauce_red", 20 ],
      [ "sauce_pesto", 15 ],
      [ "bread", 14 ],
      [ "mayonnaise", 35 ],
      [ "ketchup", 35 ],
      [ "mustard", 35 ]
    ]
  },
  {
    "id": "homeguns",
    "type": "item_group",
    "items": [ [ "knife_steak", 85 ], [ "knife_butcher", 10 ], [ "knife_combat", 14 ], [ "pockknife", 14 ] ]
  },
  {
    "id": "homeguns",
    "type": "item_group",
    "items": [
      [ "water_clean", 90 ],
      [ "oj", 50 ],
      [ "cola", 70 ],
      [ "cocacola", 70 ],
      [ "mountaindew", 70 ],
      [ "methedrinedew", 5 ],
      [ "cocacola2", 5 ],
      [ "rootbeer", 65 ],
      [ "milk", 50 ],
      [ "V8", 15 ],
      [ "apple", 70 ],
      [ "sandwich_t", 30 ],
      [ "mushroom", 4 ],
      [ "blueberries", 3 ],
      [ "strawberries", 2 ],
      [ "head", 2 ],
      [ "tomato", 9 ],
      [ "broccoli", 9 ],
      [ "zucchini", 7 ],
      [ "frozen_dinner", 50 ],
      [ "vodka", 20 ],
      [ "apple_cider", 50 ],
      [ "jihelucake", 0 ],
      [ "beer", 60 ],
      [ "pizza_meat", 8 ],
      [ "pizza_veggy", 8 ],
      [ "orange", 65 ],
      [ "lemon", 50 ],
      [ "potato_raw", 10 ],
      [ "pickle", 40 ]
    ]
  },
  {
    "id": "homeguns",
    "type": "item_group",
    "items": [
      [ "pan", 80 ],
      [ "fetus", 20 ],
      [ "head", 20 ],
      [ "arm", 20 ],
      [ "leg", 20 ],
      [ "bread", 20 ],
      [ "potato_baked", 20 ],
      [ "pot", 80 ]
    ]
  },
  {
    "id": "homeguns",
    "type": "item_group",
    "items": [
      [ "superglue", 30 ],
      [ "string_6", 2 ],
      [ "string_36", 40 ],
      [ "screwdriver", 40 ],
      [ "wrench", 30 ],
      [ "hacksaw", 17 ],
      [ "xacto", 10 ],
      [ "gloves_leather", 45 ],
      [ "mask_dust", 65 ],
      [ "glasses_safety", 40 ],
      [ "battery", 50 ],
      [ "nail", 35 ],
      [ "nailgun", 12 ],
      [ "solar_cell", 5 ],
      [ "manual_mechanics", 35 ],
      [ "hammer", 35 ],
      [ "flashlight", 40 ],
      [ "soldering_iron", 70 ],
      [ "bubblewrap", 50 ],
      [ "binoculars", 20 ],
      [ "duct_tape", 60 ],
      [ "lawnmower", 25 ],
      [ "foot_crank", 10 ],
      [ "boltcutters", 5 ],
      [ "spray_can", 50 ],
      [ "jar_glass", 50 ],
      [ "floatation_vest", 1 ],
      [ "bearing", 1 ]
    ]
  },
  {
    "id": "homeguns",
    "type": "item_group",
    "items": [
      [ "inhaler", 14 ],
      [ "cig", 90 ],
      [ "cigar", 5 ],
      [ "weed", 20 ],
      [ "coke", 8 ],
      [ "meth", 2 ],
      [ "heroin", 1 ],
      [ "sneakers", 80 ],
      [ "socks", 70 ],
      [ "mocassins", 5 ],
      [ "bandana", 35 ],
      [ "glasses_eye", 90 ],
      [ "sunglasses", 90 ],
      [ "glasses_reading", 90 ],
      [ "glasses_bifocal", 90 ],
      [ "hat_ball", 30 ],
      [ "backpack", 38 ],
      [ "purse", 40 ],
      [ "mbag", 20 ],
      [ "fanny", 10 ],
      [ "battery", 50 ],
      [ "bb", 8 ],
      [ "bbgun", 10 ],
      [ "mag_porn", 20 ],
      [ "mag_tv", 40 ],
      [ "mag_gaming", 20 ],
      [ "mag_news", 35 ],
      [ "novel_romance", 30 ],
      [ "novel_drama", 40 ],
      [ "novel_mystery", 25 ],
      [ "manual_mechanics", 35 ],
      [ "manual_speech", 50 ],
      [ "manual_business", 40 ],
      [ "manual_computers", 20 ],
      [ "lighter", 60 ],
      [ "matches", 60 ],
      [ "sewing_kit", 30 ],
      [ "thread", 40 ],
      [ "scissors", 50 ],
      [ "soldering_iron", 70 ],
      [ "radio", 20 ],
      [ "syringe", 8 ],
      [ "mp3", 18 ],
      [ "usb_drive", 5 ],
      [ "firecracker_pack", 5 ],
      [ "firecracker", 5 ],
      [ "chips", 65 ],
      [ "cola", 70 ],
      [ "picklocks", 10 ],
      [ "wolfsuit", 4 ],
      [ "cocacola", 70 ],
      [ "wine_box", 10 ],
      [ "wolfsuit", 4 ],
      [ "womansuit", 18 ],
      [ "glowstick", 60 ],
      [ "blanket", 20 ],
      [ "house_coat", 25 ],
      [ "talking_doll", 65 ],
      [ "money_bundle", 30 ],
      [ "wristwatch", 15 ]
    ]
  },
  {
    "id": "homeguns",
    "type": "item_group",
    "items": [
      [ "22_lr", 9 ],
      [ "22_fmj", 1 ],
      [ "9mm", 8 ],
      [ "9mmfmj", 2 ],
      [ "crossbow", 2 ],
      [ "sig_mosquito", 5 ],
      [ "sw_22", 5 ],
      [ "glock_19", 7 ],
      [ "usp_9mm", 6 ],
      [ "sw_619", 4 ],
      [ "taurus_38", 4 ],
      [ "sig_40", 4 ],
      [ "sw_610", 2 ],
      [ "ruger_redhawk", 3 ],
      [ "deagle_44", 2 ],
      [ "usp_45", 6 ],
      [ "m1911", 5 ],
      [ "fn57", 2 ],
      [ "raging_bull", 1 ],
      [ "sw_500", 1 ],
      [ "mac_10", 14 ],
      [ "shotgun_sawn", 1 ],
      [ "suppressor", 15 ],
      [ "grip", 12 ],
      [ "clip", 8 ],
      [ "spare_mag", 15 ],
      [ "grenade", 3 ],
      [ "EMPbomb", 2 ],
      [ "gasbomb", 3 ],
      [ "tazer", 3 ],
      [ "longbow", 5 ],
      [ "compbow", 1 ],
      [ "compositebow", 3 ],
      [ "shortbow", 5 ],
      [ "recurbow", 2 ],
      [ "reflexbow", 2 ],
      [ "arrow_wood", 7 ],
      [ "arrow_cf", 5 ],
      [ "u_shotgun", 2 ],
      [ "shot_hull", 10 ],
      [ "9mm_casing", 10 ],
      [ "38_casing", 10 ],
      [ "40_casing", 10 ],
      [ "44_casing", 10 ],
      [ "45_casing", 10 ],
      [ "57mm_casing", 10 ],
      [ "46mm_casing", 10 ],
      [ "762_casing", 10 ],
      [ "223_casing", 10 ],
      [ "3006_casing", 10 ],
      [ "308_casing", 10 ],
      [ "gunpowder", 10 ],
      [ "shotgun_primer", 10 ],
      [ "smpistol_primer", 15 ],
      [ "lgpistol_primer", 15 ],
      [ "smrifle_primer", 10 ],
      [ "lgrifle_primer", 10 ],
      [ "lead", 10 ],
      [ "puller", 5 ],
      [ "press", 5 ]
    ]
  },
  {
    "id": "homeguns",
    "type": "item_group",
    "items": [
      [ "jeans", 90 ],
      [ "shorts", 70 ],
      [ "pants", 75 ],
      [ "pants_leather", 60 ],
      [ "pants_cargo", 70 ],
      [ "shorts_cargo", 50 ],
      [ "skirt", 75 ],
      [ "dress", 70 ],
      [ "tshirt", 80 ],
      [ "polo_shirt", 65 ],
      [ "dress_shirt", 60 ],
      [ "tank_top", 50 ],
      [ "sweatshirt", 75 ],
      [ "sweater", 75 ],
      [ "hoodie", 65 ],
      [ "jacket_light", 50 ],
      [ "jacket_jean", 35 ],
      [ "blazer", 35 ],
      [ "jacket_leather", 30 ],
      [ "poncho", 15 ],
      [ "trenchcoat", 25 ],
      [ "peacoat", 30 ],
      [ "vest", 15 ],
      [ "mag_porn", 20 ],
      [ "coke", 10 ],
      [ "heroin", 6 ],
      [ "coke2", 10 ],
      [ "heroin2", 6 ],
      [ "methedrine", 10 ],
      [ "dexedrine", 6 ],
      [ "lighter", 60 ],
      [ "sewing_kit", 30 ],
      [ "thread", 40 ],
      [ "flashlight", 40 ],
      [ "suit", 60 ],
      [ "tophat", 10 ],
      [ "glasses_monocle", 2 ],
      [ "duct_tape", 60 ],
      [ "firecracker_pack", 5 ],
      [ "firecracker", 5 ],
      [ "wolfsuit", 4 ],
      [ "womansuit", 4 ],
      [ "snuggie", 5 ],
      [ "flyer", 10 ],
      [ "socks", 70 ],
      [ "socks_wool", 30 ],
      [ "wristwatch", 15 ]
    ]
  },
  {
    "id": "homeguns",
    "type": "item_group",
    "items": [
      [ "wrapper", 50 ],
      [ "knife_butter", 90 ],
      [ "hacksaw", 30 ],
      [ "head", 30 ],
      [ "knife_steak", 85 ],
      [ "bottle_glass", 10 ]
    ]
  },
  {
    "id": "homeguns",
    "type": "item_group",
    "items": [
      [ "chips", 65 ],
      [ "pretzels", 55 ],
      [ "chocolate", 50 ],
      [ "jerky", 55 ],
      [ "candy", 80 ],
      [ "tea_raw", 10 ],
      [ "coffee_raw", 15 ],
      [ "chips2", 65 ],
      [ "chips3", 65 ],
      [ "salt", 10 ]
    ]
  },
  {
    "id": "homeguns",
    "type": "item_group",
    "items": [
      [ "water_clean", 90 ],
      [ "oj", 50 ],
      [ "apple_cider", 50 ],
      [ "energy_drink", 55 ],
      [ "cola", 70 ],
      [ "rootbeer", 65 ],
      [ "milk", 50 ],
      [ "V8", 15 ],
      [ "sandwich_t", 30 ],
      [ "frozen_dinner", 50 ],
      [ "pizza_veggy", 8 ],
      [ "pizza_meat", 8 ],
      [ "pie", 20 ]
    ]
  },
  {
    "id": "homeguns",
    "type": "item_group",
    "items": [
      [ "water_clean", 90 ],
      [ "cola", 70 ],
      [ "rootbeer", 65 ],
      [ "sandwich_t", 30 ],
      [ "sandwich_t", 30 ],
      [ "sandwich_t", 30 ],
      [ "pizza_veggy", 8 ],
      [ "pizza_meat", 8 ],
      [ "pie", 20 ],
      [ "chips", 65 ],
      [ "candy", 80 ],
      [ "mayonnaise", 60 ],
      [ "ketchup", 60 ],
      [ "mustard", 60 ],
      [ "pickle", 40 ],
      [ "salt", 20 ]
    ]
  },
  {
    "id": "homeguns",
    "type": "item_group",
    "items": [
      [ "water_clean", 90 ],
      [ "cola", 70 ],
      [ "rootbeer", 65 ],
      [ "sandwich_t", 30 ],
      [ "pizza_veggy", 8 ],
      [ "pizza_meat", 8 ],
      [ "pretzels", 55 ],
      [ "chocolate", 50 ],
      [ "jerky", 55 ],
      [ "candy", 80 ],
      [ "tea_raw", 10 ],
      [ "pie", 20 ],
      [ "chips", 65 ],
      [ "candy", 80 ],
      [ "coffee_raw", 15 ],
      [ "coffee_raw", 15 ],
      [ "coffee_raw", 15 ],
      [ "coffee_raw", 15 ],
      [ "weed4", 1 ],
      [ "weed3", 1 ],
      [ "weed4", 1 ],
      [ "weed3", 1 ],
      [ "salt", 10 ]
    ]
  },
  {
    "id": "homeguns",
    "type": "item_group",
    "items": [
      [ "aspirin", 85 ],
      [ "caffeine", 25 ],
      [ "cig", 90 ],
      [ "bathsalts", 90 ],
      [ "cigar", 5 ],
      [ "battery", 50 ],
      [ "shotgun_sawn", 1 ],
      [ "mag_porn", 20 ],
      [ "lighter", 60 ],
      [ "matches", 60 ],
      [ "flashlight", 40 ],
      [ "extinguisher", 20 ],
      [ "tazer", 3 ],
      [ "mp3", 18 ],
      [ "roadmap", 40 ],
      [ "money_bundle", 55 ]
    ]
  },
  {
    "id": "homeguns",
    "type": "item_group",
    "items": [
      [ "mag_tv", 40 ],
      [ "mag_news", 35 ],
      [ "mag_cars", 40 ],
      [ "mag_cooking", 30 ],
      [ "novel_romance", 30 ],
      [ "novel_spy", 28 ],
      [ "mag_carpentry", 30 ],
      [ "mag_comic", 20 ],
      [ "mag_guns", 20 ],
      [ "mag_archery", 20 ],
      [ "novel_horror", 18 ],
      [ "novel_mystery", 25 ],
      [ "novel_fantasy", 20 ],
      [ "mag_turner", 20 ],
      [ "novel_gov", 18 ],
      [ "novel_lovecunt", 25 ],
      [ "novel_thompson", 20 ],
      [ "novel_busey", 28 ],
      [ "novel_hansen", 28 ],
      [ "novel_burroughs", 18 ],
      [ "novel_jugs", 18 ],
      [ "novel_gein", 18 ],
      [ "novel_wifebeating", 18 ],
      [ "novel_wwz", 18 ],
      [ "mag_dodge", 20 ],
      [ "mag_comic", 20 ],
      [ "mag_throwing", 20 ],
      [ "novel_firstaid", 10 ],
      [ "mag_gaming", 20 ],
      [ "mag_swimming", 10 ],
      [ "flyer", 10 ]
    ]
  },
  {
    "id": "homeguns",
    "type": "item_group",
    "items": [
      [ "bandages", 50 ],
      [ "1st_aid", 35 ],
      [ "vitamins", 75 ],
      [ "aspirin", 85 ],
      [ "oxycodone", 2 ],
      [ "hydrocodone", 7 ],
      [ "codeine", 7 ],
      [ "caffeine", 25 ],
      [ "pills_sleep", 15 ],
      [ "iodine", 5 ],
      [ "dayquil", 70 ],
      [ "nyquil", 70 ],
      [ "disinfectant", 35 ],
      [ "vaccine_shot", 10 ]
    ]
  },
  {
    "id": "homeguns",
    "type": "item_group",
    "items": [
      [ "inhaler", 14 ],
      [ "codeine", 15 ],
      [ "oxycodone", 7 ],
      [ "tramadol", 11 ],
      [ "xanax", 10 ],
      [ "methedrine", 7 ],
      [ "dexedrine", 11 ],
      [ "dilaudid", 10 ],
      [ "adderall", 10 ],
      [ "thorazine", 7 ],
      [ "prozac", 10 ],
      [ "antibiotics", 25 ],
      [ "syringe", 8 ]
    ]
  },
  {
    "id": "homeguns",
    "type": "item_group",
    "items": [
      [ "can_beans", 40 ],
      [ "can_corn", 35 ],
      [ "can_spam", 30 ],
      [ "can_pineapple", 30 ],
      [ "can_coconut", 10 ],
      [ "can_sardine", 14 ],
      [ "can_tuna", 35 ],
      [ "can_catfood", 20 ],
      [ "broth", 15 ],
      [ "soup_veggy", 15 ],
      [ "soup_meat", 15 ],
      [ "flour", 20 ],
      [ "sugar", 20 ],
      [ "salt", 20 ]
    ]
  },
  {
    "id": "homeguns",
    "type": "item_group",
    "items": [
      [ "spaghetti_raw", 40 ],
      [ "macaroni_raw", 40 ],
      [ "ravioli", 25 ],
      [ "sauce_red", 20 ],
      [ "sauce_pesto", 15 ],
      [ "bread", 14 ],
      [ "seasoning_italian", 25 ]
    ]
  },
  {
    "id": "homeguns",
    "type": "item_group",
    "items": [
      [ "apple", 70 ],
      [ "orange", 65 ],
      [ "lemon", 50 ],
      [ "mushroom", 4 ],
      [ "potato_raw", 10 ],
      [ "blueberries", 3 ],
      [ "strawberries", 2 ],
      [ "tomato", 9 ],
      [ "broccoli", 9 ],
      [ "zucchini", 7 ]
    ]
  },
  {
    "id": "homeguns",
    "type": "item_group",
    "items": [
      [ "salt_water", 20 ],
      [ "bleach", 20 ],
      [ "ammonia", 24 ],
      [ "broom", 30 ],
      [ "mop", 30 ],
      [ "gloves_rubber", 20 ],
      [ "mask_dust", 65 ],
      [ "bottle_plastic", 10 ],
      [ "sewing_kit", 30 ],
      [ "thread", 40 ],
      [ "rag", 1 ],
      [ "scissors", 50 ],
      [ "string_36", 40 ]
    ]
  },
  {
    "id": "homeguns",
    "type": "item_group",
    "items": [
      [ "superglue", 30 ],
      [ "chain", 20 ],
      [ "rope_6", 4 ],
      [ "rope_30", 35 ],
      [ "glass_sheet", 5 ],
      [ "pipe", 20 ],
      [ "nail", 35 ],
      [ "hose", 15 ],
      [ "string_36", 40 ],
      [ "frame", 20 ],
      [ "metal_tank", 10 ],
      [ "wire", 50 ],
      [ "wire_barbed", 20 ],
      [ "duct_tape", 60 ],
      [ "jerrycan", 10 ],
      [ "lawnmower", 25 ],
      [ "foot_crank", 10 ],
      [ "spray_can", 50 ],
      [ "ax", 8 ],
      [ "jerrycan_big", 10 ],
      [ "funnel", 50 ],
      [ "bearing", 1 ],
      [ "jack", 10 ],
      [ "permanent_marker", 50 ]
    ]
  },
  {
    "id": "homeguns",
    "type": "item_group",
    "items": [
      [ "screwdriver", 40 ],
      [ "hammer", 35 ],
      [ "wrench", 30 ],
      [ "saw", 15 ],
      [ "hacksaw", 17 ],
      [ "hammer_sledge", 6 ],
      [ "xacto", 10 ],
      [ "flashlight", 40 ],
      [ "crowbar", 18 ],
      [ "nailgun", 12 ],
      [ "press", 5 ],
      [ "puller", 5 ],
      [ "boltcutters", 5 ],
      [ "ax", 8 ]
    ]
  },
  {
    "id": "homeguns",
    "type": "item_group",
    "items": [
      [ "broom", 30 ],
      [ "mop", 30 ],
      [ "hoe", 30 ],
      [ "shovel", 40 ],
      [ "chainsaw_off", 7 ],
      [ "hammer_sledge", 6 ],
      [ "jackhammer", 2 ],
      [ "jacqueshammer", 2 ],
      [ "welder", 25 ],
      [ "ax", 8 ]
    ]
  },
  {
    "id": "homeguns",
    "type": "item_group",
    "items": [
      [ "2x4", 60 ],
      [ "machete", 5 ],
      [ "boots_steel", 50 ],
      [ "hat_hard", 50 ],
      [ "mask_filter", 30 ],
      [ "glasses_safety", 40 ],
      [ "bb", 8 ],
      [ "bbgun", 10 ],
      [ "beartrap", 5 ],
      [ "radio", 20 ],
      [ "hotplate", 10 ],
      [ "extinguisher", 20 ],
      [ "nailgun", 12 ],
      [ "manual_mechanics", 35 ],
      [ "manual_carpentry", 10 ],
      [ "mag_carpentry", 30 ],
      [ "duct_tape", 60 ],
      [ "lawnmower", 25 ],
      [ "boltcutters", 5 ],
      [ "foot_crank", 10 ],
      [ "cable", 60 ],
      [ "textbook_mechanics", 12 ],
      [ "vac_sealer", 10 ]
    ]
  },
  {
    "id": "homeguns",
    "type": "item_group",
    "items": [
      [ "amplifier", 8 ],
      [ "antenna", 18 ],
      [ "battery", 50 ],
      [ "soldering_iron", 70 ],
      [ "solar_cell", 5 ],
      [ "screwdriver", 40 ],
      [ "processor", 15 ],
      [ "RAM", 22 ],
      [ "mp3", 18 ],
      [ "flashlight", 40 ],
      [ "radio", 20 ],
      [ "hotplate", 10 ],
      [ "receiver", 10 ],
      [ "transponder", 5 ],
      [ "tazer", 3 ],
      [ "usb_drive", 5 ],
      [ "manual_electronics", 20 ],
      [ "cable", 60 ],
      [ "vac_sealer", 10 ],
      [ "wristwatch", 15 ]
    ]
  },
  {
    "id": "homeguns",
    "type": "item_group",
    "items": [
      [ "bandages", 50 ],
      [ "aspirin", 85 ],
      [ "bat", 60 ],
      [ "bat_metal", 60 ],
      [ "sneakers", 80 ],
      [ "socks", 70 ],
      [ "tshirt", 80 ],
      [ "tank_top", 50 ],
      [ "gloves_fingerless", 20 ],
      [ "glasses_safety", 40 ],
      [ "armguard_soft", 40 ],
      [ "armguard_hard", 20 ],
      [ "legguard_hard", 15 ],
      [ "goggles_swim", 50 ],
      [ "goggles_ski", 30 ],
      [ "hat_ball", 30 ],
      [ "helmet_bike", 35 ],
      [ "helmet_ball", 45 ],
      [ "manual_brawl", 30 ],
      [ "foot_crank", 10 ],
      [ "floatation_vest", 10 ],
      [ "glowstick", 60 ]
    ]
  },
  {
    "id": "homeguns",
    "type": "item_group",
    "items": [
      [ "rope_30", 35 ],
      [ "hatchet", 10 ],
      [ "pot", 25 ],
      [ "pan", 25 ],
      [ "binoculars", 20 ],
      [ "firecracker_pack", 5 ],
      [ "hotplate", 10 ],
      [ "knife_combat", 14 ],
      [ "machete", 5 ],
      [ "vest", 15 ],
      [ "backpack", 38 ],
      [ "bb", 8 ],
      [ "bolt_steel", 7 ],
      [ "bbgun", 10 ],
      [ "crossbow", 2 ],
      [ "manual_knives", 12 ],
      [ "manual_survival", 20 ],
      [ "manual_first_aid", 40 ],
      [ "manual_traps", 12 ],
      [ "lighter", 60 ],
      [ "matches", 60 ],
      [ "sewing_kit", 30 ],
      [ "thread", 40 ],
      [ "hammer", 35 ],
      [ "flashlight", 40 ],
      [ "water_purifier", 5 ],
      [ "radio", 20 ],
      [ "beartrap", 5 ],
      [ "UPS_off", 5 ],
      [ "adv_UPS_off", 3 ],
      [ "string_36", 40 ],
      [ "longbow", 5 ],
      [ "compbow", 1 ],
      [ "compositebow", 3 ],
      [ "shortbow", 5 ],
      [ "recurbow", 2 ],
      [ "reflexbow", 2 ],
      [ "hand_crossbow", 1 ],
      [ "arrow_wood", 7 ],
      [ "arrow_cf", 5 ],
      [ "wire", 50 ],
      [ "rollmat", 40 ],
      [ "tent_kit", 17 ],
      [ "canteen", 10 ],
      [ "ax", 8 ],
      [ "heatpack", 60 ],
      [ "glowstick", 60 ],
      [ "emer_blanket", 20 ],
      [ "cloak", 5 ],
      [ "sleeping_bag", 10 ],
      [ "floatation_vest", 7 ],
      [ "gasoline_lantern", 5 ],
      [ "folding_bicycle", 1 ]
    ]
  },
  {
    "id": "homeguns",
    "type": "item_group",
    "items": [
      [ "aspirin", 85 ],
      [ "bat", 60 ],
      [ "bat_metal", 60 ],
      [ "sneakers", 80 ],
      [ "socks", 70 ],
      [ "tshirt", 80 ],
      [ "tank_top", 50 ],
      [ "gloves_fingerless", 20 ],
      [ "glasses_safety", 40 ],
      [ "goggles_swim", 50 ],
      [ "armguard_soft", 40 ],
      [ "armguard_hard", 20 ],
      [ "legguard_hard", 15 ],
      [ "mag_firstaid", 15 ],
      [ "mag_throwing", 20 ],
      [ "mag_swimming", 20 ],
      [ "goggles_ski", 30 ],
      [ "hat_ball", 30 ],
      [ "helmet_bike", 35 ],
      [ "helmet_ball", 45 ],
      [ "manual_brawl", 30 ],
      [ "rope_30", 35 ],
      [ "hatchet", 10 ],
      [ "pot", 25 ],
      [ "pan", 25 ],
      [ "binoculars", 20 ],
      [ "hotplate", 10 ],
      [ "knife_combat", 14 ],
      [ "machete", 5 ],
      [ "vest", 15 ],
      [ "backpack", 38 ],
      [ "bb", 8 ],
      [ "bolt_steel", 7 ],
      [ "bbgun", 10 ],
      [ "crossbow", 2 ],
      [ "hand_crossbow", 1 ],
      [ "manual_knives", 12 ],
      [ "manual_first_aid", 40 ],
      [ "manual_traps", 12 ],
      [ "lighter", 60 ],
      [ "matches", 60 ],
      [ "sewing_kit", 30 ],
      [ "thread", 40 ],
      [ "hammer", 35 ],
      [ "flashlight", 40 ],
      [ "water_purifier", 5 ],
      [ "radio", 20 ],
      [ "beartrap", 5 ],
      [ "extinguisher", 20 ],
      [ "string_36", 40 ],
      [ "longbow", 5 ],
      [ "compbow", 1 ],
      [ "compositebow", 3 ],
      [ "shortbow", 5 ],
      [ "recurbow", 2 ],
      [ "reflexbow", 2 ],
      [ "arrow_wood", 7 ],
      [ "arrow_cf", 5 ],
      [ "rollmat", 40 ],
      [ "tent_kit", 17 ],
      [ "foot_crank", 10 ],
      [ "mag_archery", 20 ],
      [ "heatpack", 60 ],
      [ "floatation_vest", 3 ],
      [ "glowstick", 60 ],
      [ "folding_bicycle", 1 ]
    ]
  },
  {
    "id": "homeguns",
    "type": "item_group",
    "items": [
      [ "whiskey", 16 ],
      [ "vodka", 20 ],
      [ "wine_box", 60 ],
      [ "gin", 20 ],
      [ "rum", 14 ],
      [ "tequila", 12 ],
      [ "triple_sec", 12 ],
      [ "beer", 60 ]
    ]
  },
  {
    "id": "homeguns",
    "type": "item_group",
    "items": [ [ "pool_cue", 4 ], [ "pool_ball", 40 ] ]
  },
  {
    "id": "homeguns",
    "type": "item_group",
    "items": [
      [ "iodine", 5 ],
      [ "meth5", 2 ],
      [ "heroin", 1 ],
      [ "wrapper", 50 ],
      [ "string_6", 2 ],
      [ "chain", 20 ],
      [ "glass_sheet", 5 ],
      [ "stick", 95 ],
      [ "muffler", 30 ],
      [ "pipe", 20 ],
      [ "bag_plastic", 10 ],
      [ "bottle_plastic", 10 ],
      [ "bottle_glass", 10 ],
      [ "can_drink", 10 ],
      [ "can_food", 10 ],
      [ "box_small", 10 ],
      [ "bubblewrap", 50 ],
      [ "lighter", 60 ],
      [ "matches", 60 ],
      [ "syringe", 8 ],
      [ "rag", 1 ],
      [ "software_hacking", 10 ],
      [ "jug_plastic", 10 ],
      [ "spray_can", 50 ],
      [ "keg", 10 ],
      [ "jar_glass", 10 ],
      [ "flyer", 10 ],
      [ "talking_doll", 60 ]
    ]
  },
  {
    "id": "homeguns",
    "type": "item_group",
    "items": [
      [ "shot_bird", 8 ],
      [ "shot_00", 8 ],
      [ "shot_slug", 6 ],
      [ "22_fmj", 3 ],
      [ "22_lr", 9 ],
      [ "22_cb", 8 ],
      [ "22_ratshot", 2 ],
      [ "9mm", 8 ],
      [ "9mmP", 8 ],
      [ "9mmP2", 8 ],
      [ "9mmfmj", 4 ],
      [ "38_special", 7 ],
      [ "38_super", 7 ],
      [ "38_fmj", 3 ],
      [ "10mm", 4 ],
      [ "40sw", 7 ],
      [ "40fmj", 5 ],
      [ "44magnum", 7 ],
      [ "45_acp", 7 ],
      [ "45_jhp", 4 ],
      [ "45_super", 5 ],
      [ "454_Casull", 1 ],
      [ "500_Magnum", 1 ],
      [ "57mm", 3 ],
      [ "46mm", 2 ],
      [ "762_m43", 6 ],
      [ "762_m87", 7 ],
      [ "223", 8 ],
      [ "556", 6 ],
      [ "270", 8 ],
      [ "3006", 4 ],
      [ "3006fmj", 2 ],
      [ "308", 7 ],
      [ "762_51", 6 ]
    ]
  },
  {
    "id": "homeguns",
    "type": "item_group",
    "items": [
      [ "sig_mosquito", 5 ],
      [ "sw_22", 5 ],
      [ "glock_19", 7 ],
      [ "usp_9mm", 6 ],
      [ "sw_619", 4 ],
      [ "taurus_38", 4 ],
      [ "sig_40", 4 ],
      [ "sw_610", 2 ],
      [ "ruger_redhawk", 3 ],
      [ "deagle_44", 2 ],
      [ "usp_45", 6 ],
      [ "m1911", 5 ],
      [ "fn57", 2 ],
      [ "hk_ucp", 2 ],
      [ "raging_bull", 1 ],
      [ "sw_500", 1 ]
    ]
  },
  {
    "id": "homeguns",
    "type": "item_group",
    "items": [
      [ "shotgun_s", 1 ],
      [ "shotgun_d", 2 ],
      [ "ithaca_37", 6 ],
      [ "remington_870", 9 ],
      [ "mossberg_500", 5 ],
      [ "saiga_12", 3 ]
    ]
  },
  {
    "id": "homeguns",
    "type": "item_group",
    "items": [
      [ "marlin_9a", 14 ],
      [ "ruger_1022", 12 ],
      [ "browning_blr", 8 ],
      [ "remington_700", 14 ],
      [ "sks", 12 ],
      [ "ruger_mini", 12 ],
      [ "savage_111f", 10 ]
    ]
  },
  {
    "id": "homeguns",
    "type": "item_group",
    "items": [
      [ "american_180", 2 ],
      [ "uzi", 8 ],
      [ "tec9", 10 ],
      [ "calico", 6 ],
      [ "hk_mp5", 12 ],
      [ "mac_10", 14 ],
      [ "hk_ump45", 12 ],
      [ "TDI", 4 ],
      [ "fn_p90", 7 ],
      [ "hk_mp7", 5 ]
    ]
  },
  {
    "id": "homeguns",
    "type": "item_group",
    "items": [
      [ "hk_g3", 15 ],
      [ "hk_g36", 17 ],
      [ "ak47", 16 ],
      [ "fn_fal", 16 ],
      [ "acr", 4 ],
      [ "ar15", 9 ],
      [ "scar_l", 6 ],
      [ "scar_h", 5 ],
      [ "steyr_aug", 6 ],
      [ "m249", 1 ]
    ]
  },
  {
    "id": "homeguns",
    "type": "item_group",
    "items": [
      [ "sig_mosquito", 5 ],
      [ "sw_22", 5 ],
      [ "glock_19", 7 ],
      [ "usp_9mm", 6 ],
      [ "sw_619", 4 ],
      [ "taurus_38", 4 ],
      [ "sig_40", 4 ],
      [ "sw_610", 2 ],
      [ "ruger_redhawk", 3 ],
      [ "deagle_44", 2 ],
      [ "usp_45", 6 ],
      [ "m1911", 5 ],
      [ "fn57", 2 ],
      [ "hk_ucp", 2 ],
      [ "raging_bull", 1 ],
      [ "sw_500", 1 ],
      [ "shotgun_s", 1 ],
      [ "shotgun_d", 2 ],
      [ "remington_870", 9 ],
      [ "mossberg_500", 5 ],
      [ "saiga_12", 3 ],
      [ "american_180", 2 ],
      [ "uzi", 8 ],
      [ "tec9", 10 ],
      [ "calico", 6 ],
      [ "hk_mp5", 12 ],
      [ "mac_10", 14 ],
      [ "hk_ump45", 12 ],
      [ "TDI", 4 ],
      [ "fn_p90", 7 ],
      [ "hk_mp7", 5 ],
      [ "marlin_9a", 14 ],
      [ "ruger_1022", 12 ],
      [ "browning_blr", 8 ],
      [ "remington_700", 14 ],
      [ "sks", 12 ],
      [ "ruger_mini", 12 ],
      [ "savage_111f", 10 ],
      [ "hk_g3", 15 ],
      [ "hk_g36", 17 ],
      [ "ak47", 16 ],
      [ "fn_fal", 16 ],
      [ "acr", 4 ],
      [ "ar15", 9 ],
      [ "scar_l", 6 ],
      [ "scar_h", 5 ],
      [ "steyr_aug", 6 ],
      [ "m249", 1 ]
    ]
  },
  {
    "id": "homeguns",
    "type": "item_group",
    "items": [
      [ "glasses_safety", 40 ],
      [ "goggles_nv", 1 ],
      [ "holster", 8 ],
      [ "bootstrap", 3 ],
      [ "mag_guns", 20 ],
      [ "mag_archery", 20 ],
      [ "flashlight", 40 ],
      [ "UPS_off", 5 ],
      [ "adv_UPS_off", 3 ],
      [ "suppressor", 15 ],
      [ "grip", 12 ],
      [ "barrel_big", 10 ],
      [ "barrel_small", 6 ],
      [ "barrel_rifled", 5 ],
      [ "clip", 8 ],
      [ "spare_mag", 15 ],
      [ "clip2", 4 ],
      [ "stabilizer", 4 ],
      [ "blowback", 3 ],
      [ "autofire", 2 ],
      [ "retool_45", 3 ],
      [ "retool_9mm", 3 ],
      [ "retool_22", 2 ],
      [ "retool_57", 1 ],
      [ "retool_46", 1 ],
      [ "retool_308", 2 ],
      [ "retool_223", 2 ],
      [ "brass_catcher", 15 ],
      [ "tazer", 3 ],
      [ "shot_hull", 10 ],
      [ "9mm_casing", 10 ],
      [ "38_casing", 10 ],
      [ "40_casing", 10 ],
      [ "44_casing", 10 ],
      [ "45_casing", 10 ],
      [ "454_casing", 1 ],
      [ "500_casing", 1 ],
      [ "57mm_casing", 10 ],
      [ "46mm_casing", 10 ],
      [ "762_casing", 10 ],
      [ "223_casing", 10 ],
      [ "3006_casing", 10 ],
      [ "308_casing", 10 ],
      [ "gunpowder", 10 ],
      [ "shotgun_primer", 10 ],
      [ "smpistol_primer", 15 ],
      [ "lgpistol_primer", 15 ],
      [ "smrifle_primer", 10 ],
      [ "lgrifle_primer", 10 ],
      [ "lead", 10 ],
      [ "press", 5 ],
      [ "puller", 5 ]
    ]
  },
  {
    "id": "homeguns",
    "type": "item_group",
    "items": [ [ "sneakers", 80 ], [ "socks", 70 ], [ "boots", 70 ], [ "flip_flops", 35 ], [ "dress_shoes", 50 ], [ "heels", 50 ] ]
  },
  {
    "id": "homeguns",
    "type": "item_group",
    "items": [
      [ "jeans", 90 ],
      [ "shorts", 70 ],
      [ "pants", 75 ],
      [ "pants_leather", 60 ],
      [ "pants_cargo", 70 ],
      [ "shorts_cargo", 50 ],
      [ "skirt", 75 ],
      [ "dress", 70 ]
    ]
  },
  {
    "id": "homeguns",
    "type": "item_group",
    "items": [
      [ "tshirt", 80 ],
      [ "polo_shirt", 65 ],
      [ "dress_shirt", 60 ],
      [ "tank_top", 50 ],
      [ "sweatshirt", 75 ],
      [ "sweater", 75 ],
      [ "hoodie", 65 ],
      [ "under_armor", 20 ]
    ]
  },
  {
    "id": "homeguns",
    "type": "item_group",
    "items": [
      [ "jacket_light", 50 ],
      [ "jacket_jean", 35 ],
      [ "blazer", 35 ],
      [ "jacket_leather", 30 ],
      [ "coat_rain", 50 ],
      [ "trenchcoat", 25 ]
    ]
  },
  {
    "id": "homeguns",
    "type": "item_group",
    "items": [
      [ "coat_winter", 50 ],
      [ "peacoat", 30 ],
      [ "gloves_light", 35 ],
      [ "mittens", 30 ],
      [ "gloves_wool", 33 ],
      [ "gloves_winter", 40 ],
      [ "gloves_liner", 25 ],
      [ "gloves_leather", 45 ],
      [ "scarf", 45 ],
      [ "hat_cotton", 45 ],
      [ "hat_knit", 25 ],
      [ "hat_fur", 15 ],
      [ "pants_ski", 60 ],
      [ "long_underpants", 40 ],
      [ "balclava", 15 ]
    ]
  },
  {
    "id": "homeguns",
    "type": "item_group",
    "items": [ [ "backpack", 38 ], [ "purse", 40 ], [ "mbag", 20 ], [ "rucksack", 20 ] ]
  },
  {
    "id": "homeguns",
    "type": "item_group",
    "items": [
      [ "jeans", 90 ],
      [ "shorts", 70 ],
      [ "pants", 75 ],
      [ "suit", 60 ],
      [ "tophat", 10 ],
      [ "glasses_monocle", 2 ],
      [ "pants_leather", 60 ],
      [ "pants_cargo", 70 ],
      [ "shorts_cargo", 50 ],
      [ "skirt", 75 ],
      [ "tshirt", 80 ],
      [ "polo_shirt", 65 ],
      [ "dress_shirt", 60 ],
      [ "tank_top", 50 ],
      [ "sweatshirt", 75 ],
      [ "sweater", 75 ],
      [ "hoodie", 65 ],
      [ "jacket_light", 50 ],
      [ "jacket_jean", 35 ],
      [ "blazer", 35 ],
      [ "jacket_leather", 30 ],
      [ "coat_winter", 50 ],
      [ "peacoat", 30 ],
      [ "gloves_light", 35 ],
      [ "mittens", 30 ],
      [ "gloves_wool", 33 ],
      [ "gloves_winter", 40 ],
      [ "gloves_liner", 25 ],
      [ "gloves_leather", 45 ],
      [ "scarf", 45 ],
      [ "hat_cotton", 45 ],
      [ "hat_knit", 25 ],
      [ "hat_fur", 15 ],
      [ "UPS_off", 5 ],
      [ "adv_UPS_off", 3 ],
      [ "under_armor", 20 ],
      [ "balclava", 15 ],
      [ "womansuit", 3 ],
      [ "pants_ski", 60 ],
      [ "long_underpants", 40 ],
      [ "trenchcoat_leather", 25 ],
      [ "cloak", 5 ],
      [ "house_coat", 25 ],
      [ "floatation_vest", 1 ],
      [ "jedi_cloak", 1 ]
    ]
  },
  {
    "id": "homeguns",
    "type": "item_group",
    "items": [
      [ "novel_romance", 30 ],
      [ "novel_spy", 28 ],
      [ "novel_scifi", 20 ],
      [ "mag_turner", 20 ],
      [ "novel_gov", 1 ],
      [ "novel_lovecunt", 25 ],
      [ "novel_thompson", 20 ],
      [ "novel_busey", 28 ],
      [ "novel_hansen", 28 ],
      [ "novel_burroughs", 18 ],
      [ "novel_jugs", 18 ],
      [ "novel_gein", 18 ],
      [ "novel_wifebeating", 18 ],
      [ "novel_wwz", 18 ],
      [ "coke", 2 ],
      [ "cookbook_human", 1 ],
      [ "novel_mystery", 25 ],
      [ "novel_fantasy", 20 ],
      [ "novel_horror", 18 ]
    ]
  },
  {
    "id": "homeguns",
    "type": "item_group",
    "items": [
      [ "manual_brawl", 30 ],
      [ "manual_knives", 12 ],
      [ "manual_mechanics", 35 ],
      [ "manual_speech", 50 ],
      [ "manual_business", 40 ],
      [ "manual_first_aid", 40 ],
      [ "manual_computers", 20 ],
      [ "cookbook", 35 ],
      [ "cookbook_italian", 25 ],
      [ "manual_electronics", 20 ],
      [ "manual_tailor", 15 ],
      [ "manual_traps", 12 ],
      [ "manual_carpentry", 10 ],
      [ "manual_survival", 20 ]
    ]
  },
  {
    "id": "homeguns",
    "type": "item_group",
    "items": [
      [ "textbook_computers", 8 ],
      [ "textbook_electronics", 6 ],
      [ "textbook_business", 12 ],
      [ "textbook_chemistry", 11 ],
      [ "textbook_carpentry", 6 ],
      [ "SICP", 3 ],
      [ "textbook_robots", 1 ],
      [ "textbook_mechanics", 12 ]
    ]
  },
  {
    "id": "homeguns",
    "type": "item_group",
    "items": [ [ "boots", 70 ], [ "boots_steel", 50 ] ]
  },
  {
    "id": "homeguns",
    "type": "item_group",
    "items": [ [ "dress_shirt", 60 ], [ "under_armor", 20 ], [ "jacket_light", 50 ] ]
  },
  {
    "id": "homeguns",
    "type": "item_group",
    "items": [ [ "pants", 75 ], [ "pants_cargo", 70 ] ]
  },
  {
    "id": "homeguns",
    "type": "item_group",
    "items": [
      [ "baton", 8 ],
      [ "kevlar", 30 ],
      [ "vest", 15 ],
      [ "gloves_leather", 45 ],
      [ "mask_gas", 10 ],
      [ "goggles_nv", 1 ],
      [ "helmet_riot", 25 ],
      [ "holster", 8 ],
      [ "bootstrap", 3 ],
      [ "armguard_hard", 20 ],
      [ "legguard_hard", 15 ],
      [ "shot_00", 8 ],
      [ "9mm", 8 ],
      [ "usp_9mm", 6 ],
      [ "remington_870", 9 ],
      [ "UPS_off", 5 ],
      [ "tazer", 3 ]
    ]
  },
  {
    "id": "homeguns",
    "type": "item_group",
    "items": [
      [ "weed", 100 ],
      [ "weed2", 80 ],
      [ "weed3", 50 ],
      [ "weed4", 30 ],
      [ "cigars2", 30 ],
      [ "coke", 80 ],
      [ "meth", 30 ],
      [ "heroin", 30 ],
      [ "dix", 10 ],
      [ "coke2", 40 ],
      [ "heroin2", 10 ],
      [ "heroin", 40 ],
      [ "bathsalts", 30 ],
      [ "meth5", 10 ],
      [ "MDMA", 4 ],
      [ "adderall", 14 ],
      [ "bliss", 1 ],
      [ "jet", 2 ],
      [ "nuke", 2 ],
      [ "heroinkilo", 2 ],
      [ "cokekilo", 2 ],
      [ "hydrocodone", 40 ],
      [ "cokesuitcase", 1 ],
      [ "crystaldreamsuitcase", 1 ],
      [ "bathsalts", 50 ],
      [ "freebase", 4 ],
      [ "adrenochrome", 1 ],
      [ "LSD1", 10 ],
      [ "LSD2", 10 ],
      [ "mescaline", 10 ],
      [ "ether", 5 ],
      [ "cigar3", 1 ],
      [ "heroin4", 40 ],
      [ "heroin3", 3 ],
      [ "heroin2", 6 ],
      [ "Monkey", 1 ],
      [ "dix", 4 ],
      [ "speedball", 4 ],
      [ "ibogaine", 1 ],
      [ "meth4", 1 ],
      [ "meth3", 4 ],
      [ "meth2", 8 ],
      [ "coke4", 40 ],
      [ "coke3", 4 ],
      [ "coke2", 8 ],
      [ "MDMA", 10 ],
      [ "weed5", 1 ],
      [ "weed4", 4 ],
      [ "weed3", 6 ],
      [ "weed2", 8 ],
      [ "dexedrine", 8 ],
      [ "methedrine", 6 ],
      [ "Quaaludes", 4 ],
      [ "valium", 10 ],
      [ "amyl", 6 ],
      [ "nyquil2", 6 ],
      [ "MDMA", 10 ],
      [ "methedrinedew", 10 ],
      [ "cocacola2", 20 ],
      [ "syringe", 80 ],
      [ "electrohack", 30 ],
      [ "knife_combat", 44 ],
      [ "crowbar", 78 ],
      [ "tazer", 30 ],
      [ "shotgun_sawn", 50 ],
      [ "womansuit", 10 ],
      [ "tec9", 40 ],
      [ "mac_10", 40 ],
      [ "knife_butcher", 15 ],
      [ "software_hacking", 10 ],
      [ "spray_can", 50 ]
    ]
  },
  {
    "id": "homeguns",
    "type": "item_group",
    "items": [ [ "sneakers", 80 ], [ "boots", 70 ], [ "boots_steel", 50 ], [ "dress_shoes", 50 ] ]
  },
  {
    "id": "homeguns",
    "type": "item_group",
    "items": [
      [ "coat_lab", 20 ],
      [ "coat_lab", 20 ],
      [ "coat_lab", 20 ],
      [ "coat_lab", 20 ],
      [ "tshirt", 80 ],
      [ "polo_shirt", 65 ],
      [ "dress_shirt", 60 ],
      [ "dress", 70 ],
      [ "sweatshirt", 75 ],
      [ "sweater", 75 ],
      [ "hoodie", 65 ],
      [ "jumpsuit", 20 ],
      [ "hazmat_suit", 10 ]
    ]
  },
  {
    "id": "homeguns",
    "type": "item_group",
    "items": [ [ "jeans", 90 ], [ "pants", 75 ], [ "pants_cargo", 70 ], [ "skirt", 75 ] ]
  },
  {
    "id": "homeguns",
    "type": "item_group",
    "items": [
      [ "blood", 20 ],
      [ "iodine", 5 ],
      [ "bleach", 20 ],
      [ "bandages", 50 ],
      [ "syringe", 8 ],
      [ "canister_empty", 5 ],
      [ "coat_lab", 20 ],
      [ "gloves_medical", 70 ],
      [ "mask_dust", 65 ],
      [ "glasses_safety", 40 ],
      [ "vacutainer", 10 ],
      [ "usb_drive", 5 ],
      [ "disinfectant", 35 ],
      [ "gauze", 10 ],
      [ "medical_tape", 45 ],
      [ "wrapped_rad_badge", 15 ]
    ]
  },
  {
    "id": "homeguns",
    "type": "item_group",
    "items": [ [ "blood", 20 ], [ "vacutainer", 10 ] ]
  },
  {
    "id": "homeguns",
    "type": "item_group",
    "items": [
      [ "blood", 20 ],
      [ "iodine", 5 ],
      [ "bandages", 50 ],
      [ "scalpel", 48 ],
      [ "syringe", 8 ],
      [ "gloves_medical", 70 ],
      [ "mask_dust", 65 ],
      [ "vacutainer", 10 ],
      [ "rag_bloody", 1 ],
      [ "disinfectant", 35 ],
      [ "gauze", 10 ],
      [ "medical_tape", 45 ]
    ]
  },
  {
    "id": "homeguns",
    "type": "item_group",
    "items": [
      [ "cola", 70 ],
      [ "aspirin", 85 ],
      [ "cigar", 5 ],
      [ "glasses_eye", 90 ],
      [ "sunglasses", 90 ],
      [ "glasses_reading", 90 ],
      [ "glasses_bifocal", 90 ],
      [ "purse", 40 ],
      [ "mbag", 20 ],
      [ "coke", 18 ],
      [ "battery", 50 ],
      [ "dexedrine", 18 ],
      [ "mag_news", 35 ],
      [ "manual_business", 40 ],
      [ "textbook_business", 12 ],
      [ "lighter", 60 ],
      [ "matches", 60 ],
      [ "extinguisher", 20 ],
      [ "flashlight", 40 ],
      [ "radio", 20 ],
      [ "bubblewrap", 50 ],
      [ "coffee_raw", 15 ],
      [ "usb_drive", 5 ],
      [ "software_useless", 10 ]
    ]
  },
  {
    "id": "homeguns",
    "type": "item_group",
    "items": [
      [ "cola", 70 ],
      [ "aspirin", 85 ],
      [ "cigar", 5 ],
      [ "glasses_eye", 90 ],
      [ "sunglasses", 90 ],
      [ "glasses_reading", 90 ],
      [ "glasses_bifocal", 90 ],
      [ "purse", 40 ],
      [ "mbag", 20 ],
      [ "coke", 18 ],
      [ "methedrine", 18 ],
      [ "battery", 50 ],
      [ "mag_news", 35 ],
      [ "manual_business", 40 ],
      [ "textbook_business", 12 ],
      [ "manual_computers", 20 ],
      [ "textbook_computers", 8 ],
      [ "lighter", 60 ],
      [ "matches", 60 ],
      [ "extinguisher", 20 ],
      [ "flashlight", 40 ],
      [ "radio", 20 ],
      [ "bubblewrap", 50 ],
      [ "coffee_raw", 15 ],
      [ "usb_drive", 5 ],
      [ "rootbeer", 65 ],
      [ "cig", 90 ],
      [ "coat_rain", 50 ],
      [ "poncho", 15 ],
      [ "mag_tv", 40 ],
      [ "mag_news", 35 ],
      [ "lighter", 60 ],
      [ "matches", 60 ],
      [ "extinguisher", 20 ],
      [ "mp3", 18 ]
    ]
  },
  {
    "id": "homeguns",
    "type": "item_group",
    "items": [
      [ "glasses_reading", 90 ],
      [ "purse", 40 ],
      [ "mbag", 20 ],
      [ "battery", 50 ],
      [ "mag_news", 35 ],
      [ "adderall", 18 ],
      [ "manual_computers", 20 ],
      [ "usb_drive", 5 ],
      [ "mag_tv", 40 ],
      [ "weed", 18 ],
      [ "manual_mechanics", 35 ],
      [ "manual_speech", 50 ],
      [ "manual_business", 40 ],
      [ "manual_first_aid", 40 ],
      [ "manual_computers", 20 ],
      [ "cookbook", 35 ],
      [ "cookbook_italian", 25 ],
      [ "manual_electronics", 20 ],
      [ "manual_tailor", 15 ],
      [ "manual_carpentry", 10 ],
      [ "novel_romance", 30 ],
      [ "novel_gov", 1 ],
      [ "novel_lovecunt", 25 ],
      [ "novel_thompson", 20 ],
      [ "novel_busey", 18 ],
      [ "novel_hansen", 18 ],
      [ "novel_burroughs", 18 ],
      [ "novel_jugs", 18 ],
      [ "novel_gein", 18 ],
      [ "novel_wifebeating", 18 ],
      [ "novel_wwz", 18 ],
      [ "novel_spy", 28 ],
      [ "novel_scifi", 20 ],
      [ "novel_drama", 40 ],
      [ "novel_mystery", 25 ],
      [ "novel_fantasy", 20 ],
      [ "novel_horror", 18 ],
      [ "chocolate", 50 ],
      [ "candy", 80 ],
      [ "backpack", 38 ],
      [ "pockknife", 14 ],
      [ "mag_comic", 20 ]
    ]
  },
  {
    "id": "homeguns",
    "type": "item_group",
    "items": [
      [ "glasses_eye", 90 ],
      [ "sunglasses", 90 ],
      [ "glasses_reading", 90 ],
      [ "glasses_bifocal", 90 ],
      [ "lighter", 60 ],
      [ "matches", 60 ],
      [ "coat_rain", 50 ],
      [ "cane", 10 ],
      [ "candlestick", 20 ],
      [ "candlestick", 20 ],
      [ "candlestick", 20 ],
      [ "candlestick", 20 ]
    ]
  },
  {
    "id": "homeguns",
    "type": "item_group",
    "items": [
      [ "purifier", 12 ],
      [ "plut_cell", 10 ],
      [ "ftk93", 1 ],
      [ "nx17", 1 ],
      [ "canister_goo", 8 ],
      [ "UPS_off", 5 ],
      [ "adv_UPS_off", 3 ],
      [ "crystaldreamsuitcase", 20 ],
      [ "cokesuitcase", 20 ],
      [ "gold", 10 ],
      [ "plasma_engine", 1 ],
      [ "bio_time_freeze", 10 ],
      [ "bio_teleport", 10 ],
      [ "bio_probability_travel", 10 ],
      [ "power_armor_basic", 5 ],
      [ "power_armor_light", 3 ],
      [ "power_armor_heavy", 3 ],
      [ "minireactor", 1 ],
      [ "alloy_plate", 10 ],
      [ "money_bundle", 90 ]
    ]
  },
  {
    "id": "homeguns",
    "type": "item_group",
    "items": [
      [ "katana", 2 ],
      [ "mace", 20 ],
      [ "morningstar", 10 ],
      [ "rapier", 3 ],
      [ "broadsword", 30 ],
      [ "pike", 5 ],
      [ "helmet_plate", 1 ],
      [ "armor_plate", 2 ],
      [ "huge_crossbow", 2 ]
    ]
  },
  {
    "id": "homeguns",
    "type": "item_group",
    "items": [
      [ "fur", 0 ],
      [ "katana", 2 ],
      [ "petrified_eye", 1 ],
      [ "spiral_stone", 20 ],
      [ "rapier", 3 ],
      [ "cane", 10 ],
      [ "candlestick", 20 ],
      [ "heels", 50 ],
      [ "ring", 12 ],
      [ "necklace", 14 ]
    ]
  },
  {
    "id": "homeguns",
    "type": "item_group",
    "items": [
      [ "cigar", 5 ],
      [ "katana", 2 ],
      [ "gold", 10 ],
      [ "rapier", 3 ],
      [ "cane", 10 ],
      [ "suit", 60 ],
      [ "mask_gas", 10 ],
      [ "goggles_welding", 70 ],
      [ "goggles_nv", 1 ],
      [ "glasses_monocle", 2 ],
      [ "tophat", 10 ],
      [ "ruger_redhawk", 3 ],
      [ "deagle_44", 2 ],
      [ "m1911", 5 ],
      [ "geiger_off", 8 ],
      [ "UPS_off", 5 ],
      [ "tazer", 3 ],
      [ "mp3", 18 ],
      [ "fur", 0 ],
      [ "leather", 0 ],
      [ "string_36", 40 ],
      [ "chain", 20 ],
      [ "steel_chunk", 30 ],
      [ "spring", 50 ],
      [ "steel_lump", 30 ],
      [ "manhole_cover", 1 ],
      [ "rock", 40 ],
      [ "hammer_sledge", 6 ],
      [ "ax", 8 ],
      [ "knife_butcher", 10 ],
      [ "knife_combat", 14 ],
      [ "bat", 60 ],
      [ "petrified_eye", 1 ],
      [ "binoculars", 20 ],
      [ "boots", 70 ],
      [ "mocassins", 5 ],
      [ "dress_shoes", 50 ],
      [ "heels", 50 ],
      [ "pants", 75 ],
      [ "pants_army", 30 ],
      [ "skirt", 75 ],
      [ "jumpsuit", 20 ],
      [ "dress", 70 ],
      [ "dress_shirt", 60 ],
      [ "sweater", 75 ],
      [ "blazer", 35 ],
      [ "jacket_leather", 30 ],
      [ "coat_fur", 5 ],
      [ "peacoat", 30 ],
      [ "coat_lab", 20 ],
      [ "helmet_army", 40 ],
      [ "hat_fur", 15 ],
      [ "holster", 8 ],
      [ "bootstrap", 3 ],
      [ "remington_870", 9 ],
      [ "browning_blr", 8 ],
      [ "remington_700", 14 ],
      [ "sks", 12 ],
      [ "novel_romance", 30 ],
      [ "novel_spy", 28 ],
      [ "novel_scifi", 20 ],
      [ "novel_drama", 40 ],
      [ "SICP", 3 ],
      [ "textbook_robots", 1 ],
      [ "extinguisher", 20 ],
      [ "radio", 20 ],
      [ "chainsaw_off", 7 ],
      [ "jackhammer", 2 ],
      [ "jacqueshammer", 2 ],
      [ "ring", 12 ],
      [ "necklace", 14 ],
      [ "usb_drive", 5 ],
      [ "broadsword", 30 ],
      [ "morningstar", 10 ],
      [ "helmet_plate", 1 ],
      [ "cot", 40 ],
      [ "rollmat", 40 ],
      [ "tent_kit", 17 ],
      [ "bat_metal", 60 ],
      [ "lawnmower", 25 ],
      [ "pickelhaube", 50 ],
      [ "makeshift_machete", 0 ],
      [ "picklocks", 10 ],
      [ "rucksack", 20 ],
      [ "puller", 5 ],
      [ "press", 5 ],
      [ "vac_sealer", 10 ],
      [ "gasoline_lantern", 5 ],
      [ "floatation_vest", 1 ],
      [ "huge_crossbow", 2 ],
      [ "raging_bull", 1 ],
      [ "sw_500", 1 ],
      [ "wristwatch", 15 ]
    ]
  },
  {
    "id": "homeguns",
    "type": "item_group",
    "items": [
      [ "knife_combat", 14 ],
      [ "binoculars", 20 ],
      [ "bolt_steel", 7 ],
      [ "crossbow", 2 ],
      [ "mag_guns", 20 ],
      [ "manual_brawl", 30 ],
      [ "manual_knives", 12 ],
      [ "cot", 40 ],
      [ "manual_mechanics", 35 ],
      [ "manual_first_aid", 40 ],
      [ "manual_traps", 12 ],
      [ "flashlight", 40 ],
      [ "water_purifier", 5 ],
      [ "radio", 20 ],
      [ "geiger_off", 8 ],
      [ "usb_drive", 5 ],
      [ "canteen", 10 ],
      [ "jerrycan", 10 ],
      [ "rucksack", 20 ],
      [ "heatpack", 60 ],
      [ "sleeping_bag", 10 ],
      [ "emer_blanket", 20 ],
      [ "flyer", 10 ]
    ]
  },
  {
    "id": "homeguns",
    "type": "item_group",
    "items": [
      [ "water_clean", 90 ],
      [ "soup_veggy", 15 ],
      [ "soup_meat", 15 ],
      [ "chocolate", 50 ],
      [ "ravioli", 25 ],
      [ "can_beans", 40 ],
      [ "can_spam", 30 ],
      [ "can_tuna", 35 ],
      [ "heroin", 1 ],
      [ "coffee_raw", 15 ],
      [ "bandages", 50 ],
      [ "1st_aid", 35 ],
      [ "vitamins", 75 ],
      [ "iodine", 5 ],
      [ "dayquil", 70 ],
      [ "screwdriver", 40 ],
      [ "boots", 70 ],
      [ "boots_winter", 60 ],
      [ "socks_wool", 30 ],
      [ "jeans", 90 ],
      [ "shorts", 70 ],
      [ "tshirt", 80 ],
      [ "sweatshirt", 75 ],
      [ "sweater", 75 ],
      [ "coat_winter", 50 ],
      [ "gloves_wool", 33 ],
      [ "gloves_winter", 40 ],
      [ "gloves_liner", 25 ],
      [ "hat_knit", 25 ],
      [ "backpack", 38 ],
      [ "battery", 50 ],
      [ "novel_scifi", 20 ],
      [ "novel_drama", 40 ],
      [ "mag_dodge", 20 ],
      [ "manual_first_aid", 40 ],
      [ "manual_tailor", 15 ],
      [ "manual_carpentry", 10 ],
      [ "lighter", 60 ],
      [ "matches", 60 ],
      [ "sewing_kit", 30 ],
      [ "thread", 40 ],
      [ "hammer", 35 ],
      [ "extinguisher", 20 ],
      [ "flashlight", 40 ],
      [ "hotplate", 10 ],
      [ "water_purifier", 5 ],
      [ "radio", 20 ],
      [ "rollmat", 40 ],
      [ "tent_kit", 17 ],
      [ "canteen", 10 ],
      [ "spray_can", 50 ],
      [ "ax", 8 ],
      [ "heatpack", 60 ],
      [ "blanket", 20 ],
      [ "emer_blanket", 20 ],
      [ "flyer", 10 ],
      [ "gasoline_lantern", 5 ],
      [ "floatation_vest", 1 ],
      [ "vaccine_shot", 10 ]
    ]
  },
  {
    "id": "homeguns",
    "type": "item_group",
    "items": [
      [ "wrench", 30 ],
      [ "frame", 20 ],
      [ "motor", 2 ],
      [ "wheel", 10 ],
      [ "wheel_wide", 10 ],
      [ "wheel_bicycle", 10 ],
      [ "wheel_motorbike", 10 ],
      [ "wheel_small", 10 ],
      [ "1cyl_combustion", 10 ],
      [ "v2_combustion", 10 ],
      [ "i4_combustion", 10 ],
      [ "v6_combustion", 10 ],
      [ "vehicle_controls", 3 ],
      [ "v8_combustion", 10 ],
      [ "hacksaw", 17 ],
      [ "welder", 25 ],
      [ "motor", 2 ],
      [ "goggles_welding", 70 ],
      [ "solar_cell", 5 ],
      [ "bearing", 1 ],
      [ "motor_large", 1 ],
      [ "storage_battery", 6 ],
      [ "solar_panel", 3 ],
      [ "jerrycan", 10 ],
      [ "jerrycan_big", 10 ],
      [ "metal_tank", 10 ],
      [ "jack", 10 ]
    ]
  },
  {
    "id": "homeguns",
    "type": "item_group",
    "items": [
      [ "iodine", 5 ],
      [ "water_clean", 90 ],
      [ "salt_water", 20 ],
      [ "bleach", 20 ],
      [ "ammonia", 24 ],
      [ "mutagen", 8 ],
      [ "purifier", 12 ],
      [ "royal_jelly", 8 ],
      [ "superglue", 30 ],
      [ "bottle_glass", 10 ],
      [ "syringe", 8 ],
      [ "extinguisher", 20 ],
      [ "hotplate", 10 ],
      [ "software_medical", 10 ],
      [ "funnel", 50 ]
    ]
  },
  {
    "id": "homeguns",
    "type": "item_group",
    "items": [
      [ "screwdriver", 40 ],
      [ "wrench", 30 ],
      [ "jumpsuit", 20 ],
      [ "mask_dust", 65 ],
      [ "heroin", 1 ],
      [ "wrapped_rad_badge", 15 ],
      [ "glasses_safety", 40 ],
      [ "goggles_welding", 70 ],
      [ "teleporter", 10 ],
      [ "usb_drive", 5 ]
    ]
  },
  {
    "id": "homeguns",
    "type": "item_group",
    "items": [
      [ "jumpsuit", 20 ],
      [ "gloves_rubber", 20 ],
      [ "mask_filter", 30 ],
      [ "glasses_safety", 40 ],
      [ "helmet_riot", 25 ],
      [ "lighter", 60 ],
      [ "canister_goo", 8 ]
    ]
  },
  {
    "id": "homeguns",
    "type": "item_group",
    "items": [ [ "fetus", 1 ], [ "arm", 4 ], [ "leg", 4 ] ]
  },
  {
    "id": "homeguns",
    "type": "item_group",
    "items": [
      [ "iodine", 5 ],
      [ "bleach", 20 ],
      [ "bandages", 50 ],
      [ "string_6", 2 ],
      [ "hacksaw", 17 ],
      [ "xacto", 10 ],
      [ "heroin", 1 ],
      [ "knife_butcher", 10 ],
      [ "machete", 5 ],
      [ "gloves_rubber", 20 ],
      [ "bag_plastic", 10 ],
      [ "syringe", 8 ],
      [ "rag", 1 ],
      [ "scissors", 50 ],
      [ "rag_bloody", 1 ]
    ]
  },
  {
    "id": "homeguns",
    "type": "item_group",
    "items": [
      [ "blueberries", 3 ],
      [ "strawberries", 2 ],
      [ "tomato", 9 ],
      [ "broccoli", 9 ],
      [ "zucchini", 7 ],
      [ "potato_raw", 10 ],
      [ "corn", 7 ],
      [ "withered", 70 ]
    ]
  },
  {
    "id": "homeguns",
    "type": "item_group",
    "items": [
      [ "superglue", 30 ],
      [ "electrohack", 3 ],
      [ "processor", 15 ],
      [ "RAM", 22 ],
      [ "power_supply", 16 ],
      [ "amplifier", 8 ],
      [ "transponder", 5 ],
      [ "receiver", 10 ],
      [ "antenna", 18 ],
      [ "solar_cell", 5 ],
      [ "screwdriver", 40 ],
      [ "mask_dust", 65 ],
      [ "glasses_safety", 40 ],
      [ "goggles_welding", 70 ],
      [ "battery", 50 ],
      [ "plut_cell", 10 ],
      [ "manual_electronics", 20 ],
      [ "textbook_electronics", 6 ],
      [ "soldering_iron", 70 ],
      [ "hotplate", 10 ],
      [ "UPS_off", 5 ],
      [ "usb_drive", 5 ],
      [ "software_useless", 10 ],
      [ "vac_sealer", 10 ]
    ]
  },
  {
    "id": "homeguns",
    "type": "item_group",
    "items": [
      [ "meat", 50 ],
      [ "veggy", 30 ],
      [ "meat_tainted", 60 ],
      [ "veggy_tainted", 35 ],
      [ "royal_jelly", 8 ],
      [ "ant_egg", 5 ],
      [ "bee_sting", 5 ],
      [ "chitin_piece", 10 ]
    ]
  },
  {
    "id": "homeguns",
    "type": "item_group",
    "items": [
      [ "bio_solar", 10 ],
      [ "bio_batteries", 10 ],
      [ "bio_metabolics", 10 ],
      [ "bio_ethanol", 10 ],
      [ "bio_furnace", 10 ],
      [ "bio_torsionratchet", 10 ],
      [ "bio_tools", 10 ],
      [ "bio_storage", 10 ],
      [ "bio_flashlight", 10 ],
      [ "bio_lighter", 10 ],
      [ "bio_magnet", 10 ],
      [ "bio_memory", 10 ],
      [ "bio_painkiller", 10 ],
      [ "bio_alarm", 10 ],
      [ "bio_ears", 10 ],
      [ "bio_eye_enhancer", 10 ],
      [ "bio_night_vision", 10 ],
      [ "bio_infrared", 10 ],
      [ "bio_scent_vision", 10 ],
      [ "bio_targeting", 10 ],
      [ "bio_ground_sonar", 10 ],
      [ "bio_membrane", 10 ],
      [ "bio_gills", 10 ],
      [ "bio_purifier", 10 ],
      [ "bio_climate", 10 ],
      [ "bio_heatsink", 10 ],
      [ "bio_blood_filter", 10 ],
      [ "bio_recycler", 10 ],
      [ "bio_digestion", 10 ],
      [ "bio_evap", 10 ],
      [ "bio_water_extractor", 10 ],
      [ "bio_face_mask", 10 ],
      [ "bio_scent_mask", 10 ],
      [ "bio_cloak", 10 ],
      [ "bio_fingerhack", 10 ],
      [ "bio_night", 10 ],
      [ "bio_carbon", 10 ],
      [ "bio_armor_head", 10 ],
      [ "bio_armor_torso", 10 ],
      [ "bio_armor_arms", 10 ],
      [ "bio_armor_legs", 10 ],
      [ "bio_shock", 10 ],
      [ "bio_heat_absorb", 10 ],
      [ "bio_claws", 10 ],
      [ "bio_shockwave", 10 ],
      [ "bio_nanobots", 10 ],
      [ "bio_blood_anal", 10 ],
      [ "bio_ads", 10 ],
      [ "bio_ods", 10 ],
      [ "bio_resonator", 10 ],
      [ "bio_hydraulics", 10 ],
      [ "bio_time_freeze", 10 ],
      [ "bio_teleport", 10 ],
      [ "bio_probability_travel", 10 ],
      [ "bio_blaster", 10 ],
      [ "bio_laser", 10 ],
      [ "bio_emp", 10 ],
      [ "bio_railgun", 10 ],
      [ "bio_flashbang", 10 ],
      [ "bio_chain_lightning", 10 ],
      [ "bio_power_armor_interface", 10 ]
    ]
  },
  {
    "id": "homeguns",
    "type": "item_group",
    "items": [
      [ "bio_power_storage", 10 ],
      [ "bio_tools", 10 ],
      [ "bio_storage", 10 ],
      [ "bio_flashlight", 10 ],
      [ "bio_lighter", 10 ],
      [ "bio_magnet", 10 ],
      [ "bio_alarm", 10 ],
      [ "bio_solar", 10 ],
      [ "bio_batteries", 10 ],
      [ "bio_metabolics", 10 ],
      [ "bio_ethanol", 10 ],
      [ "bio_furnace", 10 ],
      [ "bio_torsionratchet", 10 ]
    ]
  },
  {
    "id": "homeguns",
    "type": "item_group",
    "items": [ [ "bot_manhack", 1 ], [ "bot_turret", 1 ] ]
  },
  {
    "id": "homeguns",
    "type": "item_group",
    "items": [
      [ "40mm_concussive", 10 ],
      [ "40mm_frag", 8 ],
      [ "40mm_incendiary", 6 ],
      [ "40mm_teargas", 5 ],
      [ "40mm_smoke", 4 ],
      [ "40mm_flashbang", 8 ],
      [ "m79", 5 ],
      [ "m320", 10 ],
      [ "mgl", 6 ],
      [ "m203", 2 ],
      [ "LAW_Packed", 30 ]
    ]
  },
  {
    "id": "homeguns",
    "type": "item_group",
    "items": [
      [ "556", 6 ],
      [ "556_incendiary", 2 ],
      [ "762_51", 6 ],
      [ "762_51_incendiary", 6 ],
      [ "laser_pack", 2 ],
      [ "12mm", 2 ],
      [ "plasma", 8 ],
      [ "m4a1", 7 ],
      [ "scar_l", 6 ],
      [ "scar_h", 5 ],
      [ "m249", 1 ],
      [ "ftk93", 1 ],
      [ "nx17", 1 ],
      [ "hk_g80", 2 ],
      [ "plasma_rifle", 1 ],
      [ "brass_catcher", 15 ],
      [ "suppressor", 15 ],
      [ "clip", 8 ],
      [ "spare_mag", 15 ],
      [ "m203", 2 ],
      [ "UPS_off", 5 ],
      [ "adv_UPS_off", 3 ],
      [ "u_shotgun", 2 ]
    ]
  },
  {
    "id": "homeguns",
    "type": "item_group",
    "items": [
      [ "grenade", 3 ],
      [ "flashbang", 3 ],
      [ "EMPbomb", 2 ],
      [ "gasbomb", 3 ],
      [ "smokebomb", 5 ],
      [ "dynamite", 5 ],
      [ "mininuke", 1 ],
      [ "c4", 5 ]
    ]
  },
  {
    "id": "homeguns",
    "type": "item_group",
    "items": [
      [ "pants_army", 30 ],
      [ "kevlar", 30 ],
      [ "vest", 15 ],
      [ "mask_gas", 10 ],
      [ "goggles_nv", 1 ],
      [ "helmet_army", 40 ],
      [ "backpack", 38 ],
      [ "UPS_off", 5 ],
      [ "adv_UPS_off", 3 ],
      [ "beltrig", 10 ],
      [ "under_armor", 20 ],
      [ "boots", 70 ],
      [ "armguard_hard", 20 ],
      [ "legguard_hard", 15 ],
      [ "power_armor_basic", 5 ],
      [ "power_armor_frame", 4 ],
      [ "helmet_army", 40 ],
      [ "backpack", 38 ],
      [ "UPS_off", 5 ],
      [ "adv_UPS_off", 3 ],
      [ "beltrig", 10 ],
      [ "beret", 50 ]
    ]
  },
  {
    "id": "homeguns",
    "type": "item_group",
    "items": [
      [ "mask_gas", 10 ],
      [ "goggles_nv", 1 ],
      [ "backpack", 38 ],
      [ "UPS_off", 5 ],
      [ "adv_UPS_off", 3 ],
      [ "armguard_hard", 20 ],
      [ "legguard_hard", 15 ],
      [ "power_armor_frame", 4 ]
    ]
  },
  {
    "id": "homeguns",
    "type": "item_group",
    "items": [ [ "kevlar", 30 ], [ "vest", 15 ], [ "beltrig", 10 ], [ "under_armor", 20 ], [ "power_armor_basic", 5 ] ]
  },
  {
    "id": "homeguns",
    "type": "item_group",
    "items": [ [ "helmet_army", 40 ], [ "beret", 50 ] ]
  },
  {
    "id": "homeguns",
    "type": "item_group",
    "items": [ [ "pants_army", 30 ], [ "pants", 75 ], [ "pants_cargo", 70 ] ]
  },
  {
    "id": "homeguns",
    "type": "item_group",
    "items": [
      [ "chocolate", 50 ],
      [ "can_beans", 40 ],
      [ "mre_beef", 50 ],
      [ "mre_veggy", 50 ],
      [ "1st_aid", 35 ],
      [ "codeine", 15 ],
      [ "dix", 10 ],
      [ "antibiotics", 25 ],
      [ "water_clean", 90 ],
      [ "purifier", 12 ],
      [ "heatpack", 60 ]
    ]
  },
  {
    "id": "homeguns",
    "type": "item_group",
    "items": [
      [ "chocolate", 50 ],
      [ "can_beans", 40 ],
      [ "mre_beef", 50 ],
      [ "mre_veggy", 50 ],
      [ "1st_aid", 35 ],
      [ "water_clean", 90 ]
    ]
  },
  {
    "id": "homeguns",
    "type": "item_group",
    "items": [
      [ "bio_power_storage", 10 ],
      [ "bio_solar", 10 ],
      [ "bio_batteries", 10 ],
      [ "bio_metabolics", 10 ],
      [ "bio_ethanol", 10 ],
      [ "bio_furnace", 10 ],
      [ "bio_torsionratchet", 10 ],
      [ "bio_ears", 10 ],
      [ "bio_eye_enhancer", 10 ],
      [ "bio_night_vision", 10 ],
      [ "bio_infrared", 10 ],
      [ "bio_scent_vision", 10 ],
      [ "bio_recycler", 10 ],
      [ "bio_digestion", 10 ],
      [ "bio_evap", 10 ],
      [ "bio_water_extractor", 10 ],
      [ "bio_carbon", 10 ],
      [ "bio_armor_head", 10 ],
      [ "bio_armor_torso", 10 ],
      [ "bio_armor_arms", 10 ],
      [ "bio_armor_legs", 10 ],
      [ "bio_targeting", 10 ],
      [ "bio_ground_sonar", 10 ],
      [ "bio_face_mask", 10 ],
      [ "bio_scent_mask", 10 ],
      [ "bio_cloak", 10 ],
      [ "bio_fingerhack", 10 ],
      [ "bio_night", 10 ],
      [ "bio_nanobots", 10 ],
      [ "bio_blood_anal", 10 ],
      [ "bio_ads", 10 ],
      [ "bio_ods", 10 ],
      [ "bio_blaster", 10 ],
      [ "bio_laser", 10 ],
      [ "bio_emp", 10 ],
      [ "bio_railgun", 10 ],
      [ "bio_flashbang", 10 ],
      [ "bio_chain_lightning", 10 ],
      [ "bio_time_freeze", 10 ],
      [ "bio_teleport", 10 ],
      [ "bio_probability_travel", 10 ],
      [ "bio_power_armor_interface", 10 ]
    ]
  },
  {
    "id": "homeguns",
    "type": "item_group",
    "items": [
      [ "chain", 20 ],
      [ "hammer", 35 ],
      [ "wrench", 30 ],
      [ "hammer_sledge", 6 ],
      [ "hatchet", 10 ],
      [ "ax", 8 ],
      [ "knife_combat", 14 ],
      [ "pipe", 20 ],
      [ "bat", 60 ],
      [ "machete", 5 ],
      [ "katana", 2 ],
      [ "baton", 8 ],
      [ "tazer", 3 ],
      [ "rapier", 3 ],
      [ "bat_metal", 60 ]
    ]
  },
  {
    "id": "homeguns",
    "type": "item_group",
    "items": [
      [ "boots_steel", 50 ],
      [ "pants_cargo", 70 ],
      [ "shorts_cargo", 50 ],
      [ "pants_army", 30 ],
      [ "jumpsuit", 20 ],
      [ "jacket_leather", 30 ],
      [ "kevlar", 30 ],
      [ "vest", 15 ],
      [ "gloves_fingerless", 20 ],
      [ "mask_filter", 30 ],
      [ "mask_gas", 10 ],
      [ "goggles_ski", 30 ],
      [ "helmet_skid", 30 ],
      [ "armguard_hard", 20 ],
      [ "legguard_hard", 15 ],
      [ "under_armor", 20 ],
      [ "long_underpants", 40 ],
      [ "helmet_ball", 45 ],
      [ "helmet_riot", 25 ],
      [ "helmet_motor", 40 ],
      [ "holster", 8 ],
      [ "bootstrap", 3 ],
      [ "UPS_off", 5 ],
      [ "adv_UPS_off", 3 ],
      [ "beltrig", 10 ],
      [ "rucksack", 20 ],
      [ "emer_blanket", 20 ],
      [ "floatation_vest", 1 ],
      [ "cloak", 5 ]
    ]
  },
  {
    "id": "homeguns",
    "type": "item_group",
    "items": [
      [ "bandages", 50 ],
      [ "1st_aid", 35 ],
      [ "disinfectant", 35 ],
      [ "caffeine", 25 ],
      [ "iodine", 5 ],
      [ "electrohack", 3 ],
      [ "string_36", 40 ],
      [ "rope_30", 35 ],
      [ "chain", 20 ],
      [ "binoculars", 20 ],
      [ "heroin", 20 ],
      [ "bottle_plastic", 10 ],
      [ "lighter", 60 ],
      [ "matches", 60 ],
      [ "sewing_kit", 30 ],
      [ "thread", 40 ],
      [ "extinguisher", 20 ],
      [ "flashlight", 40 ],
      [ "crowbar", 18 ],
      [ "chainsaw_off", 7 ],
      [ "beartrap", 5 ],
      [ "grenade", 3 ],
      [ "EMPbomb", 2 ],
      [ "hotplate", 10 ],
      [ "UPS_off", 5 ],
      [ "adv_UPS_off", 3 ],
      [ "canteen", 10 ],
      [ "spray_can", 50 ],
      [ "bio_tools", 10 ],
      [ "bio_ethanol", 10 ],
      [ "heatpack", 60 ],
      [ "glowstick", 60 ]
    ]
  },
  {
    "id": "homeguns",
    "type": "item_group",
    "items": [
      [ "1st_aid", 35 ],
      [ "motor", 2 ],
      [ "hose", 15 ],
      [ "screwdriver", 40 ],
      [ "wrench", 30 ],
      [ "pipe", 20 ],
      [ "boots", 70 ],
      [ "jumpsuit", 20 ],
      [ "coat_lab", 20 ],
      [ "gloves_rubber", 20 ],
      [ "mask_filter", 30 ],
      [ "glasses_safety", 40 ],
      [ "hat_hard", 50 ],
      [ "extinguisher", 20 ],
      [ "flashlight", 40 ],
      [ "water_purifier", 5 ],
      [ "bio_tools", 10 ],
      [ "bio_storage", 10 ],
      [ "bio_flashlight", 10 ],
      [ "bio_lighter", 10 ],
      [ "bio_magnet", 10 ],
      [ "flyer", 10 ],
      [ "bio_purifier", 10 ],
      [ "bio_climate", 10 ],
      [ "bio_heatsink", 10 ],
      [ "bio_blood_filter", 10 ]
    ]
  },
  {
    "id": "homeguns",
    "type": "item_group",
    "items": [
      [ "boots", 70 ],
      [ "boots_steel", 50 ],
      [ "jumpsuit", 20 ],
      [ "gloves_rubber", 20 ],
      [ "gloves_leather", 45 ],
      [ "mask_filter", 30 ],
      [ "glasses_safety", 40 ],
      [ "hat_hard", 50 ],
      [ "battery", 50 ],
      [ "flashlight", 40 ]
    ]
  },
  {
    "id": "homeguns",
    "type": "item_group",
    "items": [ [ "rock", 40 ], [ "coal", 20 ] ]
  },
  {
    "id": "homeguns",
    "type": "item_group",
    "items": [
      [ "water_clean", 90 ],
      [ "1st_aid", 35 ],
      [ "rope_30", 35 ],
      [ "chain", 20 ],
      [ "boots_steel", 50 ],
      [ "jumpsuit", 20 ],
      [ "gloves_leather", 45 ],
      [ "mask_filter", 30 ],
      [ "mask_gas", 10 ],
      [ "glasses_safety", 40 ],
      [ "goggles_welding", 70 ],
      [ "goggles_nv", 1 ],
      [ "hat_hard", 50 ],
      [ "backpack", 38 ],
      [ "battery", 50 ],
      [ "flashlight", 40 ],
      [ "jackhammer", 2 ],
      [ "jacqueshammer", 2 ],
      [ "dynamite", 5 ],
      [ "UPS_off", 5 ],
      [ "bio_tools", 10 ],
      [ "bio_flashlight", 10 ],
      [ "bio_lighter", 10 ],
      [ "bio_magnet", 10 ],
      [ "bio_resonator", 10 ],
      [ "bio_hydraulics", 10 ],
      [ "jerrycan", 10 ],
      [ "jerrycan_big", 10 ],
      [ "gasoline_lantern", 5 ]
    ]
  },
  {
    "id": "homeguns",
    "type": "item_group",
    "items": [ [ "spiral_stone", 20 ], [ "vortex_stone", 2 ] ]
  },
  {
    "id": "homeguns",
    "type": "item_group",
    "items": [
      [ "cola", 70 ],
      [ "caffeine", 25 ],
      [ "cig", 90 ],
      [ "weed", 20 ],
      [ "amplifier", 8 ],
      [ "transponder", 5 ],
      [ "receiver", 10 ],
      [ "antenna", 18 ],
      [ "screwdriver", 40 ],
      [ "battery", 50 ],
      [ "mag_porn", 20 ],
      [ "mag_tv", 40 ],
      [ "manual_electronics", 20 ],
      [ "lighter", 60 ],
      [ "flashlight", 40 ],
      [ "radio", 20 ],
      [ "mp3", 18 ],
      [ "solar_cell", 5 ],
      [ "flyer", 10 ],
      [ "usb_drive", 5 ]
    ]
  },
  {
    "id": "homeguns",
    "type": "item_group",
    "items": [
      [ "1st_aid", 35 ],
      [ "iodine", 5 ],
      [ "canister_empty", 5 ],
      [ "boots_steel", 50 ],
      [ "wrapped_rad_badge", 15 ],
      [ "hazmat_suit", 10 ],
      [ "mask_gas", 10 ],
      [ "hat_hard", 50 ],
      [ "textbook_carpentry", 6 ],
      [ "extinguisher", 20 ],
      [ "radio", 20 ],
      [ "geiger_off", 8 ],
      [ "UPS_off", 5 ],
      [ "flyer", 10 ],
      [ "bio_purifier", 10 ],
      [ "bio_climate", 10 ],
      [ "bio_heatsink", 10 ],
      [ "bio_blood_filter", 10 ]
    ]
  },
  {
    "id": "homeguns",
    "type": "item_group",
    "items": [
      [ "wrapper", 50 ],
      [ "string_6", 2 ],
      [ "chain", 20 ],
      [ "rock", 40 ],
      [ "pipe", 20 ],
      [ "mag_porn", 20 ],
      [ "bottle_plastic", 10 ],
      [ "bottle_glass", 10 ],
      [ "can_drink", 10 ],
      [ "can_food", 10 ],
      [ "lighter", 60 ],
      [ "matches", 60 ],
      [ "flashlight", 40 ],
      [ "rag", 1 ],
      [ "crowbar", 18 ],
      [ "spray_can", 50 ],
      [ "jar_glass", 10 ],
      [ "flyer", 10 ],
      [ "gasoline_lanern", 10 ]
    ]
  },
  {
    "id": "homeguns",
    "type": "item_group",
    "items": [ [ "mutagen", 8 ], [ "fetus", 1 ], [ "weed", 20 ], [ "mag_porn", 20 ], [ "rag", 1 ], [ "flyer", 10 ] ]
  },
  {
    "id": "homeguns",
    "type": "item_group",
    "items": [
      [ "rock", 40 ],
      [ "jackhammer", 2 ],
      [ "jacqueshammer", 2 ],
      [ "flashlight", 40 ],
      [ "dynamite", 5 ],
      [ "matches", 60 ]
    ]
  },
  {
    "id": "homeguns",
    "type": "item_group",
    "items": [
      [ "corpse", 10 ],
      [ "mutagen", 8 ],
      [ "purifier", 12 ],
      [ "meat", 50 ],
      [ "meat_tainted", 60 ],
      [ "arm", 4 ],
      [ "leg", 4 ],
      [ "1st_aid", 35 ],
      [ "codeine", 15 ],
      [ "oxycodone", 7 ],
      [ "weed", 20 ],
      [ "coke", 8 ],
      [ "wrapper", 50 ],
      [ "fur", 0 ],
      [ "leather", 0 ],
      [ "id_science", 2 ],
      [ "id_military", 3 ],
      [ "rope_30", 35 ],
      [ "stick", 95 ],
      [ "hatchet", 10 ],
      [ "ax", 8 ],
      [ "bee_sting", 5 ],
      [ "chitin_piece", 10 ],
      [ "vest", 15 ],
      [ "mask_gas", 10 ],
      [ "goggles_nv", 1 ],
      [ "hat_boonie", 10 ],
      [ "helmet_riot", 25 ],
      [ "bolt_steel", 7 ],
      [ "shot_00", 8 ],
      [ "762_m87", 7 ],
      [ "556", 6 ],
      [ "556_incendiary", 2 ],
      [ "3006_incendiary", 1 ],
      [ "762_51", 6 ],
      [ "762_51_incendiary", 6 ],
      [ "saiga_12", 3 ],
      [ "hk_mp5", 12 ],
      [ "TDI", 4 ],
      [ "savage_111f", 10 ],
      [ "sks", 12 ],
      [ "ak47", 16 ],
      [ "m4a1", 7 ],
      [ "steyr_aug", 6 ],
      [ "v29", 1 ],
      [ "nx17", 1 ],
      [ "flamethrower", 1 ],
      [ "flashlight", 40 ],
      [ "radio", 20 ],
      [ "geiger_off", 8 ],
      [ "teleporter", 10 ],
      [ "canister_goo", 8 ],
      [ "dynamite", 5 ],
      [ "mininuke", 1 ],
      [ "bot_manhack", 1 ],
      [ "UPS_off", 5 ],
      [ "adv_UPS_off", 3 ],
      [ "bio_power_storage", 10 ],
      [ "bio_flashlight", 10 ],
      [ "bio_lighter", 10 ],
      [ "arrow_cf", 5 ],
      [ "spray_can", 50 ],
      [ "bio_blaster", 10 ]
    ]
  },
  {
    "id": "homeguns",
    "type": "item_group",
    "items": [
      [ "meat", 50 ],
      [ "veggy", 30 ],
      [ "meat_tainted", 60 ],
      [ "veggy_tainted", 35 ],
      [ "apple", 70 ],
      [ "orange", 65 ],
      [ "mushroom", 4 ],
      [ "blueberries", 3 ],
      [ "strawberries", 2 ],
      [ "tomato", 9 ],
      [ "broccoli", 9 ],
      [ "zucchini", 7 ],
      [ "potato_raw", 10 ],
      [ "honeycomb", 10 ],
      [ "royal_jelly", 8 ],
      [ "arm", 4 ],
      [ "leg", 4 ],
      [ "rock", 40 ],
      [ "stick", 95 ],
      [ "bio_metabolics", 10 ],
      [ "bio_blaster", 10 ]
    ]
  },
  {
    "id": "homeguns",
    "type": "item_group",
    "items": [ [ "ant_egg", 5 ] ]
  },
  {
    "id": "homeguns",
    "type": "item_group",
    "items": [ [ "biollante_bud", 1 ] ]
  },
  {
    "id": "homeguns",
    "type": "item_group",
    "items": [ [ "chitin_piece", 10 ] ]
  },
  {
    "id": "homeguns",
    "type": "item_group",
    "items": [ [ "bee_sting", 5 ], [ "chitin_piece", 10 ] ]
  },
  {
    "id": "homeguns",
    "type": "item_group",
    "items": [ [ "wasp_sting", 5 ], [ "chitin_piece", 10 ] ]
  },
  {
    "id": "homeguns",
    "type": "item_group",
    "items": [
      [ "processor", 15 ],
      [ "RAM", 22 ],
      [ "power_supply", 16 ],
      [ "amplifier", 8 ],
      [ "solar_cell", 5 ],
      [ "transponder", 5 ],
      [ "receiver", 10 ],
      [ "antenna", 18 ],
      [ "steel_chunk", 30 ],
      [ "spring", 50 ],
      [ "steel_lump", 30 ],
      [ "motor", 2 ],
      [ "battery", 50 ],
      [ "plut_cell", 10 ]
    ]
  },
  {
    "id": "homeguns",
    "type": "item_group",
    "items": [ [ "flashlight", 40 ] ]
  },
  {
    "id": "homeguns",
    "type": "item_group",
    "items": [ [ "knife_combat", 14 ] ]
  },
  {
    "id": "homeguns",
    "type": "item_group",
    "items": [ [ "tazer", 3 ] ]
  },
  {
    "id": "homeguns",
    "type": "item_group",
    "items": [ [ "9mm", 8 ], [ "steel_plate", 30 ] ]
  },
  {
    "id": "homeguns",
    "type": "item_group",
    "items": [ [ "baton", 8 ], [ "tazer", 3 ], [ "alloy_plate", 10 ] ]
  },
  {
    "id": "homeguns",
    "type": "item_group",
    "items": [ [ "spiked_plate", 15 ], [ "hard_plate", 30 ] ]
  },
  {
    "id": "homeguns",
    "type": "item_group",
    "items": [ [ "flamethrower", 1 ], [ "alloy_plate", 10 ] ]
  },
  {
    "id": "homeguns",
    "type": "item_group",
    "items": [ [ "9mm", 8 ], [ "alloy_plate", 10 ] ]
  },
  {
    "id": "homeguns",
    "type": "item_group",
    "items": [ [ "tazer", 3 ], [ "flamethrower", 1 ], [ "9mm", 8 ], [ "alloy_plate", 10 ], [ "hard_plate", 30 ] ]
  },
  {
    "id": "homeguns",
    "type": "item_group",
    "items": [ [ "9mm", 8 ] ]
  },
  {
    "id": "homeguns",
    "type": "item_group",
    "items": [
      [ "chain", 20 ],
      [ "power_supply", 16 ],
      [ "antenna", 18 ],
      [ "steel_chunk", 30 ],
      [ "spring", 50 ],
      [ "steel_lump", 30 ],
      [ "frame", 20 ],
      [ "steel_plate", 30 ],
      [ "spiked_plate", 15 ],
      [ "hard_plate", 30 ],
      [ "motor", 2 ],
      [ "motor_large", 1 ],
      [ "hose", 15 ],
      [ "pants_army", 30 ],
      [ "jumpsuit", 20 ],
      [ "kevlar", 30 ],
      [ "mask_gas", 10 ],
      [ "helmet_army", 40 ],
      [ "battery", 50 ],
      [ "plut_cell", 10 ],
      [ "m249", 1 ],
      [ "v8_combustion", 10 ],
      [ "extinguisher", 20 ],
      [ "radio", 20 ],
      [ "UPS_off", 5 ],
      [ "adv_UPS_off", 3 ],
      [ "beltrig", 10 ],
      [ "rucksack", 20 ],
      [ "LAW_Packed", 30 ]
    ]
  },
  {
    "id": "homeguns",
    "type": "item_group",
    "items": [
      [ "water_clean", 90 ],
      [ "mre_beef", 50 ],
      [ "mre_veggy", 50 ],
      [ "bandages", 50 ],
      [ "1st_aid", 35 ],
      [ "iodine", 5 ],
      [ "codeine", 15 ],
      [ "cig", 90 ],
      [ "knife_combat", 14 ],
      [ "boots_steel", 50 ],
      [ "pants_army", 30 ],
      [ "kevlar", 30 ],
      [ "vest", 15 ],
      [ "gloves_fingerless", 20 ],
      [ "mask_gas", 10 ],
      [ "glasses_safety", 40 ],
      [ "goggles_nv", 1 ],
      [ "hat_boonie", 10 ],
      [ "armguard_hard", 20 ],
      [ "legguard_hard", 15 ],
      [ "helmet_army", 40 ],
      [ "backpack", 38 ],
      [ "holster", 8 ],
      [ "bootstrap", 3 ],
      [ "9mm", 8 ],
      [ "9mmfmj", 4 ],
      [ "45_acp", 7 ],
      [ "45_jhp", 3 ],
      [ "556", 6 ],
      [ "556_incendiary", 2 ],
      [ "762_51", 6 ],
      [ "762_51_incendiary", 6 ],
      [ "laser_pack", 2 ],
      [ "40mm_concussive", 10 ],
      [ "40mm_frag", 8 ],
      [ "40mm_incendiary", 6 ],
      [ "40mm_teargas", 5 ],
      [ "40mm_smoke", 4 ],
      [ "40mm_flashbang", 8 ],
      [ "usp_9mm", 6 ],
      [ "usp_45", 6 ],
      [ "m4a1", 7 ],
      [ "scar_l", 6 ],
      [ "scar_h", 5 ],
      [ "m249", 1 ],
      [ "ftk93", 1 ],
      [ "nx17", 1 ],
      [ "m320", 10 ],
      [ "mgl", 6 ],
      [ "suppressor", 15 ],
      [ "clip", 8 ],
      [ "brass_catcher", 15 ],
      [ "lighter", 60 ],
      [ "flashlight", 40 ],
      [ "landmine", 3 ],
      [ "grenade", 3 ],
      [ "flashbang", 3 ],
      [ "EMPbomb", 2 ],
      [ "gasbomb", 3 ],
      [ "smokebomb", 5 ],
      [ "UPS_off", 5 ],
      [ "adv_UPS_off", 3 ],
      [ "tazer", 3 ],
      [ "c4", 5 ],
      [ "hk_g80", 2 ],
      [ "12mm", 2 ],
      [ "flamethrower", 1 ],
      [ "binoculars", 20 ],
      [ "u_shotgun", 2 ],
      [ "beltrig", 10 ],
      [ "power_armor_basic", 5 ],
      [ "power_armor_helmet_basic", 6 ],
      [ "power_armor_frame", 4 ],
      [ "spare_mag", 15 ],
      [ "canteen", 10 ],
      [ "jerrycan", 10 ],
      [ "rucksack", 20 ],
      [ "heatpack", 60 ],
      [ "LAW_Packed", 30 ]
    ]
  },
  {
    "id": "homeguns",
    "type": "item_group",
    "items": [
      [ "water_clean", 90 ],
      [ "mountaindew", 90 ],
      [ "dexedrine", 30 ],
      [ "methedrine", 30 ],
      [ "lomein", 70 ],
      [ "cocacola2", 30 ],
      [ "methedrinedew", 30 ],
      [ "bleach", 20 ],
      [ "ammonia", 24 ],
      [ "mutagen", 8 ],
      [ "purifier", 12 ],
      [ "iodine", 5 ],
      [ "inhaler", 14 ],
      [ "adderall", 10 ],
      [ "id_science", 2 ],
      [ "electrohack", 3 ],
      [ "RAM", 22 ],
      [ "screwdriver", 40 ],
      [ "canister_empty", 5 ],
      [ "coat_lab", 20 ],
      [ "gloves_medical", 70 ],
      [ "mask_dust", 65 ],
      [ "mask_filter", 30 ],
      [ "glasses_eye", 90 ],
      [ "sunglasses", 90 ],
      [ "glasses_safety", 40 ],
      [ "textbook_computers", 8 ],
      [ "textbook_electronics", 6 ],
      [ "textbook_chemistry", 11 ],
      [ "SICP", 3 ],
      [ "textbook_robots", 1 ],
      [ "soldering_iron", 70 ],
      [ "geiger_off", 8 ],
      [ "teleporter", 10 ],
      [ "canister_goo", 8 ],
      [ "EMPbomb", 2 ],
      [ "pheromone", 1 ],
      [ "portal", 2 ],
      [ "bot_manhack", 1 ],
      [ "UPS_off", 5 ],
      [ "adv_UPS_off", 3 ],
      [ "tazer", 3 ],
      [ "plasma", 8 ],
      [ "usb_drive", 5 ],
      [ "wrapped_rad_badge", 15 ],
      [ "bio_purifier", 10 ],
      [ "bio_climate", 10 ],
      [ "bio_heatsink", 10 ],
      [ "bio_blood_filter", 10 ],
      [ "software_useless", 10 ],
      [ "canteen", 10 ]
    ]
  },
  {
    "id": "homeguns",
    "type": "item_group",
    "items": [
      [ "mutagen", 8 ],
      [ "purifier", 12 ],
      [ "royal_jelly", 8 ],
      [ "fetus", 1 ],
      [ "id_science", 2 ],
      [ "id_military", 3 ],
      [ "electrohack", 3 ],
      [ "processor", 15 ],
      [ "armor_chitin", 1 ],
      [ "plut_cell", 10 ],
      [ "laser_pack", 2 ],
      [ "m249", 1 ],
      [ "v29", 1 ],
      [ "ftk93", 1 ],
      [ "nx17", 1 ],
      [ "conversion_battle", 1 ],
      [ "conversion_sniper", 1 ],
      [ "canister_goo", 8 ],
      [ "mininuke", 1 ],
      [ "portal", 2 ],
      [ "c4", 5 ],
      [ "12mm", 2 ],
      [ "hk_g80", 2 ],
      [ "power_armor_basic", 5 ],
      [ "power_armor_helmet_basic", 6 ],
      [ "power_armor_frame", 4 ],
      [ "power_armor_light", 3 ],
      [ "power_armor_helmet_light", 3 ],
      [ "power_armor_heavy", 3 ],
      [ "power_armor_helmet_heavy", 3 ],
      [ "plasma", 8 ],
      [ "plasma_rifle", 1 ]
    ]
  },
  {
    "id": "homeguns",
    "type": "item_group",
    "items": [
      [ "water_clean", 90 ],
      [ "cola", 70 ],
      [ "jerky", 55 ],
      [ "ravioli", 25 ],
      [ "can_beans", 40 ],
      [ "can_corn", 35 ],
      [ "can_spam", 30 ],
      [ "salt", 10 ]
    ]
  },
  {
    "id": "homeguns",
    "type": "item_group",
    "items": [
      [ "bolt_steel", 7 ],
      [ "shot_00", 8 ],
      [ "shot_slug", 6 ],
      [ "22_lr", 9 ],
      [ "9mm", 8 ],
      [ "9mmfmj", 4 ],
      [ "38_super", 7 ],
      [ "38_special", 7 ],
      [ "38_fmj", 3 ],
      [ "10mm", 4 ],
      [ "44magnum", 7 ],
      [ "44fmj", 3 ],
      [ "45_acp", 7 ],
      [ "45_jhp", 7 ],
      [ "57mm", 3 ],
      [ "46mm", 2 ],
      [ "762_m87", 7 ],
      [ "556", 6 ],
      [ "3006", 4 ],
      [ "3006fmj", 3 ],
      [ "762_51", 6 ],
      [ "arrow_cf", 5 ],
      [ "press", 5 ],
      [ "puller", 5 ]
    ]
  },
  {
    "id": "homeguns",
    "type": "item_group",
    "items": [ [ "stick", 95 ], [ "ax", 8 ], [ "saw", 15 ], [ "2x4", 60 ], [ "log", 20 ] ]
  },
  {
    "id": "homeguns",
    "type": "item_group",
    "items": [
      [ "pills_sleep", 15 ],
      [ "oxycodone", 7 ],
      [ "xanax", 10 ],
      [ "adderall", 10 ],
      [ "weed", 20 ],
      [ "coke", 8 ],
      [ "meth", 2 ],
      [ "heroin", 1 ],
      [ "crack", 8 ],
      [ "heroin", 40 ],
      [ "bathsalts", 30 ],
      [ "meth5", 10 ],
      [ "MDMA", 4 ],
      [ "adderall", 14 ],
      [ "bliss", 1 ],
      [ "jet", 2 ],
      [ "nuke", 2 ],
      [ "heroinkilo", 2 ],
      [ "cokekilo", 2 ],
      [ "hydrocodone", 40 ],
      [ "cokesuitcase", 1 ],
      [ "crystaldreamsuitcase", 1 ],
      [ "bathsalts", 50 ],
      [ "freebase", 4 ],
      [ "adrenochrome", 1 ],
      [ "LSD1", 10 ],
      [ "LSD2", 10 ],
      [ "mescaline", 10 ],
      [ "ether", 5 ],
      [ "cigar3", 1 ],
      [ "heroin4", 40 ],
      [ "heroin3", 3 ],
      [ "heroin2", 6 ],
      [ "Monkey", 1 ],
      [ "dix", 4 ],
      [ "speedball", 4 ],
      [ "ibogaine", 1 ],
      [ "meth4", 1 ],
      [ "meth3", 4 ],
      [ "meth2", 8 ],
      [ "coke4", 40 ],
      [ "coke3", 4 ],
      [ "coke2", 8 ],
      [ "MDMA", 10 ],
      [ "weed5", 1 ],
      [ "weed4", 4 ],
      [ "weed3", 6 ],
      [ "weed2", 8 ],
      [ "dexedrine", 8 ],
      [ "methedrine", 6 ],
      [ "Quaaludes", 4 ],
      [ "valium", 10 ],
      [ "amyl", 6 ],
      [ "nyquil2", 6 ],
      [ "crackpipe", 37 ]
    ]
  },
  {
    "id": "homeguns",
    "type": "item_group",
    "items": [
      [ "energy_drink", 55 ],
      [ "whiskey", 16 ],
      [ "jerky", 55 ],
      [ "bandages", 50 ],
      [ "caffeine", 25 ],
      [ "oxycodone", 7 ],
      [ "adderall", 10 ],
      [ "cig", 90 ],
      [ "weed", 20 ],
      [ "coke", 8 ],
      [ "meth", 2 ],
      [ "heroin", 1 ],
      [ "heroin", 40 ],
      [ "bathsalts", 30 ],
      [ "meth5", 10 ],
      [ "MDMA", 4 ],
      [ "adderall", 14 ],
      [ "bliss", 1 ],
      [ "jet", 2 ],
      [ "nuke", 2 ],
      [ "heroinkilo", 2 ],
      [ "cokekilo", 2 ],
      [ "hydrocodone", 40 ],
      [ "cokesuitcase", 1 ],
      [ "crystaldreamsuitcase", 1 ],
      [ "bathsalts", 50 ],
      [ "freebase", 4 ],
      [ "adrenochrome", 1 ],
      [ "LSD1", 10 ],
      [ "LSD2", 10 ],
      [ "mescaline", 10 ],
      [ "ether", 5 ],
      [ "cigar3", 1 ],
      [ "heroin4", 40 ],
      [ "heroin3", 3 ],
      [ "heroin2", 6 ],
      [ "Monkey", 1 ],
      [ "dix", 4 ],
      [ "speedball", 4 ],
      [ "ibogaine", 1 ],
      [ "meth4", 1 ],
      [ "meth3", 4 ],
      [ "meth2", 8 ],
      [ "coke4", 40 ],
      [ "coke3", 4 ],
      [ "coke2", 8 ],
      [ "MDMA", 10 ],
      [ "weed5", 1 ],
      [ "weed4", 4 ],
      [ "weed3", 6 ],
      [ "weed2", 8 ],
      [ "dexedrine", 8 ],
      [ "methedrine", 6 ],
      [ "Quaaludes", 4 ],
      [ "valium", 10 ],
      [ "amyl", 6 ],
      [ "nyquil2", 6 ],
      [ "syringe", 8 ],
      [ "electrohack", 3 ],
      [ "hatchet", 10 ],
      [ "nailboard", 5 ],
      [ "knife_combat", 14 ],
      [ "bat", 60 ],
      [ "machete", 5 ],
      [ "katana", 2 ],
      [ "pants_cargo", 70 ],
      [ "shorts_cargo", 50 ],
      [ "hoodie", 65 ],
      [ "gloves_fingerless", 20 ],
      [ "backpack", 38 ],
      [ "holster", 8 ],
      [ "armguard_soft", 40 ],
      [ "armguard_hard", 20 ],
      [ "legguard_hard", 15 ],
      [ "shot_00", 8 ],
      [ "9mm", 8 ],
      [ "45_acp", 7 ],
      [ "glock_19", 7 ],
      [ "shotgun_sawn", 1 ],
      [ "uzi", 8 ],
      [ "tec9", 10 ],
      [ "mac_10", 14 ],
      [ "suppressor", 15 ],
      [ "clip2", 4 ],
      [ "autofire", 2 ],
      [ "mag_porn", 20 ],
      [ "lighter", 60 ],
      [ "matches", 60 ],
      [ "crowbar", 18 ],
      [ "pipebomb", 4 ],
      [ "grenade", 3 ],
      [ "mininuke", 1 ],
      [ "crack", 8 ],
      [ "crackpipe", 37 ],
      [ "spare_mag", 15 ],
      [ "bio_blaster", 10 ]
    ]
  },
  {
    "id": "homeguns",
    "type": "item_group",
    "items": [ [ "chain", 20 ], [ "steel_chunk", 30 ], [ "spring", 50 ], [ "steel_lump", 30 ], [ "frame", 20 ], [ "rock", 40 ] ]
  },
  {
    "id": "homeguns",
    "type": "item_group",
    "items": [
      [ "energy_drink", 55 ],
      [ "mountaindew", 85 ],
      [ "jorts", 85 ],
      [ "adderall", 10 ],
      [ "electrohack", 3 ],
      [ "usb_drive", 5 ],
      [ "battery", 50 ],
      [ "manual_computers", 20 ],
      [ "textbook_computers", 8 ],
      [ "solar_cell", 5 ],
      [ "SICP", 3 ],
      [ "soldering_iron", 70 ]
    ]
  },
  {
    "id": "homeguns",
    "type": "item_group",
    "items": [
      [ "null", 10 ],
      [ "corpse", 10 ],
      [ "fire", 10 ],
      [ "toolset", 10 ],
      [ "meat", 50 ],
      [ "veggy", 30 ],
      [ "meat_tainted", 60 ],
      [ "veggy_tainted", 35 ],
      [ "meat_cooked", 0 ],
      [ "veggy_cooked", 0 ],
      [ "mushroom_poison", 3 ],
      [ "spaghetti_cooked", 0 ],
      [ "macaroni_cooked", 0 ],
      [ "fetus", 1 ],
      [ "arm", 4 ],
      [ "leg", 4 ],
      [ "wrapper", 50 ],
      [ "manhole_cover", 1 ],
      [ "rock", 40 ],
      [ "stick", 95 ],
      [ "bag_plastic", 10 ],
      [ "flashlight_on", 0 ],
      [ "radio_on", 0 ],
      [ "chainsaw_on", 0 ],
      [ "pipebomb_act", 0 ],
      [ "grenade_act", 0 ],
      [ "flashbang_act", 0 ],
      [ "EMPbomb_act", 0 ],
      [ "gasbomb_act", 0 ],
      [ "smokebomb_act", 0 ],
      [ "molotov_lit", 0 ],
      [ "dynamite_act", 5 ],
      [ "firecracker_pack_act", 5 ],
      [ "firecracker_act", 5 ],
      [ "mininuke_act", 0 ],
      [ "UPS_on", 0 ],
      [ "mp3_on", 0 ],
      [ "c4armed", 0 ],
      [ "apparatus", 10 ],
      [ "brazier", 50 ],
      [ "rag_bloody", 1 ],
      [ "candle_lit", 40 ],
      [ "torch_lit", 95 ],
      [ "acidbomb_act", 0 ],
      [ "huge_crossbow", 2 ],
      [ "rep_crossbow", 1 ],
      [ "vaccine_shot", 10 ],
      [ "bio_claws_weapon", 0 ]
    ]
  }
]
