[
  {
    "type": "monstergroup",
    "name": "GROUP_FOREST",
    "default": "mon_squirrel",
    "monsters": [
      { "monster": "mon_rabbit", "freq": 150, "cost_multiplier": 0 },
      { "monster": "mon_deer", "freq": 30, "cost_multiplier": 3 },
      { "monster": "mon_moose", "freq": 10, "cost_multiplier": 3 },
      { "monster": "mon_wolf", "freq": 30, "cost_multiplier": 5 },
      { "monster": "mon_coyote", "freq": 30, "cost_multiplier": 5 },
      { "monster": "mon_bear", "freq": 20, "cost_multiplier": 10 },
      { "monster": "mon_cougar", "freq": 20, "cost_multiplier": 10 },
      { "monster": "mon_spider_wolf", "freq": 30, "cost_multiplier": 10 },
      { "monster": "mon_spider_jumping", "freq": 30, "cost_multiplier": 10 },
      { "monster": "mon_dog", "freq": 10, "cost_multiplier": 0 },
      { "monster": "mon_cat", "freq": 10, "cost_multiplier": 0 },
      { "monster": "mon_crow", "freq": 30, "cost_multiplier": 0 }
    ]
  },
  {
    "type": "monstergroup",
    "name": "GROUP_ANT",
    "default": "mon_ant",
    "monsters": [
      { "monster": "mon_ant_larva", "freq": 40, "cost_multiplier": 0 },
      { "monster": "mon_ant_soldier", "freq": 90, "cost_multiplier": 5 },
      { "monster": "mon_ant_queen", "freq": 0, "cost_multiplier": 0 }
    ]
  },
  {
    "type": "monstergroup",
    "name": "GROUP_BEE",
    "default": "mon_bee",
    "monsters": [  ]
  },
  {
    "type": "monstergroup",
    "name": "GROUP_WORM",
    "default": "mon_worm",
    "monsters": [
      { "monster": "mon_graboid", "freq": 30, "cost_multiplier": 20 },
      { "monster": "mon_halfworm", "freq": 0, "cost_multiplier": 0 }
    ]
  },
  {
    "type": "monstergroup",
    "name": "GROUP_ZOMBIE",
    "default": "mon_zombie",
    "monsters": [
      { "monster": "mon_zombie_cop", "freq": 20, "cost_multiplier": 3 },
      { "monster": "mon_zombie_fast", "freq": 70, "cost_multiplier": 2 },
      { "monster": "mon_zombie_grabber", "freq": 70, "cost_multiplier": 1 },
      { "monster": "mon_skeleton", "freq": 30, "cost_multiplier": 2 },
      { "monster": "mon_zombie_smoker", "freq": 30, "cost_multiplier": 5 },
      { "monster": "mon_zombie_shrieker", "freq": 30, "cost_multiplier": 5 },
      { "monster": "mon_zombie_spitter", "freq": 30, "cost_multiplier": 5 },
      { "monster": "mon_zombie_electric", "freq": 30, "cost_multiplier": 5 },
      { "monster": "mon_zombie_necro", "freq": 1, "cost_multiplier": 25 },
      { "monster": "mon_boomer", "freq": 30, "cost_multiplier": 7 },
      { "monster": "mon_zombie_brute", "freq": 10, "cost_multiplier": 15 },
      { "monster": "mon_zombie_hulk", "freq": 1, "cost_multiplier": 50 },
      { "monster": "mon_zombie_master", "freq": 1, "cost_multiplier": 25 },
      { "monster": "mon_crow", "freq": 1, "cost_multiplier": 0 }
    ]
  },
  {
    "type": "monstergroup",
    "name": "GROUP_TRIFFID",
    "default": "mon_triffid",
    "monsters": [
      { "monster": "mon_triffid_young", "freq": 300, "cost_multiplier": 0 },
      { "monster": "mon_vinebeast", "freq": 160, "cost_multiplier": 10 },
      { "monster": "mon_triffid_queen", "freq": 60, "cost_multiplier": 0 },
      { "monster": "mon_triffid_heart", "freq": 0, "cost_multiplier": 0 }
    ]
  },
  {
    "type": "monstergroup",
    "name": "GROUP_FUNGI",
    "default": "mon_fungaloid",
    "monsters": [
      { "monster": "mon_fungaloid_dormant", "freq": 0, "cost_multiplier": 0 },
      { "monster": "mon_ant_fungus", "freq": 0, "cost_multiplier": 0 },
      { "monster": "mon_zombie_fungus", "freq": 300, "cost_multiplier": 0 },
      { "monster": "mon_boomer_fungus", "freq": 30, "cost_multiplier": 0 },
      { "monster": "mon_spore", "freq": 0, "cost_multiplier": 0 },
      { "monster": "mon_fungal_wall", "freq": 0, "cost_multiplier": 0 },
      { "monster": "mon_fungaloid_queen", "freq": 0, "cost_multiplier": 0 }
    ]
  },
  {
    "type": "monstergroup",
    "name": "GROUP_GOO",
    "default": "mon_blob",
    "monsters": [ { "monster": "mon_blob_small", "freq": 200, "cost_multiplier": 0 } ]
  },
  {
    "type": "monstergroup",
    "name": "GROUP_CHUD",
    "default": "mon_chud",
    "monsters": [
      { "monster": "mon_one_eye", "freq": 90, "cost_multiplier": 0 },
      { "monster": "mon_crawler", "freq": 35, "cost_multiplier": 0 }
    ]
  },
  {
    "type": "monstergroup",
    "name": "GROUP_SEWER",
    "default": "mon_sewer_rat",
    "monsters": [
      { "monster": "mon_sewer_fish", "freq": 470, "cost_multiplier": 0 },
      { "monster": "mon_sewer_snake", "freq": 240, "cost_multiplier": 0 }
    ]
  },
  {
    "type": "monstergroup",
    "name": "GROUP_SWAMP",
    "default": "mon_mosquito",
    "monsters": [
      { "monster": "mon_dragonfly", "freq": 130, "cost_multiplier": 0 },
      { "monster": "mon_centipede", "freq": 150, "cost_multiplier": 0 },
      { "monster": "mon_frog", "freq": 100, "cost_multiplier": 0 },
      { "monster": "mon_slug", "freq": 85, "cost_multiplier": 0 },
      { "monster": "mon_dermatik_larva", "freq": 0, "cost_multiplier": 0 },
      { "monster": "mon_dermatik", "freq": 65, "cost_multiplier": 0 }
    ]
  },
  {
    "type": "monstergroup",
    "name": "GROUP_LAB",
    "default": "mon_zombie_scientist",
    "monsters": [
      { "monster": "mon_blob_small", "freq": 25, "cost_multiplier": 0 },
      { "monster": "mon_manhack", "freq": 245, "cost_multiplier": 0 },
      { "monster": "mon_skitterbot", "freq": 245, "cost_multiplier": 0 }
    ]
  },
  {
    "type": "monstergroup",
    "name": "GROUP_NETHER",
    "default": "mon_blank",
    "monsters": [
      { "monster": "mon_flying_polyp", "freq": 25, "cost_multiplier": 0 },
      { "monster": "mon_hunting_horror", "freq": 240, "cost_multiplier": 0 },
      { "monster": "mon_mi_go", "freq": 120, "cost_multiplier": 0 },
      { "monster": "mon_yugg", "freq": 70, "cost_multiplier": 0 },
      { "monster": "mon_gelatin", "freq": 120, "cost_multiplier": 0 },
      { "monster": "mon_flaming_eye", "freq": 120, "cost_multiplier": 0 },
      { "monster": "mon_kreck", "freq": 210, "cost_multiplier": 0 },
      { "monster": "mon_gozu", "freq": 25, "cost_multiplier": 0 }
    ]
  },
  {
    "type": "monstergroup",
    "name": "GROUP_SPIRAL",
    "default": "mon_human_snail",
    "monsters": [
      { "monster": "mon_twisted_body", "freq": 180, "cost_multiplier": 0 },
      { "monster": "mon_vortex", "freq": 80, "cost_multiplier": 0 }
    ]
  },
  {
    "type": "monstergroup",
    "name": "GROUP_VANILLA",
    "default": "mon_zombie",
    "monsters": [  ]
  },
  {
    "type": "monstergroup",
    "name": "GROUP_SPIDER",
    "default": "mon_spider_wolf",
    "monsters": [
      { "monster": "mon_spider_web", "freq": 200, "cost_multiplier": 0 },
      { "monster": "mon_spider_jumping", "freq": 400, "cost_multiplier": 0 },
      { "monster": "mon_spider_widow", "freq": 200, "cost_multiplier": 0 }
    ]
  },
  {
    "type": "monstergroup",
    "name": "GROUP_ROBOT",
    "default": "mon_manhack",
    "monsters": [
      { "monster": "mon_skitterbot", "freq": 220, "cost_multiplier": 0 },
      { "monster": "mon_secubot", "freq": 150, "cost_multiplier": 0 },
      { "monster": "mon_copbot", "freq": 0, "cost_multiplier": 0 },
      { "monster": "mon_molebot", "freq": 40, "cost_multiplier": 0 },
      { "monster": "mon_tripod", "freq": 110, "cost_multiplier": 0 },
      { "monster": "mon_chickenbot", "freq": 60, "cost_multiplier": 0 },
      { "monster": "mon_tankbot", "freq": 20, "cost_multiplier": 0 }
    ]
  },
  {
    "type": "monstergroup",
    "name": "GROUP_POLICE",
    "_comment": "+30% cops",
    "default": "mon_zombie",
    "monsters": [
      { "monster": "mon_zombie_cop", "freq": 320, "cost_multiplier": 3 },
      { "monster": "mon_zombie_fast", "freq": 70, "cost_multiplier": 2 },
      { "monster": "mon_zombie_grabber", "freq": 70, "cost_multiplier": 1 },
      { "monster": "mon_skeleton", "freq": 30, "cost_multiplier": 2 },
      { "monster": "mon_zombie_smoker", "freq": 30, "cost_multiplier": 5 },
      { "monster": "mon_zombie_shrieker", "freq": 30, "cost_multiplier": 5 },
      { "monster": "mon_zombie_spitter", "freq": 30, "cost_multiplier": 5 },
      { "monster": "mon_zombie_electric", "freq": 30, "cost_multiplier": 5 },
      { "monster": "mon_zombie_necro", "freq": 1, "cost_multiplier": 25 },
      { "monster": "mon_boomer", "freq": 30, "cost_multiplier": 7 },
      { "monster": "mon_zombie_brute", "freq": 10, "cost_multiplier": 15 },
      { "monster": "mon_zombie_hulk", "freq": 1, "cost_multiplier": 50 },
      { "monster": "mon_zombie_master", "freq": 1, "cost_multiplier": 25 },
      { "monster": "mon_crow", "freq": 1, "cost_multiplier": 0 }
    ]
  },
  {
    "type": "monstergroup",
    "name": "GROUP_HOUSE",
    "_comment": "+15% child",
    "default": "mon_zombie",
    "monsters": [
      { "monster": "mon_zombie_child", "freq": 150, "cost_multiplier": 2 },
      { "monster": "mon_zombie_cop", "freq": 20, "cost_multiplier": 2 },
      { "monster": "mon_zombie_fast", "freq": 70, "cost_multiplier": 2 },
      { "monster": "mon_zombie_grabber", "freq": 70, "cost_multiplier": 1 },
      { "monster": "mon_skeleton", "freq": 30, "cost_multiplier": 2 },
      { "monster": "mon_zombie_smoker", "freq": 30, "cost_multiplier": 5 },
      { "monster": "mon_zombie_shrieker", "freq": 30, "cost_multiplier": 5 },
      { "monster": "mon_zombie_spitter", "freq": 30, "cost_multiplier": 5 },
      { "monster": "mon_zombie_electric", "freq": 30, "cost_multiplier": 5 },
      { "monster": "mon_zombie_necro", "freq": 1, "cost_multiplier": 25 },
      { "monster": "mon_boomer", "freq": 30, "cost_multiplier": 7 },
      { "monster": "mon_zombie_brute", "freq": 10, "cost_multiplier": 15 },
      { "monster": "mon_zombie_hulk", "freq": 1, "cost_multiplier": 50 },
      { "monster": "mon_zombie_master", "freq": 1, "cost_multiplier": 25 },
      { "monster": "mon_crow", "freq": 1, "cost_multiplier": 0 }
    ]
  },
  {
    "type": "monstergroup",
    "name": "GROUP_PHARM",
    "_comment": "+15% fast",
    "default": "mon_zombie",
    "monsters": [
      { "monster": "mon_zombie_cop", "freq": 20, "cost_multiplier": 2 },
      { "monster": "mon_zombie_fast", "freq": 220, "cost_multiplier": 2 },
      { "monster": "mon_zombie_grabber", "freq": 70, "cost_multiplier": 1 },
      { "monster": "mon_skeleton", "freq": 30, "cost_multiplier": 2 },
      { "monster": "mon_zombie_smoker", "freq": 30, "cost_multiplier": 5 },
      { "monster": "mon_zombie_shrieker", "freq": 30, "cost_multiplier": 5 },
      { "monster": "mon_zombie_spitter", "freq": 30, "cost_multiplier": 5 },
      { "monster": "mon_zombie_electric", "freq": 30, "cost_multiplier": 5 },
      { "monster": "mon_zombie_necro", "freq": 1, "cost_multiplier": 25 },
      { "monster": "mon_boomer", "freq": 30, "cost_multiplier": 7 },
      { "monster": "mon_zombie_brute", "freq": 10, "cost_multiplier": 15 },
      { "monster": "mon_zombie_hulk", "freq": 1, "cost_multiplier": 50 },
      { "monster": "mon_zombie_master", "freq": 1, "cost_multiplier": 25 },
      { "monster": "mon_crow", "freq": 1, "cost_multiplier": 0 }
    ]
  },
  {
    "type": "monstergroup",
    "name": "GROUP_ELECTRO",
    "_comment": "+15% electric",
    "default": "mon_zombie",
    "monsters": [
      { "monster": "mon_zombie_cop", "freq": 20, "cost_multiplier": 2 },
      { "monster": "mon_zombie_fast", "freq": 70, "cost_multiplier": 2 },
      { "monster": "mon_zombie_grabber", "freq": 70, "cost_multiplier": 1 },
      { "monster": "mon_skeleton", "freq": 30, "cost_multiplier": 2 },
      { "monster": "mon_zombie_smoker", "freq": 30, "cost_multiplier": 5 },
      { "monster": "mon_zombie_shrieker", "freq": 30, "cost_multiplier": 5 },
      { "monster": "mon_zombie_spitter", "freq": 30, "cost_multiplier": 5 },
      { "monster": "mon_zombie_electric", "freq": 180, "cost_multiplier": 5 },
      { "monster": "mon_zombie_necro", "freq": 1, "cost_multiplier": 25 },
      { "monster": "mon_boomer", "freq": 30, "cost_multiplier": 7 },
      { "monster": "mon_zombie_brute", "freq": 10, "cost_multiplier": 15 },
      { "monster": "mon_zombie_hulk", "freq": 1, "cost_multiplier": 50 },
      { "monster": "mon_zombie_master", "freq": 1, "cost_multiplier": 25 },
      { "monster": "mon_crow", "freq": 1, "cost_multiplier": 0 }
    ]
  },
  {
    "type": "monstergroup",
    "name": "GROUP_GROCERY",
    "_comment": "+15% bommers",
    "default": "mon_zombie",
    "monsters": [
      { "monster": "mon_zombie_cop", "freq": 20, "cost_multiplier": 2 },
      { "monster": "mon_zombie_fast", "freq": 70, "cost_multiplier": 2 },
      { "monster": "mon_zombie_grabber", "freq": 70, "cost_multiplier": 1 },
      { "monster": "mon_skeleton", "freq": 30, "cost_multiplier": 2 },
      { "monster": "mon_zombie_smoker", "freq": 30, "cost_multiplier": 5 },
      { "monster": "mon_zombie_shrieker", "freq": 30, "cost_multiplier": 5 },
      { "monster": "mon_zombie_spitter", "freq": 30, "cost_multiplier": 5 },
      { "monster": "mon_zombie_electric", "freq": 30, "cost_multiplier": 5 },
      { "monster": "mon_zombie_necro", "freq": 1, "cost_multiplier": 25 },
      { "monster": "mon_boomer", "freq": 180, "cost_multiplier": 7 },
      { "monster": "mon_zombie_brute", "freq": 10, "cost_multiplier": 15 },
      { "monster": "mon_zombie_hulk", "freq": 1, "cost_multiplier": 50 },
      { "monster": "mon_zombie_master", "freq": 1, "cost_multiplier": 25 },
      { "monster": "mon_crow", "freq": 1, "cost_multiplier": 0 }
    ]
  },
  {
    "type": "monstergroup",
    "name": "GROUP_MAYBE_MIL",
    "_comment": "50% chance military zombie",
    "default": "mon_null",
    "monsters": [ { "monster": "mon_zombie_soldier", "freq": 50, "cost_multiplier": 0 } ]
  }
]
