[
  {
    "type": "mod_tileset",
    "compatibility": [
      "Chibi_Ultica",
      "UltimateCataclysm",
      "MshockXottoplus",
      "UNDEAD_PEOPLE",
      "UNDEAD_PEOPLE_BASE",
      "UNDEAD_PEOPLE_LEGACY",
      "UlticaShell",
      "MshockXottoplus12",
      "MSX++DEAD_PEOPLE",
      "MXplus12_for_cosmetics"
    ],
    "tiles-new": [
      {
        "file": "mod_tileset/cancer.png",
        "tiles": [
          { "id": "mon_animatronic_bat", "fg": 1, "bg": 23, "rotates": false },
          { "id": "mon_animatronic_bear_new", "fg": 2, "bg": 23, "rotates": false },
          { "id": "mon_animatronic_bear_old", "fg": 3, "bg": 23, "rotates": false },
          { "id": "mon_animatronic_beaver", "fg": 4, "bg": 23, "rotates": false },
          { "id": "mon_animatronic_bunny_new", "fg": 5, "bg": 23, "rotates": false },
          { "id": "mon_animatronic_bunny_old", "fg": 6, "bg": 23, "rotates": false },
          { "id": "mon_animatronic_cat", "fg": 7, "bg": 23, "rotates": false },
          { "id": "mon_animatronic_chicken_new", "fg": 8, "bg": 23, "rotates": false },
          { "id": "mon_animatronic_chicken_old", "fg": 9, "bg": 23, "rotates": false },
          { "id": "mon_animatronic_child", "fg": 10, "bg": 23, "rotates": false },
          { "id": "mon_animatronic_chipmunk", "fg": 11, "bg": 23, "rotates": false },
          { "id": "mon_animatronic_cow", "fg": 12, "bg": 23, "rotates": false },
          { "id": "mon_animatronic_coyote", "fg": 13, "bg": 23, "rotates": false },
          { "id": "mon_animatronic_deer", "fg": 14, "bg": 23, "rotates": false },
          { "id": "mon_animatronic_fox_new", "fg": 15, "bg": 23, "rotates": false },
          { "id": "mon_animatronic_fox_old", "fg": 16, "bg": 23, "rotates": false },
          { "id": "mon_animatronic_fox_wreck", "fg": 17, "bg": 23, "rotates": false },
          { "id": "mon_animatronic_horse", "fg": 18, "bg": 23, "rotates": false },
          { "id": "mon_animatronic_pig", "fg": 19, "bg": 23, "rotates": false },
          { "id": "mon_animatronic_sheep", "fg": 20, "bg": 23, "rotates": false },
          { "id": "mon_animatronic_squirrel", "fg": 21, "bg": 23, "rotates": false },
          { "id": "mon_animatronic_wolf", "fg": 22, "bg": 23, "rotates": false },
          { "id": "bg_shadow_normal", "fg": 23, "rotates": false },
          { "id": "broken_animatronic_bat", "fg": 24, "rotates": false },
          { "id": "broken_animatronic_bear_new", "fg": 25, "rotates": false },
          { "id": "broken_animatronic_bear_old", "fg": 26, "rotates": false },
          { "id": "broken_animatronic_beaver", "fg": 27, "rotates": false },
          { "id": "broken_animatronic_bunny_new", "fg": 28, "rotates": false },
          { "id": "broken_animatronic_bunny_old", "fg": 29, "rotates": false },
          { "id": "broken_animatronic_cat", "fg": 30, "rotates": false },
          { "id": "broken_animatronic_chicken_new", "fg": 31, "rotates": false },
          { "id": "broken_animatronic_chicken_old", "fg": 32, "rotates": false },
          { "id": "broken_animatronic_child", "fg": 33, "rotates": false },
          { "id": "broken_animatronic_chipmunk", "fg": 34, "rotates": false },
          { "id": "broken_animatronic_cow", "fg": 35, "rotates": false },
          { "id": "broken_animatronic_coyote", "fg": 36, "rotates": false },
          { "id": "broken_animatronic_deer", "fg": 37, "rotates": false },
          { "id": "broken_animatronic_fox_new", "fg": 38, "rotates": false },
          { "id": "broken_animatronic_fox_old", "fg": 39, "rotates": false },
          { "id": "broken_animatronic_fox_wreck", "fg": 40, "rotates": false },
          { "id": "broken_animatronic_horse", "fg": 41, "rotates": false },
          { "id": "broken_animatronic_pig", "fg": 42, "rotates": false },
          { "id": "broken_animatronic_sheep", "fg": 43, "rotates": false },
          { "id": "broken_animatronic_squirrel", "fg": 44, "rotates": false },
          { "id": "broken_animatronic_wolf", "fg": 45, "rotates": false }
        ],
        "//": "range 1 to 48",
        "sprite_width": 32,
        "sprite_height": 32,
        "sprite_offset_x": 0,
        "sprite_offset_y": 0
      }
    ]
  }
]
