[
  {
    "id": "armor_lightplate_faraday",
    "type": "ARMOR",
    "category": "armor",
    "name": { "str": "faraday plate suit" },
    "description": "A suit of Gothic plate armor, complete with gloves, gauntlets, and a barbute helmet.  It has been conductively interconnected, protecting against electricity.",
    "weight": "15145 g",
    "volume": 99,
    "price": 60000,
    "to_hit": -5,
    "bashing": 8,
    "material": [ "steel", "leather" ],
    "symbol": "[",
    "color": "light_gray",
    "looks_like": "armor_lightplate",
    "covers": [ "TORSO", "HEAD", "ARMS", "HANDS", "LEGS", "FEET" ],
    "coverage": 95,
    "encumbrance": 20,
    "warmth": 20,
    "material_thickness": 4,
    "flags": [ "VARSIZE", "OUTER", "STURDY", "ELECTRIC_IMMUNE" ]
  },
  {
    "id": "chainmail_suit_faraday",
    "type": "ARMOR",
    "category": "armor",
    "name": { "str": "faraday chainmail suit" },
    "description": "A fully customized chainmail suit.  The coif, shirt, arms, and leggings have been modified with leather straps to deal with uneven weight distribution and to allow them to be used separately.  It has been combined with a set of armored boots and gauntlets and conductively interconnected, protecting against electricity.",
    "weight": "18953 g",
    "volume": 31,
    "price": 30000,
    "to_hit": -1,
    "material": [ "iron", "leather" ],
    "symbol": "[",
    "color": "light_red",
    "looks_like": "chainmail_suit",
    "covers": [ "TORSO", "HEAD", "ARMS", "HANDS", "LEGS", "FEET" ],
    "coverage": 95,
    "encumbrance": 20,
    "material_thickness": 4,
    "flags": [ "VARSIZE", "STURDY", "HELMET_COMPAT", "ELECTRIC_IMMUNE" ]
  },
  {
    "id": "jumpsuit_leather",
    "type": "ARMOR",
    "name": { "str": "leather jumpsuit" },
    "description": "A short-sleeved jumpsuit made from thick leather.  Provides decent storage and proteciton, and is not very encumbering.",
    "weight": "763 g",
    "volume": 14,
    "price": 35000,
    "to_hit": -3,
    "material": [ "leather" ],
    "symbol": "[",
    "color": "dark_gray",
    "looks_like": "touring_suit",
    "covers": [ "LEGS", "ARMS", "TORSO" ],
    "coverage": 95,
    "encumbrance": 8,
    "storage": 8,
    "warmth": 15,
    "material_thickness": 3,
    "flags": [ "VARSIZE", "POCKETS" ]
  },
  {
    "id": "jumpsuit_xlleather",
    "type": "ARMOR",
    "name": { "str": "XL leather jumpsuit" },
    "description": "A tough, short-sleeved leather jumpsuit updated for the trans-human who needs full-body clothing.  Provides some storage and is adjustable to minimize encumbrance.",
    "weight": "1013 g",
    "volume": 20,
    "price": 80000,
    "to_hit": -3,
    "material": [ "leather" ],
    "symbol": "[",
    "color": "dark_gray",
    "looks_like": "touring_suit",
    "covers": [ "LEGS", "ARMS", "TORSO" ],
    "coverage": 95,
    "encumbrance": 8,
    "storage": 10,
    "warmth": 15,
    "material_thickness": 2,
    "flags": [ "POCKETS", "OVERSIZE" ]
  },
  {
    "id": "jumpsuit_leather_mod",
    "type": "ARMOR",
    "name": { "str": "armored leather jumpsuit" },
    "description": "An armored short-sleeved jumpsuit made from thick leather and metal plates.  Cumbersome, but offers excellent protection from harm.",
    "weight": "1145 g",
    "volume": 17,
    "price": 35000,
    "to_hit": -3,
    "material": [ "leather", "iron" ],
    "symbol": "[",
    "color": "dark_gray",
    "looks_like": "touring_suit",
    "covers": [ "LEGS", "ARMS", "TORSO" ],
    "coverage": 95,
    "encumbrance": 12,
    "storage": 8,
    "warmth": 15,
    "material_thickness": 3,
    "flags": [ "VARSIZE", "POCKETS" ]
  },
  {
    "id": "jumpsuit_xlleather_mod",
    "type": "ARMOR",
    "name": { "str": "XL armored leather jumpsuit" },
    "description": "A tough, short-sleeved armored leather jumpsuit updated for the trans-human who needs full-body clothing.  Provides some storage and is adjustable to minimize encumbrance.",
    "weight": "1520 g",
    "volume": 25,
    "price": 80000,
    "to_hit": -3,
    "material": [ "leather", "iron" ],
    "symbol": "[",
    "color": "dark_gray",
    "looks_like": "touring_suit",
    "covers": [ "LEGS", "ARMS", "TORSO" ],
    "coverage": 95,
    "encumbrance": 12,
    "storage": 10,
    "warmth": 15,
    "material_thickness": 2,
    "flags": [ "POCKETS", "OVERSIZE" ]
  },
  {
    "id": "armguard_xllarmor",
    "type": "ARMOR",
    "copy-from": "armguard_larmor",
    "name": { "str": "pair of XL leather arm guards", "str_pl": "pairs of XL leather arm guards" },
    "description": "A pair of massive tough leather arm guards.  Fairly light and comfortable.",
    "proportional": { "weight": 1.8, "volume": 1.5, "encumbrance": 1.5 },
    "relative": { "material_thickness": -1 },
    "extend": { "flags": [ "OVERSIZE" ] }
  },
  {
    "id": "gauntlets_xllarmor",
    "type": "ARMOR",
    "copy-from": "gauntlets_larmor",
    "name": { "str": "pair of XL leather armor gauntlets", "str_pl": "pairs of XL leather armor gauntlets" },
    "description": "Heavy and massive fingerless leather gloves.  Very flexible and comfortable.",
    "proportional": { "weight": 2.1, "volume": 2, "encumbrance": 1.5 },
    "relative": { "material_thickness": -1 },
    "extend": { "flags": [ "OVERSIZE" ] }
  },
  {
    "id": "gloves_xlleather",
    "type": "ARMOR",
    "copy-from": "gloves_leather",
    "name": { "str": "pair of XL leather gloves", "str_pl": "pairs of XL leather gloves" },
    "description": "A massive pair of black leather gloves.",
    "proportional": { "weight": 2.1, "volume": 2, "encumbrance": 1.5 },
    "extend": { "flags": [ "OVERSIZE" ] }
  },
  {
    "id": "helmet_xllarmor",
    "type": "ARMOR",
    "copy-from": "helmet_larmor",
    "name": { "str": "XL leather armor helmet" },
    "description": "A massive and thick leather helmet that provides excellent protection for the head.",
    "proportional": { "weight": 2.15, "volume": 2.4, "encumbrance": 1.5 },
    "relative": { "material_thickness": -1 },
    "extend": { "flags": [ "OVERSIZE" ] }
  },
  {
    "id": "armor_xlscrapsuit",
    "type": "ARMOR",
    "copy-from": "armor_scrapsuit",
    "name": { "str": "XL scrap suit" },
    "description": "A massive suit of armor made from scraps of metal secured by simple strings; provides decent protection, but the loose collection of plates doesn't make for the most convenient protection.",
    "proportional": { "weight": 1.8, "volume": 1.5, "encumbrance": 1.5 },
    "relative": { "material_thickness": -1 },
    "extend": { "flags": [ "OVERSIZE" ] }
  },
  {
    "id": "armguard_xlmetal",
    "type": "ARMOR",
    "copy-from": "armguard_metal",
    "name": { "str": "pair of XL metal arm guards", "str_pl": "pairs of XL metal arm guards" },
    "description": "A massive pair of arm guards hammered out from metal.  Perfect for the Post-Apocalyptic Warrior look.",
    "proportional": { "weight": 1.8, "volume": 1.5, "encumbrance": 1.5 },
    "relative": { "material_thickness": -1 },
    "extend": { "flags": [ "OVERSIZE" ] }
  },
  {
    "id": "legguard_xlmetal",
    "type": "ARMOR",
    "copy-from": "legguard_metal",
    "name": { "str": "pair of XL iron greaves", "str_pl": "pairs of XL iron greaves" },
    "description": "A massive pair of iron leg guards with a simple leather lining.",
    "proportional": { "weight": 1.8, "volume": 1.5, "encumbrance": 1.5 },
    "relative": { "material_thickness": -1 },
    "extend": { "flags": [ "OVERSIZE" ] }
  },
  {
    "id": "gauntlets_xlchitin",
    "type": "ARMOR",
    "copy-from": "gauntlets_chitin",
    "name": { "str": "pair of XL chitinous gauntlets", "str_pl": "pairs of XL chitinous gauntlets" },
    "description": "Massive gauntlets made from the exoskeletons of insects.  Very light and durable.",
    "proportional": { "weight": 2.1, "volume": 2, "encumbrance": 1.5 },
    "relative": { "material_thickness": -1 },
    "extend": { "flags": [ "OVERSIZE" ] }
  },
  {
    "id": "gauntlets_xlacidchitin",
    "type": "ARMOR",
    "copy-from": "gauntlets_acidchitin",
    "name": { "str": "pair of XL biosilicified chitin gauntlets", "str_pl": "pairs of XL biosilicified chitin gauntlets" },
    "description": "Massive gauntlets crafted from the carefully cleaned and pruned biosilicified exoskeletons of acidic ants.  Acid-resistant and very durable.",
    "proportional": { "weight": 2.1, "volume": 2, "encumbrance": 1.5 },
    "relative": { "material_thickness": -1 },
    "extend": { "flags": [ "OVERSIZE" ] }
  },
  {
    "id": "helmet_xlchitin",
    "type": "ARMOR",
    "copy-from": "helmet_chitin",
    "name": { "str": "XL chitinous helmet" },
    "description": "A massive helmet made from the exoskeletons of insects.  Covers the entire head; very light and durable.",
    "proportional": { "weight": 2.15, "volume": 2.4, "encumbrance": 1.5 },
    "relative": { "material_thickness": -1 },
    "extend": { "flags": [ "OVERSIZE" ] }
  },
  {
    "id": "helmet_xlacidchitin",
    "type": "ARMOR",
    "copy-from": "helmet_acidchitin",
    "name": { "str": "XL biosilicified chitin helmet" },
    "description": "A massive helmet crafted from the carefully cleaned and pruned biosilicified exoskeletons of acidic ants.  Covers the entire head; acid-resistant and very durable.",
    "proportional": { "weight": 2.15, "volume": 2.4, "encumbrance": 1.5 },
    "relative": { "material_thickness": -1 },
    "extend": { "flags": [ "OVERSIZE" ] }
  },
  {
    "id": "armguard_xlchitin",
    "type": "ARMOR",
    "copy-from": "armguard_chitin",
    "name": { "str": "pair of XL chitin arm guards", "str_pl": "pairs of XL chitin arm guards" },
    "description": "A pair of massive arm guards made from the exoskeletons of insects.  Light and durable.",
    "proportional": { "weight": 1.8, "volume": 1.5, "encumbrance": 1.5 },
    "relative": { "material_thickness": -1 },
    "extend": { "flags": [ "OVERSIZE" ] }
  },
  {
    "id": "armguard_xlacidchitin",
    "type": "ARMOR",
    "copy-from": "armguard_acidchitin",
    "name": { "str": "pair of XL biosilicified chitin arm guards", "str_pl": "pairs of XL biosilicified chitin arm guards" },
    "description": "A pair of massive arm guards crafted from the carefully cleaned and pruned biosilicified exoskeletons of acidic ants.  Acid-resistant and very durable.",
    "proportional": { "weight": 1.8, "volume": 1.5, "encumbrance": 1.5 },
    "relative": { "material_thickness": -1 },
    "extend": { "flags": [ "OVERSIZE" ] }
  },
  {
    "id": "armor_xlchitin",
    "type": "ARMOR",
    "copy-from": "armor_chitin",
    "name": { "str": "XL chitinous armor" },
    "description": "Massive leg and body armor made from the exoskeletons of insects.  Light and durable.",
    "proportional": { "weight": 1.8, "volume": 1.5, "encumbrance": 1.5 },
    "relative": { "material_thickness": -1 },
    "extend": { "flags": [ "OVERSIZE" ] }
  },
  {
    "id": "armor_xlacidchitin",
    "type": "ARMOR",
    "copy-from": "armor_acidchitin",
    "name": { "str": "XL biosilicified chitin armor" },
    "description": "Massive leg and body armor crafted from the carefully cleaned and pruned biosilicified exoskeletons of acidic ants.  Acid-resistant and very durable.",
    "proportional": { "weight": 1.8, "volume": 1.5, "encumbrance": 1.5 },
    "relative": { "material_thickness": -1 },
    "extend": { "flags": [ "OVERSIZE" ] }
  },
  {
    "id": "nomex_xlgloves",
    "type": "ARMOR",
    "copy-from": "nomex_gloves",
    "name": { "str": "pair of XL flame-resistant gloves", "str_pl": "pairs of XL flame-resistant gloves" },
    "description": "A massive, snug fitting pair of gloves made from thin and lightweight Nomex fire-resistant fabric.  Tough yet breathable, they are light and comfortable to wear under clothing.",
    "proportional": { "weight": 2.1, "volume": 2, "encumbrance": 1.5 },
    "relative": { "material_thickness": -1 },
    "extend": { "flags": [ "OVERSIZE" ] }
  },
  {
    "id": "nomex_xlhood",
    "type": "ARMOR",
    "copy-from": "nomex_hood",
    "name": { "str": "XL flame-resistant hood" },
    "description": "A massive, snug fitting garment that protects your head and neck, made from lightweight Nomex fire-resistant fabric.  Tough yet breathable, it is light and comfortable to wear under clothing.",
    "proportional": { "weight": 2.15, "volume": 2.4, "encumbrance": 1.5 },
    "relative": { "material_thickness": -1 },
    "extend": { "flags": [ "OVERSIZE" ] }
  },
  {
    "id": "nomex_xlsocks",
    "type": "ARMOR",
    "copy-from": "nomex_socks",
    "name": { "str": "pair of XL flame-resistant socks", "str_pl": "pairs of XL flame-resistant socks" },
    "description": "A massive, snug fitting pair of stockings made from thin and lightweight Nomex fire-resistant fabric.  Tough yet breathable, they are light and comfortable to wear under clothing.",
    "proportional": { "weight": 1.85, "volume": 2, "encumbrance": 1.5 },
    "relative": { "material_thickness": -1 },
    "extend": { "flags": [ "OVERSIZE" ] }
  },
  {
    "id": "nomex_xlsuit",
    "type": "ARMOR",
    "copy-from": "nomex_suit",
    "name": { "str": "flame-resistant suit" },
    "description": "A massive, snug body suit made from thin and lightweight Nomex fire-resistant fabric.  Tough yet breathable, it is light and comfortable to wear under clothing.",
    "proportional": { "weight": 1.8, "volume": 1.5, "encumbrance": 1.5 },
    "relative": { "material_thickness": -1 },
    "extend": { "flags": [ "OVERSIZE" ] }
  },
  {
    "id": "sleeveless_trenchcoat_xl",
    "type": "ARMOR",
    "copy-from": "sleeveless_trenchcoat",
    "name": { "str": "XL sleeveless trenchcoat" },
    "description": "A massive cotton trenchcoat that leaves your arms unencumbered.  Has plenty of storage space due to its many pockets.",
    "proportional": { "weight": 1.8, "volume": 1.5, "encumbrance": 1.5, "storage": 1.25 },
    "relative": { "material_thickness": -1 },
    "extend": { "flags": [ "OVERSIZE" ] }
  },
  {
    "id": "sleeveless_trenchcoat_xlleather",
    "type": "ARMOR",
    "copy-from": "sleeveless_trenchcoat_leather",
    "name": { "str": "XL sleeveless leather trenchcoat" },
    "description": "A massive leather trenchcoat without sleeves, leaving your arms unencumbered.  Has plenty of storage space due to its many pockets.",
    "proportional": { "weight": 1.8, "volume": 1.5, "encumbrance": 1.5, "storage": 1.25 },
    "relative": { "material_thickness": -1 },
    "extend": { "flags": [ "OVERSIZE" ] }
  },
  {
    "id": "trenchcoat_xl",
    "type": "ARMOR",
    "copy-from": "trenchcoat",
    "name": { "str": "XL trenchcoat" },
    "description": "A massive cotton trenchcoat, lined with pockets.  Great for storage.",
    "proportional": { "weight": 1.8, "volume": 1.5, "encumbrance": 1.5, "storage": 1.25 },
    "relative": { "material_thickness": -1 },
    "extend": { "flags": [ "OVERSIZE" ] }
  },
  {
    "id": "trenchcoat_xlleather",
    "type": "ARMOR",
    "copy-from": "trenchcoat_leather",
    "name": { "str": "XL leather trenchcoat" },
    "description": "A massive leather trenchcoat, lined with pockets.  Great for storage.",
    "proportional": { "weight": 1.8, "volume": 1.5, "encumbrance": 1.5, "storage": 1.25 },
    "relative": { "material_thickness": -1 },
    "extend": { "flags": [ "OVERSIZE" ] }
  },
  {
    "id": "duster_xl",
    "type": "ARMOR",
    "copy-from": "duster",
    "name": { "str": "XL duster" },
    "description": "A massive full-length duster coat.  Has many pockets for storage.",
    "proportional": { "weight": 1.8, "volume": 1.5, "encumbrance": 1.5, "storage": 1.25 },
    "relative": { "material_thickness": -1 },
    "extend": { "flags": [ "OVERSIZE" ] }
  },
  {
    "id": "duster_xlleather",
    "type": "ARMOR",
    "copy-from": "duster_leather",
    "name": { "str": "XL leather duster" },
    "description": "A massive leather full-length duster.  Has many pockets for storage.",
    "proportional": { "weight": 1.8, "volume": 1.5, "encumbrance": 1.5, "storage": 1.25 },
    "relative": { "material_thickness": -1 },
    "extend": { "flags": [ "OVERSIZE" ] }
  },
  {
    "id": "sleeveless_duster_xl",
    "type": "ARMOR",
    "copy-from": "sleeveless_duster",
    "name": { "str": "XL sleeveless duster" },
    "description": "A massive full-length duster that leaves your arms unencumbered.  Has plenty of storage space due to its many pockets.",
    "proportional": { "weight": 1.8, "volume": 1.5, "encumbrance": 1.5, "storage": 1.25 },
    "relative": { "material_thickness": -1 },
    "extend": { "flags": [ "OVERSIZE" ] }
  },
  {
    "id": "sleeveless_duster_xlleather",
    "type": "ARMOR",
    "copy-from": "sleeveless_duster_leather",
    "name": { "str": "XL sleeveless leather duster" },
    "description": "A massive leather full-length duster without sleeves, leaving your arms unencumbered.  Has plenty of storage space due to its many pockets.",
    "proportional": { "weight": 1.8, "volume": 1.5, "encumbrance": 1.5, "storage": 1.25 },
    "relative": { "material_thickness": -1 },
    "extend": { "flags": [ "OVERSIZE" ] }
  },
  {
    "id": "pants_xlcargo",
    "type": "ARMOR",
    "copy-from": "pants_cargo",
    "name": { "str": "XL cargo pants", "str_pl": "XL cargo pants" },
    "description": "A massive pair of pants lined with pockets, offering lots of storage.",
    "proportional": { "weight": 1.8, "volume": 1.5, "encumbrance": 1.5, "storage": 1.25 },
    "relative": { "material_thickness": -1 },
    "extend": { "flags": [ "OVERSIZE" ] }
  },
  {
    "id": "shorts_xlcargo",
    "type": "ARMOR",
    "copy-from": "shorts_cargo",
    "name": { "str": "XL cargo shorts", "str_pl": "XL cargo shorts" },
    "description": "A massive pair of shorts lined with pockets, offering decent storage.",
    "proportional": { "weight": 1.8, "volume": 1.5, "encumbrance": 1.5, "storage": 1.25 },
    "relative": { "material_thickness": -1 },
    "extend": { "flags": [ "OVERSIZE" ] }
  },
  {
    "id": "armor_xllightplate",
    "type": "ARMOR",
    "copy-from": "armor_lightplate",
    "name": { "str": "XL plate armor" },
    "description": "A massive suit of Gothic plate armor.",
    "proportional": { "weight": 1.8, "volume": 1.5, "encumbrance": 1.5 },
    "relative": { "material_thickness": -1 },
    "extend": { "flags": [ "OVERSIZE" ] }
  },
  {
    "id": "gloves_xlplate",
    "type": "ARMOR",
    "copy-from": "gloves_plate",
    "name": { "str": "pair of XL armored gauntlets", "str_pl": "pairs of XL armored gauntlets" },
    "description": "An extremely heavy set of massive armor-plated leather gloves.",
    "proportional": { "weight": 2.1, "volume": 2, "encumbrance": 1.5 },
    "relative": { "material_thickness": -1 },
    "extend": { "flags": [ "OVERSIZE" ] }
  },
  {
    "id": "helmet_xlbarbute",
    "type": "ARMOR",
    "copy-from": "helmet_barbute",
    "name": { "str": "XL barbute helm" },
    "description": "A massive medieval helmet that provides excellent protection for the head, with a Y shaped opening for the face.",
    "proportional": { "weight": 2.15, "volume": 2.4, "encumbrance": 1.5 },
    "relative": { "material_thickness": -1 },
    "extend": { "flags": [ "OVERSIZE" ] }
  },
  {
    "id": "helmet_xlplate",
    "type": "ARMOR",
    "copy-from": "helmet_plate",
    "name": { "str": "XL great helm" },
    "description": "A massive medieval helmet that provides excellent protection to the entire head, at the cost of great encumbrance.",
    "proportional": { "weight": 2.15, "volume": 2.4, "encumbrance": 1.5 },
    "relative": { "material_thickness": -1 },
    "extend": { "flags": [ "OVERSIZE" ] }
  },
  {
    "id": "armor_xlsamurai",
    "type": "ARMOR",
    "copy-from": "armor_samurai",
    "name": { "str": "XL O-yoroi" },
    "description": "A massive ornamental suit of Japanese samurai armor.",
    "proportional": { "weight": 1.8, "volume": 1.5, "encumbrance": 1.5 },
    "relative": { "material_thickness": -1 },
    "extend": { "flags": [ "OVERSIZE" ] }
  },
  {
    "id": "helmet_xlkabuto",
    "type": "ARMOR",
    "copy-from": "helmet_kabuto",
    "name": { "str": "XL kabuto" },
    "description": "A massive medieval Japanese helmet with a scowling facemask that provides excellent protection to the entire head and face.",
    "proportional": { "weight": 2.15, "volume": 2.4, "encumbrance": 1.5 },
    "relative": { "material_thickness": -1 },
    "extend": { "flags": [ "OVERSIZE" ] }
  },
  {
    "id": "armor_xllightplate_faraday",
    "type": "ARMOR",
    "copy-from": "armor_lightplate_faraday",
    "name": { "str": "XL faraday plate suit" },
    "description": "A massive suit of Gothic plate armor, complete with boots, gauntlets, and a barbute helmet.  It has been conductively interconnected, protecting against electricity.",
    "weight": "28081 g",
    "volume": 167,
    "proportional": { "encumbrance": 1.5 },
    "relative": { "material_thickness": -1 },
    "extend": { "flags": [ "OVERSIZE" ] }
  },
  {
    "id": "armguard_xllightplate",
    "type": "ARMOR",
    "copy-from": "armguard_lightplate",
    "name": { "str": "pair of XL steel arm guards", "str_pl": "pairs of XL steel arm guards" },
    "description": "A massive full assembly of medieval arm protection.  Rerebraces, couters, and vambraces, with leather straps to secure each piece and connect it as part of a set.",
    "proportional": { "weight": 1.8, "volume": 1.5, "encumbrance": 1.5 },
    "relative": { "material_thickness": -1 },
    "extend": { "flags": [ "OVERSIZE" ] }
  },
  {
    "id": "cuirass_xllightplate",
    "type": "ARMOR",
    "copy-from": "cuirass_lightplate",
    "name": { "str": "XL cuirass", "str_pl": "XL cuirasses" },
    "description": "A massive steel breastplate, and a vital part of plate armor.  Even as full armor went into decline, cuirasses remained in use among cavalry in Europe.",
    "proportional": { "weight": 1.8, "volume": 1.5, "encumbrance": 1.5 },
    "relative": { "material_thickness": -1 },
    "extend": { "flags": [ "OVERSIZE" ] }
  },
  {
    "id": "legguard_xllightplate",
    "type": "ARMOR",
    "copy-from": "legguard_lightplate",
    "name": { "str": "pair of XL steel leg guards", "str_pl": "pairs of XL steel leg guards" },
    "description": "A masive full assembly of medieval leg protection.  Cuisses, poleyns, and greaves, with leather straps to secure each piece and connect it as part of a set.",
    "proportional": { "weight": 1.8, "volume": 1.5, "encumbrance": 1.5 },
    "relative": { "material_thickness": -1 },
    "extend": { "flags": [ "OVERSIZE" ] }
  },
  {
    "id": "chainmail_xlsuit_faraday",
    "type": "ARMOR",
    "copy-from": "chainmail_suit_faraday",
    "name": { "str": "XL faraday chainmail suit" },
    "description": "A massive, fully customized chainmail suit.  The coif, shirt, arms, and leggings have been modified with leather straps to deal with uneven weight distribution and to allow them to be used separately.  It has been combined with a set of armored boots and gauntlets and conductively interconnected, protecting against electricity.",
    "weight": "35226 g",
    "volume": 62,
    "proportional": { "encumbrance": 1.5 },
    "relative": { "material_thickness": -1 },
    "extend": { "flags": [ "OVERSIZE" ] }
  },
  {
    "id": "chainmail_xlsuit",
    "type": "ARMOR",
    "copy-from": "chainmail_suit",
    "name": { "str": "XL chainmail armor" },
    "description": "A massive fully customized chainmail suit.  The coif, shirt, arms, and leggings have been modified with leather straps to deal with uneven weight distribution and to allow them to be used separately.",
    "weight": "29472 g",
    "volume": 24,
    "proportional": { "encumbrance": 1.5 },
    "relative": { "material_thickness": -1 },
    "extend": { "flags": [ "OVERSIZE" ] }
  },
  {
    "id": "chainmail_xlarms",
    "type": "ARMOR",
    "copy-from": "chainmail_arms",
    "name": { "str": "pair of XL chainmail sleeves", "str_pl": "pairs of XL chainmail sleeves" },
    "description": "Massive customized chainmail arms.  Each sleeve has leather straps to connect them with each other.  The lack of fingers makes them less cumbersome and allows them to be used with gloves.",
    "proportional": { "weight": 1.8, "volume": 1.5, "encumbrance": 1.5 },
    "relative": { "material_thickness": -1 },
    "extend": { "flags": [ "OVERSIZE" ] }
  },
  {
    "id": "chainmail_xlhood",
    "type": "ARMOR",
    "copy-from": "chainmail_hood",
    "name": { "str": "XL chainmail coif" },
    "description": "A massive customized chainmail hood.  Can be worn comfortably under helmets.",
    "proportional": { "weight": 2.15, "volume": 2.4, "encumbrance": 1.5 },
    "relative": { "material_thickness": -1 },
    "extend": { "flags": [ "OVERSIZE" ] }
  },
  {
    "id": "chainmail_xllegs",
    "type": "ARMOR",
    "copy-from": "chainmail_legs",
    "name": { "str": "XL chainmail leggings", "str_pl": "pairs of XL chainmail leggings" },
    "description": "Massive customized chainmail legs.  Their leather straps keep everything in place, and the lack of toes and heels allows them to work perfectly well with footwear.",
    "proportional": { "weight": 1.8, "volume": 1.5, "encumbrance": 1.5 },
    "relative": { "material_thickness": -1 },
    "extend": { "flags": [ "OVERSIZE" ] }
  },
  {
    "id": "chainmail_xlvest",
    "type": "ARMOR",
    "copy-from": "chainmail_vest",
    "name": { "str": "chainmail vest" },
    "description": "A customized chainmail vest.  It's a sleeveless piece of chainmail with small leather straps designed to better distribute the weight.",
    "proportional": { "weight": 1.8, "volume": 1.5, "encumbrance": 1.5 },
    "relative": { "material_thickness": -1 },
    "extend": { "flags": [ "OVERSIZE" ] }
  },
  {
    "id": "boots_xl",
    "type": "ARMOR",
    "copy-from": "boots",
    "name": { "str": "pair of XL boots", "str_pl": "pairs of XL boots" },
    "description": "Massive leather boots.  Very durable.",
    "proportional": { "weight": 1.85, "volume": 2, "encumbrance": 1.5 },
    "relative": { "material_thickness": -1 },
    "extend": { "flags": [ "OVERSIZE" ] }
  },
  {
    "id": "boots_xllarmor",
    "type": "ARMOR",
    "copy-from": "boots_larmor",
    "name": { "str": "pair of XL leather armor boots", "str_pl": "pairs of XL leather armor boots" },
    "description": "Massive leather boots made specifically to protect the feet.  Light and tough.",
    "proportional": { "weight": 1.85, "volume": 2, "encumbrance": 1.5 },
    "relative": { "material_thickness": -1 },
    "extend": { "flags": [ "OVERSIZE" ] }
  },
  {
    "id": "boots_xlplate",
    "type": "ARMOR",
    "copy-from": "boots_plate",
    "name": { "str": "pair of XL armored boots", "str_pl": "pairs of XL armored boots" },
    "description": "An extremely heavy set of massive armor plated boots.",
    "proportional": { "weight": 1.85, "volume": 2, "encumbrance": 1.5 },
    "relative": { "material_thickness": -1 },
    "extend": { "flags": [ "OVERSIZE" ] }
  },
  {
    "id": "boots_xlchitin",
    "type": "ARMOR",
    "copy-from": "boots_chitin",
    "name": { "str": "pair of XL chitinous boots", "str_pl": "pairs of XL chitinous boots" },
    "description": "Massive boots made from the exoskeletons of insects.  Light and durable.",
    "proportional": { "weight": 1.85, "volume": 2, "encumbrance": 1.5 },
    "relative": { "material_thickness": -1 },
    "extend": { "flags": [ "OVERSIZE" ] }
  },
  {
    "id": "boots_xlacidchitin",
    "type": "ARMOR",
    "copy-from": "boots_acidchitin",
    "name": { "str": "pair of XL biosilicified chitin boots", "str_pl": "pairs of XL biosilicified chitin boots" },
    "description": "Massive boots crafted from carefully cleaned and pruned biosilicified exoskeletons of acidic ants.  Acid-resistant and very durable.",
    "proportional": { "weight": 1.85, "volume": 2, "encumbrance": 1.5 },
    "relative": { "material_thickness": -1 },
    "extend": { "flags": [ "OVERSIZE" ] }
  },
  {
    "id": "backpack_xl",
    "type": "ARMOR",
    "copy-from": "backpack",
    "name": { "str": "XL backpack" },
    "description": "A large backpack.  Good storage for a little encumbrance.",
    "proportional": { "weight": 1.8, "volume": 1.5, "storage": 1.25, "encumbrance": 1.5 },
    "relative": { "material_thickness": -1 },
    "extend": { "flags": [ "OVERSIZE" ] }
  },
  {
    "id": "backpack_xlleather",
    "type": "ARMOR",
    "copy-from": "backpack_leather",
    "name": { "str": "XL leather backpack" },
    "description": "A large leather backpack.  Good storage for a little encumbrance.",
    "proportional": { "weight": 1.8, "volume": 1.5, "storage": 1.25, "encumbrance": 1.5 },
    "relative": { "material_thickness": -1 },
    "extend": { "flags": [ "OVERSIZE" ] }
  },
  {
    "id": "duffelbag_xl",
    "type": "ARMOR",
    "copy-from": "duffelbag",
    "name": { "str": "XL duffel bag" },
    "description": "A massive duffel bag.  Provides plenty of storage, but is severely encumbering.",
    "proportional": { "weight": 1.8, "volume": 1.5, "storage": 1.25, "encumbrance": 1.5 },
    "relative": { "material_thickness": -1 },
    "extend": { "flags": [ "OVERSIZE" ] }
  },
  {
    "id": "tool_xlbelt",
    "type": "ARMOR",
    "copy-from": "tool_belt",
    "name": { "str": "XL tool belt" },
    "description": "A massive belt with pockets and four small belt loops.  Widely used by handymen and electricians if handymen and electricians were bears.",
    "proportional": { "weight": 1.8, "volume": 1.5, "storage": 1.25, "encumbrance": 1.5 },
    "relative": { "material_thickness": -1 },
    "extend": { "flags": [ "OVERSIZE" ] }
  },
  {
    "id": "chestrig_xl",
    "type": "ARMOR",
    "copy-from": "chestrig",
    "name": { "str": "XL chest rig" },
    "description": "A massive vest covered in webbing, pockets and straps.  This variety is favored by the military, as it is capable of holding four magazines close at hand.",
    "proportional": { "weight": 1.8, "volume": 1.5, "storage": 1.25, "encumbrance": 1.5 },
    "relative": { "material_thickness": -1 },
    "extend": { "flags": [ "OVERSIZE" ] }
  },
  {
    "id": "legrig_xl",
    "type": "ARMOR",
    "copy-from": "legrig",
    "name": { "str": "pair of XL drop leg pouches", "str_pl": "pairs of XL drop leg pouches" },
    "description": "A massive set of pouches that can be worn on the thighs using buckled straps.  This variety is favored by the military.",
    "proportional": { "weight": 1.8, "volume": 1.5, "storage": 1.25, "encumbrance": 1.5 },
    "relative": { "material_thickness": -1 },
    "extend": { "flags": [ "OVERSIZE" ] }
  },
  {
    "id": "armor_tire",
    "type": "ARMOR",
    "category": "armor",
    "name": { "str": "tire armor" },
    "description": "Makeshift armor made from parts of cut up tires.  Incredibly thick and tough but just as encumbering.",
    "weight": "8845 g",
    "volume": 40,
    "price": 70000,
    "to_hit": -5,
    "bashing": 10,
    "material": [ "plastic" ],
    "symbol": "[",
    "color": "dark_gray",
    "looks_like": "cuirass_lightplate",
    "covers": [ "TORSO", "ARMS" ],
    "coverage": 80,
    "encumbrance": 30,
    "warmth": 5,
    "material_thickness": 10,
    "flags": [ "BELTED" ]
  },
  {
    "id": "armor_xltire",
    "type": "ARMOR",
    "copy-from": "armor_tire",
    "name": { "str": "XL tire armor" },
    "description": "Massive makeshift armor made from parts of cut up tires.  Incredibly thick and tough but just as encumbering.",
    "weight": "22600 g",
    "volume": 70,
    "proportional": { "encumbrance": 1.5, "material_thickness": 2 },
    "extend": { "flags": [ "OVERSIZE" ] }
  },
  {
    "id": "chestguard_hard",
    "type": "ARMOR",
    "category": "armor",
    "name": { "str": "hard chest protector" },
    "description": "A polyurethane chest protector with neoprene backing.",
    "weight": "645 g",
    "volume": 14,
    "price": 3500,
    "to_hit": 1,
    "material": [ "plastic", "neoprene" ],
    "symbol": "[",
    "color": "dark_gray",
    "looks_like": "cuirass_lightplate",
    "covers": [ "TORSO" ],
    "coverage": 80,
    "encumbrance": 10,
    "warmth": 20,
    "material_thickness": 4,
    "environmental_protection": 1,
    "flags": [ "BELTED", "WATER_FRIENDLY" ]
  },
  {
    "id": "conductive_suit",
    "type": "ARMOR",
    "name": { "str": "conductive suit" },
    "description": "A one piece conductive suit used in linework.  Provides decent physical protection and full protection against electricity.  The hood is designed to fit over a hardhat.",
    "weight": "4650 g",
    "volume": 23,
    "price": 35000,
    "to_hit": -1,
    "material": [ "steel", "cotton" ],
    "symbol": "[",
    "color": "light_gray",
    "looks_like": "chainmail_suit",
    "covers": [ "TORSO", "HEAD", "MOUTH", "ARMS", "HANDS", "LEGS" ],
    "coverage": 100,
    "encumbrance": 15,
    "warmth": 15,
    "material_thickness": 1,
    "flags": [ "VARSIZE", "POCKETS", "OUTER", "HELMET_COMPAT", "ELECTRIC_IMMUNE" ]
  },
  {
    "id": "backpack_floating",
    "type": "ARMOR",
    "copy-from": "backpack",
    "name": { "str": "floating backpack" },
    "description": "A small backpack with a special rail system designed to reduce the load felt by the wearer when moving up and down.  Good storage for very little encumbrance.",
    "weight": "833 g",
    "price": 7800,
    "encumbrance": 7
  },
  {
    "id": "rucksack_floating",
    "type": "ARMOR",
    "copy-from": "rucksack",
    "name": { "str": "floating rucksack" },
    "description": "A huge military rucksack with a special rail system designed to reduce the load felt by the wearer when moving up and down, provides a lot of storage for moderate encumbrance.",
    "weight": "1440 g",
    "price": 18400,
    "encumbrance": 14
  }
]
