[
  {
    "id": "clothing_work_set",
    "type": "item_group",
    "subtype": "collection",
    "//": "Set of clothes worn by technicians and labourers including protective gear",
    "items": [ { "item": "conductive_suit", "prob": 5 } ]
  },
  {
    "type": "item_group",
    "id": "dresser",
    "items": [ [ "jumpsuit_leather", 10 ] ]
  },
  {
    "type": "item_group",
    "id": "allclothes",
    "items": [ [ "jumpsuit_leather", 10 ] ]
  },
  {
    "type": "item_group",
    "id": "pawn",
    "items": [ [ "jumpsuit_leather", 10 ], [ "conductive_suit", 1 ], [ "backpack_floating", 4 ], [ "rucksack_floating", 2 ] ]
  },
  {
    "type": "item_group",
    "id": "survival_armor",
    "items": [ [ "chestguard_hard", 15 ], [ "rucksack_floating", 2 ] ]
  },
  {
    "type": "item_group",
    "id": "survivorzed_suits",
    "items": [ [ "jumpsuit_leather", 5 ] ]
  },
  {
    "type": "item_group",
    "id": "livingroom",
    "items": [ [ "chestguard_hard", 15 ] ]
  },
  {
    "type": "item_group",
    "id": "sports",
    "items": [ [ "chestguard_hard", 15 ] ]
  },
  {
    "type": "item_group",
    "id": "allsporting",
    "items": [ [ "chestguard_hard", 15 ], [ "backpack_floating", 4 ] ]
  },
  {
    "type": "item_group",
    "id": "college_sports",
    "items": [ [ "chestguard_hard", 15 ] ]
  },
  {
    "type": "item_group",
    "id": "child_items",
    "items": [ [ "backpack_floating", 4 ] ]
  },
  {
    "type": "item_group",
    "id": "bedroom",
    "items": [ [ "backpack_floating", 4 ] ]
  },
  {
    "type": "item_group",
    "id": "camping",
    "items": [ [ "backpack_floating", 4 ] ]
  },
  {
    "type": "item_group",
    "id": "bags",
    "items": [ [ "backpack_floating", 4 ], [ "rucksack_floating", 2 ] ]
  },
  {
    "type": "item_group",
    "id": "traveler",
    "items": [ [ "backpack_floating", 4 ] ]
  },
  {
    "type": "item_group",
    "id": "school",
    "items": [ [ "backpack_floating", 4 ] ]
  },
  {
    "type": "item_group",
    "id": "shelter",
    "items": [ [ "backpack_floating", 4 ] ]
  },
  {
    "type": "item_group",
    "id": "mil_armor",
    "items": [ [ "backpack_floating", 4 ] ]
  },
  {
    "type": "item_group",
    "id": "mil_accessories",
    "items": [ [ "backpack_floating", 4 ] ]
  },
  {
    "type": "item_group",
    "id": "mine_equipment",
    "items": [ [ "backpack_floating", 4 ] ]
  },
  {
    "type": "item_group",
    "id": "military",
    "items": [ [ "backpack_floating", 4 ], [ "rucksack_floating", 2 ] ]
  },
  {
    "type": "item_group",
    "id": "drugdealer",
    "items": [ [ "backpack_floating", 4 ] ]
  },
  {
    "type": "item_group",
    "id": "fireman_gear",
    "items": [ [ "backpack_floating", 2 ] ]
  },
  {
    "type": "item_group",
    "id": "survivorzed_extra",
    "items": [ [ "backpack_floating", 4 ], [ "rucksack_floating", 1 ] ]
  },
  {
    "type": "item_group",
    "id": "arcade_prizes",
    "items": [ [ "backpack_floating", 2 ] ]
  },
  {
    "type": "item_group",
    "id": "college_camping",
    "items": [ [ "backpack_floating", 10 ] ]
  },
  {
    "type": "item_group",
    "id": "clothing_tactical_torso",
    "items": [ [ "backpack_floating", 2 ], [ "rucksack_floating", 8 ] ]
  },
  {
    "type": "item_group",
    "id": "mil_surplus",
    "items": [ [ "rucksack_floating", 2 ] ]
  },
  {
    "type": "item_group",
    "id": "helicopter",
    "items": [ [ "rucksack_floating", 2 ] ]
  },
  {
    "type": "item_group",
    "id": "army_personal_locker",
    "items": [ [ "rucksack_floating", 3 ] ]
  }
]
