[
  {
    "result": "armor_lightplate_faraday",
    "type": "recipe",
    "category": "CC_ARMOR",
    "subcategory": "CSC_ARMOR_SUIT",
    "skill_used": "electronics",
    "difficulty": 3,
    "time": 12000,
    "reversible": true,
    "autolearn": true,
    "components": [
      [ [ "armor_lightplate", 1 ] ],
      [ [ "helmet_barbute", 1 ] ],
      [ [ "gloves_plate", 1 ] ],
      [ [ "boots_plate", 1 ] ],
      [ [ "cable", 50 ] ]
    ]
  },
  {
    "result": "chainmail_suit_faraday",
    "type": "recipe",
    "category": "CC_ARMOR",
    "subcategory": "CSC_ARMOR_SUIT",
    "skill_used": "electronics",
    "difficulty": 3,
    "time": 12000,
    "reversible": true,
    "autolearn": true,
    "components": [ [ [ "chainmail_suit", 1 ] ], [ [ "gloves_plate", 1 ] ], [ [ "boots_plate", 1 ] ], [ [ "cable", 50 ] ] ]
  },
  {
    "result": "jumpsuit_leather",
    "type": "recipe",
    "category": "CC_ARMOR",
    "subcategory": "CSC_ARMOR_SUIT",
    "skill_used": "tailor",
    "difficulty": 3,
    "time": 48000,
    "book_learn": [ [ "textbook_tailor", 4 ], [ "manual_tailor", 5 ], [ "tailor_portfolio", 4 ] ],
    "using": [ [ "sewing_standard", 20 ] ],
    "components": [ [ [ "leather", 20 ], [ "tanned_hide", 3 ] ] ]
  },
  {
    "result": "jumpsuit_xlleather",
    "type": "recipe",
    "category": "CC_ARMOR",
    "subcategory": "CSC_ARMOR_SUIT",
    "skill_used": "tailor",
    "difficulty": 3,
    "time": 86000,
    "book_learn": [ [ "textbook_tailor", 4 ], [ "manual_tailor", 5 ], [ "tailor_portfolio", 4 ] ],
    "using": [ [ "sewing_standard", 40 ] ],
    "components": [ [ [ "leather", 30 ], [ "tanned_hide", 5 ] ] ]
  },
  {
    "result": "jumpsuit_xlleather",
    "type": "recipe",
    "id_suffix": "from_jumpsuit",
    "category": "CC_ARMOR",
    "subcategory": "CSC_ARMOR_SUIT",
    "skill_used": "tailor",
    "difficulty": 3,
    "time": 38000,
    "book_learn": [ [ "textbook_tailor", 4 ], [ "manual_tailor", 5 ], [ "tailor_portfolio", 4 ] ],
    "using": [ [ "sewing_standard", 20 ] ],
    "components": [ [ [ "jumpsuit_leather", 1 ] ], [ [ "leather", 10 ] ] ]
  },
  {
    "result": "jumpsuit_leather_mod",
    "type": "recipe",
    "category": "CC_ARMOR",
    "subcategory": "CSC_ARMOR_SUIT",
    "skill_used": "fabrication",
    "difficulty": 2,
    "skills_required": [ "tailor", 3 ],
    "time": 28000,
    "book_learn": [ [ "textbook_tailor", 5 ], [ "manual_tailor", 6 ], [ "tailor_portfolio", 5 ] ],
    "using": [ [ "sewing_standard", 26 ] ],
    "components": [ [ [ "steel_chunk", 6 ], [ "scrap", 18 ] ], [ [ "jumpsuit_leather", 1 ] ] ]
  },
  {
    "result": "jumpsuit_xlleather_mod",
    "type": "recipe",
    "category": "CC_ARMOR",
    "subcategory": "CSC_ARMOR_SUIT",
    "skill_used": "fabrication",
    "difficulty": 2,
    "skills_required": [ "tailor", 3 ],
    "time": 50000,
    "book_learn": [ [ "textbook_tailor", 5 ], [ "manual_tailor", 6 ], [ "tailor_portfolio", 5 ] ],
    "using": [ [ "sewing_standard", 47 ] ],
    "components": [ [ [ "steel_chunk", 11 ], [ "scrap", 32 ] ], [ [ "jumpsuit_xlleather", 1 ] ] ]
  },
  {
    "result": "armguard_xllarmor",
    "type": "recipe",
    "category": "CC_ARMOR",
    "subcategory": "CSC_ARMOR_ARMS",
    "skill_used": "tailor",
    "difficulty": 3,
    "time": 54000,
    "autolearn": true,
    "using": [ [ "sewing_standard", 30 ] ],
    "components": [ [ [ "leather", 22 ], [ "tanned_hide", 4 ], [ "fur", 22 ], [ "tanned_pelt", 4 ] ] ]
  },
  {
    "result": "gauntlets_xllarmor",
    "type": "recipe",
    "category": "CC_ARMOR",
    "subcategory": "CSC_ARMOR_HANDS",
    "skill_used": "tailor",
    "difficulty": 2,
    "time": 63000,
    "autolearn": true,
    "using": [ [ "sewing_standard", 25 ] ],
    "components": [ [ [ "leather", 13 ], [ "tanned_hide", 2 ], [ "fur", 13 ], [ "tanned_pelt", 2 ] ] ]
  },
  {
    "result": "gloves_xlleather",
    "type": "recipe",
    "category": "CC_ARMOR",
    "subcategory": "CSC_ARMOR_HANDS",
    "skill_used": "tailor",
    "difficulty": 2,
    "time": 34000,
    "autolearn": true,
    "book_learn": [ [ "manual_tailor", 1 ], [ "mag_tailor", 0 ], [ "textbook_survival", 1 ], [ "pocket_survival", 1 ] ],
    "using": [ [ "sewing_standard", 13 ] ],
    "components": [ [ [ "leather", 4 ] ] ]
  },
  {
    "result": "helmet_xllarmor",
    "type": "recipe",
    "category": "CC_ARMOR",
    "subcategory": "CSC_ARMOR_HEAD",
    "skill_used": "tailor",
    "difficulty": 4,
    "time": 64500,
    "autolearn": true,
    "using": [ [ "sewing_standard", 39 ] ],
    "components": [ [ [ "leather", 34 ], [ "tanned_hide", 6 ], [ "fur", 34 ], [ "tanned_pelt", 6 ] ] ]
  },
  {
    "result": "armor_xlscrapsuit",
    "type": "recipe",
    "category": "CC_ARMOR",
    "subcategory": "CSC_ARMOR_SUIT",
    "skill_used": "fabrication",
    "difficulty": 3,
    "time": 180000,
    "reversible": true,
    "autolearn": true,
    "book_learn": [ [ "recipe_melee", 2 ] ],
    "using": [ [ "cordage", 4 ] ],
    "qualities": [ { "id": "CUT", "level": 1 }, { "id": "HAMMER", "level": 1 } ],
    "components": [ [ [ "scrap", 340 ] ] ]
  },
  {
    "result": "armguard_xlmetal",
    "type": "recipe",
    "category": "CC_ARMOR",
    "subcategory": "CSC_ARMOR_ARMS",
    "skill_used": "tailor",
    "difficulty": 4,
    "time": 54000,
    "autolearn": true,
    "book_learn": [ [ "recipe_melee", 3 ] ],
    "using": [ [ "cordage", 2 ] ],
    "qualities": [ { "id": "HAMMER", "level": 2 } ],
    "components": [ [ [ "steel_chunk", 4 ], [ "scrap", 11 ] ] ]
  },
  {
    "result": "legguard_xlmetal",
    "type": "recipe",
    "category": "CC_ARMOR",
    "subcategory": "CSC_ARMOR_LEGS",
    "skill_used": "tailor",
    "difficulty": 5,
    "time": 81000,
    "autolearn": true,
    "book_learn": [ [ "textbook_armwest", 4 ], [ "recipe_melee", 4 ] ],
    "using": [ [ "cordage", 7 ] ],
    "qualities": [ { "id": "HAMMER", "level": 2 } ],
    "components": [
      [ [ "fur", 11 ], [ "tanned_pelt", 2 ], [ "leather", 11 ], [ "tanned_hide", 2 ] ],
      [ [ "steel_chunk", 7 ], [ "scrap", 22 ] ]
    ]
  },
  {
    "result": "gauntlets_xlchitin",
    "type": "recipe",
    "category": "CC_ARMOR",
    "subcategory": "CSC_ARMOR_HANDS",
    "skill_used": "tailor",
    "difficulty": 4,
    "time": 63000,
    "autolearn": true,
    "components": [ [ [ "string_36", 2 ], [ "string_6", 8 ] ], [ [ "chitin_piece", 8 ] ] ]
  },
  {
    "result": "gauntlets_xlacidchitin",
    "type": "recipe",
    "category": "CC_ARMOR",
    "subcategory": "CSC_ARMOR_HANDS",
    "skill_used": "tailor",
    "difficulty": 5,
    "skills_required": [ [ "survival", 4 ], [ "firstaid", 2 ] ],
    "time": 126000,
    "autolearn": true,
    "qualities": [ { "id": "CUT_FINE", "level": 1 }, { "id": "SEW", "level": 1 } ],
    "components": [ [ [ "string_36", 2 ], [ "string_6", 8 ] ], [ [ "acidchitin_piece", 13 ] ] ]
  },
  {
    "result": "helmet_xlchitin",
    "type": "recipe",
    "category": "CC_ARMOR",
    "subcategory": "CSC_ARMOR_HEAD",
    "skill_used": "tailor",
    "difficulty": 6,
    "time": 129000,
    "autolearn": true,
    "components": [ [ [ "string_36", 2 ], [ "string_6", 11 ] ], [ [ "chitin_piece", 11 ] ] ]
  },
  {
    "result": "helmet_xlacidchitin",
    "type": "recipe",
    "category": "CC_ARMOR",
    "subcategory": "CSC_ARMOR_HEAD",
    "skill_used": "tailor",
    "difficulty": 7,
    "skills_required": [ [ "survival", 4 ], [ "firstaid", 2 ] ],
    "time": 258000,
    "autolearn": true,
    "qualities": [ { "id": "CUT_FINE", "level": 1 }, { "id": "SEW", "level": 1 } ],
    "components": [ [ [ "string_36", 2 ], [ "string_6", 11 ] ], [ [ "acidchitin_piece", 17 ] ] ]
  },
  {
    "result": "armguard_xlchitin",
    "type": "recipe",
    "category": "CC_ARMOR",
    "subcategory": "CSC_ARMOR_ARMS",
    "skill_used": "tailor",
    "difficulty": 5,
    "time": 54000,
    "autolearn": true,
    "components": [ [ [ "string_36", 2 ], [ "string_6", 7 ] ], [ [ "chitin_piece", 7 ] ] ]
  },
  {
    "result": "armguard_xlacidchitin",
    "type": "recipe",
    "category": "CC_ARMOR",
    "subcategory": "CSC_ARMOR_ARMS",
    "skill_used": "tailor",
    "difficulty": 6,
    "skills_required": [ [ "survival", 4 ], [ "firstaid", 2 ] ],
    "time": 108000,
    "autolearn": true,
    "qualities": [ { "id": "CUT_FINE", "level": 1 }, { "id": "SEW", "level": 1 } ],
    "components": [ [ [ "string_36", 2 ], [ "string_6", 7 ] ], [ [ "acidchitin_piece", 11 ] ] ]
  },
  {
    "result": "armor_xlchitin",
    "type": "recipe",
    "category": "CC_ARMOR",
    "subcategory": "CSC_ARMOR_SUIT",
    "skill_used": "tailor",
    "difficulty": 7,
    "time": 180000,
    "autolearn": true,
    "book_learn": [ [ "textbook_tailor", 5 ], [ "tailor_portfolio", 5 ] ],
    "using": [ [ "cordage", 4 ] ],
    "components": [ [ [ "chitin_piece", 27 ] ] ]
  },
  {
    "result": "armor_xlacidchitin",
    "type": "recipe",
    "category": "CC_ARMOR",
    "subcategory": "CSC_ARMOR_SUIT",
    "skill_used": "tailor",
    "difficulty": 8,
    "skills_required": [ [ "survival", 4 ], [ "firstaid", 2 ] ],
    "time": 360000,
    "autolearn": true,
    "using": [ [ "cordage", 4 ] ],
    "qualities": [ { "id": "CUT_FINE", "level": 1 }, { "id": "SEW", "level": 1 } ],
    "components": [ [ [ "acidchitin_piece", 27 ] ] ]
  },
  {
    "result": "nomex_xlgloves",
    "type": "recipe",
    "category": "CC_ARMOR",
    "subcategory": "CSC_ARMOR_HANDS",
    "skill_used": "tailor",
    "difficulty": 6,
    "time": 50400,
    "book_learn": [ [ "textbook_fireman", 6 ], [ "textbook_tailor", 5 ], [ "tailor_portfolio", 5 ] ],
    "using": [ [ "sewing_standard", 25 ] ],
    "components": [ [ [ "nomex", 13 ] ] ]
  },
  {
    "result": "nomex_xlhood",
    "type": "recipe",
    "category": "CC_ARMOR",
    "subcategory": "CSC_ARMOR_HEAD",
    "skill_used": "tailor",
    "difficulty": 6,
    "time": 50400,
    "book_learn": [ [ "textbook_fireman", 6 ], [ "textbook_tailor", 5 ], [ "tailor_portfolio", 5 ] ],
    "using": [ [ "sewing_standard", 17 ] ],
    "components": [ [ [ "nomex", 13 ] ] ]
  },
  {
    "result": "nomex_xlsocks",
    "type": "recipe",
    "category": "CC_ARMOR",
    "subcategory": "CSC_ARMOR_FEET",
    "skill_used": "tailor",
    "difficulty": 6,
    "time": 44400,
    "book_learn": [ [ "textbook_fireman", 6 ], [ "textbook_tailor", 5 ], [ "tailor_portfolio", 5 ] ],
    "using": [ [ "sewing_standard", 22 ] ],
    "components": [ [ [ "nomex", 17 ] ] ]
  },
  {
    "result": "nomex_xlsuit",
    "type": "recipe",
    "category": "CC_ARMOR",
    "subcategory": "CSC_ARMOR_SUIT",
    "skill_used": "tailor",
    "difficulty": 6,
    "time": 43200,
    "book_learn": [ [ "textbook_fireman", 6 ], [ "tailor_portfolio", 7 ] ],
    "using": [ [ "sewing_standard", 72 ] ],
    "components": [ [ [ "nomex", 32 ] ] ]
  },
  {
    "result": "sleeveless_trenchcoat_xl",
    "type": "recipe",
    "id_suffix": "from_trenchcoat",
    "category": "CC_ARMOR",
    "subcategory": "CSC_ARMOR_TORSO",
    "//": "The general guideline for sleeveless trenchcoats is the components, volume, weight, time to craft, and value are 15% lower (rounded down) than the original.  Making it from an original takes 50% the time.",
    "skill_used": "tailor",
    "difficulty": 2,
    "time": 37800,
    "autolearn": true,
    "byproducts": [ [ "rag", 4 ] ],
    "qualities": [ { "id": "CUT", "level": 1 } ],
    "components": [ [ [ "trenchcoat_xl", 1 ] ] ]
  },
  {
    "result": "sleeveless_trenchcoat_xl",
    "type": "recipe",
    "category": "CC_ARMOR",
    "subcategory": "CSC_ARMOR_TORSO",
    "//": "The general guideline for sleeveless trenchcoats is the components, volume, weight, time to craft, and value are 15% lower (rounded down) than the original.  Making it from an original takes 50% the time.",
    "skill_used": "tailor",
    "difficulty": 3,
    "time": 64300,
    "autolearn": true,
    "using": [ [ "sewing_standard", 36 ] ],
    "components": [ [ [ "rag", 29 ] ] ]
  },
  {
    "result": "sleeveless_trenchcoat_xlleather",
    "type": "recipe",
    "id_suffix": "from_trenchcoat_leather",
    "category": "CC_ARMOR",
    "subcategory": "CSC_ARMOR_TORSO",
    "//": "The general guideline for sleeveless trenchcoats is the components, volume, weight, time to craft, and value are 15% lower (rounded down) than the original.  Making it from an original takes 50% the time.",
    "skill_used": "tailor",
    "difficulty": 5,
    "time": 180000,
    "autolearn": true,
    "byproducts": [ [ "leather", 7 ] ],
    "qualities": [ { "id": "CUT", "level": 1 } ],
    "components": [ [ [ "trenchcoat_xlleather", 1 ] ] ]
  },
  {
    "result": "sleeveless_trenchcoat_xlleather",
    "type": "recipe",
    "category": "CC_ARMOR",
    "subcategory": "CSC_ARMOR_TORSO",
    "//": "The general guideline for sleeveless trenchcoats is the components, volume, weight, time to craft, and value are 15% lower (rounded down) than the original.  Making it from an original takes 50% the time.",
    "skill_used": "tailor",
    "difficulty": 6,
    "time": 360000,
    "autolearn": true,
    "book_learn": [ [ "textbook_tailor", 4 ], [ "tailor_portfolio", 4 ] ],
    "using": [ [ "sewing_standard", 68 ] ],
    "components": [ [ [ "leather", 32 ], [ "tanned_hide", 5 ] ] ]
  },
  {
    "result": "trenchcoat_xl",
    "type": "recipe",
    "category": "CC_ARMOR",
    "subcategory": "CSC_ARMOR_TORSO",
    "skill_used": "tailor",
    "difficulty": 3,
    "time": 75600,
    "autolearn": true,
    "using": [ [ "sewing_standard", 41 ] ],
    "components": [ [ [ "rag", 32 ] ] ]
  },
  {
    "result": "trenchcoat_xlleather",
    "type": "recipe",
    "category": "CC_ARMOR",
    "subcategory": "CSC_ARMOR_TORSO",
    "skill_used": "tailor",
    "difficulty": 6,
    "time": 360000,
    "autolearn": true,
    "book_learn": [ [ "textbook_tailor", 4 ], [ "tailor_portfolio", 4 ] ],
    "using": [ [ "sewing_standard", 81 ] ],
    "components": [ [ [ "leather", 40 ], [ "tanned_hide", 7 ] ] ]
  },
  {
    "result": "duster_xl",
    "type": "recipe",
    "category": "CC_ARMOR",
    "subcategory": "CSC_ARMOR_TORSO",
    "skill_used": "tailor",
    "difficulty": 3,
    "time": 75600,
    "autolearn": true,
    "using": [ [ "sewing_standard", 58 ] ],
    "components": [ [ [ "rag", 43 ] ] ]
  },
  {
    "result": "duster_xlleather",
    "type": "recipe",
    "category": "CC_ARMOR",
    "subcategory": "CSC_ARMOR_TORSO",
    "skill_used": "tailor",
    "difficulty": 6,
    "time": 360000,
    "autolearn": true,
    "book_learn": [ [ "textbook_tailor", 4 ], [ "tailor_portfolio", 4 ] ],
    "using": [ [ "sewing_standard", 108 ] ],
    "components": [ [ [ "leather", 52 ], [ "tanned_hide", 9 ] ] ]
  },
  {
    "result": "sleeveless_duster_xl",
    "type": "recipe",
    "category": "CC_ARMOR",
    "subcategory": "CSC_ARMOR_TORSO",
    "//": "The general guideline for sleeveless dusters is the components, volume, weight, time to craft, and value are 15% lower (rounded down) than the original.  Making it from an original takes 50% the time.",
    "skill_used": "tailor",
    "difficulty": 3,
    "time": 64300,
    "autolearn": true,
    "using": [ [ "sewing_standard", 47 ] ],
    "components": [ [ [ "rag", 34 ] ] ]
  },
  {
    "result": "sleeveless_duster_xl",
    "type": "recipe",
    "id_suffix": "from_duster",
    "category": "CC_ARMOR",
    "subcategory": "CSC_ARMOR_TORSO",
    "//": "The general guideline for sleeveless dusters is the components, volume, weight, time to craft, and value are 15% lower (rounded down) than the original.  Making it from an original takes 50% the time.",
    "skill_used": "tailor",
    "difficulty": 2,
    "time": 37800,
    "autolearn": true,
    "byproducts": [ [ "rag", 9 ] ],
    "qualities": [ { "id": "CUT", "level": 1 } ],
    "components": [ [ [ "duster_xl", 1 ] ] ]
  },
  {
    "result": "sleeveless_duster_xlleather",
    "type": "recipe",
    "category": "CC_ARMOR",
    "subcategory": "CSC_ARMOR_TORSO",
    "//": "The general guideline for sleeveless dusters is the components, volume, weight, time to craft, and value are 15% lower (rounded down) than the original.  Making it from an original takes 50% the time.",
    "skill_used": "tailor",
    "difficulty": 6,
    "time": 360000,
    "autolearn": true,
    "book_learn": [ [ "textbook_tailor", 4 ], [ "tailor_portfolio", 4 ] ],
    "using": [ [ "sewing_standard", 90 ] ],
    "components": [ [ [ "leather", 45 ], [ "tanned_hide", 8 ] ] ]
  },
  {
    "result": "sleeveless_duster_xlleather",
    "type": "recipe",
    "id_suffix": "from_duster_leather",
    "category": "CC_ARMOR",
    "subcategory": "CSC_ARMOR_TORSO",
    "//": "The general guideline for sleeveless dusters is the components, volume, weight, time to craft, and value are 15% lower (rounded down) than the original.  Making it from an original takes 50% the time.",
    "skill_used": "tailor",
    "difficulty": 5,
    "time": 180000,
    "autolearn": true,
    "byproducts": [ [ "leather", 7 ] ],
    "qualities": [ { "id": "CUT", "level": 1 } ],
    "components": [ [ [ "duster_xlleather", 1 ] ] ]
  },
  {
    "result": "pants_xlcargo",
    "type": "recipe",
    "category": "CC_ARMOR",
    "subcategory": "CSC_ARMOR_LEGS",
    "skill_used": "tailor",
    "difficulty": 3,
    "time": 86400,
    "reversible": true,
    "decomp_learn": 2,
    "book_learn": [ [ "textbook_tailor", 2 ], [ "manual_tailor", 2 ] ],
    "using": [ [ "sewing_standard", 29 ] ],
    "components": [ [ [ "rag", 14 ] ] ]
  },
  {
    "result": "shorts_xlcargo",
    "type": "recipe",
    "category": "CC_ARMOR",
    "subcategory": "CSC_ARMOR_LEGS",
    "skill_used": "tailor",
    "difficulty": 2,
    "time": 54000,
    "autolearn": true,
    "book_learn": [ [ "manual_tailor", 1 ] ],
    "using": [ [ "sewing_standard", 22 ] ],
    "components": [ [ [ "rag", 11 ] ] ]
  },
  {
    "result": "armor_xllightplate",
    "type": "recipe",
    "category": "CC_ARMOR",
    "subcategory": "CSC_ARMOR_SUIT",
    "skill_used": "fabrication",
    "difficulty": 8,
    "time": 1008000,
    "book_learn": [ [ "textbook_armwest", 7 ] ],
    "qualities": [ { "id": "ANVIL", "level": 3 }, { "id": "HAMMER", "level": 3 }, { "id": "CHISEL", "level": 3 } ],
    "tools": [
      [ [ "tongs", -1 ] ],
      [ [ "swage", -1 ] ],
      [ [ "forge", 360 ], [ "oxy_torch", 140 ] ],
      [ [ "forge", 360 ], [ "oxy_torch", 140 ] ]
    ],
    "components": [
      [ [ "steel_lump", 36 ], [ "steel_chunk", 144 ] ],
      [ [ "fur", 36 ], [ "tanned_pelt", 5 ], [ "leather", 36 ], [ "tanned_hide", 5 ] ]
    ]
  },
  {
    "result": "armor_xllightplate",
    "type": "recipe",
    "id_suffix": "assembly",
    "category": "CC_ARMOR",
    "subcategory": "CSC_ARMOR_SUIT",
    "skill_used": "fabrication",
    "difficulty": 3,
    "time": 20000,
    "reversible": true,
    "components": [ [ [ "cuirass_xllightplate", 1 ] ], [ [ "armguard_xllightplate", 1 ] ], [ [ "legguard_xllightplate", 1 ] ] ]
  },
  {
    "result": "gloves_xlplate",
    "type": "recipe",
    "category": "CC_ARMOR",
    "subcategory": "CSC_ARMOR_HANDS",
    "skill_used": "fabrication",
    "difficulty": 6,
    "time": 882000,
    "book_learn": [ [ "textbook_armwest", 5 ] ],
    "using": [ [ "forging_standard", 31 ], [ "steel_standard", 13 ] ],
    "qualities": [ { "id": "ANVIL", "level": 3 }, { "id": "HAMMER", "level": 3 }, { "id": "CHISEL", "level": 3 } ],
    "tools": [
      [ [ "tongs", -1 ] ],
      [ [ "swage", -1 ] ],
      [ [ "forge", 315 ], [ "oxy_torch", 60 ] ],
      [ [ "forge", 315 ], [ "oxy_torch", 60 ] ]
    ],
    "components": [ [ [ "fur", 21 ], [ "tanned_pelt", 4 ], [ "leather", 21 ], [ "tanned_hide", 4 ] ] ]
  },
  {
    "result": "helmet_xlbarbute",
    "type": "recipe",
    "category": "CC_ARMOR",
    "subcategory": "CSC_ARMOR_HEAD",
    "skill_used": "fabrication",
    "difficulty": 6,
    "time": 1160000,
    "book_learn": [ [ "textbook_armwest", 5 ] ],
    "using": [ [ "forging_standard", 32 ], [ "steel_standard", 22 ] ],
    "qualities": [ { "id": "ANVIL", "level": 3 }, { "id": "HAMMER", "level": 3 }, { "id": "CHISEL", "level": 3 } ],
    "tools": [ [ [ "tongs", -1 ] ], [ [ "crucible", -1 ], [ "crucible_clay", -1 ] ] ],
    "components": [ [ [ "fur", 7 ], [ "leather", 7 ] ] ]
  },
  {
    "result": "helmet_xlplate",
    "type": "recipe",
    "category": "CC_ARMOR",
    "subcategory": "CSC_ARMOR_HEAD",
    "skill_used": "fabrication",
    "difficulty": 7,
    "time": 1160000,
    "book_learn": [ [ "textbook_armwest", 6 ] ],
    "using": [ [ "forging_standard", 39 ], [ "steel_standard", 30 ] ],
    "qualities": [ { "id": "ANVIL", "level": 3 }, { "id": "HAMMER", "level": 3 }, { "id": "CHISEL", "level": 3 } ],
    "tools": [
      [ [ "tongs", -1 ] ],
      [ [ "crucible", -1 ], [ "crucible_clay", -1 ] ],
      [ [ "forge", 375 ], [ "oxy_torch", 75 ] ],
      [ [ "forge", 375 ], [ "oxy_torch", 75 ] ]
    ],
    "components": [ [ [ "fur", 7 ], [ "leather", 7 ] ] ]
  },
  {
    "result": "armor_xlsamurai",
    "type": "recipe",
    "category": "CC_ARMOR",
    "subcategory": "CSC_ARMOR_SUIT",
    "skill_used": "fabrication",
    "difficulty": 9,
    "time": 1010000,
    "book_learn": [ [ "textbook_armeast", 8 ] ],
    "qualities": [ { "id": "ANVIL", "level": 3 }, { "id": "HAMMER", "level": 3 }, { "id": "CHISEL", "level": 3 } ],
    "tools": [
      [ [ "tongs", -1 ] ],
      [ [ "swage", -1 ] ],
      [ [ "forge", 405 ], [ "oxy_torch", 80 ] ],
      [ [ "forge", 405 ], [ "oxy_torch", 80 ] ]
    ],
    "components": [
      [ [ "steel_lump", 29 ], [ "steel_chunk", 115 ] ],
      [ [ "fur", 50 ], [ "tanned_pelt", 11 ], [ "leather", 50 ], [ "tanned_hide", 11 ] ],
      [ [ "rag", 18 ] ]
    ]
  },
  {
    "result": "helmet_xlkabuto",
    "type": "recipe",
    "category": "CC_ARMOR",
    "subcategory": "CSC_ARMOR_HEAD",
    "skill_used": "fabrication",
    "difficulty": 9,
    "time": 1290000,
    "book_learn": [ [ "textbook_armeast", 8 ] ],
    "using": [ [ "forging_standard", 49 ], [ "steel_standard", 26 ] ],
    "qualities": [ { "id": "ANVIL", "level": 3 }, { "id": "HAMMER", "level": 3 }, { "id": "CHISEL", "level": 3 } ],
    "tools": [ [ [ "tongs", -1 ] ], [ [ "crucible", -1 ], [ "crucible_clay", -1 ] ] ],
    "components": [ [ [ "fur", 30 ], [ "tanned_pelt", 4 ], [ "leather", 30 ], [ "tanned_hide", 4 ] ], [ [ "rag", 9 ] ] ]
  },
  {
    "result": "armor_xllightplate_faraday",
    "type": "recipe",
    "category": "CC_ARMOR",
    "subcategory": "CSC_ARMOR_SUIT",
    "skill_used": "electronics",
    "difficulty": 3,
    "time": 24000,
    "reversible": true,
    "autolearn": true,
    "components": [
      [ [ "armor_xllightplate", 1 ] ],
      [ [ "helmet_xlbarbute", 1 ] ],
      [ [ "gloves_xlplate", 1 ] ],
      [ [ "boots_xlplate", 1 ] ],
      [ [ "cable", 100 ] ]
    ]
  },
  {
    "result": "armguard_xllightplate",
    "type": "recipe",
    "category": "CC_ARMOR",
    "subcategory": "CSC_ARMOR_ARMS",
    "skill_used": "fabrication",
    "difficulty": 7,
    "time": 324000,
    "book_learn": [ [ "textbook_armwest", 6 ] ],
    "qualities": [ { "id": "ANVIL", "level": 3 }, { "id": "HAMMER", "level": 3 }, { "id": "CHISEL", "level": 3 } ],
    "tools": [ [ [ "tongs", -1 ] ], [ [ "swage", -1 ] ], [ [ "forge", 180 ], [ "oxy_torch", 36 ] ] ],
    "components": [
      [ [ "steel_lump", 11 ], [ "steel_chunk", 43 ] ],
      [ [ "fur", 11 ], [ "tanned_pelt", 2 ], [ "leather", 11 ], [ "tanned_hide", 2 ] ]
    ]
  },
  {
    "result": "cuirass_xllightplate",
    "type": "recipe",
    "category": "CC_ARMOR",
    "subcategory": "CSC_ARMOR_TORSO",
    "skill_used": "fabrication",
    "difficulty": 8,
    "time": 342000,
    "book_learn": [ [ "textbook_armwest", 7 ] ],
    "qualities": [ { "id": "ANVIL", "level": 3 }, { "id": "HAMMER", "level": 3 }, { "id": "CHISEL", "level": 3 } ],
    "tools": [ [ [ "tongs", -1 ] ], [ [ "swage", -1 ] ], [ [ "forge", 270 ], [ "oxy_torch", 50 ] ] ],
    "components": [
      [ [ "steel_lump", 14 ], [ "steel_chunk", 58 ] ],
      [ [ "fur", 11 ], [ "tanned_pelt", 2 ], [ "leather", 11 ], [ "tanned_hide", 2 ] ]
    ]
  },
  {
    "result": "legguard_xllightplate",
    "type": "recipe",
    "category": "CC_ARMOR",
    "subcategory": "CSC_ARMOR_LEGS",
    "skill_used": "fabrication",
    "difficulty": 7,
    "time": 342000,
    "book_learn": [ [ "textbook_armwest", 6 ] ],
    "qualities": [ { "id": "ANVIL", "level": 3 }, { "id": "HAMMER", "level": 3 }, { "id": "CHISEL", "level": 3 } ],
    "tools": [ [ [ "tongs", -1 ] ], [ [ "swage", -1 ] ], [ [ "forge", 270 ], [ "oxy_torch", 50 ] ] ],
    "components": [
      [ [ "steel_lump", 13 ], [ "steel_chunk", 50 ] ],
      [ [ "fur", 11 ], [ "tanned_pelt", 2 ], [ "leather", 11 ], [ "tanned_hide", 2 ] ]
    ]
  },
  {
    "result": "chainmail_xlsuit_faraday",
    "type": "recipe",
    "category": "CC_ARMOR",
    "subcategory": "CSC_ARMOR_SUIT",
    "skill_used": "electronics",
    "difficulty": 3,
    "time": 24000,
    "reversible": true,
    "autolearn": true,
    "components": [ [ [ "chainmail_xlsuit", 1 ] ], [ [ "gloves_xlplate", 1 ] ], [ [ "boots_xlplate", 1 ] ], [ [ "cable", 100 ] ] ]
  },
  {
    "result": "chainmail_xlsuit",
    "type": "recipe",
    "category": "CC_ARMOR",
    "subcategory": "CSC_ARMOR_SUIT",
    "skill_used": "tailor",
    "difficulty": 3,
    "time": 20000,
    "reversible": true,
    "autolearn": true,
    "components": [
      [ [ "chainmail_xlhood", 1 ] ],
      [ [ "chainmail_xlvest", 1 ] ],
      [ [ "chainmail_xlarms", 1 ] ],
      [ [ "chainmail_xllegs", 1 ] ]
    ]
  },
  {
    "result": "chainmail_xlarms",
    "type": "recipe",
    "category": "CC_ARMOR",
    "subcategory": "CSC_ARMOR_ARMS",
    "skill_used": "fabrication",
    "difficulty": 7,
    "time": 54000,
    "book_learn": [ [ "textbook_armwest", 6 ], [ "textbook_fabrication", 6 ], [ "recipe_melee", 6 ] ],
    "using": [ [ "chainmail_standard", 5 ] ],
    "components": [
      [ [ "link_sheet", 5 ] ],
      [ [ "chain_link", 135 ] ],
      [ [ "wire", 2 ] ],
      [ [ "fur", 11 ], [ "tanned_pelt", 2 ], [ "leather", 11 ], [ "tanned_hide", 2 ] ]
    ]
  },
  {
    "result": "chainmail_xlhood",
    "type": "recipe",
    "category": "CC_ARMOR",
    "subcategory": "CSC_ARMOR_HEAD",
    "skill_used": "fabrication",
    "difficulty": 7,
    "time": 43000,
    "book_learn": [ [ "textbook_armwest", 6 ], [ "textbook_fabrication", 6 ], [ "recipe_melee", 6 ] ],
    "using": [ [ "chainmail_standard", 4 ] ],
    "components": [ [ [ "link_sheet", 4 ] ], [ [ "chain_link", 110 ] ], [ [ "wire", 2 ] ], [ [ "fur", 9 ], [ "leather", 9 ] ] ]
  },
  {
    "result": "chainmail_xllegs",
    "type": "recipe",
    "category": "CC_ARMOR",
    "subcategory": "CSC_ARMOR_LEGS",
    "skill_used": "fabrication",
    "difficulty": 7,
    "time": 72000,
    "book_learn": [ [ "textbook_armwest", 6 ], [ "textbook_fabrication", 6 ], [ "recipe_melee", 6 ] ],
    "using": [ [ "chainmail_standard", 7 ] ],
    "components": [
      [ [ "link_sheet", 7 ] ],
      [ [ "chain_link", 180 ] ],
      [ [ "wire", 2 ] ],
      [ [ "fur", 11 ], [ "tanned_pelt", 2 ], [ "leather", 11 ], [ "tanned_hide", 2 ] ]
    ]
  },
  {
    "result": "chainmail_xlvest",
    "type": "recipe",
    "category": "CC_ARMOR",
    "subcategory": "CSC_ARMOR_TORSO",
    "skill_used": "fabrication",
    "difficulty": 7,
    "time": 126000,
    "book_learn": [ [ "textbook_armwest", 6 ], [ "textbook_fabrication", 6 ], [ "recipe_melee", 6 ] ],
    "using": [ [ "chainmail_standard", 13 ] ],
    "components": [
      [ [ "link_sheet", 13 ] ],
      [ [ "chain_link", 315 ] ],
      [ [ "wire", 2 ] ],
      [ [ "fur", 11 ], [ "tanned_pelt", 2 ], [ "leather", 11 ], [ "tanned_hide", 2 ] ]
    ]
  },
  {
    "result": "boots_xl",
    "type": "recipe",
    "category": "CC_ARMOR",
    "subcategory": "CSC_ARMOR_FEET",
    "skill_used": "tailor",
    "difficulty": 2,
    "time": 65000,
    "autolearn": true,
    "using": [ [ "sewing_standard", 19 ] ],
    "components": [ [ [ "leather", 19 ], [ "tanned_hide", 4 ] ] ]
  },
  {
    "result": "boots_xllarmor",
    "type": "recipe",
    "category": "CC_ARMOR",
    "subcategory": "CSC_ARMOR_FEET",
    "skill_used": "tailor",
    "difficulty": 2,
    "time": 74000,
    "autolearn": true,
    "using": [ [ "sewing_standard", 44 ] ],
    "components": [ [ [ "leather", 33 ], [ "tanned_hide", 6 ], [ "fur", 33 ], [ "tanned_pelt", 6 ] ] ]
  },
  {
    "result": "boots_xlplate",
    "type": "recipe",
    "category": "CC_ARMOR",
    "subcategory": "CSC_ARMOR_FEET",
    "skill_used": "fabrication",
    "difficulty": 5,
    "time": 890000,
    "book_learn": [ [ "textbook_armwest", 4 ] ],
    "qualities": [ { "id": "ANVIL", "level": 3 }, { "id": "HAMMER", "level": 3 }, { "id": "CHISEL", "level": 3 } ],
    "tools": [ [ [ "tongs", -1 ] ], [ [ "swage", -1 ] ], [ [ "forge", 460 ], [ "oxy_torch", 90 ] ] ],
    "components": [
      [ [ "steel_lump", 15 ], [ "steel_chunk", 60 ], [ "scrap", 180 ] ],
      [ [ "fur", 30 ], [ "tanned_pelt", 5 ], [ "leather", 30 ], [ "tanned_hide", 5 ] ]
    ]
  },
  {
    "result": "boots_xlchitin",
    "type": "recipe",
    "category": "CC_ARMOR",
    "subcategory": "CSC_ARMOR_FEET",
    "skill_used": "tailor",
    "difficulty": 4,
    "time": 74000,
    "autolearn": true,
    "using": [ [ "cordage", 2 ] ],
    "components": [ [ [ "chitin_piece", 15 ] ], [ [ "leather", 7 ], [ "fur", 7 ], [ "rag", 7 ] ] ]
  },
  {
    "result": "boots_acidchitin",
    "type": "recipe",
    "category": "CC_ARMOR",
    "subcategory": "CSC_ARMOR_FEET",
    "skill_used": "tailor",
    "difficulty": 5,
    "skills_required": [ [ "survival", 4 ], [ "firstaid", 2 ] ],
    "time": 150000,
    "autolearn": true,
    "using": [ [ "cordage", 2 ] ],
    "qualities": [ { "id": "CUT_FINE", "level": 1 }, { "id": "SEW", "level": 1 } ],
    "components": [ [ [ "acidchitin_piece", 22 ] ], [ [ "leather", 7 ], [ "fur", 7 ], [ "rag", 7 ] ] ]
  },
  {
    "result": "backpack_xl",
    "type": "recipe",
    "category": "CC_ARMOR",
    "subcategory": "CSC_ARMOR_STORAGE",
    "skill_used": "tailor",
    "difficulty": 3,
    "time": 90000,
    "autolearn": true,
    "using": [ [ "sewing_standard", 36 ] ],
    "components": [ [ [ "rag", 36 ] ] ]
  },
  {
    "result": "backpack_xlleather",
    "type": "recipe",
    "category": "CC_ARMOR",
    "subcategory": "CSC_ARMOR_STORAGE",
    "skill_used": "tailor",
    "difficulty": 3,
    "time": 90000,
    "autolearn": true,
    "using": [ [ "sewing_standard", 36 ] ],
    "components": [ [ [ "leather", 36 ], [ "tanned_hide", 5 ] ], [ [ "scrap", 11 ] ] ]
  },
  {
    "result": "duffelbag_xl",
    "type": "recipe",
    "category": "CC_ARMOR",
    "subcategory": "CSC_ARMOR_STORAGE",
    "skill_used": "tailor",
    "difficulty": 2,
    "time": 144000,
    "autolearn": true,
    "using": [ [ "sewing_standard", 54 ] ],
    "components": [ [ [ "rag", 72 ], [ "fur", 58 ], [ "tanned_pelt", 11 ], [ "leather", 43 ], [ "tanned_hide", 11 ] ] ]
  },
  {
    "result": "tool_xlbelt",
    "type": "recipe",
    "category": "CC_ARMOR",
    "subcategory": "CSC_ARMOR_STORAGE",
    "skill_used": "tailor",
    "difficulty": 3,
    "time": 29000,
    "autolearn": true,
    "using": [ [ "sewing_standard", 14 ] ],
    "components": [ [ [ "leather", 11 ], [ "tanned_hide", 2 ], [ "leather_belt", 2 ] ], [ [ "leather_pouch", 6 ] ] ]
  },
  {
    "result": "chestrig_xl",
    "type": "recipe",
    "category": "CC_ARMOR",
    "subcategory": "CSC_ARMOR_STORAGE",
    "skill_used": "tailor",
    "difficulty": 5,
    "skills_required": [ "fabrication", 2 ],
    "time": 54000,
    "autolearn": true,
    "using": [ [ "sewing_standard", 45 ] ],
    "tools": [ [ [ "surface_heat", 9, "LIST" ] ], [ [ "mold_plastic", -1 ] ] ],
    "components": [
      [ [ "rag", 36 ] ],
      [ [ "ragpouch", 3 ], [ "leather_pouch", 3 ] ],
      [ [ "chestpouch", 5 ], [ "legpouch_large", 3 ], [ "magbandolier", 2 ] ],
      [ [ "plastic_chunk", 4 ] ]
    ]
  },
  {
    "result": "legrig_xl",
    "type": "recipe",
    "category": "CC_ARMOR",
    "subcategory": "CSC_ARMOR_STORAGE",
    "skill_used": "tailor",
    "difficulty": 4,
    "skills_required": [ "fabrication", 2 ],
    "time": 36000,
    "autolearn": true,
    "using": [ [ "sewing_standard", 27 ] ],
    "tools": [ [ [ "surface_heat", 9, "LIST" ] ], [ [ "mold_plastic", -1 ] ] ],
    "components": [ [ [ "rag", 18 ] ], [ [ "plastic_chunk", 4 ] ] ]
  },
  {
    "result": "armor_tire",
    "type": "recipe",
    "category": "CC_ARMOR",
    "subcategory": "CSC_ARMOR_TORSO",
    "skill_used": "fabrication",
    "difficulty": 2,
    "time": 50000,
    "autolearn": true,
    "book_learn": [ [ "recipe_melee", 1 ] ],
    "using": [ [ "cordage", 4 ] ],
    "qualities": [ { "id": "CUT", "level": 1 }, { "id": "SAW_M", "level": 1 } ],
    "components": [ [ [ "wheel", 2 ] ] ]
  },
  {
    "result": "armor_xltire",
    "type": "recipe",
    "category": "CC_ARMOR",
    "subcategory": "CSC_ARMOR_TORSO",
    "skill_used": "fabrication",
    "difficulty": 2,
    "time": 75000,
    "autolearn": true,
    "book_learn": [ [ "recipe_melee", 1 ] ],
    "using": [ [ "cordage", 8 ] ],
    "qualities": [ { "id": "CUT", "level": 1 }, { "id": "SAW_M", "level": 1 } ],
    "components": [ [ [ "wheel_wide", 2 ] ] ]
  },
  {
    "result": "chestguard_hard",
    "type": "recipe",
    "category": "CC_ARMOR",
    "subcategory": "CSC_ARMOR_TORSO",
    "skill_used": "tailor",
    "difficulty": 3,
    "time": 15000,
    "book_learn": [ [ "textbook_tailor", 3 ], [ "manual_tailor", 4 ], [ "tailor_portfolio", 3 ] ],
    "using": [ [ "sewing_standard", 25 ] ],
    "tools": [ [ [ "soldering_iron", 15 ], [ "welder", 15 ], [ "hotplate", 15 ], [ "toolset", 15 ] ] ],
    "components": [ [ [ "neoprene", 6 ] ], [ [ "plastic_chunk", 8 ] ] ]
  }
]
