[
  {
    "type": "MONSTER",
    "id": "mon_animatronic_fox_old",
    "name": { "str": "old animatronic fox", "str_pl": "old animatronic foxes" },
    "species": "ROBOT",
    "default_faction": "animatronics",
    "symbol": "F",
    "color": "red",
    "volume": "92500 ml",
    "weight": "120 kg",
    "material": [ "steel" ],
    "aggression": 100,
    "morale": 100,
    "speed": 140,
    "melee_skill": 6,
    "melee_dice": 4,
    "melee_dice_sides": 6,
    "melee_cut": 10,
    "dodge": 6,
    "armor_bash": 6,
    "armor_cut": 4,
    "vision_day": 30,
    "vision_night": 5,
    "death_drops": { "groups": [ [ "robots", 60 ], [ "default_zombie_clothes", 40 ], [ "child_items", 75 ] ] },
    "luminance": 0,
    "hp": 100,
    "death_function": [ "BROKEN" ],
    "special_attacks": [ [ "PARROT", 0 ] ],
    "description": "A bipedal animatronic fox, nearly twice your size.  Its teeth and claws look quite sharp.  Its right hand is replaced with a hook.  It looks heavily worn and degraded.",
    "flags": [ "SEES", "GRABS", "HEARS", "BASHES", "ELECTRONIC", "NO_BREATHE" ],
    "anger_triggers": [ "PLAYER_CLOSE", "HURT" ]
  },
  {
    "type": "MONSTER",
    "id": "mon_animatronic_fox_new",
    "name": { "str": "new animatronic fox", "str_pl": "new animatronic foxes" },
    "species": "ROBOT",
    "default_faction": "animatronics",
    "symbol": "F",
    "color": "white",
    "volume": "92500 ml",
    "weight": "120 kg",
    "material": [ "steel" ],
    "aggression": 50,
    "morale": 100,
    "speed": 120,
    "melee_skill": 6,
    "melee_dice": 4,
    "melee_dice_sides": 6,
    "melee_cut": 6,
    "dodge": 6,
    "armor_bash": 12,
    "armor_cut": 8,
    "vision_day": 50,
    "vision_night": 50,
    "death_drops": { "groups": [ [ "robots", 75 ], [ "default_zombie_clothes", 10 ], [ "child_items", 25 ] ] },
    "luminance": 0,
    "hp": 160,
    "death_function": [ "BROKEN" ],
    "special_attacks": [ [ "PARROT", 0 ] ],
    "description": "A bipedal animatronic fox, nearly twice your size.  Its teeth and claws look quite sharp.  Its outer layer is made of reinforced plastic.  It looks to be high tech, and in good shape.",
    "flags": [ "SEES", "GRABS", "HEARS", "BASHES", "ELECTRONIC", "NO_BREATHE" ],
    "anger_triggers": [ "PLAYER_CLOSE", "HURT" ]
  },
  {
    "type": "MONSTER",
    "id": "mon_animatronic_fox_wreck",
    "name": { "str": "wrecked animatronic fox", "str_pl": "wrecked animatronic foxes" },
    "species": "ROBOT",
    "default_faction": "animatronics",
    "symbol": "F",
    "color": "white",
    "volume": "62500 ml",
    "weight": "81500 g",
    "material": [ "steel" ],
    "aggression": 50,
    "morale": 100,
    "speed": 80,
    "melee_skill": 6,
    "melee_dice": 4,
    "melee_dice_sides": 6,
    "melee_cut": 8,
    "dodge": 6,
    "armor_bash": 12,
    "armor_cut": 12,
    "vision_day": 50,
    "vision_night": 50,
    "death_drops": { "groups": [ [ "robots", 75 ], [ "default_zombie_clothes", 10 ], [ "child_items", 25 ] ] },
    "luminance": 0,
    "hp": 100,
    "death_function": [ "BROKEN" ],
    "special_attacks": [ [ "PARROT", 0 ] ],
    "description": "A wrecked animatronic fox, laying in a pile on the ground.  Its teeth and claws still look quite sharp.  It's able to crawl around and climb on the ceiling.",
    "flags": [ "SEES", "GRABS", "HEARS", "BASHES", "ELECTRONIC", "NO_BREATHE" ],
    "anger_triggers": [ "PLAYER_CLOSE", "HURT" ]
  },
  {
    "type": "MONSTER",
    "id": "mon_animatronic_bunny_new",
    "name": { "str": "new animatronic bunny", "str_pl": "new animatronic bunnies" },
    "species": "ROBOT",
    "default_faction": "animatronics",
    "symbol": "B",
    "color": "light_blue",
    "volume": "92500 ml",
    "weight": "120 kg",
    "material": [ "steel" ],
    "aggression": 50,
    "morale": 100,
    "speed": 120,
    "melee_skill": 6,
    "melee_dice": 4,
    "melee_dice_sides": 6,
    "melee_cut": 6,
    "dodge": 6,
    "armor_bash": 12,
    "armor_cut": 8,
    "vision_day": 50,
    "vision_night": 50,
    "death_drops": { "groups": [ [ "robots", 75 ], [ "default_zombie_clothes", 10 ], [ "child_items", 25 ] ] },
    "luminance": 0,
    "hp": 160,
    "death_function": [ "BROKEN" ],
    "special_attacks": [ [ "PARROT", 0 ] ],
    "description": "A bipedal animatronic bunny, nearly twice your size.  Its actually quite cute, even though it's trying to kill you.  Its outer layer is made of reinforced plastic.  It looks to be high tech, and in good shape.",
    "flags": [ "SEES", "GRABS", "HEARS", "BASHES", "ELECTRONIC", "NO_BREATHE" ],
    "anger_triggers": [ "PLAYER_CLOSE", "HURT" ]
  },
  {
    "type": "MONSTER",
    "id": "mon_animatronic_bunny_old",
    "name": { "str": "old animatronic bunny", "str_pl": "old animatronic bunnies" },
    "species": "ROBOT",
    "default_faction": "animatronics",
    "symbol": "B",
    "color": "blue",
    "volume": "92500 ml",
    "weight": "120 kg",
    "material": [ "steel" ],
    "aggression": 100,
    "morale": 100,
    "speed": 110,
    "melee_skill": 6,
    "melee_dice": 4,
    "melee_dice_sides": 6,
    "melee_cut": 6,
    "dodge": 4,
    "armor_bash": 6,
    "armor_cut": 4,
    "vision_day": 30,
    "vision_night": 5,
    "death_drops": { "groups": [ [ "robots", 60 ], [ "default_zombie_clothes", 40 ], [ "child_items", 75 ] ] },
    "luminance": 0,
    "hp": 100,
    "death_function": [ "BROKEN" ],
    "special_attacks": [ [ "PARROT", 0 ] ],
    "description": "A bipedal animatronic bunny, nearly twice your size.  Its face has been torn clear off, though the sockets for it's eyes still exist.  It looks heavily worn and degraded.",
    "flags": [ "SEES", "GRABS", "HEARS", "BASHES", "ELECTRONIC", "NO_BREATHE" ],
    "anger_triggers": [ "PLAYER_CLOSE", "HURT" ]
  },
  {
    "type": "MONSTER",
    "id": "mon_animatronic_chicken_old",
    "name": { "str": "old animatronic chicken" },
    "species": "ROBOT",
    "default_faction": "animatronics",
    "symbol": "C",
    "color": "yellow",
    "volume": "92500 ml",
    "weight": "120 kg",
    "material": [ "steel" ],
    "aggression": 100,
    "morale": 100,
    "speed": 110,
    "melee_skill": 6,
    "melee_dice": 4,
    "melee_dice_sides": 6,
    "melee_cut": 6,
    "dodge": 4,
    "armor_bash": 6,
    "armor_cut": 4,
    "vision_day": 30,
    "vision_night": 5,
    "death_drops": { "groups": [ [ "robots", 60 ], [ "default_zombie_clothes", 40 ], [ "child_items", 75 ] ] },
    "luminance": 0,
    "hp": 100,
    "death_function": [ "BROKEN" ],
    "special_attacks": [ [ "PARROT", 0 ] ],
    "description": "A bipedal animatronic chicken, nearly twice your size.  It's wearing a bib that reads 'Let's Eat!'.  Though it is a robot, it stinks like death.",
    "flags": [ "SEES", "GRABS", "HEARS", "BASHES", "ELECTRONIC", "NO_BREATHE" ],
    "anger_triggers": [ "PLAYER_CLOSE", "HURT" ]
  },
  {
    "type": "MONSTER",
    "id": "mon_animatronic_chicken_new",
    "name": { "str": "new animatronic chicken" },
    "species": "ROBOT",
    "default_faction": "animatronics",
    "symbol": "C",
    "color": "yellow",
    "volume": "92500 ml",
    "weight": "120 kg",
    "material": [ "steel" ],
    "aggression": 50,
    "morale": 100,
    "speed": 120,
    "melee_skill": 6,
    "melee_dice": 4,
    "melee_dice_sides": 6,
    "melee_cut": 6,
    "dodge": 6,
    "armor_bash": 12,
    "armor_cut": 8,
    "vision_day": 50,
    "vision_night": 50,
    "death_drops": { "groups": [ [ "robots", 75 ], [ "default_zombie_clothes", 10 ], [ "child_items", 25 ] ] },
    "luminance": 0,
    "hp": 160,
    "death_function": [ "BROKEN" ],
    "special_attacks": [ [ "PARROT", 0 ] ],
    "description": "A bipedal animatronic chicken, nearly twice your size.  It's wearing a bib that reads 'Let's Party!'.  She oddly has a curvaceous figure.  Its outer layer is made of reinforced plastic.  It looks to be high tech, and in good shape.",
    "flags": [ "SEES", "GRABS", "HEARS", "BASHES", "ELECTRONIC", "NO_BREATHE" ],
    "anger_triggers": [ "PLAYER_CLOSE", "HURT" ]
  },
  {
    "type": "MONSTER",
    "id": "mon_animatronic_bear_old",
    "name": { "str": "old animatronic bear" },
    "species": "ROBOT",
    "default_faction": "animatronics",
    "symbol": "B",
    "color": "brown",
    "volume": "92500 ml",
    "weight": "120 kg",
    "material": [ "steel" ],
    "aggression": 100,
    "morale": 100,
    "speed": 110,
    "melee_skill": 6,
    "melee_dice": 4,
    "melee_dice_sides": 6,
    "melee_cut": 6,
    "dodge": 4,
    "armor_bash": 6,
    "armor_cut": 4,
    "vision_day": 30,
    "vision_night": 5,
    "death_drops": { "groups": [ [ "robots", 60 ], [ "default_zombie_clothes", 40 ], [ "child_items", 75 ] ] },
    "luminance": 0,
    "hp": 100,
    "death_function": [ "BROKEN" ],
    "special_attacks": [ [ "PARROT", 0 ] ],
    "description": "A bipedal animatronic bear, nearly twice your size.  It's holding a microphone, and wearing a top hat.  Though it is a robot, it stinks like death.  It looks heavily worn and degraded.",
    "flags": [ "SEES", "GRABS", "HEARS", "BASHES", "ELECTRONIC", "NO_BREATHE" ],
    "anger_triggers": [ "PLAYER_CLOSE", "HURT" ]
  },
  {
    "type": "MONSTER",
    "id": "mon_animatronic_bear_new",
    "name": { "str": "new animatronic bear" },
    "species": "ROBOT",
    "default_faction": "animatronics",
    "symbol": "B",
    "color": "brown",
    "volume": "92500 ml",
    "weight": "120 kg",
    "material": [ "steel" ],
    "aggression": 50,
    "morale": 100,
    "speed": 120,
    "melee_skill": 6,
    "melee_dice": 4,
    "melee_dice_sides": 6,
    "melee_cut": 6,
    "dodge": 6,
    "armor_bash": 12,
    "armor_cut": 8,
    "vision_day": 50,
    "vision_night": 50,
    "death_drops": { "groups": [ [ "robots", 60 ], [ "default_zombie_clothes", 40 ], [ "child_items", 75 ] ] },
    "luminance": 0,
    "hp": 180,
    "death_function": [ "BROKEN" ],
    "special_attacks": [ [ "PARROT", 0 ] ],
    "description": "A bipedal animatronic bear, nearly twice your size.  It's holding a microphone, and wearing a top hat.  Its outer layer is made of reinforced plastic.  It looks to be high tech, and in good shape.",
    "flags": [ "SEES", "GRABS", "HEARS", "BASHES", "ELECTRONIC", "NO_BREATHE" ],
    "anger_triggers": [ "PLAYER_CLOSE", "HURT" ]
  },
  {
    "type": "MONSTER",
    "id": "mon_animatronic_bat",
    "name": { "str": "animatronic bat" },
    "species": "ROBOT",
    "default_faction": "animatronics",
    "symbol": "B",
    "color": "dark_gray",
    "volume": "92500 ml",
    "weight": "120 kg",
    "material": [ "steel" ],
    "aggression": 50,
    "morale": 100,
    "speed": 120,
    "melee_skill": 6,
    "melee_dice": 4,
    "melee_dice_sides": 6,
    "melee_cut": 6,
    "dodge": 4,
    "armor_bash": 6,
    "armor_cut": 4,
    "vision_day": 30,
    "vision_night": 5,
    "death_drops": { "groups": [ [ "robots", 60 ], [ "default_zombie_clothes", 40 ], [ "child_items", 75 ] ] },
    "luminance": 0,
    "hp": 150,
    "death_function": [ "BROKEN" ],
    "description": "A bipedal animatronic bat, nearly twice your size.  It might have been cute once, but has fallen into disrepair.  Though it is a robot, it stinks like death.",
    "flags": [ "SEES", "GRABS", "HEARS", "BASHES", "ELECTRONIC", "NO_BREATHE" ],
    "anger_triggers": [ "PLAYER_CLOSE", "HURT" ]
  },
  {
    "type": "MONSTER",
    "id": "mon_animatronic_beaver",
    "name": { "str": "animatronic beaver" },
    "species": "ROBOT",
    "default_faction": "animatronics",
    "symbol": "b",
    "color": "brown",
    "volume": "92500 ml",
    "weight": "120 kg",
    "material": [ "steel" ],
    "aggression": 50,
    "morale": 100,
    "speed": 120,
    "melee_skill": 6,
    "melee_dice": 4,
    "melee_dice_sides": 6,
    "melee_cut": 6,
    "dodge": 4,
    "armor_bash": 6,
    "armor_cut": 4,
    "vision_day": 30,
    "vision_night": 5,
    "death_drops": { "groups": [ [ "robots", 60 ], [ "default_zombie_clothes", 40 ], [ "child_items", 75 ] ] },
    "luminance": 0,
    "hp": 150,
    "death_function": [ "BROKEN" ],
    "description": "A bipedal animatronic beaver, nearly twice your size.  Its buck teeth look far more sharp than they should be.  Though it is a robot, it stinks like death.",
    "flags": [ "SEES", "GRABS", "HEARS", "BASHES", "ELECTRONIC", "NO_BREATHE" ],
    "anger_triggers": [ "PLAYER_CLOSE", "HURT" ]
  },
  {
    "type": "MONSTER",
    "id": "mon_animatronic_cat",
    "name": { "str": "animatronic cat" },
    "species": "ROBOT",
    "default_faction": "animatronics",
    "symbol": "c",
    "color": "yellow",
    "volume": "92500 ml",
    "weight": "120 kg",
    "material": [ "steel" ],
    "aggression": 50,
    "morale": 100,
    "speed": 120,
    "melee_skill": 6,
    "melee_dice": 4,
    "melee_dice_sides": 6,
    "melee_cut": 6,
    "dodge": 4,
    "armor_bash": 6,
    "armor_cut": 4,
    "vision_day": 30,
    "vision_night": 5,
    "death_drops": { "groups": [ [ "robots", 60 ], [ "default_zombie_clothes", 40 ], [ "child_items", 75 ] ] },
    "luminance": 0,
    "hp": 150,
    "death_function": [ "BROKEN" ],
    "description": "A bipedal animatronic cat, nearly twice your size.  Its claws are extremely sharp.  Though it is a robot, it stinks like death.",
    "flags": [ "SEES", "GRABS", "HEARS", "BASHES", "ELECTRONIC", "NO_BREATHE" ],
    "anger_triggers": [ "PLAYER_CLOSE", "HURT" ]
  },
  {
    "type": "MONSTER",
    "id": "mon_animatronic_chipmunk",
    "name": { "str": "animatronic chipmunk" },
    "species": "ROBOT",
    "default_faction": "animatronics",
    "symbol": "c",
    "color": "brown",
    "volume": "92500 ml",
    "weight": "120 kg",
    "material": [ "steel" ],
    "aggression": 50,
    "morale": 100,
    "speed": 120,
    "melee_skill": 6,
    "melee_dice": 4,
    "melee_dice_sides": 6,
    "melee_cut": 8,
    "dodge": 4,
    "armor_bash": 6,
    "armor_cut": 4,
    "vision_day": 30,
    "vision_night": 5,
    "death_drops": { "groups": [ [ "robots", 60 ], [ "default_zombie_clothes", 40 ], [ "child_items", 75 ] ] },
    "luminance": 0,
    "hp": 150,
    "death_function": [ "BROKEN" ],
    "description": "A bipedal animatronic chipmunk, nearly twice your size.  You might call it cute if it wasn't charging you down right now.  Though it is a robot, it stinks like death.",
    "flags": [ "SEES", "GRABS", "HEARS", "BASHES", "ELECTRONIC", "NO_BREATHE" ],
    "anger_triggers": [ "PLAYER_CLOSE", "HURT" ]
  },
  {
    "type": "MONSTER",
    "id": "mon_animatronic_cow",
    "name": { "str": "animatronic cow" },
    "species": "ROBOT",
    "default_faction": "animatronics",
    "symbol": "C",
    "color": "white",
    "volume": "92500 ml",
    "weight": "120 kg",
    "material": [ "steel" ],
    "aggression": 50,
    "morale": 100,
    "speed": 120,
    "melee_skill": 6,
    "melee_dice": 4,
    "melee_dice_sides": 6,
    "melee_cut": 6,
    "dodge": 4,
    "armor_bash": 6,
    "armor_cut": 4,
    "vision_day": 30,
    "vision_night": 5,
    "death_drops": { "groups": [ [ "robots", 60 ], [ "default_zombie_clothes", 40 ], [ "child_items", 75 ] ] },
    "luminance": 0,
    "hp": 160,
    "death_function": [ "BROKEN" ],
    "description": "A bipedal animatronic cow, nearly twice your size.  Its voice-box is broken, making it emit shrill, eerie moos.  Though it is a robot, it stinks like death.",
    "flags": [ "SEES", "GRABS", "HEARS", "BASHES", "ELECTRONIC", "NO_BREATHE" ],
    "anger_triggers": [ "PLAYER_CLOSE", "HURT" ]
  },
  {
    "type": "MONSTER",
    "id": "mon_animatronic_coyote",
    "name": { "str": "animatronic coyote" },
    "species": "ROBOT",
    "default_faction": "animatronics",
    "symbol": "C",
    "color": "dark_gray",
    "volume": "92500 ml",
    "weight": "120 kg",
    "material": [ "steel" ],
    "aggression": 50,
    "morale": 100,
    "speed": 130,
    "melee_skill": 6,
    "melee_dice": 4,
    "melee_dice_sides": 6,
    "melee_cut": 6,
    "dodge": 4,
    "armor_bash": 6,
    "armor_cut": 4,
    "vision_day": 30,
    "vision_night": 5,
    "death_drops": { "groups": [ [ "robots", 60 ], [ "default_zombie_clothes", 40 ], [ "child_items", 75 ] ] },
    "luminance": 0,
    "hp": 150,
    "death_function": [ "BROKEN" ],
    "description": "A bipedal animatronic coyote, nearly twice your size.  Its head twitches about faster than seems possible.  Though it is a robot, it stinks like death.",
    "flags": [ "SEES", "GRABS", "HEARS", "BASHES", "ELECTRONIC", "NO_BREATHE" ],
    "anger_triggers": [ "PLAYER_CLOSE", "HURT" ]
  },
  {
    "type": "MONSTER",
    "id": "mon_animatronic_deer",
    "name": { "str": "animatronic deer" },
    "species": "ROBOT",
    "default_faction": "animatronics",
    "symbol": "D",
    "color": "brown",
    "volume": "92500 ml",
    "weight": "120 kg",
    "material": [ "steel" ],
    "aggression": 50,
    "morale": 100,
    "speed": 120,
    "melee_skill": 6,
    "melee_dice": 4,
    "melee_dice_sides": 6,
    "melee_cut": 6,
    "dodge": 4,
    "armor_bash": 6,
    "armor_cut": 4,
    "vision_day": 30,
    "vision_night": 5,
    "death_drops": { "groups": [ [ "robots", 60 ], [ "default_zombie_clothes", 40 ], [ "child_items", 75 ] ] },
    "luminance": 0,
    "hp": 150,
    "death_function": [ "BROKEN" ],
    "description": "A bipedal animatronic deer, nearly twice your size.  The hunter becomes the hunted.  Though it is a robot, it stinks like death.",
    "flags": [ "SEES", "GRABS", "HEARS", "BASHES", "ELECTRONIC", "NO_BREATHE" ],
    "anger_triggers": [ "PLAYER_CLOSE", "HURT" ]
  },
  {
    "type": "MONSTER",
    "id": "mon_animatronic_horse",
    "name": { "str": "animatronic horse" },
    "species": "ROBOT",
    "default_faction": "animatronics",
    "symbol": "H",
    "color": "brown",
    "volume": "92500 ml",
    "weight": "120 kg",
    "material": [ "steel" ],
    "aggression": 50,
    "morale": 100,
    "speed": 140,
    "melee_skill": 6,
    "melee_dice": 4,
    "melee_dice_sides": 6,
    "melee_cut": 6,
    "dodge": 4,
    "armor_bash": 6,
    "armor_cut": 4,
    "vision_day": 30,
    "vision_night": 5,
    "death_drops": { "groups": [ [ "robots", 60 ], [ "default_zombie_clothes", 40 ], [ "child_items", 75 ] ] },
    "luminance": 0,
    "hp": 180,
    "death_function": [ "BROKEN" ],
    "description": "A bipedal animatronic horse, nearly twice your size.  It's amazing.  Though it is a robot, it stinks like death.",
    "flags": [ "SEES", "GRABS", "HEARS", "BASHES", "ELECTRONIC", "NO_BREATHE" ],
    "anger_triggers": [ "PLAYER_CLOSE", "HURT" ]
  },
  {
    "type": "MONSTER",
    "id": "mon_animatronic_pig",
    "name": { "str": "animatronic pig" },
    "species": "ROBOT",
    "default_faction": "animatronics",
    "symbol": "P",
    "color": "pink",
    "volume": "92500 ml",
    "weight": "120 kg",
    "material": [ "steel" ],
    "aggression": 50,
    "morale": 100,
    "speed": 120,
    "melee_skill": 6,
    "melee_dice": 4,
    "melee_dice_sides": 6,
    "melee_cut": 6,
    "dodge": 4,
    "armor_bash": 6,
    "armor_cut": 4,
    "vision_day": 30,
    "vision_night": 5,
    "death_drops": { "groups": [ [ "robots", 60 ], [ "default_zombie_clothes", 40 ], [ "child_items", 75 ] ] },
    "luminance": 0,
    "hp": 160,
    "death_function": [ "BROKEN" ],
    "description": "A bipedal animatronic pig, nearly twice your size.  Little piggy go home, little piggy no no.  Though it is a robot, it stinks like death.",
    "flags": [ "SEES", "GRABS", "HEARS", "BASHES", "ELECTRONIC", "NO_BREATHE" ],
    "anger_triggers": [ "PLAYER_CLOSE", "HURT" ]
  },
  {
    "type": "MONSTER",
    "id": "mon_animatronic_sheep",
    "name": { "str": "animatronic sheep", "str_pl": "animatronic sheep" },
    "species": "ROBOT",
    "default_faction": "animatronics",
    "symbol": "S",
    "color": "white",
    "volume": "92500 ml",
    "weight": "120 kg",
    "material": [ "steel" ],
    "aggression": 50,
    "morale": 100,
    "speed": 120,
    "melee_skill": 6,
    "melee_dice": 4,
    "melee_dice_sides": 6,
    "melee_cut": 6,
    "dodge": 4,
    "armor_bash": 6,
    "armor_cut": 4,
    "vision_day": 30,
    "vision_night": 5,
    "death_drops": { "groups": [ [ "robots", 60 ], [ "default_zombie_clothes", 40 ], [ "child_items", 75 ] ] },
    "luminance": 0,
    "hp": 150,
    "death_function": [ "BROKEN" ],
    "description": "A bipedal animatronic sheep, nearly twice your size.  Its wool is mangy and gross.  Though it is a robot, it stinks like death.",
    "flags": [ "SEES", "GRABS", "HEARS", "BASHES", "ELECTRONIC", "NO_BREATHE" ],
    "anger_triggers": [ "PLAYER_CLOSE", "HURT" ]
  },
  {
    "type": "MONSTER",
    "id": "mon_animatronic_squirrel",
    "name": { "str": "animatronic squirrel" },
    "species": "ROBOT",
    "default_faction": "animatronics",
    "symbol": "S",
    "color": "red",
    "volume": "92500 ml",
    "weight": "120 kg",
    "material": [ "steel" ],
    "aggression": 50,
    "morale": 100,
    "speed": 120,
    "melee_skill": 6,
    "melee_dice": 4,
    "melee_dice_sides": 6,
    "melee_cut": 6,
    "dodge": 4,
    "armor_bash": 6,
    "armor_cut": 4,
    "vision_day": 30,
    "vision_night": 5,
    "death_drops": { "groups": [ [ "robots", 60 ], [ "default_zombie_clothes", 40 ], [ "child_items", 75 ] ] },
    "luminance": 0,
    "hp": 150,
    "death_function": [ "BROKEN" ],
    "description": "A bipedal animatronic squirrel, nearly twice your size.  Judging by its sharp teeth, you hope it does not like nuts.  Though it is a robot, it stinks like death.",
    "flags": [ "SEES", "GRABS", "HEARS", "BASHES", "ELECTRONIC", "NO_BREATHE" ],
    "anger_triggers": [ "PLAYER_CLOSE", "HURT" ]
  },
  {
    "type": "MONSTER",
    "id": "mon_animatronic_child",
    "name": { "str": "animatronic child", "str_pl": "animatronic children" },
    "species": "ROBOT",
    "default_faction": "animatronics",
    "symbol": "c",
    "color": "yellow",
    "volume": "30000 ml",
    "weight": "40750 g",
    "material": [ "steel" ],
    "aggression": 50,
    "morale": 100,
    "speed": 120,
    "melee_skill": 4,
    "melee_dice": 3,
    "melee_dice_sides": 4,
    "melee_cut": 4,
    "dodge": 4,
    "armor_bash": 4,
    "armor_cut": 2,
    "vision_day": 30,
    "vision_night": 5,
    "death_drops": { "groups": [ [ "robots", 60 ], [ "default_zombie_clothes", 40 ], [ "child_items", 75 ] ] },
    "luminance": 0,
    "hp": 100,
    "death_function": [ "BROKEN" ],
    "special_attacks": [ [ "PARROT", 0 ] ],
    "description": "An animatronic child.  It looks like it's annoying as hell.  Though it is a robot, it stinks like death.",
    "flags": [ "SEES", "GRABS", "HEARS", "BASHES", "ELECTRONIC", "NO_BREATHE" ],
    "anger_triggers": [ "PLAYER_CLOSE", "HURT" ]
  },
  {
    "type": "MONSTER",
    "id": "mon_marionette",
    "name": { "str": "marionette" },
    "species": "ROBOT",
    "default_faction": "animatronics",
    "symbol": "m",
    "color": "dark_gray",
    "volume": "62500 ml",
    "weight": "81500 g",
    "material": [ "steel" ],
    "aggression": 100,
    "morale": 100,
    "speed": 160,
    "melee_skill": 4,
    "melee_dice": 3,
    "melee_dice_sides": 4,
    "melee_cut": 4,
    "dodge": 4,
    "armor_bash": 4,
    "armor_cut": 2,
    "vision_day": 50,
    "vision_night": 50,
    "death_drops": { "groups": [ [ "robots", 10 ], [ "default_zombie_clothes", 40 ], [ "child_items", 75 ] ] },
    "luminance": 0,
    "hp": 100,
    "death_function": [ "BROKEN" ],
    "special_attacks": [ [ "PARROT", 0 ] ],
    "description": "A marionette able to move itself around.  There are no strings on him however.",
    "flags": [ "SEES", "GRABS", "HEARS", "BASHES", "ELECTRONIC", "NO_BREATHE" ],
    "anger_triggers": [ "PLAYER_CLOSE", "HURT" ]
  },
  {
    "type": "MONSTER",
    "id": "mon_animatronic_wolf",
    "name": { "str": "animatronic wolf", "str_pl": "animatronic wolves" },
    "species": "ROBOT",
    "default_faction": "animatronics",
    "symbol": "W",
    "color": "dark_gray",
    "volume": "92500 ml",
    "weight": "120 kg",
    "material": [ "steel" ],
    "aggression": 50,
    "morale": 100,
    "speed": 130,
    "melee_skill": 6,
    "melee_dice": 4,
    "melee_dice_sides": 8,
    "melee_cut": 8,
    "dodge": 4,
    "armor_bash": 6,
    "armor_cut": 6,
    "vision_day": 30,
    "vision_night": 5,
    "death_drops": { "groups": [ [ "robots", 60 ], [ "default_zombie_clothes", 40 ], [ "child_items", 75 ] ] },
    "luminance": 0,
    "hp": 150,
    "death_function": [ "BROKEN" ],
    "description": "A bipedal animatronic wolf, nearly twice your size.  If the animal counterpart was scary, this robot is terrifying.  Though it is a robot, it stinks like death.",
    "flags": [ "SEES", "GRABS", "HEARS", "BASHES", "ELECTRONIC", "NO_BREATHE" ],
    "anger_triggers": [ "PLAYER_CLOSE", "HURT" ]
  }
]
