[
  {
    "id": "broken_animatronic_fox_old",
    "type": "GENERIC",
    "symbol": "%",
    "color": "red",
    "name": { "str": "old broken animatronic fox", "str_pl": "old broken animatronic foxes" },
    "category": "other",
    "description": "A broken animatronic fox.  If it was in bad shape before, it's a wreck now.  For some reason, it is oozing with blood - it's not your blood.",
    "price": 1000,
    "material": [ "steel", "plastic" ],
    "weight": "17023 g",
    "volume": "7500 ml",
    "bashing": 10,
    "cutting": 6,
    "to_hit": -2
  },
  {
    "id": "broken_animatronic_bunny_old",
    "type": "GENERIC",
    "symbol": "%",
    "color": "blue",
    "name": { "str": "old broken animatronic bunny", "str_pl": "old broken animatronic bunnies" },
    "category": "other",
    "description": "A broken animatronic bunny.  For some reason, it is oozing with blood - it's not your blood.",
    "price": 1000,
    "material": [ "steel", "plastic" ],
    "weight": "17023 g",
    "volume": "7500 ml",
    "bashing": 10,
    "cutting": 6,
    "to_hit": -2
  },
  {
    "id": "broken_animatronic_chicken_new",
    "type": "GENERIC",
    "symbol": "%",
    "color": "yellow",
    "name": { "str": "old broken animatronic chicken" },
    "category": "other",
    "description": "A broken animatronic chicken.  It doesn't look as attractive now.",
    "price": 1000,
    "material": [ "steel", "plastic" ],
    "weight": "17023 g",
    "volume": "7500 ml",
    "bashing": 10,
    "cutting": 6,
    "to_hit": -2
  },
  {
    "id": "broken_animatronic_chicken_old",
    "type": "GENERIC",
    "symbol": "%",
    "color": "yellow",
    "name": { "str": "old broken animatronic chicken" },
    "category": "other",
    "description": "A broken animatronic chicken.  For some reason, it is oozing with blood - it's not your blood.",
    "price": 1000,
    "material": [ "steel", "plastic" ],
    "weight": "17023 g",
    "volume": "7500 ml",
    "bashing": 10,
    "cutting": 6,
    "to_hit": -2
  },
  {
    "id": "broken_animatronic_bear_old",
    "type": "GENERIC",
    "symbol": "%",
    "color": "brown",
    "name": { "str": "old broken animatronic bear" },
    "category": "other",
    "description": "A broken animatronic bear.  For some reason, it is oozing with blood - it's not your blood.",
    "price": 1000,
    "material": [ "steel", "plastic" ],
    "weight": "17023 g",
    "volume": "7500 ml",
    "bashing": 10,
    "cutting": 6,
    "to_hit": -2
  },
  {
    "id": "broken_animatronic_bear_new",
    "type": "GENERIC",
    "symbol": "%",
    "color": "brown",
    "name": { "str": "broken new animatronic bear" },
    "category": "other",
    "description": "A broken animatronic bear.  Limp and lifeless.",
    "price": 1000,
    "material": [ "steel", "plastic" ],
    "weight": "17023 g",
    "volume": "7500 ml",
    "bashing": 10,
    "cutting": 6,
    "to_hit": -2
  },
  {
    "id": "broken_animatronic_bat",
    "type": "GENERIC",
    "symbol": "%",
    "color": "dark_gray",
    "name": { "str": "broken animatronic bat" },
    "category": "other",
    "description": "A broken animatronic bat.  For some reason, it is oozing with blood - it's not your blood.",
    "price": 1000,
    "material": [ "steel", "plastic" ],
    "weight": "17023 g",
    "volume": "7500 ml",
    "bashing": 10,
    "cutting": 6,
    "to_hit": -2
  },
  {
    "id": "broken_animatronic_beaver",
    "type": "GENERIC",
    "symbol": "%",
    "color": "dark_gray",
    "name": { "str": "broken animatronic beaver" },
    "category": "other",
    "description": "A broken animatronic beaver.  For some reason, it is oozing with blood - it's not your blood.",
    "price": 1000,
    "material": [ "steel", "plastic" ],
    "weight": "17023 g",
    "volume": "7500 ml",
    "bashing": 10,
    "cutting": 6,
    "to_hit": -2
  },
  {
    "id": "broken_animatronic_cat",
    "type": "GENERIC",
    "symbol": "%",
    "color": "yellow",
    "name": { "str": "broken animatronic cat" },
    "category": "other",
    "description": "A broken animatronic cat.  For some reason, it is oozing with blood - it's not your blood.",
    "price": 1000,
    "material": [ "steel", "plastic" ],
    "weight": "17023 g",
    "volume": "7500 ml",
    "bashing": 10,
    "cutting": 6,
    "to_hit": -2
  },
  {
    "id": "broken_animatronic_chipmunk",
    "type": "GENERIC",
    "symbol": "%",
    "color": "brown",
    "name": { "str": "broken animatronic chipmunk" },
    "category": "other",
    "description": "A broken animatronic chipmunk.  For some reason, it is oozing with blood - it's not your blood.",
    "price": 1000,
    "material": [ "steel", "plastic" ],
    "weight": "17023 g",
    "volume": "7500 ml",
    "bashing": 10,
    "cutting": 6,
    "to_hit": -2
  },
  {
    "id": "broken_animatronic_cow",
    "type": "GENERIC",
    "symbol": "%",
    "color": "white",
    "name": { "str": "broken animatronic cow" },
    "category": "other",
    "description": "A broken animatronic cow.  For some reason, it is oozing with blood - it's not your blood.",
    "price": 1000,
    "material": [ "steel", "plastic" ],
    "weight": "17023 g",
    "volume": "7500 ml",
    "bashing": 10,
    "cutting": 6,
    "to_hit": -2
  },
  {
    "id": "broken_animatronic_coyote",
    "type": "GENERIC",
    "symbol": "%",
    "color": "dark_gray",
    "name": { "str": "broken animatronic coyote" },
    "category": "other",
    "description": "A broken animatronic coyote.  For some reason, it is oozing with blood - it's not your blood.",
    "price": 1000,
    "material": [ "steel", "plastic" ],
    "weight": "17023 g",
    "volume": "7500 ml",
    "bashing": 10,
    "cutting": 6,
    "to_hit": -2
  },
  {
    "id": "broken_animatronic_deer",
    "type": "GENERIC",
    "symbol": "%",
    "color": "brown",
    "name": { "str": "broken animatronic deer", "str_pl": "broken animatronic deer" },
    "category": "other",
    "description": "A broken animatronic deer.  For some reason, it is oozing with blood - it's not your blood.",
    "price": 1000,
    "material": [ "steel", "plastic" ],
    "weight": "17023 g",
    "volume": "7500 ml",
    "bashing": 10,
    "cutting": 6,
    "to_hit": -2
  },
  {
    "id": "broken_animatronic_horse",
    "type": "GENERIC",
    "symbol": "%",
    "color": "brown",
    "name": { "str": "broken animatronic horse" },
    "category": "other",
    "description": "A broken animatronic horse.  For some reason, it is oozing with blood - it's not your blood.",
    "price": 1000,
    "material": [ "steel", "plastic" ],
    "weight": "17023 g",
    "volume": "7500 ml",
    "bashing": 10,
    "cutting": 6,
    "to_hit": -2
  },
  {
    "id": "broken_animatronic_pig",
    "type": "GENERIC",
    "symbol": "%",
    "color": "pink",
    "name": { "str": "broken animatronic pig" },
    "category": "other",
    "description": "A broken animatronic pig.  For some reason, it is oozing with blood - it's not your blood.",
    "price": 1000,
    "material": [ "steel", "plastic" ],
    "weight": "17023 g",
    "volume": "7500 ml",
    "bashing": 10,
    "cutting": 6,
    "to_hit": -2
  },
  {
    "id": "broken_animatronic_sheep",
    "type": "GENERIC",
    "symbol": "%",
    "color": "white",
    "name": { "str": "broken animatronic sheep", "str_pl": "broken animatronic sheep" },
    "category": "other",
    "description": "A broken animatronic sheep.  For some reason, it is oozing with blood - it's not your blood.",
    "price": 1000,
    "material": [ "steel", "plastic" ],
    "weight": "17023 g",
    "volume": "7500 ml",
    "bashing": 10,
    "cutting": 6,
    "to_hit": -2
  },
  {
    "id": "broken_animatronic_squirrel",
    "type": "GENERIC",
    "symbol": "%",
    "color": "red",
    "name": { "str": "broken animatronic squirrel" },
    "category": "other",
    "description": "A broken animatronic squirrel.  For some reason, it is oozing with blood - it's not your blood.",
    "price": 1000,
    "material": [ "steel", "plastic" ],
    "weight": "17023 g",
    "volume": "7500 ml",
    "bashing": 10,
    "cutting": 6,
    "to_hit": -2
  },
  {
    "id": "broken_animatronic_child",
    "type": "GENERIC",
    "symbol": "%",
    "color": "yellow",
    "name": { "str": "broken animatronic child", "str_pl": "broken animatronic children" },
    "category": "other",
    "description": "A broken animatronic child.  For some reason, it is oozing with blood - it's not your blood.",
    "price": 1000,
    "material": [ "steel", "plastic" ],
    "weight": "17023 g",
    "volume": "7500 ml",
    "bashing": 10,
    "cutting": 6,
    "to_hit": -2
  },
  {
    "id": "broken_animatronic_fox_new",
    "type": "GENERIC",
    "symbol": "%",
    "color": "white",
    "name": { "str": "broken new animatronic fox", "str_pl": "broken new animatronic foxes" },
    "category": "other",
    "description": "A broken animatronic fox.  It seems like it's still looking at you, enraged in what you've done to her.",
    "price": 1000,
    "material": [ "steel", "plastic" ],
    "weight": "17023 g",
    "volume": "7500 ml",
    "bashing": 10,
    "cutting": 6,
    "to_hit": -2
  },
  {
    "id": "broken_animatronic_fox_wreck",
    "type": "GENERIC",
    "symbol": "%",
    "color": "white",
    "name": { "str": "broken animatronic wreck", "str_pl": "broken animatronic wrecks" },
    "category": "other",
    "description": "A broken, wrecked animatronic fox.  You have no idea if it's actually dead, as it doesn't look that different from the condition you found it in.",
    "price": 1000,
    "material": [ "steel", "plastic" ],
    "weight": "17023 g",
    "volume": "7500 ml",
    "bashing": 10,
    "cutting": 6,
    "to_hit": -2
  },
  {
    "id": "broken_animatronic_wolf",
    "type": "GENERIC",
    "symbol": "%",
    "color": "dark_gray",
    "name": { "str": "broken animatronic wolf", "str_pl": "broken animatronic wolves" },
    "category": "other",
    "description": "A broken animatronic wolf.  For some reason, it is oozing with blood - it's not your blood.",
    "price": 1000,
    "material": [ "steel", "plastic" ],
    "weight": "17023 g",
    "volume": "7500 ml",
    "bashing": 10,
    "cutting": 6,
    "to_hit": -2
  },
  {
    "id": "broken_marionette",
    "type": "GENERIC",
    "symbol": "%",
    "color": "dark_gray",
    "name": { "str": "broken marionette" },
    "category": "other",
    "description": "A broken marionette.  How creepy.",
    "price": 1000,
    "material": [ "steel", "plastic" ],
    "weight": "17023 g",
    "volume": "7500 ml",
    "bashing": 10,
    "cutting": 6,
    "to_hit": -2
  },
  {
    "id": "broken_animatronic_bunny_new",
    "type": "GENERIC",
    "symbol": "%",
    "color": "blue",
    "name": { "str": "broken new animatronic bunny", "str_pl": "broken new animatronic bunnies" },
    "category": "other",
    "description": "A broken animatronic bunny.  Limp and lifeless.",
    "price": 1000,
    "material": [ "steel", "plastic" ],
    "weight": "17023 g",
    "volume": "7500 ml",
    "bashing": 10,
    "cutting": 6,
    "to_hit": -2
  }
]
