[
  {
    "id": "roadheader",
    "type": "vehicle",
    "name": "Roadheader",
    "blueprint": [
      [ "o-o  " ],
      [ "|X--&" ],
      [ "o-o  " ]
    ],
    "parts": [
      { "x": -2, "y": -1, "parts": [ "hdframe_sw", "tread2", "board_sw", "balancer" ] },
      { "x": -2, "y": 0, "parts": [ "hdframe_horizontal", "hatch", "muffler", "balancer" ] },
      { "x": -2, "y": 1, "parts": [ "hdframe_se", "balancer", "tread2", "board_se" ] },
      { "x": -1, "y": -1, "parts": [ "hdframe_vertical", "door", "tread2" ] },
      { "x": -1, "y": 0, "parts": [ "hdframe_cross", "seat", "seatbelt", "floodlight", "controls", "dashboard", "horn_big", "roof" ] },
      { "x": -1, "y": 1, "parts": [ "hdframe_vertical", "door", "tread2" ] },
      { "x": 0, "y": -1, "parts": [ "hdframe_nw", "tread2", "halfboard_nw", "headlight_reinforced" ] },
      { "x": 0, "y": 0, "parts": [ "hdframe_vertical", "diesel_engine_i6", "alternator_truck", "battery_car", "reinforced_windshield" ] },
      { "x": 0, "y": 1, "parts": [ "hdframe_ne", "tread2", "halfboard_ne", "headlight_reinforced" ] },
      { "x": 1, "y": 0, "parts": [ "hdframe_vertical", "halfboard_horizontal" ] },
      { "x": 2, "y": 0, "parts": [ "roadheader" ] }
    ]
  }
]
