[
  {
    "type": "item_group",
    "id": "guns_survival",
    "items": [ { "item": "atlatl", "prob": 15 } ]
  },
  {
    "type": "item_group",
    "id": "weapons",
    "items": [ { "item": "atlatl", "prob": 25 } ]
  },
  {
    "type": "item_group",
    "id": "trash_forest",
    "items": [ { "item": "rope_fiber_6", "prob": 15 }, { "item": "rope_fiber_30", "prob": 15 } ]
  },
  {
    "id": "tools_construction",
    "type": "item_group",
    "//": "Industrial machinery used for construction",
    "items": [ { "item": "primitive_mattock", "prob": 15 }, { "item": "wiresaw", "prob": 15 } ]
  },
  {
    "id": "hand_tools",
    "type": "item_group",
    "items": [ { "item": "wiresaw", "prob": 15 } ]
  },
  {
    "id": "tools_tree_cutting",
    "type": "item_group",
    "//": "Axes and saws.",
    "items": [ { "item": "wiresaw", "prob": 15 } ]
  },
  {
    "type": "item_group",
    "id": "art",
    "subtype": "distribution",
    "entries": [ { "item": "clay_plant_pot", "prob": 15 } ]
  },
  {
    "id": "pottery",
    "type": "item_group",
    "subtype": "distribution",
    "entries": [ { "item": "clay_plant_pot", "prob": 15 } ]
  }
]
