[
  {
    "id": "magshortbow",
    "type": "GUN",
    "symbol": "(",
    "color": "yellow",
    "name": { "str": "magged shortbow" },
    "description": "A shortbow modified to fire arrows from a magazine.  Designed by slingshot overlord Joerg Sprave",
    "price": 19000,
    "material": "wood",
    "flags": [ "FIRE_TWOHAND", "STR_DRAW", "RELOAD_ONE", "PRIMITIVE_RANGED_WEAPON" ],
    "skill": "archery",
    "min_strength": 4,
    "ammo": [ "arrow" ],
    "clip_size": 4,
    "reload": 800,
    "weight": "340 g",
    "volume": 6,
    "bashing": 6,
    "armor_data": { "covers": [ "TORSO" ], "coverage": 5, "material_thickness": 1, "encumbrance": 20 }
  },
  {
    "id": "maglongbow",
    "type": "GUN",
    "symbol": "(",
    "color": "yellow",
    "name": { "str": "magged longbow" },
    "description": "A longbow modified to fire arrows from a magazine.  Designed by a madman in Germany.",
    "price": 55000,
    "material": "wood",
    "flags": [ "FIRE_TWOHAND", "STR_DRAW", "RELOAD_ONE", "PRIMITIVE_RANGED_WEAPON" ],
    "skill": "archery",
    "clip_size": 4,
    "reload": 800,
    "min_strength": 5,
    "ammo": [ "arrow" ],
    "weight": "680 g",
    "volume": 14,
    "bashing": 10,
    "armor_data": { "covers": [ "TORSO" ], "coverage": 5, "material_thickness": 1, "encumbrance": 20 },
    "ranged_damage": { "damage_type": "stab", "amount": 7 },
    "range": 20,
    "dispersion": 210,
    "durability": 6,
    "valid_mod_locations": [ [ "underbarrel", 1 ], [ "sights", 1 ], [ "accessories", 2 ] ]
  },
  {
    "id": "magrefrebow",
    "type": "GUN",
    "symbol": "(",
    "color": "yellow",
    "name": { "str": "magged reflex recurve bow" },
    "description": "A reflex recurve bow modified to fire arrows from a magazine.  Makes you wanna demonstrate its features.",
    "price": 78000,
    "material": [ "wood" ],
    "flags": [ "FIRE_TWOHAND", "STR_DRAW", "RELOAD_ONE", "PRIMITIVE_RANGED_WEAPON" ],
    "clip_size": 4,
    "reload": 800,
    "skill": "archery",
    "min_strength": 6,
    "ammo": [ "arrow" ],
    "weight": "540 g",
    "volume": 5,
    "bashing": 12,
    "armor_data": { "covers": [ "TORSO" ], "coverage": 5, "material_thickness": 1, "encumbrance": 20 },
    "ranged_damage": { "damage_type": "stab", "amount": 15 },
    "range": 18,
    "dispersion": 120,
    "durability": 6,
    "valid_mod_locations": [ [ "underbarrel", 1 ], [ "sights", 1 ], [ "accessories", 2 ] ]
  },
  {
    "id": "magreflexbow",
    "type": "GUN",
    "symbol": "(",
    "color": "yellow",
    "name": { "str": "magged reflex bow" },
    "description": "A reflex bow modified to fire arrows from a magazine.",
    "price": 46000,
    "material": [ "steel", "plastic" ],
    "flags": [ "FIRE_TWOHAND", "STR_DRAW", "RELOAD_ONE", "PRIMITIVE_RANGED_WEAPON" ],
    "skill": "archery",
    "clip_size": 4,
    "reload": 800,
    "ammo": [ "arrow" ],
    "min_strength": 5,
    "weight": "540 g",
    "volume": 10,
    "bashing": 12,
    "armor_data": { "covers": [ "TORSO" ], "coverage": 5, "material_thickness": 1, "encumbrance": 20 },
    "ranged_damage": { "damage_type": "stab", "amount": 11 },
    "range": 16,
    "dispersion": 120,
    "durability": 6,
    "valid_mod_locations": [ [ "underbarrel", 1 ], [ "sights", 1 ], [ "accessories", 2 ] ]
  },
  {
    "id": "magrecurbow",
    "type": "GUN",
    "symbol": "(",
    "color": "yellow",
    "name": { "str": "magged recurve bow" },
    "description": "A recurve bow modified to fire arrows from a magazine.",
    "price": 42000,
    "material": [ "steel", "plastic" ],
    "flags": [ "FIRE_TWOHAND", "STR_DRAW", "RELOAD_ONE", "PRIMITIVE_RANGED_WEAPON" ],
    "skill": "archery",
    "min_strength": 5,
    "ammo": [ "arrow" ],
    "weight": "540 g",
    "volume": 10,
    "bashing": 12,
    "armor_data": { "covers": [ "TORSO" ], "coverage": 5, "material_thickness": 1, "encumbrance": 20 },
    "ranged_damage": { "damage_type": "stab", "amount": 9 },
    "range": 14,
    "dispersion": 120,
    "durability": 6,
    "clip_size": 4,
    "reload": 800,
    "valid_mod_locations": [ [ "underbarrel", 1 ], [ "sights", 1 ], [ "accessories", 2 ] ]
  },
  {
    "id": "magcompositebow",
    "type": "GUN",
    "symbol": "(",
    "color": "yellow",
    "name": { "str": "magged composite bow" },
    "description": "A composite bow modified to fire arrows from a magazine.",
    "price": 37000,
    "material": [ "wood", "plastic" ],
    "flags": [ "FIRE_TWOHAND", "STR_DRAW", "RELOAD_ONE", "PRIMITIVE_RANGED_WEAPON" ],
    "skill": "archery",
    "min_strength": 5,
    "ammo": [ "arrow" ],
    "weight": "540 g",
    "volume": 10,
    "bashing": 8,
    "armor_data": { "covers": [ "TORSO" ], "coverage": 5, "material_thickness": 1, "encumbrance": 20 },
    "ranged_damage": { "damage_type": "stab", "amount": 7 },
    "range": 12,
    "dispersion": 150,
    "durability": 6,
    "clip_size": 4,
    "reload": 800,
    "valid_mod_locations": [ [ "underbarrel", 1 ], [ "sights", 1 ], [ "accessories", 2 ] ]
  }
]
