[
  {
    "type": "recipe",
    "result": "maglongbow",
    "category": "CC_WEAPON",
    "subcategory": "CSC_WEAPON_RANGED",
    "skill_used": "fabrication",
    "skills_required": [ "archery", 3 ],
    "difficulty": 3,
    "time": 15000,
    "reversible": true,
    "decomp_learn": 1,
    "autolearn": true,
    "book_learn": [ [ "manual_archery", 2 ], [ "recipe_bows", 1 ], [ "book_archery", 3 ] ],
    "qualities": [ { "id": "CUT", "level": 1 }, { "id": "HAMMER", "level": 1 }, { "id": "SAW_W", "level": 1 } ],
    "components": [ [ [ "2x4", 3 ] ], [ [ "longbow", 1 ] ], [ [ "hose", 2 ] ], [ [ "nail", 20 ] ] ]
  },
  {
    "type": "recipe",
    "result": "magshortbow",
    "category": "CC_WEAPON",
    "subcategory": "CSC_WEAPON_RANGED",
    "skill_used": "fabrication",
    "skills_required": [ "archery", 1 ],
    "difficulty": 2,
    "time": 15000,
    "reversible": true,
    "decomp_learn": 1,
    "autolearn": true,
    "book_learn": [ [ "manual_archery", 2 ], [ "recipe_bows", 1 ], [ "book_archery", 2 ] ],
    "qualities": [ { "id": "CUT", "level": 1 }, { "id": "HAMMER", "level": 1 }, { "id": "SAW_W", "level": 1 } ],
    "components": [ [ [ "2x4", 3 ] ], [ [ "shortbow", 1 ] ], [ [ "hose", 2 ] ], [ [ "nail", 20 ] ] ]
  },
  {
    "type": "recipe",
    "result": "magrefrebow",
    "category": "CC_WEAPON",
    "subcategory": "CSC_WEAPON_RANGED",
    "skill_used": "fabrication",
    "skills_required": [ "archery", 7 ],
    "difficulty": 5,
    "time": 15000,
    "reversible": true,
    "decomp_learn": 1,
    "autolearn": true,
    "book_learn": [ [ "manual_archery", 4 ], [ "recipe_bows", 6 ], [ "book_archery", 7 ] ],
    "qualities": [ { "id": "CUT", "level": 1 }, { "id": "HAMMER", "level": 1 }, { "id": "SAW_W", "level": 1 } ],
    "components": [ [ [ "2x4", 3 ] ], [ [ "reflexrecurvebow", 1 ] ], [ [ "hose", 2 ] ], [ [ "nail", 20 ] ] ]
  },
  {
    "type": "recipe",
    "result": "magcompositebow",
    "category": "CC_WEAPON",
    "subcategory": "CSC_WEAPON_RANGED",
    "skill_used": "fabrication",
    "skills_required": [ "archery", 7 ],
    "difficulty": 5,
    "time": 15000,
    "reversible": true,
    "decomp_learn": 1,
    "autolearn": true,
    "book_learn": [ [ "manual_archery", 3 ], [ "recipe_bows", 2 ], [ "book_archery", 3 ] ],
    "qualities": [
      { "id": "CUT", "level": 1 },
      { "id": "HAMMER", "level": 1 },
      { "id": "SAW_W", "level": 1 },
      { "id": "SCREW", "level": 1 }
    ],
    "components": [ [ [ "2x4", 3 ] ], [ [ "compositebow", 1 ] ], [ [ "hose", 2 ] ], [ [ "nail", 20 ] ] ]
  },
  {
    "type": "recipe",
    "result": "magreflexbow",
    "category": "CC_WEAPON",
    "subcategory": "CSC_WEAPON_RANGED",
    "skill_used": "fabrication",
    "skills_required": [ "archery", 7 ],
    "difficulty": 5,
    "time": 15000,
    "reversible": true,
    "decomp_learn": 1,
    "autolearn": true,
    "book_learn": [ [ "manual_archery", 3 ], [ "recipe_bows", 2 ], [ "book_archery", 3 ] ],
    "qualities": [ { "id": "CUT", "level": 1 }, { "id": "HAMMER", "level": 1 }, { "id": "SAW_W", "level": 1 } ],
    "components": [ [ [ "2x4", 3 ] ], [ [ "reflexbow", 1 ] ], [ [ "hose", 2 ] ], [ [ "nail", 20 ] ] ]
  },
  {
    "type": "recipe",
    "result": "magrecurbow",
    "category": "CC_WEAPON",
    "subcategory": "CSC_WEAPON_RANGED",
    "skill_used": "fabrication",
    "skills_required": [ "archery", 7 ],
    "difficulty": 5,
    "time": 15000,
    "reversible": true,
    "decomp_learn": 1,
    "autolearn": true,
    "book_learn": [ [ "manual_archery", 3 ], [ "recipe_bows", 2 ], [ "book_archery", 3 ] ],
    "qualities": [ { "id": "CUT", "level": 1 }, { "id": "HAMMER", "level": 1 }, { "id": "SAW_W", "level": 1 } ],
    "components": [ [ [ "2x4", 3 ] ], [ [ "recurbow", 1 ] ], [ [ "hose", 2 ] ], [ [ "nail", 20 ] ] ]
  }
]
