[
  {
    "type": "recipe",
    "result": "atlatl",
    "category": "CC_WEAPON",
    "subcategory": "CSC_WEAPON_RANGED",
    "skill_used": "fabrication",
    "skills_required": [ "throw", 2 ],
    "difficulty": 2,
    "time": 15000,
    "reversible": false,
    "autolearn": true,
    "qualities": [ { "id": "CUT", "level": 1, "amount": 1 } ],
    "components": [ [ [ "stick", 1 ], [ "broom", 1 ], [ "2x4", 1 ] ] ]
  },
  {
    "type": "recipe",
    "result": "atlatl_dart_crude",
    "category": "CC_AMMO",
    "subcategory": "CSC_AMMO_ARROWS",
    "skill_used": "fabrication",
    "skills_required": [ [ "archery", 3 ], [ "survival", 1 ] ],
    "difficulty": 2,
    "time": 10000,
    "reversible": false,
    "autolearn": true,
    "qualities": [ { "id": "CUT", "level": 1, "amount": 1 } ],
    "tools": [ [ [ "surface_heat", 1, "LIST" ] ] ],
    "components": [ [ [ "stick", 1 ], [ "broom", 1 ], [ "2x4", 1 ] ] ]
  },
  {
    "type": "recipe",
    "result": "atlatl_dart",
    "category": "CC_AMMO",
    "subcategory": "CSC_AMMO_ARROWS",
    "skill_used": "fabrication",
    "skills_required": [ [ "archery", 4 ], [ "survival", 1 ] ],
    "difficulty": 2,
    "time": 15000,
    "reversible": false,
    "autolearn": true,
    "qualities": [ { "id": "CUT", "level": 1, "amount": 1 } ],
    "components": [
      [ [ "adhesive", 1, "LIST" ], [ "filament", 20, "LIST" ] ],
      [ [ "steel_tiny", 1, "LIST" ] ],
      [ [ "stick", 1 ], [ "broom", 1 ], [ "2x4", 1 ] ],
      [ [ "fletching", 1, "LIST" ] ]
    ]
  }
]
