[
  {
    "type": "recipe",
    "result": "atlatl_dart_crude_bundle",
    "category": "CC_OTHER",
    "subcategory": "CSC_OTHER_OTHER",
    "skill_used": "fabrication",
    "skills_required": [ "throw", 2 ],
    "difficulty": 2,
    "time": 3000,
    "reversible": true,
    "autolearn": true,
    "components": [ [ [ "rope_6", 1 ], [ "rope_fiber_6", 1 ] ], [ [ "atlatl_dart_crude", 10 ] ] ]
  },
  {
    "type": "recipe",
    "result": "atlatl_dart_bundle",
    "category": "CC_OTHER",
    "subcategory": "CSC_OTHER_OTHER",
    "skill_used": "fabrication",
    "skills_required": [ "throw", 3 ],
    "difficulty": 2,
    "time": 3000,
    "reversible": true,
    "autolearn": true,
    "components": [ [ [ "rope_6", 1 ], [ "rope_fiber_6", 1 ] ], [ [ "atlatl_dart", 10 ] ] ]
  },
  {
    "type": "uncraft",
    "result": "atlatl_dart_crude_bundle",
    "id_suffix": "uncraft",
    "category": "CC_NONCRAFT",
    "difficulty": 0,
    "time": 2000,
    "reversible": true,
    "autolearn": false,
    "components": [ [ [ "rope_6", 1 ], [ "rope_fiber_6", 1 ] ], [ [ "atlatl_dart_crude", 10 ] ] ]
  },
  {
    "type": "uncraft",
    "result": "atlatl_dart_bundle",
    "id_suffix": "uncraft",
    "category": "CC_NONCRAFT",
    "difficulty": 0,
    "time": 2000,
    "reversible": true,
    "autolearn": false,
    "components": [ [ [ "rope_6", 1 ], [ "rope_fiber_6", 1 ] ], [ [ "atlatl_dart", 10 ] ] ]
  }
]
