[
  {
    "type": "recipe",
    "result": "rope_fiber_6",
    "category": "CC_OTHER",
    "subcategory": "CSC_OTHER_MATERIALS",
    "skill_used": "tailor",
    "skills_required": [ "survival", 1 ],
    "difficulty": 0,
    "time": 10000,
    "reversible": true,
    "autolearn": true,
    "components": [ [ [ "withered", 6 ] ] ]
  },
  {
    "type": "recipe",
    "result": "rope_fiber_30",
    "category": "CC_OTHER",
    "subcategory": "CSC_OTHER_MATERIALS",
    "skill_used": "tailor",
    "skills_required": [ "survival", 1 ],
    "difficulty": 0,
    "time": 10000,
    "reversible": true,
    "autolearn": true,
    "components": [ [ [ "rope_fiber_6", 5 ], [ "withered", 30 ] ] ]
  },
  {
    "type": "recipe",
    "result": "clay_plant_pot",
    "override": true,
    "category": "CC_OTHER",
    "subcategory": "CSC_OTHER_TOOLS",
    "skill_used": "fabrication",
    "skills_required": [ "survival", 1 ],
    "difficulty": 2,
    "time": 65000,
    "reversible": false,
    "autolearn": true,
    "tools": [ [ [ "crucible_clay", 26 ] ] ],
    "components": [ [ [ "water", 2 ], [ "water_clean", 2 ] ], [ [ "clay_lump", 10 ] ] ]
  }
]
