[
  {
    "type": "recipe",
    "result": "primitive_mattock",
    "category": "CC_OTHER",
    "subcategory": "CSC_OTHER_TOOLS",
    "skill_used": "fabrication",
    "skills_required": [ [ "survival", 4 ], [ "fabrication", 3 ] ],
    "difficulty": 3,
    "time": 5000,
    "reversible": false,
    "autolearn": true,
    "qualities": [ { "id": "HAMMER", "level": 2, "amount": 1 }, { "id": "CUT", "level": 1, "amount": 1 } ],
    "components": [
      [ [ "stick", 1 ], [ "2x4", 1 ] ],
      [ [ "rock", 3 ], [ "ceramic_shard", 3 ] ],
      [ [ "string_6", 6 ], [ "sinew", 120 ], [ "thread", 120 ], [ "plant_fibre", 120 ] ]
    ]
  }
]
