[
  {
    "type": "overmap_special",
    "id": "grei_trailer_park_spec",
    "overmaps": [
      { "point": [ 0, 0, 0 ], "overmap": "trailer_park_1_north" },
      { "point": [ 0, 1, 0 ], "overmap": "trailer_park_2_north" },
      { "point": [ 0, 2, 0 ], "overmap": "trailer_park_1_north" },
      { "point": [ -1, 1, 0 ], "overmap": "trailer_park_1_east" },
      { "point": [ 1, 1, 0 ], "overmap": "trailer_park_1_west" }
    ],
    "connections": [ { "point": [ 0, -1, 0 ], "terrain": "road" } ],
    "locations": [ "wilderness" ],
    "city_distance": [ 10, -1 ],
    "city_sizes": [ 4, 12 ],
    "occurrences": [ 0, 20 ],
    "rotate": true,
    "flags": [ "CLASSIC" ]
  }
]
