[
  {
    "id": "lance_charge",
    "type": "AMMO",
    "name": { "str": "fire lance charge" },
    "description": "Little more than a charge of gunpowder for a basic firearm.  Despite the minimal range, it packs a punch.",
    "weight": "4 g",
    "volume": "200 ml",
    "price": 4500,
    "material": [ "paper", "powder" ],
    "symbol": "=",
    "color": "red",
    "count": 1,
    "stack_size": 30,
    "ammo_type": "fire_lance",
    "range": 3,
    "damage": { "damage_type": "heat", "amount": 30 },
    "recoil": 3000,
    "effects": [ "COOKOFF", "RECYCLED", "BLINDS_EYES", "MUZZLE_SMOKE", "BLACKPOWDER" ]
  },
  {
    "id": "lance_charge_shot",
    "type": "AMMO",
    "name": { "str": "fire lance shot" },
    "description": "Little more than a charge of gunpowder for a basic firearm, with small pellets as shot.  Despite the minimal range, it packs a punch.",
    "weight": "5 g",
    "volume": "200 ml",
    "price": 4500,
    "material": [ "paper", "powder" ],
    "symbol": "=",
    "color": "red",
    "count": 1,
    "stack_size": 30,
    "ammo_type": "fire_lance",
    "range": 4,
    "//": "Comparable to blunderbuss shot, but less efficient use of powder.",
    "damage": { "damage_type": "heat", "amount": 60 },
    "recoil": 3000,
    "effects": [ "COOKOFF", "SHOT", "RECYCLED", "BLINDS_EYES", "MUZZLE_SMOKE", "BLACKPOWDER" ]
  }
]
