[
  {
    "id": "medieval",
    "type": "item_group",
    "items": [ [ "shield_kite", 5 ], [ "shield_heater", 10 ], [ "shield_buckler", 1 ] ]
  },
  {
    "id": "pawn",
    "type": "item_group",
    "items": [
      [ "shield_hoplon", 1 ],
      [ "shield_scutum", 1 ],
      [ "shield_round", 3 ],
      [ "shield_kite", 3 ],
      [ "shield_heater", 5 ],
      [ "shield_buckler", 5 ]
    ]
  },
  {
    "id": "antique_rare",
    "type": "item_group",
    "items": [
      [ "fire_lance", 2 ],
      [ "lance_charge", 1 ],
      [ "lance_charge_shot", 1 ],
      [ "shield_hoplon", 1 ],
      [ "shield_scutum", 1 ],
      [ "shield_round", 3 ],
      [ "shield_kite", 3 ],
      [ "shield_heater", 5 ],
      [ "shield_buckler", 5 ]
    ]
  },
  {
    "id": "museum_guns",
    "type": "item_group",
    "items": [ [ "fire_lance", 20 ], [ "lance_charge", 10 ], [ "lance_charge_shot", 5 ] ]
  },
  {
    "id": "mansion_guns",
    "type": "item_group",
    "items": [ [ "fire_lance", 2 ], [ "lance_charge", 1 ], [ "lance_charge_shot", 1 ] ]
  },
  {
    "id": "museum_armor",
    "type": "item_group",
    "items": [
      [ "shield_wooden", 10 ],
      [ "shield_wooden_large", 5 ],
      [ "shield_hoplon", 10 ],
      [ "shield_scutum", 10 ],
      [ "shield_round", 10 ],
      [ "shield_kite", 10 ],
      [ "shield_heater", 20 ],
      [ "shield_buckler", 25 ]
    ]
  },
  {
    "id": "survivorzed_extra",
    "type": "item_group",
    "items": [ [ "shield_wooden", 10 ], [ "shield_wooden_large", 5 ] ]
  }
]
