[
  {
    "type": "profession",
    "id": "brave_of_the_king",
    "name": "Brave of the King",
    "description": "Elite infantry of ancient Egypt and bodyguards of the Pharaoh.  While armor was uncommon due to desert conditions, such equipment did see increased usage during the New Kingdom period.",
    "points": 3,
    "skills": [
      { "level": 2, "name": "bashing" },
      { "level": 3, "name": "cutting" },
      { "level": 3, "name": "melee" },
      { "level": 1, "name": "dodge" }
    ],
    "items": {
      "both": { "items": [ "leathersandals", "helmet_larmor", "backpack", "shield_wooden_large", "waterskin", "khopesh" ] },
      "male": [ "sleeveless_tunic" ],
      "female": [ "sundress" ]
    }
  },
  {
    "type": "profession",
    "id": "hoplite",
    "name": "Hoplite",
    "description": "Heavy infantry of the ancient Greek city-states, before the shift towards the Macedonean phalanx.  Well-trained for combat in formation, but less effective when outmaneuvered or on broken ground.",
    "points": 4,
    "skills": [
      { "level": 2, "name": "bashing" },
      { "level": 2, "name": "cutting" },
      { "level": 3, "name": "melee" },
      { "level": 4, "name": "stabbing" },
      { "level": 2, "name": "unarmed" }
    ],
    "items": {
      "both": {
        "items": [
          "tunic",
          "leathersandals",
          "armor_cuirass",
          "legguard_bronze",
          "helmet_corinthian",
          "backpack",
          "shield_hoplon",
          "spear_dory",
          "waterskin"
        ],
        "entries": [ { "item": "sword_xiphos", "container-item": "baldric" } ]
      },
      "male": [ "loincloth" ],
      "female": [ "loincloth", "bikini_top_leather" ]
    }
  },
  {
    "type": "profession",
    "id": "legionary",
    "name": "Legionary",
    "description": "Roman heavy infantry, after the military reforms that standardized the legion's equipment.  Trained to act in formation with javelin and sword, well-known for their field fortifications as well.",
    "points": 5,
    "skills": [
      { "level": 1, "name": "fabrication" },
      { "level": 1, "name": "cooking" },
      { "level": 2, "name": "stabbing" },
      { "level": 2, "name": "gun" },
      { "level": 3, "name": "melee" },
      { "level": 1, "name": "throw" }
    ],
    "items": {
      "both": {
        "items": [
          "tunic",
          "leathersandals",
          "armor_lorica",
          "legguard_metal",
          "helmet_galea",
          "backpack",
          "shield_scutum",
          "shovel",
          "pot",
          "waterskin"
        ],
        "entries": [
          { "item": "sword_xiphos", "container-item": "baldric" },
          { "item": "knife_hunting", "container-item": "sheath" },
          { "item": "javelin_iron", "count": 2 }
        ]
      },
      "male": [ "loincloth" ],
      "female": [ "loincloth", "bikini_top_leather" ]
    }
  },
  {
    "type": "profession",
    "id": "viking",
    "name": "Viking",
    "description": "The infamous pirates of the early medieval period, raiders and explorers from various Scandinavian countries.",
    "points": 4,
    "skills": [
      { "level": 2, "name": "survival" },
      { "level": 3, "name": "swimming" },
      { "level": 2, "name": "cutting" },
      { "level": 1, "name": "dodge" },
      { "level": 3, "name": "melee" }
    ],
    "items": {
      "both": {
        "items": [
          "gambeson",
          "tunic",
          "socks",
          "cloak_wool",
          "gauntlets_larmor",
          "boots_larmor",
          "helmet_nasal",
          "backpack",
          "shield_round",
          "battleaxe",
          "waterskin"
        ],
        "entries": [ { "item": "knife_hunting", "container-item": "sheath" } ]
      }
    }
  },
  {
    "type": "profession",
    "id": "man_at_arms",
    "name": { "male": "Man-at-Arms", "female": "Woman-at-Arms" },
    "description": "The medieval heavy cavalry of various countries in Europe, whether noble-born or of common blood.  While knights traditionally were men-at-arms, not every man-at-arms was a knight.",
    "points": 5,
    "skills": [
      { "level": 1, "name": "driving" },
      { "level": 1, "name": "firstaid" },
      { "level": 1, "name": "speech" },
      { "level": 3, "name": "cutting" },
      { "level": 3, "name": "melee" }
    ],
    "items": {
      "both": {
        "items": [
          "gambeson",
          "chainmail_hauberk",
          "socks",
          "boots_plate",
          "helmet_plate",
          "gloves_plate",
          "backpack",
          "shield_kite",
          "waterskin"
        ],
        "entries": [ { "item": "arming_sword", "container-item": "scabbard" } ]
      }
    }
  },
  {
    "type": "profession",
    "id": "horse_archer",
    "name": "Horse Archer",
    "description": "The famed light cavalry of the Mongol Empire.  Best known for their skill as mounted archers.",
    "points": 5,
    "skills": [
      { "level": 2, "name": "driving" },
      { "level": 2, "name": "survival" },
      { "level": 4, "name": "archery" },
      { "level": 1, "name": "dodge" },
      { "level": 3, "name": "gun" },
      { "level": 1, "name": "melee" }
    ],
    "items": {
      "both": {
        "items": [
          "loincloth",
          "socks",
          "boots_larmor",
          "armor_lamellar",
          "gauntlets_larmor",
          "helmet_conical",
          "backpack",
          "recurbow",
          "fur_rollmat",
          "pot",
          "waterskin"
        ],
        "entries": [
          { "item": "scimitar", "container-item": "scabbard" },
          { "item": "knife_hunting", "container-item": "sheath" },
          { "item": "arrow_wood", "charges": 20, "container-item": "quiver_large" }
        ]
      }
    }
  },
  {
    "type": "profession",
    "id": "samurai",
    "name": "Samurai",
    "description": "Warrior nobility of feudal Japan.  Known originally as masters of the horse and bow, they become famous for their swordsmanship in later eras.",
    "points": 5,
    "skills": [
      { "level": 1, "name": "driving" },
      { "level": 1, "name": "firstaid" },
      { "level": 2, "name": "speech" },
      { "level": 2, "name": "archery" },
      { "level": 1, "name": "cutting" },
      { "level": 2, "name": "dodge" },
      { "level": 2, "name": "gun" },
      { "level": 2, "name": "melee" }
    ],
    "//": "All this work just to avoid layering oddities? Madness.",
    "items": {
      "male": {
        "items": [
          "loincloth",
          "hakama_gi",
          "obi_gi",
          "armor_samurai",
          "helmet_kabuto",
          "tabi_dress",
          "bastsandals",
          "backpack",
          "recurbow",
          "waterskin"
        ],
        "entries": [ { "item": "katana", "container-item": "scabbard" } ]
      },
      "female": [
        "loincloth",
        "chestwrap",
        "kimono",
        "obi_gi",
        "armor_samurai",
        "helmet_kabuto",
        "tabi_dress",
        "bastsandals",
        "backpack",
        "recurbow",
        "waterskin",
        "naginata"
      ],
      "both": {
        "entries": [ { "item": "tanto", "container-item": "sheath" }, { "item": "arrow_wood", "charges": 20, "container-item": "quiver" } ]
      }
    }
  }
]
