[
  {
    "id": "fire_lance",
    "type": "GUN",
    "name": { "str": "fire lance" },
    "description": "An ancient Chinese spear, with a small tube attached for a charge of gunpowder.  While it has an extremely short range, it gives a powerful edge in close combat.",
    "weight": "1538 g",
    "volume": "3 L",
    "price": 95000,
    "to_hit": 1,
    "cutting": 28,
    "material": [ "steel", "wood" ],
    "symbol": "/",
    "color": "light_gray",
    "ammo": [ "fire_lance" ],
    "skill": "melee",
    "dispersion": 255,
    "sight_dispersion": 150,
    "durability": 3,
    "loudness": 200,
    "clip_size": 1,
    "blackpowder_tolerance": 128,
    "techniques": [ "WBLOCK_1", "PRECISE" ],
    "qualities": [ [ "COOK", 1 ] ],
    "flags": [ "RELOAD_ONE", "SPEAR", "REACH_ATTACK", "NEEDS_NO_LUBE" ],
    "valid_mod_locations": [ [ "sling", 1 ] ],
    "pocket_data": [ { "pocket_type": "MAGAZINE", "rigid": true, "ammo_restriction": { "fire_lance": 1 } } ]
  }
]
