[
  {
    "id": "shield_wooden",
    "type": "ARMOR",
    "name": { "str": "wooden shield" },
    "category": "armor",
    "description": "A crude wooden shield, lacking any metal or leather reinforcement.  Lightweight but not very tough.",
    "weight": "2267 g",
    "volume": "3750 ml",
    "price": 80000,
    "to_hit": -1,
    "bashing": 8,
    "material": [ "wood" ],
    "symbol": "[",
    "color": "brown",
    "covers": [ "arm_l", "arm_r", "leg_l", "leg_r" ],
    "coverage": 40,
    "encumbrance": 12,
    "material_thickness": 2,
    "techniques": [ "WBLOCK_1" ],
    "flags": [ "OVERSIZE", "BELTED", "RESTRICT_HANDS", "BLOCK_WHILE_WORN" ]
  },
  {
    "id": "shield_wooden_large",
    "type": "ARMOR",
    "name": { "str": "large wooden shield" },
    "category": "armor",
    "description": "An ancient style of wooden shield, lacking any metal or leather reinforcement.  Bulky, but offers a decent amount of protection.",
    "weight": "3828 g",
    "volume": "5 L",
    "price": 90000,
    "to_hit": -1,
    "bashing": 10,
    "material": [ "wood" ],
    "symbol": "[",
    "color": "light_gray",
    "covers": [ "arm_l", "arm_r", "leg_l", "leg_r" ],
    "coverage": 70,
    "encumbrance": 28,
    "material_thickness": 2,
    "techniques": [ "WBLOCK_3" ],
    "flags": [ "OVERSIZE", "BELTED", "RESTRICT_HANDS", "BLOCK_WHILE_WORN" ]
  },
  {
    "id": "shield_heater",
    "type": "ARMOR",
    "name": { "str": "heater shield" },
    "category": "armor",
    "//": "Doesn't use leather in material because it's not meant to be sewn up",
    "description": "A medieval style of shield made of wood overlaid with leather, developed from the longer kite shield.  Mainly used in tournaments, but still viable in battle.",
    "weight": "3175 g",
    "volume": "4 L",
    "price": 90000,
    "bashing": 4,
    "material": [ "wood" ],
    "symbol": "[",
    "color": "light_gray",
    "covers": [ "arm_l", "arm_r", "leg_l", "leg_r" ],
    "coverage": 40,
    "encumbrance": 12,
    "material_thickness": 3,
    "techniques": [ "WBLOCK_1" ],
    "flags": [ "OVERSIZE", "BELTED", "RESTRICT_HANDS", "BLOCK_WHILE_WORN" ]
  },
  {
    "id": "shield_kite",
    "type": "ARMOR",
    "name": { "str": "kite shield" },
    "category": "armor",
    "//": "Doesn't use leather in material because it's not meant to be sewn up",
    "description": "A classic medieval style of shield, made of wood overlaid with leather, in an elongated teardrop shape.  Affords decent protection, but was better suited for cavalry.",
    "weight": "3628 g",
    "volume": "5 L",
    "price": 120000,
    "to_hit": -1,
    "bashing": 8,
    "material": [ "wood" ],
    "symbol": "[",
    "color": "light_gray",
    "covers": [ "arm_l", "arm_r", "leg_l", "leg_r" ],
    "coverage": 60,
    "encumbrance": 24,
    "material_thickness": 3,
    "techniques": [ "WBLOCK_3" ],
    "flags": [ "OVERSIZE", "BELTED", "RESTRICT_HANDS", "BLOCK_WHILE_WORN" ]
  },
  {
    "id": "shield_round",
    "type": "ARMOR",
    "name": { "str": "round shield" },
    "category": "armor",
    "description": "A simple round shield made of wood, with a rim and boss of iron.  Made infamous by the Vikings.",
    "weight": "3400 g",
    "volume": "4 L",
    "price": 110000,
    "bashing": 8,
    "material": [ "wood", "iron" ],
    "symbol": "[",
    "color": "blue",
    "covers": [ "arm_l", "arm_r", "leg_l", "leg_r" ],
    "coverage": 45,
    "encumbrance": 16,
    "material_thickness": 3,
    "techniques": [ "WBLOCK_1" ],
    "flags": [ "OVERSIZE", "BELTED", "RESTRICT_HANDS", "BLOCK_WHILE_WORN" ]
  },
  {
    "id": "shield_hoplon",
    "type": "ARMOR",
    "name": { "str": "hoplon" },
    "category": "armor",
    "description": "A convex round shield from ancient Greece, made of wood reinforced with bronze.  Heavy but effective.",
    "weight": "4082 g",
    "volume": "4500 ml",
    "price": 120000,
    "to_hit": -1,
    "bashing": 12,
    "material": [ "wood", "bronze" ],
    "symbol": "[",
    "color": "yellow",
    "covers": [ "arm_l", "arm_r", "leg_l", "leg_r" ],
    "coverage": 50,
    "encumbrance": 20,
    "material_thickness": 4,
    "techniques": [ "WBLOCK_1" ],
    "flags": [ "OVERSIZE", "BELTED", "RESTRICT_HANDS", "BLOCK_WHILE_WORN" ]
  },
  {
    "id": "shield_scutum",
    "type": "ARMOR",
    "name": { "str": "scutum", "str_pl": "scuta" },
    "category": "armor",
    "description": "A rectangular shield from ancient Rome, made of wood and iron.  Perfect for fighting in formation, but not ideal for facing zombies alone.",
    "weight": "4535 g",
    "volume": "5500 ml",
    "price": 125000,
    "to_hit": -1,
    "bashing": 10,
    "material": [ "wood", "iron" ],
    "symbol": "[",
    "color": "red",
    "covers": [ "arm_l", "arm_r", "leg_l", "leg_r" ],
    "coverage": 70,
    "encumbrance": 28,
    "material_thickness": 4,
    "techniques": [ "WBLOCK_3" ],
    "flags": [ "OVERSIZE", "BELTED", "RESTRICT_HANDS", "BLOCK_WHILE_WORN" ]
  },
  {
    "id": "shield_buckler",
    "type": "ARMOR",
    "name": { "str": "buckler" },
    "category": "armor",
    "description": "A small metal shield from the late medieval and renaissance periods.  Extremely light and tough, but its small size is as much a hindrance as it is an advantage.",
    "weight": "1814 g",
    "volume": "2500 ml",
    "price": 140000,
    "bashing": 8,
    "material": [ "steel" ],
    "symbol": "[",
    "color": "dark_gray",
    "covers": [ "arm_l", "arm_r", "leg_l", "leg_r" ],
    "coverage": 30,
    "encumbrance": 8,
    "material_thickness": 3,
    "techniques": [ "WBLOCK_2" ],
    "flags": [ "OVERSIZE", "STURDY", "BELTED", "RESTRICT_HANDS", "BLOCK_WHILE_WORN" ]
  }
]
