[
  {
    "id": "dusksword",
    "type": "TOOL",
    "category": "weapons",
    "name": { "str": "Dusk" },
    "//": "Blame Kadian. 3:",
    "description": "A longsword, made out of a very dark, almost black metal.  It seems to hold a greater edge than usual steel blades and feels …more comfortable in the hand.  While the blade is made out of this dark metal, the crossguard and the pommel seem to be made out of a brighter material, which feels abnormally cool to the touch.",
    "weight": "2653 g",
    "volume": "2750 ml",
    "price": 260000,
    "to_hit": 2,
    "bashing": 17,
    "cutting": 42,
    "material": [ "superalloy" ],
    "symbol": "/",
    "color": "dark_gray",
    "techniques": [ "WBLOCK_2" ],
    "qualities": [ [ "CUT", 1 ], [ "BUTCHER", 8 ] ],
    "flags": [ "DURABLE_MELEE", "SHEATH_SWORD" ]
  }
]
