[
  {
    "id": "afs_sungel",
    "type": "COMESTIBLE",
    "name": "sungel",
    "copy-from": "afs_sundew",
    "description": "Mixed with morphine, this sundew has congealed, and has an immense stimulative and pain-numbing effect.  With sufficient tools, it could be used to create anesthesia.",
    "stim": 50,
    "phase": "solid",
    "charges": 2,
    "fun": 20,
    "use_action": {
      "type": "consume_drug",
      "activation_message": "Your vision sharpens and your eyes widen as the sungel slams your senses.",
      "effects": [
        { "id": "pkill3", "duration": 120 },
        { "id": "pkill2", "duration": 1200 },
        { "id": "cough_suppress", "duration": 1000 }
      ]
    }
  },
  {
    "id": "panacea",
    "type": "COMESTIBLE",
    "comestible_type": "MED",
    "name": { "str": "Panaceus", "str_pl": "Panaceii" },
    "symbol": "!",
    "color": "red",
    "copy-from": "panacea",
    "use_action": {
      "type": "consume_drug",
      "activation_message": "You feel AMAZING!",
      "effects": [ { "id": "panacea", "duration": "1 m" }, { "id": "cureall" } ],
      "damage_over_time": [
        {
          "damage_type": "pure",
          "duration": "1 m",
          "amount": -10,
          "bodyparts": [ "torso", "head", "arm_l", "leg_l", "arm_r", "leg_r" ]
        }
      ]
    },
    "flags": [ "NPC_SAFE", "IRREPLACEABLE_CONSUMABLE" ]
  },
  {
    "id": "cream_prot_cold",
    "name": { "str": "heat retention cream" },
    "description": "Rub this on your skin when you are expecting exposure extreme cold temperatures.  Cannot protect from instant frostbite.  Smells like the inside of a sheep.",
    "use_action": { "type": "cast_spell", "spell_id": "cream_prot_cold", "no_fail": true, "level": 0 },
    "type": "COMESTIBLE",
    "weight": "265 g",
    "volume": "250ml",
    "charges": 1,
    "fun": -1,
    "symbol": "q",
    "container": "bottle_plastic_small",
    "color": "light_blue",
    "comestible_type": "MED",
    "flags": [ "EATEN_COLD" ],
    "phase": "solid",
    "price": 2500
  },
  {
    "id": "cream_greater_prot_cold",
    "name": { "str": "heat retention cream xtreme" },
    "description": "This product was advertized before the Cataclysm for extreme cold environment protection.  You remember a demonstration involving a woman coating her hand in this and plunging it in liquid nitrogen for a second.  You're pretty sure that was staged.",
    "use_action": { "type": "cast_spell", "spell_id": "cream_greater_prot_cold", "no_fail": true, "level": 0 },
    "type": "COMESTIBLE",
    "weight": "265 g",
    "volume": "250ml",
    "charges": 1,
    "fun": -3,
    "symbol": "q",
    "container": "bottle_plastic_small",
    "color": "light_blue",
    "comestible_type": "MED",
    "flags": [ "EATEN_COLD" ],
    "phase": "solid",
    "price": 5000
  }
]
