[
  {
    "type": "mod_tileset",
    "compatibility": [
      "Chibi_Ultica",
      "UltimateCataclysm",
      "MshockXottoplus",
      "UNDEAD_PEOPLE",
      "UNDEAD_PEOPLE_BASE",
      "UNDEAD_PEOPLE_LEGACY",
      "UlticaShell",
      "MshockXottoplus12",
      "MSX++DEAD_PEOPLE",
      "MXplus12_for_cosmetics"
    ],
    "tiles-new": [
      {
        "file": "mod_tileset/Aftershock_normal.png",
        "tiles": [
          { "id": "bg_bloob_glob_car", "fg": 1 },
          { "id": "bg_book_adv", "fg": 2, "rotates": false },
          { "id": "bg_car", "fg": 3, "rotates": false },
          { "id": "bg_dirt", "fg": 4, "rotates": false },
          { "id": "bg_dirt_frozen", "fg": 5, "rotates": false },
          { "id": "bg_dirt_season_winter", "fg": 6, "rotates": false },
          { "id": "bg_fungal", "fg": 7, "rotates": false },
          { "id": "bg_shadow_item", "fg": 8, "rotates": false },
          { "id": "bg_shadow_normal", "fg": 9, "rotates": false },
          { "id": "dc_fridge", "fg": 10, "rotates": false },
          { "id": "fridge", "fg": 11, "rotates": false },
          { "id": "laptop", "fg": 12, "rotates": false },
          { "id": "t_scrap_floor", "fg": 13, "rotates": false },
          { "id": "vp_dc_fridge", "fg": 14, "rotates": false },
          { "id": "vp_fridge", "fg": 15, "rotates": false },
          { "id": "fd_migo_atmosphere", "fg": 16, "rotates": false },
          { "id": "mil_armor", "fg": 17, "rotates": false },
          { "id": "overlay_worn_mil_armor", "fg": 18, "rotates": false },
          { "id": "nuclear_waste", "fg": 19, "rotates": false },
          { "id": "acidic_bore", "fg": 20, "rotates": false },
          { "id": "afs_bag_of_holding", "fg": 21, "rotates": true },
          { "id": "overlay_worn_afs_bag_of_holding", "fg": 22, "rotates": true },
          { "id": "afs_holo_cloak_mk2", "fg": 23, "rotates": false },
          { "id": "overlay_worn_afs_holo_cloak_mk2", "fg": 24, "rotates": false },
          { "id": "afs_sentinel_cloak", "fg": 25, "rotates": false },
          { "id": "overlay_worn_afs_sentinel_cloak", "fg": 26, "rotates": false },
          { "id": "afs_titanium_vest", "fg": 27, "rotates": false },
          { "id": "overlay_worn_afs_titanium_vest", "fg": 28, "rotates": false },
          { "id": "q_solarpack", "fg": 29, "rotates": false },
          { "id": "overlay_worn_q_solarpack", "fg": 30, "rotates": false },
          { "id": "q_solarpack_on", "fg": 31, "rotates": false },
          { "id": "overlay_worn_q_solarpack_on", "fg": 32, "rotates": false },
          { "id": "bioweapon_chassis", "fg": 33, "rotates": false },
          { "id": "broken_afs_mon_migoturret", "fg": 34, "rotates": false },
          { "id": "humming_heart", "fg": 35, "rotates": false },
          { "id": "living_brain_jar", "fg": 36, "rotates": false },
          { "id": "sensory_cluster", "fg": 37, "rotates": false },
          { "id": "vibrating_blaster", "fg": 38, "rotates": false },
          { "id": "overlay_wielded_vibrating_blaster", "fg": 39, "rotates": false },
          { "id": "afs_librarian_book", "fg": 40, "rotates": false },
          { "id": "overlay_wielded_afs_librarian_book", "fg": 41, "rotates": false },
          { "id": "afs_textbook_handguns", "fg": 42, "rotates": false },
          { "id": "overlay_wielded_afs_textbook_handguns", "fg": 43 },
          { "id": "afs_textbook_launchers", "fg": 44, "rotates": false },
          { "id": "overlay_wielded_afs_textbook_launchers", "fg": 45 },
          { "id": "afs_textbook_rifles", "fg": 46, "rotates": false },
          { "id": "overlay_wielded_afs_textbook_rifles", "fg": 47 },
          { "id": "afs_textbook_shotguns", "fg": 48, "rotates": false },
          { "id": "overlay_wielded_afs_textbook_shotguns", "fg": 49 },
          { "id": "schematics_chickenbot", "fg": 50, "rotates": true },
          { "id": "schematics_tankbot", "fg": 51, "rotates": true },
          { "id": "schematics_tripod", "fg": 52, "rotates": true },
          { "id": "textbook_atomic", "fg": 53, "bg": 2, "rotates": false },
          { "id": "afs_holo_decoy_caster", "fg": 54, "rotates": false },
          { "id": "afs_holo_field_caster", "fg": 55, "rotates": false },
          { "id": "afs_holo_flare_caster", "fg": 56, "rotates": false },
          { "id": "afs_holo_transposition_caster", "fg": 57, "rotates": false },
          { "id": "afs_bio_dopamine_stimulators", "fg": 58, "bg": 8, "rotates": false },
          { "id": "afs_bio_linguistic_coprocessor", "fg": 59, "bg": 8, "rotates": false },
          { "id": "afs_bio_missiles", "fg": 60, "bg": 8, "rotates": false },
          { "id": "afs_bio_wind_turbine", "fg": 61, "bg": 8, "rotates": false },
          { "id": "bn_bio_solar", "fg": 62, "rotates": false },
          { "id": "frost_human_flesh", "fg": 63, "rotates": true },
          { "id": "yum_lichen", "fg": 64, "rotates": true },
          { "id": "yum_lichen_extra", "fg": 65, "rotates": true },
          { "id": "afs_calorie_pill", "fg": 66, "rotates": true },
          { "id": "afs_calorie_water", "fg": 67, "rotates": false },
          { "id": "afs_sundew", "fg": 68, "rotates": false },
          { "id": "afs_sunesthesia", "fg": 69, "rotates": false },
          { "id": "afs_sungel", "fg": 70, "rotates": false },
          { "id": "panacea", "fg": 71, "rotates": false },
          { "id": "afs_landfall_kit_2", "fg": 72, "rotates": true },
          { "id": "overlay_wielded_afs_landfall_kit_2", "fg": 73, "rotates": false },
          { "id": "broken_afs_mon_sentinel_lx", "fg": 74, "rotates": false },
          { "id": "broken_bloodhound_drone", "fg": 75, "rotates": false },
          { "id": "f_atomic_butter_churn", "fg": 76, "rotates": false },
          { "id": "afs_eidolon_derringer", "fg": 77, "rotates": false },
          { "id": "afs_sentinel_laser", "fg": 78, "rotates": false },
          { "id": "overlay_wielded_afs_sentinel_laser", "fg": 79, "rotates": false },
          { "id": "afs_sentinel_stunner", "fg": 80, "rotates": false },
          { "id": "overlay_wielded_afs_sentinel_stunner", "fg": 81, "rotates": false },
          { "id": "bot_bloodhound_drone", "fg": 82, "rotates": false },
          { "id": "bot_migoturret", "fg": 83, "rotates": false },
          { "id": "bot_sentinel_lx", "fg": 84, "rotates": false },
          { "id": "bot_tripod", "fg": 85, "rotates": false },
          { "id": "broken_tripod", "fg": 86, "rotates": false },
          { "id": "afs_basin", "fg": 87, "rotates": true },
          { "id": "overlay_wielded_afs_basin", "fg": 88, "rotates": true },
          { "id": "afs_cooking_rig", "fg": 89, "rotates": false },
          {
            "id": "vp_afs_cooking_rig",
            "fg": 90,
            "bg": 1,
            "rotates": false,
            "multitile": true,
            "additional_tiles": [ { "id": "broken", "fg": 91, "bg": 1 } ]
          },
          { "id": "afs_freezer", "fg": 92, "rotates": false },
          {
            "id": "vp_afs_freezer",
            "fg": 93,
            "rotates": false,
            "multitile": true,
            "additional_tiles": [ { "id": "broken", "fg": 94, "bg": [ 15, 11, 92, 10, 14, 201, 199, 93, 95 ] } ]
          },
          {
            "id": "afs_fridge",
            "fg": 95,
            "rotates": false,
            "multitile": true,
            "additional_tiles": [ { "id": "broken", "fg": 96, "bg": [ 15, 11, 92, 10, 14, 201, 199, 93, 95 ] } ]
          },
          {
            "id": "vp_afs_fridge",
            "fg": 97,
            "rotates": false,
            "multitile": true,
            "additional_tiles": [ { "id": "broken", "fg": 98 } ]
          },
          { "id": "afs_kitchen_rig", "fg": 99, "rotates": false },
          {
            "id": "afs_metal_rig",
            "fg": 100,
            "bg": 130,
            "rotates": false,
            "multitile": true,
            "additional_tiles": [ { "id": "broken", "fg": 101, "bg": 130 } ]
          },
          {
            "id": "vp_afs_metal_rig",
            "fg": 102,
            "bg": 130,
            "rotates": false,
            "multitile": true,
            "additional_tiles": [ { "id": "broken", "fg": 103, "bg": 130 } ]
          },
          { "id": "afs_radiobeacon", "fg": 104, "bg": 8, "rotates": false },
          { "id": "afs_scrap_titanium", "fg": 105, "rotates": false },
          { "id": "afs_titanium_implant", "fg": 106, "rotates": false },
          { "id": "afs_titanium_ring", "fg": 107, "rotates": false },
          { "id": "overlay_worn_afs_titanium_ring", "fg": 108, "rotates": false },
          { "id": "afs_titanium_small", "fg": 109, "rotates": false },
          { "id": "afs_titanium_tooth", "fg": 110, "rotates": false },
          { "id": "afs_titanium_watch", "fg": 111, "rotates": false },
          { "id": "overlay_worn_afs_titanium_watch", "fg": 112, "rotates": false },
          { "id": "atomic_butterchurn", "fg": 113, "rotates": false },
          { "id": "atomic_pseudo_churn", "fg": 114, "rotates": false },
          { "id": "crypto_coin", "fg": 115, "rotates": false },
          { "id": "hazardous_waste_drum", "fg": 116, "rotates": false },
          { "id": "nuclear_fuel", "fg": 117, "rotates": false },
          { "id": "mutagen", "fg": 118, "rotates": false },
          { "id": "afs_bio_precision_solderers", "fg": 119, "bg": 8, "rotates": false },
          { "id": "afs_blatant_half_life_reference", "fg": 120, "rotates": true },
          { "id": "overlay_worn_afs_blatant_half_life_reference", "fg": 121, "rotates": true },
          { "id": "afs_boot_quiver", "fg": 122, "rotates": true },
          { "id": "overlay_worn_afs_boot_quiver", "fg": 123, "rotates": true },
          { "id": "afs_brigandine", "fg": 124, "rotates": true },
          { "id": "overlay_worn_afs_brigandine", "fg": 125, "rotates": true },
          { "id": "afs_brigandine_crafted", "fg": 126, "rotates": true },
          { "id": "overlay_worn_afs_brigandine_crafted", "fg": 127, "rotates": true },
          { "id": "afs_dough", "fg": 128, "rotates": true },
          { "id": "afs_hauling_space", "fg": 129, "rotates": false },
          {
            "id": "vp_afs_hauling_space",
            "fg": 130,
            "bg": 7,
            "rotates": false,
            "multitile": true,
            "additional_tiles": [ { "id": "broken", "fg": 131, "bg": 7 } ]
          },
          { "id": "afs_hev_helmet", "fg": 132, "rotates": true },
          { "id": "overlay_worn_afs_hev_helmet", "fg": 133, "rotates": true },
          { "id": "afs_hev_helmet_on", "fg": 134, "rotates": true },
          { "id": "afs_mbr_titanium", "fg": 135, "bg": 8, "rotates": false },
          { "id": "overlay_worn_afs_mbr_titanium", "fg": 136, "rotates": false },
          { "id": "afs_quilt", "fg": 137, "rotates": false },
          { "id": "overlay_worn_afs_quilt", "fg": 138, "rotates": false },
          { "id": "afs_quilt_patchwork", "fg": 139, "rotates": false },
          { "id": "overlay_worn_afs_quilt_patchwork", "fg": 140, "rotates": false },
          { "id": "afs_solderers_item", "fg": 141, "rotates": false },
          { "id": "afs_survivor_belt", "fg": 142 },
          { "id": "overlay_worn_afs_survivor_belt", "fg": 143, "rotates": false },
          { "id": "survivor_belt", "fg": 144 },
          { "id": "overlay_worn_survivor_belt", "fg": 145, "rotates": false },
          { "id": "spidery_legs_big", "fg": 146, "rotates": false },
          { "id": "tripod_chassis", "fg": 147, "rotates": false },
          { "id": "adv_UPS_off", "fg": 148, "rotates": false },
          { "id": "afs_atomic_smartphone", "fg": 149, "rotates": false },
          { "id": "afs_atomic_smartphone_flashlight", "fg": 150, "rotates": false },
          { "id": "afs_atomic_smartphone_music", "fg": 151, "rotates": false },
          { "id": "afs_atomic_wraitheon_flashlight", "fg": 152, "rotates": false },
          { "id": "overlay_wielded_afs_atomic_wraitheon_flashlight", "fg": 153, "rotates": false },
          { "id": "afs_atomic_wraitheon_music", "fg": 154, "rotates": false },
          { "id": "afs_atompot", "fg": 155, "rotates": true },
          { "id": "afs_bionic_power_mod", "fg": 156, "rotates": true },
          { "id": "afs_chain_wrench", "fg": 157, "rotates": true },
          { "id": "overlay_wielded_afs_chain_wrench", "fg": 158, "rotates": true },
          { "id": "afs_murdersaw", "fg": 159, "rotates": false },
          { "id": "overlay_wielded_afs_murdersaw", "fg": 160, "rotates": false },
          { "id": "afs_murdersaw_on", "fg": 161, "rotates": false },
          { "id": "overlay_wielded_afs_murdersaw_on", "fg": 162, "rotates": false },
          { "id": "afs_power_cutter", "fg": 163, "rotates": false },
          { "id": "overlay_wielded_afs_power_cutter", "fg": 164, "rotates": false },
          { "id": "afs_power_cutter_on", "fg": 165, "rotates": false },
          { "id": "overlay_wielded_afs_power_cutter_on", "fg": 166, "rotates": false },
          { "id": "afs_rope_lighter", "fg": 167, "rotates": false },
          { "id": "overlay_wielded_afs_rope_lighter", "fg": 168, "rotates": false },
          { "id": "afs_wraitheon_smartphone", "fg": 169, "rotates": false },
          { "id": "control_laptop", "fg": 170, "bg": 12 },
          { "id": "overlay_wielded_control_laptop", "fg": 171 },
          { "id": "UPS_off", "fg": 172, "rotates": false },
          { "id": "afs_bionic_rocket", "fg": 173, "rotates": true },
          { "id": "overlay_wielded_afs_bionic_rocket", "fg": 174, "rotates": true },
          { "id": "afs_energy_saber_off", "fg": 175, "rotates": true },
          { "id": "overlay_wielded_afs_energy_saber_off", "fg": 176, "rotates": true },
          { "id": "afs_energy_saber_on", "fg": 177, "rotates": true },
          { "id": "overlay_wielded_afs_energy_saber_on", "fg": 178, "rotates": true },
          { "id": "afs_hardlight_longbow", "fg": 179, "rotates": true },
          { "id": "overlay_wielded_afs_hardlight_longbow", "fg": 180, "rotates": true },
          { "id": "overlay_worn_afs_hardlight_longbow", "fg": 181, "rotates": true },
          { "id": "afs_hydraulic_gauntlet", "fg": 182, "rotates": false },
          { "id": "overlay_wielded_afs_hydraulic_gauntlet", "fg": 183, "rotates": false },
          { "id": "afs_rolling_pin_barbed_wire", "fg": 184, "rotates": false },
          { "id": "overlay_wielded_afs_rolling_pin_barbed_wire", "fg": 185, "rotates": false },
          { "id": "afs_titanium_bat", "fg": 186, "rotates": false },
          { "id": "overlay_wielded_afs_titanium_bat", "fg": 187, "rotates": false },
          { "id": "ceramic_knife", "fg": 188, "rotates": false },
          { "id": "overlay_wielded_ceramic_knife", "fg": 189, "rotates": false },
          { "id": "golf_club", "fg": 190, "rotates": false },
          { "id": "overlay_wielded_golf_club", "fg": 191, "rotates": false },
          { "id": "laser_rifle_cheap", "fg": 192, "rotates": false },
          { "id": "overlay_wielded_laser_rifle_cheap", "fg": 193, "rotates": false },
          { "id": "TANK", "fg": 194, "rotates": false },
          { "id": "f_afs_escape_pod_seat", "fg": [ 197, 198, 196, 195 ], "rotates": true },
          {
            "id": "f_afs_freezer_vehicle",
            "fg": 199,
            "rotates": false,
            "multitile": true,
            "additional_tiles": [ { "id": "broken", "fg": 200, "bg": [ 15, 11, 92, 10, 14, 201, 199, 93, 95 ] } ]
          },
          {
            "id": "f_afs_fridge_vehicle",
            "fg": 201,
            "rotates": false,
            "multitile": true,
            "additional_tiles": [ { "id": "broken", "fg": 202, "bg": [ 15, 11, 92, 10, 14, 201, 199, 93, 95 ] } ]
          },
          { "id": "f_shrub_moss", "fg": 203, "rotates": false },
          {
            "id": "t_ice",
            "fg": 204,
            "bg": 5,
            "rotates": true,
            "multitile": true,
            "additional_tiles": [
              { "id": "center", "fg": 205, "bg": 5 },
              { "id": "corner", "fg": [ 206, 207, 208, 209 ], "bg": 5 },
              { "id": "t_connection", "fg": [ 216, 217, 218, 219 ], "bg": 5 },
              { "id": "edge", "fg": [ 210, 211 ], "bg": 5 },
              { "id": "end_piece", "fg": [ 212, 213, 214, 215 ], "bg": 5 },
              { "id": "unconnected", "fg": 220, "bg": 5 }
            ]
          },
          {
            "id": "t_lichen",
            "fg": 221,
            "bg": 204,
            "rotates": true,
            "multitile": true,
            "additional_tiles": [
              { "id": "center", "fg": 222, "bg": 204 },
              { "id": "corner", "fg": [ 223, 224, 225, 226 ], "bg": 204 },
              { "id": "t_connection", "fg": [ 233, 234, 235, 236 ], "bg": 204 },
              { "id": "edge", "fg": [ 227, 228 ], "bg": 204 },
              { "id": "end_piece", "fg": [ 229, 230, 231, 232 ], "bg": 204 },
              { "id": "unconnected", "fg": 237, "bg": 204 }
            ]
          },
          { "id": "t_lichendirt", "fg": 238, "rotates": false },
          { "id": "t_lichenyum", "fg": 239, "rotates": false },
          { "id": "t_afs_escapepod_g", "fg": 240 },
          { "id": "t_afs_space_ship_hatch_c", "fg": 241 },
          {
            "id": "t_afs_space_ship_hull_wall",
            "fg": 242,
            "bg": 4,
            "rotates": false,
            "multitile": true,
            "additional_tiles": [
              { "id": "center", "fg": 243, "bg": 4 },
              { "id": "corner", "fg": [ 244, 245, 246, 247 ], "bg": 4 },
              { "id": "t_connection", "fg": [ 254, 255, 256, 257 ], "bg": 4 },
              { "id": "edge", "fg": [ 248, 249 ], "bg": 4 },
              { "id": "end_piece", "fg": [ 250, 251, 252, 253 ], "bg": 4 },
              { "id": "unconnected", "fg": 258, "bg": 4 }
            ]
          },
          { "id": "t_nuclear_reactor", "fg": 259, "bg": 13, "rotates": false },
          { "id": "afs_mon_cyber_mastiff", "fg": 260, "bg": 9, "rotates": false },
          { "id": "corpse_afs_mon_cyber_mastiff", "fg": 261, "rotates": false },
          { "id": "afs_mon_cyber_mastiff_pup", "fg": 262, "bg": 9, "rotates": false },
          { "id": "corpse_afs_mon_cyber_mastiff_pup", "fg": 263, "rotates": false },
          { "id": "afs_mon_migoturret", "fg": 264, "bg": 9, "rotates": false },
          { "id": "afs_mon_sentinel_lx", "fg": 265, "bg": 9, "rotates": false },
          { "id": "mon_bloodhound_drone", "fg": 266, "bg": 9, "rotates": false },
          { "id": "mon_migoturret_whately", "fg": 267, "bg": 9, "rotates": false },
          { "id": "mon_uplifted_ape", "fg": 268, "bg": 9, "rotates": false },
          { "id": "corpse_mon_uplifted_ape", "fg": 269, "rotates": false },
          { "id": "mon_uplifted_bear", "fg": 270, "bg": 9, "rotates": false },
          { "id": "corpse_mon_uplifted_bear", "fg": 271, "rotates": false },
          { "id": "mon_uplifted_bear_cub", "fg": 272, "bg": 9, "rotates": false },
          { "id": "corpse_mon_uplifted_bear_cub", "fg": 273, "rotates": false },
          { "id": "mon_afs_headless_zombie", "fg": 274, "bg": 9, "rotates": false },
          { "id": "corpse_mon_afs_headless_zombie", "fg": 275, "rotates": false },
          { "id": "mon_moxie_regenerator", "fg": 276, "bg": 9, "rotates": false },
          { "id": "corpse_mon_moxie_regenerator", "fg": 277, "rotates": false },
          { "id": "mon_uplifted_ape_zed", "fg": 278, "bg": 9, "rotates": false },
          { "id": "corpse_mon_uplifted_ape_zed", "fg": 279, "rotates": false },
          { "id": "mon_zombie_upliftedbear", "fg": 280, "bg": 9, "rotates": false },
          { "id": "corpse_mon_zombie_upliftedbear", "fg": 281, "rotates": false },
          { "id": "overlay_female_mutation_FUR", "fg": 282, "rotates": false },
          { "id": "overlay_male_mutation_FUR", "fg": 283, "rotates": false },
          { "id": "overlay_female_mutation_LIGHTFUR", "fg": 284, "rotates": false },
          { "id": "overlay_male_mutation_LIGHTFUR", "fg": 285, "rotates": false },
          { "id": "overlay_female_mutation_URSINE_FUR", "fg": 286, "rotates": false },
          { "id": "overlay_male_mutation_URSINE_FUR", "fg": 287, "rotates": false },
          { "id": "anesthetic", "fg": 288, "rotates": false },
          { "id": "f_autodoc", "fg": 289, "rotates": true },
          { "id": "afs_control_station", "fg": 290, "rotates": false },
          {
            "id": "vp_afs_control_station",
            "fg": 291,
            "bg": 1,
            "rotates": true,
            "multitile": true,
            "additional_tiles": [ { "id": "broken", "fg": 292, "bg": 1 } ]
          },
          { "id": "afs_titanium_frame", "fg": 293, "rotates": true },
          { "id": "solar_panel_v3", "fg": 294, "bg": 8, "rotates": false },
          {
            "id": "vp_solar_panel_v3",
            "fg": 295,
            "rotates": true,
            "multitile": true,
            "additional_tiles": [ { "id": "broken", "fg": 296 } ]
          },
          {
            "id": "vp_afs_cargo_trough",
            "fg": 297,
            "rotates": true,
            "multitile": true,
            "additional_tiles": [ { "id": "broken", "fg": 298 } ]
          },
          {
            "id": "vp_afs_crude_plating",
            "fg": 299,
            "rotates": true,
            "multitile": true,
            "additional_tiles": [ { "id": "broken", "fg": 300 } ]
          },
          {
            "id": "vp_afs_kitchen_rig",
            "fg": 301,
            "bg": 3,
            "rotates": false,
            "multitile": true,
            "additional_tiles": [ { "id": "broken", "fg": 302, "bg": 3 } ]
          },
          { "id": "vp_afs_lightweight_frame_cover", "fg": 303, "rotates": true },
          { "id": "vp_afs_lightweight_frame_cross", "fg": 304, "rotates": true },
          { "id": "vp_afs_lightweight_frame_horizontal", "fg": 305, "rotates": true },
          { "id": "vp_afs_lightweight_frame_horizontal_2", "fg": 306, "rotates": true },
          { "id": "vp_afs_lightweight_frame_ne", "fg": 307, "rotates": true },
          { "id": "vp_afs_lightweight_frame_nw", "fg": 308, "rotates": true },
          { "id": "vp_afs_lightweight_frame_se", "fg": 309, "rotates": true },
          { "id": "vp_afs_lightweight_frame_sw", "fg": 310, "rotates": true },
          { "id": "vp_afs_lightweight_frame_vertical", "fg": 311, "rotates": true },
          { "id": "vp_afs_lightweight_frame_vertical_2", "fg": 312, "rotates": true },
          {
            "id": "vp_afs_mounted_external_tank",
            "fg": 313,
            "rotates": true,
            "multitile": true,
            "additional_tiles": [ { "id": "broken", "fg": 314 } ]
          },
          {
            "id": "vp_robot_cargo",
            "fg": 315,
            "rotates": true,
            "multitile": true,
            "additional_tiles": [ { "id": "broken", "fg": 316 } ]
          }
        ],
        "//": "range 1 to 320",
        "sprite_width": 32,
        "sprite_height": 32,
        "sprite_offset_x": 0,
        "sprite_offset_y": 0
      },
      {
        "file": "mod_tileset/Aftershock_large.png",
        "tiles": [
          { "id": "bg_big_dirt", "fg": 321, "rotates": false },
          { "id": "bg_big_dirt_frozen", "fg": 322, "rotates": false },
          { "id": "bot_chickenbot", "fg": 323, "rotates": false },
          { "id": "bot_tankbot", "fg": 324, "rotates": false },
          { "id": "broken_chickenbot", "fg": 325, "rotates": false },
          { "id": "broken_tankbot", "fg": 326, "rotates": false },
          { "id": "overlay_worn_afs_hev_helmet_on", "fg": 327, "rotates": false },
          { "id": "chickenbot_chassis", "fg": 328, "rotates": false },
          { "id": "tankbot_chassis", "fg": 329, "rotates": false },
          { "id": "t_tree_lichen", "fg": 330, "bg": 322, "rotates": false },
          { "id": "t_tree_worm", "fg": 331, "bg": 322, "rotates": false },
          { "id": "f_geo_vent", "fg": 332, "rotates": false },
          { "id": "t_afs_space_ship_hatch_o", "fg": 333 },
          { "id": "mon_chickenbot", "fg": 334, "rotates": false },
          { "id": "mon_tankbot", "fg": 335, "rotates": false },
          { "id": "mon_afs_headless_horror", "fg": 336, "rotates": false },
          { "id": "corpse_mon_afs_headless_horror", "fg": 337, "rotates": false },
          { "id": "mon_zombie_oliphant", "fg": 338, "rotates": false },
          { "id": "corpse_mon_zombie_oliphant", "fg": 339, "rotates": false }
        ],
        "//": "range 321 to 352",
        "sprite_width": 64,
        "sprite_height": 80,
        "sprite_offset_x": -16,
        "sprite_offset_y": -48
      }
    ]
  }
]
