[
  {
    "type": "vehicle_part",
    "id": "cargo_rack_extended",
    "name": { "str": "cargo shelving" },
    "symbol": "=",
    "looks_like": "box",
    "color": "light_gray",
    "broken_symbol": "#",
    "broken_color": "dark_gray",
    "durability": 250,
    "size": 4000,
    "item": "vehicle_shelving",
    "location": "center",
    "requirements": {
      "install": { "skills": [ [ "mechanics", 1 ] ], "time": "120 m", "using": [ [ "welding_standard", 5 ] ] },
      "removal": { "skills": [ [ "mechanics", 2 ] ], "time": "60 m", "using": [ [ "vehicle_weld_removal", 1 ] ] },
      "repair": { "skills": [ [ "mechanics", 2 ] ], "time": "120 m", "using": [ [ "welding_standard", 5 ] ] }
    },
    "flags": [ "OBSTACLE", "CARGO", "COVERED" ],
    "breaks_into": [
      { "item": "steel_lump", "count": [ 6, 16 ] },
      { "item": "steel_chunk", "count": [ 6, 16 ] },
      { "item": "scrap", "count": [ 6, 16 ] }
    ],
    "damage_reduction": { "all": 28 }
  },
  {
    "id": "solar_array",
    "type": "vehicle_part",
    "name": { "str": "solar array" },
    "item": "solar_array",
    "location": "center",
    "symbol": "#",
    "broken_symbol": "x",
    "color": "yellow",
    "broken_color": "yellow",
    "durability": 250,
    "epower": 600,
    "damage_modifier": 10,
    "description": "A dozen solar panels set on a chassis reaching several meters high.  It keeps the fragile panels safely away from any potential threats and improves efficiency due to being able track the sun.  Will recharge the vehicle's electrical power when exposed to the sun.",
    "breaks_into": [
      { "item": "steel_lump", "count": [ 3, 6 ] },
      { "item": "steel_chunk", "count": [ 6, 12 ] },
      { "item": "scrap", "count": [ 8, 16 ] },
      { "item": "solar_cell", "count": [ 10, 40 ] }
    ],
    "requirements": {
      "install": { "skills": [ [ "mechanics", 6 ] ], "time": "60 m", "using": [ [ "welding_standard", 5 ] ] },
      "removal": { "skills": [ [ "mechanics", 4 ] ], "time": "30 m", "using": [ [ "vehicle_weld_removal", 1 ] ] },
      "repair": { "skills": [ [ "mechanics", 7 ] ], "time": "60 m", "using": [ [ "welding_standard", 5 ] ] }
    },
    "flags": [ "SOLAR_PANEL", "OBSTACLE" ]
  },
  {
    "id": "solar_array2",
    "type": "vehicle_part",
    "name": { "str": "upgraded solar array" },
    "item": "solar_array2",
    "location": "center",
    "symbol": "#",
    "broken_symbol": "x",
    "color": "yellow",
    "broken_color": "yellow",
    "durability": 250,
    "epower": 1200,
    "damage_modifier": 10,
    "description": "A dozen upgraded solar panels set on a chassis reaching several meters high.  It keeps the fragile panels safely away from any potential threats and improves efficiency due to being able track the sun.  Will recharge the vehicle's electrical power when exposed to the sun.",
    "breaks_into": [
      { "item": "steel_lump", "count": [ 3, 6 ] },
      { "item": "steel_chunk", "count": [ 6, 12 ] },
      { "item": "scrap", "count": [ 8, 16 ] },
      { "item": "solar_cell", "count": [ 20, 60 ] }
    ],
    "requirements": {
      "install": { "skills": [ [ "mechanics", 6 ] ], "time": "60 m", "using": [ [ "welding_standard", 5 ] ] },
      "removal": { "skills": [ [ "mechanics", 4 ] ], "time": "30 m", "using": [ [ "vehicle_weld_removal", 1 ] ] },
      "repair": { "skills": [ [ "mechanics", 7 ] ], "time": "60 m", "using": [ [ "welding_standard", 5 ] ] }
    },
    "flags": [ "SOLAR_PANEL", "OBSTACLE" ]
  },
  {
    "id": "solar_array2r",
    "type": "vehicle_part",
    "name": { "str": "upgraded reinforced solar array" },
    "item": "solar_array2r",
    "location": "center",
    "symbol": "#",
    "broken_symbol": "x",
    "color": "light_blue",
    "broken_color": "light_gray",
    "durability": 500,
    "epower": 1080,
    "damage_modifier": 10,
    "description": "A dozen upgraded solar panels set on a chassis reaching several meters high.  It keeps the fragile panels safely away from any potential threats and improves efficiency due to being able track the sun.  Will recharge the vehicle's electrical power when exposed to the sun.",
    "breaks_into": [
      { "item": "steel_lump", "count": [ 6, 11 ] },
      { "item": "steel_chunk", "count": [ 12, 23 ] },
      { "item": "scrap", "count": [ 16, 31 ] },
      { "item": "solar_cell", "count": [ 20, 60 ] }
    ],
    "requirements": {
      "install": { "skills": [ [ "mechanics", 8 ] ], "time": "60 m", "using": [ [ "welding_standard", 5 ] ] },
      "removal": { "skills": [ [ "mechanics", 6 ] ], "time": "30 m", "using": [ [ "vehicle_weld_removal", 1 ] ] },
      "repair": { "skills": [ [ "mechanics", 9 ] ], "time": "60 m", "using": [ [ "welding_standard", 5 ] ] }
    },
    "flags": [ "SOLAR_PANEL", "OBSTACLE" ]
  },
  {
    "id": "wiring",
    "type": "vehicle_part",
    "name": { "str": "wiring" },
    "item": "wire",
    "location": "structure",
    "symbol": ".",
    "broken_symbol": "#",
    "color": "white",
    "broken_color": "white",
    "durability": 10,
    "description": "A length of heavy duty copper wire, useful for routing power from one part of a vehicle to another part.",
    "folded_volume": "250 ml",
    "breaks_into": [ { "item": "wire", "prob": 50 } ],
    "requirements": {
      "install": { "skills": [ [ "mechanics", 1 ] ], "time": "60 s" },
      "removal": { "skills": [ [ "mechanics", 2 ] ], "time": "30 s" },
      "repair": { "skills": [ [ "mechanics", 2 ] ], "time": "60 s" }
    },
    "flags": [ "INITIAL_PART", "FOLDABLE", "AISLE" ]
  },
  {
    "id": "stabilized_cargo_portal",
    "type": "vehicle_part",
    "name": { "str": "pocket dimension cargo" },
    "//": "Keep away from Svarog detectors!",
    "item": "space_anomaly",
    "location": "center",
    "symbol": "O",
    "broken_symbol": "O",
    "color": "magenta",
    "broken_color": "magenta",
    "durability": 400,
    "size": 6000,
    "cargo_weight_modifier": 0,
    "breaks_into": [ { "item": "cargo_rack", "prob": 50 } ],
    "requirements": {
      "install": { "skills": [ [ "mechanics", 8 ] ], "time": "60 m", "using": [ [ "welding_standard", 5 ] ] },
      "removal": { "skills": [ [ "mechanics", 6 ] ], "time": "30 m", "using": [ [ "vehicle_weld_removal", 1 ] ] },
      "repair": { "skills": [ [ "mechanics", 9 ] ], "time": "60 m", "using": [ [ "welding_standard", 5 ] ] }
    },
    "flags": [ "CARGO", "COVERED" ]
  }
]
