[
  {
    "id": "mounted_TDI",
    "copy-from": "turret",
    "type": "vehicle_part",
    "name": { "str": "TDI Vector turret" },
    "item": "TDI",
    "breaks_into": [ { "item": "TDI", "prob": 50 } ],
    "requirements": { "install": { "skills": [ [ "mechanics", 3 ] ] }, "removal": { "skills": [ [ "mechanics", 1 ] ] } }
  },
  {
    "id": "mounted_bolter",
    "copy-from": "turret",
    "type": "vehicle_part",
    "name": { "str": "storm bolter turret" },
    "item": "bolter",
    "color": "light_gray",
    "broken_color": "light_gray",
    "breaks_into": [ { "item": "bolter", "prob": 50 } ],
    "requirements": { "install": { "skills": [ [ "mechanics", 4 ] ] }, "removal": { "skills": [ [ "mechanics", 2 ] ] } }
  },
  {
    "id": "mounted_cangun",
    "copy-from": "turret",
    "type": "vehicle_part",
    "name": { "str": "slingshot cannon turret" },
    "item": "cangun",
    "color": "brown",
    "broken_color": "brown",
    "breaks_into": [ { "item": "cangun", "prob": 50 } ],
    "requirements": { "install": { "skills": [ [ "mechanics", 5 ] ] }, "removal": { "skills": [ [ "mechanics", 3 ] ] } }
  },
  {
    "id": "mounted_acr",
    "copy-from": "turret",
    "type": "vehicle_part",
    "name": { "str": "Remington ACR turret" },
    "item": "acr",
    "breaks_into": [ { "item": "acr", "prob": 50 } ],
    "requirements": { "install": { "skills": [ [ "mechanics", 3 ] ] }, "removal": { "skills": [ [ "mechanics", 1 ] ] } }
  },
  {
    "id": "mounted_gattler1",
    "copy-from": "turret",
    "type": "vehicle_part",
    "name": { "str": "rotary cannon turret" },
    "item": "gattler",
    "breaks_into": [ { "item": "gattler", "prob": 50 } ],
    "requirements": { "install": { "skills": [ [ "mechanics", 5 ] ] }, "removal": { "skills": [ [ "mechanics", 3 ] ] } }
  },
  {
    "id": "mounted_ak47",
    "copy-from": "turret",
    "type": "vehicle_part",
    "name": { "str": "AK47 turret" },
    "item": "ak47",
    "breaks_into": [ { "item": "ak47", "prob": 50 } ],
    "requirements": { "install": { "skills": [ [ "mechanics", 3 ] ] }, "removal": { "skills": [ [ "mechanics", 1 ] ] } }
  },
  {
    "id": "mounted_ak74",
    "copy-from": "turret",
    "type": "vehicle_part",
    "name": { "str": "AK74 turret" },
    "item": "ak74",
    "breaks_into": [ { "item": "ak74", "prob": 50 } ],
    "requirements": { "install": { "skills": [ [ "mechanics", 3 ] ] }, "removal": { "skills": [ [ "mechanics", 1 ] ] } }
  },
  {
    "id": "mounted_lasgun",
    "copy-from": "turret",
    "type": "vehicle_part",
    "name": { "str": "laser cannon turret" },
    "item": "lasgun",
    "color": "blue",
    "broken_color": "blue",
    "breaks_into": [ { "item": "lasgun", "prob": 50 } ],
    "requirements": { "install": { "skills": [ [ "mechanics", 6 ] ] }, "removal": { "skills": [ [ "mechanics", 4 ] ] } }
  },
  {
    "id": "mounted_lasgunp",
    "copy-from": "turret",
    "type": "vehicle_part",
    "name": { "str": "pulse laser turret" },
    "item": "lasgunp",
    "color": "blue",
    "broken_color": "blue",
    "breaks_into": [ { "item": "lasgun", "prob": 50 } ],
    "requirements": { "install": { "skills": [ [ "mechanics", 6 ] ] }, "removal": { "skills": [ [ "mechanics", 4 ] ] } }
  },
  {
    "id": "mounted_lasgunx",
    "copy-from": "turret",
    "type": "vehicle_part",
    "name": { "str": "turbolaser turret" },
    "item": "lasgunx",
    "color": "magenta",
    "broken_color": "magenta",
    "breaks_into": [ { "item": "lasgunx", "prob": 50 } ],
    "requirements": { "install": { "skills": [ [ "mechanics", 6 ] ] }, "removal": { "skills": [ [ "mechanics", 4 ] ] } }
  },
  {
    "id": "mounted_american_180",
    "copy-from": "turret",
    "type": "vehicle_part",
    "name": { "str": "American-180 turret" },
    "item": "american_180",
    "breaks_into": [ { "item": "american_180", "prob": 50 } ],
    "requirements": { "install": { "skills": [ [ "mechanics", 3 ] ] }, "removal": { "skills": [ [ "mechanics", 1 ] ] } }
  },
  {
    "id": "mounted_an94",
    "copy-from": "turret",
    "type": "vehicle_part",
    "name": { "str": "AN94 turret" },
    "item": "an94",
    "breaks_into": [ { "item": "an94", "prob": 50 } ],
    "requirements": { "install": { "skills": [ [ "mechanics", 3 ] ] }, "removal": { "skills": [ [ "mechanics", 1 ] ] } }
  },
  {
    "id": "mounted_nailer",
    "copy-from": "turret",
    "type": "vehicle_part",
    "name": { "str": "perforator turret" },
    "item": "nailer",
    "breaks_into": [ { "item": "nailer", "prob": 50 } ],
    "requirements": { "install": { "skills": [ [ "mechanics", 5 ] ] }, "removal": { "skills": [ [ "mechanics", 3 ] ] } }
  },
  {
    "id": "mounted_needler",
    "copy-from": "turret",
    "type": "vehicle_part",
    "name": { "str": "needler turret" },
    "item": "needler",
    "color": "blue",
    "broken_color": "blue",
    "breaks_into": [ { "item": "needler", "prob": 50 } ],
    "requirements": { "install": { "skills": [ [ "mechanics", 5 ] ] }, "removal": { "skills": [ [ "mechanics", 3 ] ] } }
  },
  {
    "id": "mounted_ar15",
    "copy-from": "turret",
    "type": "vehicle_part",
    "name": { "str": "AR-15 turret" },
    "item": "ar15",
    "breaks_into": [ { "item": "ar15", "prob": 50 } ],
    "requirements": { "install": { "skills": [ [ "mechanics", 3 ] ] }, "removal": { "skills": [ [ "mechanics", 1 ] ] } }
  },
  {
    "id": "mounted_railturret",
    "copy-from": "turret",
    "type": "vehicle_part",
    "name": { "str": "hypervelocity driver turret" },
    "item": "railturret",
    "color": "magenta",
    "broken_color": "magenta",
    "breaks_into": [ { "item": "railturret", "prob": 50 } ],
    "requirements": { "install": { "skills": [ [ "mechanics", 5 ] ] }, "removal": { "skills": [ [ "mechanics", 3 ] ] } }
  },
  {
    "id": "mounted_ripper",
    "copy-from": "turret",
    "type": "vehicle_part",
    "name": { "str": "ripper turret" },
    "item": "ripper",
    "broken_symbol": "x",
    "color": "dark_gray",
    "broken_color": "dark_gray",
    "power": -8750,
    "breaks_into": [ { "item": "ripper", "prob": 50 } ],
    "requirements": { "install": { "skills": [ [ "mechanics", 4 ] ] }, "removal": { "skills": [ [ "mechanics", 2 ] ] } },
    "extend": { "flags": [ "EXTRA_DRAG" ] }
  },
  {
    "id": "mounted_scorpion",
    "copy-from": "turret",
    "type": "vehicle_part",
    "name": { "str": "scorpion turret" },
    "item": "scorpion",
    "color": "brown",
    "broken_color": "brown",
    "breaks_into": [ { "item": "scorpion", "prob": 50 } ],
    "requirements": { "install": { "skills": [ [ "mechanics", 4 ] ] }, "removal": { "skills": [ [ "mechanics", 2 ] ] } }
  },
  {
    "id": "mounted_shardgun",
    "copy-from": "turret",
    "type": "vehicle_part",
    "name": { "str": "splintergun turret" },
    "item": "shardgun",
    "color": "blue",
    "broken_color": "blue",
    "breaks_into": [ { "item": "shardgun", "prob": 50 } ],
    "requirements": { "install": { "skills": [ [ "mechanics", 6 ] ] }, "removal": { "skills": [ [ "mechanics", 4 ] ] } }
  },
  {
    "id": "mounted_teslagun",
    "copy-from": "turret",
    "type": "vehicle_part",
    "name": { "str": "tesla turret" },
    "item": "teslagun",
    "color": "blue",
    "broken_color": "blue",
    "breaks_into": [ { "item": "teslagun", "prob": 50 } ],
    "requirements": { "install": { "skills": [ [ "mechanics", 3 ] ] }, "removal": { "skills": [ [ "mechanics", 1 ] ] } }
  },
  {
    "id": "mounted_tiharturret",
    "copy-from": "turret",
    "type": "vehicle_part",
    "name": { "str": "avalanche turret" },
    "item": "tiharturret",
    "color": "light_gray",
    "broken_color": "light_gray",
    "breaks_into": [ { "item": "tiharturret", "prob": 50 } ],
    "requirements": { "install": { "skills": [ [ "mechanics", 4 ] ] }, "removal": { "skills": [ [ "mechanics", 2 ] ] } }
  },
  {
    "id": "mounted_bigun",
    "copy-from": "turret",
    "type": "vehicle_part",
    "name": { "str": "autoshotgun turret" },
    "item": "bigun",
    "breaks_into": [ { "item": "bigun", "prob": 50 } ],
    "requirements": { "install": { "skills": [ [ "mechanics", 4 ] ] }, "removal": { "skills": [ [ "mechanics", 2 ] ] } }
  },
  {
    "id": "mounted_blunderbuss",
    "copy-from": "turret",
    "type": "vehicle_part",
    "name": { "str": "blunderbuss turret" },
    "item": "blunderbuss",
    "breaks_into": [ { "item": "blunderbuss", "prob": 50 } ],
    "requirements": { "install": { "skills": [ [ "mechanics", 5 ] ] }, "removal": { "skills": [ [ "mechanics", 3 ] ] } }
  },
  {
    "id": "mounted_browning_blr",
    "copy-from": "turret",
    "type": "vehicle_part",
    "name": { "str": "Browning BLR turret" },
    "item": "browning_blr",
    "breaks_into": [ { "item": "browning_blr", "prob": 50 } ],
    "requirements": { "install": { "skills": [ [ "mechanics", 3 ] ] }, "removal": { "skills": [ [ "mechanics", 1 ] ] } }
  },
  {
    "id": "mounted_calico",
    "copy-from": "turret",
    "type": "vehicle_part",
    "name": { "str": "Calico M960 turret" },
    "item": "calico",
    "breaks_into": [ { "item": "calico", "prob": 50 } ],
    "requirements": { "install": { "skills": [ [ "mechanics", 3 ] ] }, "removal": { "skills": [ [ "mechanics", 1 ] ] } }
  },
  {
    "id": "mounted_carbine_flintlock",
    "copy-from": "turret",
    "type": "vehicle_part",
    "name": { "str": "flintlock carbine turret" },
    "item": "carbine_flintlock",
    "symbol": "+",
    "broken_symbol": "x",
    "color": "dark_gray",
    "broken_color": "dark_gray",
    "durability": 240,
    "breaks_into": [ { "item": "carbine_flintlock", "prob": 50 } ],
    "requirements": { "install": { "skills": [ [ "mechanics", 4 ] ] }, "removal": { "skills": [ [ "mechanics", 2 ] ] } }
  },
  {
    "id": "mounted_coilgun",
    "copy-from": "turret",
    "type": "vehicle_part",
    "name": { "str": "coilgun turret" },
    "item": "coilgun",
    "breaks_into": [ { "item": "coilgun", "prob": 50 } ],
    "requirements": { "install": { "skills": [ [ "mechanics", 5 ] ] }, "removal": { "skills": [ [ "mechanics", 3 ] ] } }
  },
  {
    "id": "mounted_cutter",
    "copy-from": "turret",
    "type": "vehicle_part",
    "name": { "str": "lacerator turret" },
    "item": "cutter",
    "broken_symbol": "x",
    "color": "dark_gray",
    "broken_color": "dark_gray",
    "power": -1750,
    "breaks_into": [ { "item": "cutter", "prob": 50 } ],
    "requirements": { "install": { "skills": [ [ "mechanics", 4 ] ] }, "removal": { "skills": [ [ "mechanics", 2 ] ] } },
    "extend": { "flags": [ "EXTRA_DRAG" ] }
  },
  {
    "id": "mounted_cx4",
    "copy-from": "turret",
    "type": "vehicle_part",
    "name": { "str": "Cx4 Storm turret" },
    "item": "cx4",
    "breaks_into": [ { "item": "cx4", "prob": 50 } ],
    "requirements": { "install": { "skills": [ [ "mechanics", 3 ] ] }, "removal": { "skills": [ [ "mechanics", 1 ] ] } }
  },
  {
    "id": "mounted_flamethrower1",
    "copy-from": "turret",
    "type": "vehicle_part",
    "name": { "str": "simple flamethrower turret" },
    "item": "flamethrower_simple",
    "color": "red",
    "broken_color": "red",
    "breaks_into": [ { "item": "flamethrower_simple", "prob": 50 } ],
    "requirements": { "install": { "skills": [ [ "mechanics", 5 ] ] }, "removal": { "skills": [ [ "mechanics", 3 ] ] } },
    "extend": { "flags": [ "USE_TANKS" ] }
  },
  {
    "id": "mounted_flamethrower2",
    "copy-from": "turret",
    "type": "vehicle_part",
    "name": { "str": "flamethrower turret" },
    "item": "flamethrower",
    "color": "red",
    "broken_color": "red",
    "breaks_into": [ { "item": "flamethrower", "prob": 50 } ],
    "requirements": { "install": { "skills": [ [ "mechanics", 4 ] ] }, "removal": { "skills": [ [ "mechanics", 2 ] ] } },
    "extend": { "flags": [ "USE_TANKS" ] }
  },
  {
    "id": "mounted_flamethrower3",
    "copy-from": "turret",
    "type": "vehicle_part",
    "name": { "str": "RM451 flamethrower turret" },
    "item": "rm451_flamethrower",
    "color": "red",
    "broken_color": "red",
    "breaks_into": [ { "item": "rm451_flamethrower", "prob": 50 } ],
    "requirements": { "install": { "skills": [ [ "mechanics", 4 ] ] }, "removal": { "skills": [ [ "mechanics", 2 ] ] } },
    "extend": { "flags": [ "USE_TANKS" ] }
  },
  {
    "id": "mounted_fn_fal",
    "copy-from": "turret",
    "type": "vehicle_part",
    "name": { "str": "FN FAL turret" },
    "item": "fn_fal",
    "breaks_into": [ { "item": "fn_fal", "prob": 50 } ],
    "requirements": { "install": { "skills": [ [ "mechanics", 3 ] ] }, "removal": { "skills": [ [ "mechanics", 1 ] ] } }
  },
  {
    "id": "mounted_fn_p90",
    "copy-from": "turret",
    "type": "vehicle_part",
    "name": { "str": "FN P90 turret" },
    "item": "fn_p90",
    "breaks_into": [ { "item": "fn_p90", "prob": 50 } ],
    "requirements": { "install": { "skills": [ [ "mechanics", 3 ] ] }, "removal": { "skills": [ [ "mechanics", 1 ] ] } }
  },
  {
    "id": "mounted_h&k416a5",
    "copy-from": "turret",
    "type": "vehicle_part",
    "name": { "str": "H&K 416A5 turret" },
    "item": "h&k416a5",
    "breaks_into": [ { "item": "h&k416a5", "prob": 50 } ],
    "requirements": { "install": { "skills": [ [ "mechanics", 3 ] ] }, "removal": { "skills": [ [ "mechanics", 1 ] ] } }
  },
  {
    "id": "mounted_heavy_rail_rifle",
    "copy-from": "turret",
    "type": "vehicle_part",
    "name": { "str": "heavy rail rifle turret" },
    "item": "heavy_rail_rifle",
    "breaks_into": [ { "item": "heavy_rail_rifle", "prob": 50 } ],
    "requirements": { "install": { "skills": [ [ "mechanics", 5 ] ] }, "removal": { "skills": [ [ "mechanics", 3 ] ] } }
  },
  {
    "id": "mounted_hk_g3",
    "copy-from": "turret",
    "type": "vehicle_part",
    "name": { "str": "H&K G3 turret" },
    "item": "hk_g3",
    "breaks_into": [ { "item": "hk_g3", "prob": 50 } ],
    "requirements": { "install": { "skills": [ [ "mechanics", 3 ] ] }, "removal": { "skills": [ [ "mechanics", 1 ] ] } }
  },
  {
    "id": "mounted_hk_g36",
    "copy-from": "turret",
    "type": "vehicle_part",
    "name": { "str": "H&K G36 turret" },
    "item": "hk_g36",
    "breaks_into": [ { "item": "hk_g36", "prob": 50 } ],
    "requirements": { "install": { "skills": [ [ "mechanics", 3 ] ] }, "removal": { "skills": [ [ "mechanics", 1 ] ] } }
  },
  {
    "id": "mounted_hk_g80",
    "copy-from": "turret",
    "type": "vehicle_part",
    "name": { "str": "H&K G80 turret" },
    "item": "hk_g80",
    "breaks_into": [ { "item": "hk_g80", "prob": 50 } ],
    "requirements": { "install": { "skills": [ [ "mechanics", 5 ] ] }, "removal": { "skills": [ [ "mechanics", 3 ] ] } }
  },
  {
    "id": "mounted_hk_mp5",
    "copy-from": "turret",
    "type": "vehicle_part",
    "name": { "str": "H&K MP5 turret" },
    "item": "hk_mp5",
    "breaks_into": [ { "item": "hk_mp5", "prob": 50 } ],
    "requirements": { "install": { "skills": [ [ "mechanics", 3 ] ] }, "removal": { "skills": [ [ "mechanics", 1 ] ] } }
  },
  {
    "id": "mounted_hk_mp7",
    "copy-from": "turret",
    "type": "vehicle_part",
    "name": { "str": "H&K MP7 turret" },
    "item": "hk_mp7",
    "breaks_into": [ { "item": "hk_mp7", "prob": 50 } ],
    "requirements": { "install": { "skills": [ [ "mechanics", 3 ] ] }, "removal": { "skills": [ [ "mechanics", 1 ] ] } }
  },
  {
    "id": "mounted_hk_ump45",
    "copy-from": "turret",
    "type": "vehicle_part",
    "name": { "str": "H&K UMP45 turret" },
    "item": "hk_ump45",
    "breaks_into": [ { "item": "hk_ump45", "prob": 50 } ],
    "requirements": { "install": { "skills": [ [ "mechanics", 3 ] ] }, "removal": { "skills": [ [ "mechanics", 1 ] ] } }
  },
  {
    "id": "mounted_ksg",
    "copy-from": "turret",
    "type": "vehicle_part",
    "name": { "str": "Kel-Tec KSG turret" },
    "item": "ksg",
    "breaks_into": [ { "item": "ksg", "prob": 50 } ],
    "requirements": { "install": { "skills": [ [ "mechanics", 4 ] ] }, "removal": { "skills": [ [ "mechanics", 2 ] ] } }
  },
  {
    "id": "mounted_tavor_12",
    "copy-from": "turret",
    "type": "vehicle_part",
    "name": { "str": "Tavor TS12 turret" },
    "item": "tavor_12",
    "breaks_into": [ { "item": "tavor_12", "prob": 50 } ],
    "requirements": { "install": { "skills": [ [ "mechanics", 3 ] ] }, "removal": { "skills": [ [ "mechanics", 1 ] ] } }
  },
  {
    "id": "mounted_launcher_simple",
    "copy-from": "turret",
    "type": "vehicle_part",
    "name": { "str": "40mm launcher turret" },
    "item": "launcher_simple",
    "breaks_into": [ { "item": "launcher_simple", "prob": 50 } ],
    "requirements": { "install": { "skills": [ [ "mechanics", 4 ] ] }, "removal": { "skills": [ [ "mechanics", 2 ] ] } }
  },
  {
    "id": "mounted_m1014",
    "copy-from": "turret",
    "type": "vehicle_part",
    "name": { "str": "M1014 shotgun turret" },
    "item": "m1014",
    "breaks_into": [ { "item": "m1014", "prob": 50 } ],
    "requirements": { "install": { "skills": [ [ "mechanics", 4 ] ] }, "removal": { "skills": [ [ "mechanics", 2 ] ] } }
  },
  {
    "id": "mounted_m107a1",
    "copy-from": "turret",
    "type": "vehicle_part",
    "name": { "str": "Barrett M107A1 turret" },
    "item": "m107a1",
    "breaks_into": [ { "item": "m107a1", "prob": 50 } ],
    "requirements": { "install": { "skills": [ [ "mechanics", 3 ] ] }, "removal": { "skills": [ [ "mechanics", 1 ] ] } }
  },
  {
    "id": "mounted_m14ebr",
    "copy-from": "turret",
    "type": "vehicle_part",
    "name": { "str": "M14-EBR turret" },
    "item": "m14ebr",
    "breaks_into": [ { "item": "m14ebr", "prob": 50 } ],
    "requirements": { "install": { "skills": [ [ "mechanics", 3 ] ] }, "removal": { "skills": [ [ "mechanics", 1 ] ] } }
  },
  {
    "id": "mounted_m1a",
    "copy-from": "turret",
    "type": "vehicle_part",
    "name": { "str": "M1A turret" },
    "item": "m1a",
    "breaks_into": [ { "item": "m1a", "prob": 50 } ],
    "requirements": { "install": { "skills": [ [ "mechanics", 3 ] ] }, "removal": { "skills": [ [ "mechanics", 1 ] ] } }
  },
  {
    "id": "mounted_m2010",
    "copy-from": "turret",
    "type": "vehicle_part",
    "name": { "str": "M2010 ESR turret" },
    "item": "m2010",
    "breaks_into": [ { "item": "m2010", "prob": 50 } ],
    "requirements": { "install": { "skills": [ [ "mechanics", 3 ] ] }, "removal": { "skills": [ [ "mechanics", 1 ] ] } }
  },
  {
    "id": "mounted_m27iar",
    "copy-from": "turret",
    "type": "vehicle_part",
    "name": { "str": "M27 IAR turret" },
    "item": "m27iar",
    "breaks_into": [ { "item": "m27iar", "prob": 50 } ],
    "requirements": { "install": { "skills": [ [ "mechanics", 3 ] ] }, "removal": { "skills": [ [ "mechanics", 1 ] ] } }
  },
  {
    "id": "mounted_m2browning_sawn",
    "copy-from": "turret",
    "type": "vehicle_part",
    "name": { "str": ".50 caliber turret" },
    "item": "m2browning_sawn",
    "breaks_into": [ { "item": "m2browning_sawn", "prob": 50 } ],
    "requirements": { "install": { "skills": [ [ "mechanics", 3 ] ] }, "removal": { "skills": [ [ "mechanics", 1 ] ] } }
  },
  {
    "id": "mounted_m320",
    "copy-from": "turret",
    "type": "vehicle_part",
    "name": { "str": "M320 turret" },
    "item": "m320",
    "breaks_into": [ { "item": "m320", "prob": 50 } ],
    "requirements": { "install": { "skills": [ [ "mechanics", 4 ] ] }, "removal": { "skills": [ [ "mechanics", 2 ] ] } }
  },
  {
    "id": "mounted_m4a1",
    "copy-from": "turret",
    "type": "vehicle_part",
    "name": { "str": "M4A1 turret" },
    "item": "m4a1",
    "breaks_into": [ { "item": "m4a1", "prob": 50 } ],
    "requirements": { "install": { "skills": [ [ "mechanics", 3 ] ] }, "removal": { "skills": [ [ "mechanics", 1 ] ] } }
  },
  {
    "id": "mounted_m60",
    "copy-from": "turret",
    "type": "vehicle_part",
    "name": { "str": "M60 turret" },
    "item": "m60",
    "breaks_into": [ { "item": "m60", "prob": 50 } ],
    "requirements": { "install": { "skills": [ [ "mechanics", 3 ] ] }, "removal": { "skills": [ [ "mechanics", 1 ] ] } }
  },
  {
    "id": "mounted_m79",
    "copy-from": "turret",
    "type": "vehicle_part",
    "name": { "str": "M79 turret" },
    "item": "m79",
    "breaks_into": [ { "item": "m79", "prob": 50 } ],
    "requirements": { "install": { "skills": [ [ "mechanics", 3 ] ] }, "removal": { "skills": [ [ "mechanics", 1 ] ] } }
  },
  {
    "id": "mounted_mac_10",
    "copy-from": "turret",
    "type": "vehicle_part",
    "name": { "str": "MAC-10 turret" },
    "item": "mac_10",
    "breaks_into": [ { "item": "mac_10", "prob": 50 } ],
    "requirements": { "install": { "skills": [ [ "mechanics", 3 ] ] }, "removal": { "skills": [ [ "mechanics", 1 ] ] } }
  },
  {
    "id": "mounted_marlin_9a",
    "copy-from": "turret",
    "type": "vehicle_part",
    "name": { "str": "Marlin 39A turret" },
    "item": "marlin_9a",
    "breaks_into": [ { "item": "marlin_9a", "prob": 50 } ],
    "requirements": { "install": { "skills": [ [ "mechanics", 3 ] ] }, "removal": { "skills": [ [ "mechanics", 1 ] ] } }
  },
  {
    "id": "mounted_mgl",
    "copy-from": "turret",
    "type": "vehicle_part",
    "name": { "str": "Milkor MGL turret" },
    "item": "mgl",
    "breaks_into": [ { "item": "mgl", "prob": 50 } ],
    "requirements": { "install": { "skills": [ [ "mechanics", 4 ] ] }, "removal": { "skills": [ [ "mechanics", 2 ] ] } }
  },
  {
    "id": "mounted_mossberg_500",
    "copy-from": "turret",
    "type": "vehicle_part",
    "name": { "str": "Mossberg 500 turret" },
    "item": "mossberg_500",
    "breaks_into": [ { "item": "mossberg_500", "prob": 50 } ],
    "requirements": { "install": { "skills": [ [ "mechanics", 4 ] ] }, "removal": { "skills": [ [ "mechanics", 2 ] ] } }
  },
  {
    "id": "mounted_nailrifle",
    "copy-from": "turret",
    "type": "vehicle_part",
    "name": { "str": "nail rifle turret" },
    "item": "nailrifle",
    "breaks_into": [ { "item": "nailrifle", "prob": 50 } ],
    "requirements": { "install": { "skills": [ [ "mechanics", 4 ] ] }, "removal": { "skills": [ [ "mechanics", 2 ] ] } }
  },
  {
    "id": "mounted_needlegun",
    "copy-from": "turret",
    "type": "vehicle_part",
    "name": { "str": "RM216 SPIW turret" },
    "item": "needlegun",
    "breaks_into": [ { "item": "needlegun", "prob": 50 } ],
    "requirements": { "install": { "skills": [ [ "mechanics", 3 ] ] }, "removal": { "skills": [ [ "mechanics", 1 ] ] } }
  },
  {
    "id": "mounted_pipe_double_shotgun",
    "copy-from": "turret",
    "type": "vehicle_part",
    "name": { "str": "double pipe shotgun turret" },
    "item": "pipe_double_shotgun",
    "breaks_into": [ { "item": "pipe_double_shotgun", "prob": 50 } ],
    "requirements": { "install": { "skills": [ [ "mechanics", 5 ] ] }, "removal": { "skills": [ [ "mechanics", 3 ] ] } }
  },
  {
    "id": "mounted_pipe_shotgun",
    "copy-from": "turret",
    "type": "vehicle_part",
    "name": { "str": "pipe shotgun turret" },
    "item": "pipe_shotgun",
    "breaks_into": [ { "item": "pipe_shotgun", "prob": 50 } ],
    "requirements": { "install": { "skills": [ [ "mechanics", 5 ] ] }, "removal": { "skills": [ [ "mechanics", 3 ] ] } }
  },
  {
    "id": "mounted_rebar_rifle",
    "copy-from": "turret",
    "type": "vehicle_part",
    "name": { "str": "rail rifle turret" },
    "item": "rebar_rifle",
    "breaks_into": [ { "item": "rebar_rifle", "prob": 50 } ],
    "requirements": { "install": { "skills": [ [ "mechanics", 5 ] ] }, "removal": { "skills": [ [ "mechanics", 3 ] ] } }
  },
  {
    "id": "mounted_remington_700",
    "copy-from": "turret",
    "type": "vehicle_part",
    "name": { "str": "Remington 700 turret" },
    "item": "remington_700",
    "breaks_into": [ { "item": "remington_700", "prob": 50 } ],
    "requirements": { "install": { "skills": [ [ "mechanics", 3 ] ] }, "removal": { "skills": [ [ "mechanics", 1 ] ] } }
  },
  {
    "id": "mounted_remington_870",
    "copy-from": "turret",
    "type": "vehicle_part",
    "name": { "str": "Remington 870 turret" },
    "item": "remington_870",
    "breaks_into": [ { "item": "remington_870", "prob": 50 } ],
    "requirements": { "install": { "skills": [ [ "mechanics", 4 ] ] }, "removal": { "skills": [ [ "mechanics", 2 ] ] } }
  },
  {
    "id": "mounted_repeatingcrossbow",
    "copy-from": "turret",
    "type": "vehicle_part",
    "name": { "str": "repeating crossbow turret" },
    "item": "rep_crossbow",
    "color": "brown",
    "broken_color": "light_gray",
    "breaks_into": [ { "item": "rep_crossbow", "prob": 50 } ],
    "requirements": { "install": { "skills": [ [ "mechanics", 4 ] ] }, "removal": { "skills": [ [ "mechanics", 2 ] ] } }
  },
  {
    "id": "mounted_revolver_shotgun",
    "copy-from": "turret",
    "type": "vehicle_part",
    "name": { "str": "revolver shotgun turret" },
    "item": "revolver_shotgun",
    "breaks_into": [ { "item": "revolver_shotgun", "prob": 50 } ],
    "requirements": { "install": { "skills": [ [ "mechanics", 5 ] ] }, "removal": { "skills": [ [ "mechanics", 3 ] ] } }
  },
  {
    "id": "mounted_rifle_22",
    "copy-from": "turret",
    "type": "vehicle_part",
    "name": { "str": ".22 pipe rifle turret" },
    "item": "rifle_22",
    "breaks_into": [ { "item": "rifle_22", "prob": 50 } ],
    "requirements": { "install": { "skills": [ [ "mechanics", 4 ] ] }, "removal": { "skills": [ [ "mechanics", 2 ] ] } }
  },
  {
    "id": "mounted_rifle_308",
    "copy-from": "turret",
    "type": "vehicle_part",
    "name": { "str": ".308 pipe rifle turret" },
    "item": "m1a",
    "breaks_into": [ { "item": "m1a", "prob": 50 } ],
    "requirements": { "install": { "skills": [ [ "mechanics", 4 ] ] }, "removal": { "skills": [ [ "mechanics", 2 ] ] } }
  },
  {
    "id": "mounted_rifle_9mm",
    "copy-from": "turret",
    "type": "vehicle_part",
    "name": { "str": "9x19mm pipe rifle turret" },
    "item": "rifle_9mm",
    "breaks_into": [ { "item": "rifle_9mm", "prob": 50 } ],
    "requirements": { "install": { "skills": [ [ "mechanics", 4 ] ] }, "removal": { "skills": [ [ "mechanics", 2 ] ] } }
  },
  {
    "id": "mounted_rifle_flintlock",
    "copy-from": "turret",
    "type": "vehicle_part",
    "name": { "str": "flintlock rifle turret" },
    "item": "rifle_flintlock",
    "symbol": "+",
    "broken_symbol": "x",
    "durability": 240,
    "breaks_into": [ { "item": "rifle_flintlock", "prob": 50 } ],
    "requirements": { "install": { "skills": [ [ "mechanics", 4 ] ] }, "removal": { "skills": [ [ "mechanics", 2 ] ] } }
  },
  {
    "id": "mounted_rm11b_sniper_rifle",
    "copy-from": "turret",
    "type": "vehicle_part",
    "name": { "str": "RM11B scout rifle turret" },
    "item": "rm11b_sniper_rifle",
    "breaks_into": [ { "item": "rm11b_sniper_rifle", "prob": 50 } ],
    "requirements": { "install": { "skills": [ [ "mechanics", 3 ] ] }, "removal": { "skills": [ [ "mechanics", 1 ] ] } }
  },
  {
    "id": "mounted_rm2000_smg",
    "copy-from": "turret",
    "type": "vehicle_part",
    "name": { "str": "RM2000 SMG turret" },
    "item": "rm2000_smg",
    "breaks_into": [ { "item": "rm2000_smg", "prob": 50 } ],
    "requirements": { "install": { "skills": [ [ "mechanics", 3 ] ] }, "removal": { "skills": [ [ "mechanics", 1 ] ] } }
  },
  {
    "id": "mounted_rm51_assault_rifle",
    "copy-from": "turret",
    "type": "vehicle_part",
    "name": { "str": "RM51 assault rifle turret" },
    "item": "rm51_assault_rifle",
    "breaks_into": [ { "item": "rm51_assault_rifle", "prob": 50 } ],
    "requirements": { "install": { "skills": [ [ "mechanics", 3 ] ] }, "removal": { "skills": [ [ "mechanics", 1 ] ] } }
  },
  {
    "id": "mounted_rm614_lmg",
    "copy-from": "turret",
    "type": "vehicle_part",
    "name": { "str": "RM614 LMG turret" },
    "item": "rm614_lmg",
    "breaks_into": [ { "item": "rm614_lmg", "prob": 50 } ],
    "requirements": { "install": { "skills": [ [ "mechanics", 3 ] ] }, "removal": { "skills": [ [ "mechanics", 1 ] ] } }
  },
  {
    "id": "mounted_rm802",
    "copy-from": "turret",
    "type": "vehicle_part",
    "name": { "str": "RM802 turret" },
    "item": "rm802",
    "breaks_into": [ { "item": "rm802", "prob": 50 } ],
    "requirements": { "install": { "skills": [ [ "mechanics", 4 ] ] }, "removal": { "skills": [ [ "mechanics", 2 ] ] } }
  },
  {
    "id": "mounted_rm88_battle_rifle",
    "copy-from": "turret",
    "type": "vehicle_part",
    "name": { "str": "RM88 battle rifle turret" },
    "item": "rm88_battle_rifle",
    "breaks_into": [ { "item": "rm88_battle_rifle", "prob": 50 } ],
    "requirements": { "install": { "skills": [ [ "mechanics", 3 ] ] }, "removal": { "skills": [ [ "mechanics", 1 ] ] } }
  },
  {
    "id": "mounted_rslauncher",
    "copy-from": "turret",
    "type": "vehicle_part",
    "name": { "str": "rotary speargun turret" },
    "item": "rslauncher",
    "color": "light_gray",
    "broken_color": "light_gray",
    "breaks_into": [ { "item": "rslauncher", "prob": 50 } ],
    "requirements": { "install": { "skills": [ [ "mechanics", 4 ] ] }, "removal": { "skills": [ [ "mechanics", 2 ] ] } }
  },
  {
    "id": "mounted_ruger_1022",
    "copy-from": "turret",
    "type": "vehicle_part",
    "name": { "str": "Ruger 10/22 turret" },
    "item": "ruger_1022",
    "breaks_into": [ { "item": "ruger_1022", "prob": 50 } ],
    "requirements": { "install": { "skills": [ [ "mechanics", 3 ] ] }, "removal": { "skills": [ [ "mechanics", 1 ] ] } }
  },
  {
    "id": "mounted_ruger_mini",
    "copy-from": "turret",
    "type": "vehicle_part",
    "name": { "str": "Ruger mini-14 turret" },
    "item": "ruger_mini",
    "breaks_into": [ { "item": "ruger_mini", "prob": 50 } ],
    "requirements": { "install": { "skills": [ [ "mechanics", 3 ] ] }, "removal": { "skills": [ [ "mechanics", 1 ] ] } }
  },
  {
    "id": "mounted_saiga_12",
    "copy-from": "turret",
    "type": "vehicle_part",
    "name": { "str": "Saiga 12 turret" },
    "item": "saiga_12",
    "breaks_into": [ { "item": "saiga_12", "prob": 50 } ],
    "requirements": { "install": { "skills": [ [ "mechanics", 3 ] ] }, "removal": { "skills": [ [ "mechanics", 1 ] ] } }
  },
  {
    "id": "mounted_savage_111f",
    "copy-from": "turret",
    "type": "vehicle_part",
    "name": { "str": "Savage 111F turret" },
    "item": "savage_111f",
    "breaks_into": [ { "item": "savage_111f", "prob": 50 } ],
    "requirements": { "install": { "skills": [ [ "mechanics", 3 ] ] }, "removal": { "skills": [ [ "mechanics", 1 ] ] } }
  },
  {
    "id": "mounted_scar_h",
    "copy-from": "turret",
    "type": "vehicle_part",
    "name": { "str": "FN SCAR-H turret" },
    "item": "scar_h",
    "breaks_into": [ { "item": "scar_h", "prob": 50 } ],
    "requirements": { "install": { "skills": [ [ "mechanics", 3 ] ] }, "removal": { "skills": [ [ "mechanics", 1 ] ] } }
  },
  {
    "id": "mounted_scar_l",
    "copy-from": "turret",
    "type": "vehicle_part",
    "name": { "str": "FN SCAR-L turret" },
    "item": "scar_l",
    "breaks_into": [ { "item": "scar_l", "prob": 50 } ],
    "requirements": { "install": { "skills": [ [ "mechanics", 3 ] ] }, "removal": { "skills": [ [ "mechanics", 1 ] ] } }
  },
  {
    "id": "mounted_shotgun_d",
    "copy-from": "turret",
    "type": "vehicle_part",
    "name": { "str": "double shotgun turret" },
    "item": "shotgun_d",
    "breaks_into": [ { "item": "shotgun_d", "prob": 50 } ],
    "requirements": { "install": { "skills": [ [ "mechanics", 4 ] ] }, "removal": { "skills": [ [ "mechanics", 2 ] ] } }
  },
  {
    "id": "mounted_shotgun_s",
    "copy-from": "turret",
    "type": "vehicle_part",
    "name": { "str": "single shotgun turret" },
    "item": "shotgun_s",
    "breaks_into": [ { "item": "shotgun_s", "prob": 50 } ],
    "requirements": { "install": { "skills": [ [ "mechanics", 4 ] ] }, "removal": { "skills": [ [ "mechanics", 2 ] ] } }
  },
  {
    "id": "mounted_sks",
    "copy-from": "turret",
    "type": "vehicle_part",
    "name": { "str": "SKS turret" },
    "item": "sks",
    "breaks_into": [ { "item": "sks", "prob": 50 } ],
    "requirements": { "install": { "skills": [ [ "mechanics", 3 ] ] }, "removal": { "skills": [ [ "mechanics", 1 ] ] } }
  },
  {
    "id": "mounted_slauncher",
    "copy-from": "turret",
    "type": "vehicle_part",
    "name": { "str": "speargun turret" },
    "item": "slauncher",
    "color": "light_gray",
    "broken_color": "light_gray",
    "breaks_into": [ { "item": "slauncher", "prob": 50 } ],
    "requirements": { "install": { "skills": [ [ "mechanics", 4 ] ] }, "removal": { "skills": [ [ "mechanics", 2 ] ] } }
  },
  {
    "id": "mounted_steyr_aug",
    "copy-from": "turret",
    "type": "vehicle_part",
    "name": { "str": "Steyr AUG turret" },
    "item": "steyr_aug",
    "breaks_into": [ { "item": "steyr_aug", "prob": 50 } ],
    "requirements": { "install": { "skills": [ [ "mechanics", 3 ] ] }, "removal": { "skills": [ [ "mechanics", 1 ] ] } }
  },
  {
    "id": "mounted_surv_carbine_223",
    "copy-from": "turret",
    "type": "vehicle_part",
    "name": { "str": "223 carbine turret" },
    "item": "ar15",
    "breaks_into": [ { "item": "ar15", "prob": 50 } ],
    "requirements": { "install": { "skills": [ [ "mechanics", 4 ] ] }, "removal": { "skills": [ [ "mechanics", 2 ] ] } }
  },
  {
    "id": "mounted_survivor_special_700",
    "copy-from": "turret",
    "type": "vehicle_part",
    "name": { "str": "survivor special turret" },
    "item": "survivor_special_700",
    "breaks_into": [ { "item": "survivor_special_700", "prob": 50 } ],
    "requirements": { "install": { "skills": [ [ "mechanics", 3 ] ] }, "removal": { "skills": [ [ "mechanics", 1 ] ] } }
  },
  {
    "id": "mounted_tec9",
    "copy-from": "turret",
    "type": "vehicle_part",
    "name": { "str": "TEC-9 turret" },
    "item": "tec9",
    "breaks_into": [ { "item": "tec9", "prob": 50 } ],
    "requirements": { "install": { "skills": [ [ "mechanics", 3 ] ] }, "removal": { "skills": [ [ "mechanics", 1 ] ] } }
  },
  {
    "id": "mounted_uzi",
    "copy-from": "turret",
    "type": "vehicle_part",
    "name": { "str": "Uzi turret" },
    "item": "uzi",
    "breaks_into": [ { "item": "uzi", "prob": 50 } ],
    "requirements": { "install": { "skills": [ [ "mechanics", 3 ] ] }, "removal": { "skills": [ [ "mechanics", 1 ] ] } }
  },
  {
    "id": "mounted_v29",
    "copy-from": "turret",
    "type": "vehicle_part",
    "name": { "str": "V29 laser turret" },
    "item": "v29",
    "breaks_into": [ { "item": "v29", "prob": 50 } ],
    "requirements": { "install": { "skills": [ [ "mechanics", 6 ] ] }, "removal": { "skills": [ [ "mechanics", 4 ] ] } }
  },
  {
    "id": "mounted_v29_cheap",
    "copy-from": "turret",
    "type": "vehicle_part",
    "name": { "str": "LACP laser turret" },
    "item": "v29_cheap",
    "breaks_into": [ { "item": "v29_cheap", "prob": 50 } ],
    "requirements": { "install": { "skills": [ [ "mechanics", 6 ] ] }, "removal": { "skills": [ [ "mechanics", 4 ] ] } }
  }
]
