[
  {
    "id": "frostie_ram",
    "type": "vehicle_part",
    "name": { "str": "ice ram" },
    "item": "frostie",
    "location": "structure",
    "symbol": "X",
    "broken_symbol": "0",
    "color": "light_blue",
    "broken_color": "light_blue",
    "durability": 1000,
    "damage_modifier": 200,
    "folded_volume": "250 ml",
    "breaks_into": [ { "item": "frostiegrow" } ],
    "description": "A living blob, existing in a super-cooled state.  It will absorb damage in a vehicle collision and deliver additional damage to the other object in the collision.  It should be mounted on the edge of the vehicle, preferably the front.",
    "requirements": { "repair": { "time": "5 m", "using": [ [ "blobrep", 1 ] ] } },
    "flags": [ "OBSTACLE", "PROTRUSION", "SHARP", "FOLDABLE" ]
  }
]
