[
  {
    "id": "gloople_frame",
    "type": "vehicle_part",
    "name": { "str": "gel framework" },
    "item": "gloople",
    "location": "structure",
    "standard_symbols": true,
    "color": "light_green",
    "broken_color": "light_green",
    "durability": 250,
    "damage_modifier": 10,
    "folded_volume": "250 ml",
    "breaks_into": [ { "item": "glooplegrow" } ],
    "description": "A living blob, shaped to provide attachment points for other blobs.  Other vehicle components and blobs can be mounted on it.  If all the frames and components of a vehicle are foldable or made from blobs, the vehicle can be folding into a small package and picked up as a normal item.",
    "requirements": { "repair": { "time": "5 m", "using": [ [ "blobrep", 1 ] ] } },
    "flags": [ "FOLDABLE", "MOUNTABLE", "INITIAL_PART" ]
  },
  {
    "id": "gray_frame",
    "type": "vehicle_part",
    "name": { "str": "gray frame" },
    "item": "gray",
    "location": "structure",
    "standard_symbols": true,
    "color": "light_gray",
    "broken_color": "light_gray",
    "durability": 1000,
    "damage_modifier": 10,
    "folded_volume": "250 ml",
    "breaks_into": [ { "item": "graygrow" } ],
    "description": "A living blob, shaped to provide attachment points for other blobs.  Other vehicle components and blobs can be mounted on it.  If all the frames and components of a vehicle are foldable or made from blobs, the vehicle can be folding into a small package and picked up as a normal item.",
    "requirements": { "repair": { "time": "5 m", "using": [ [ "blobrep", 1 ] ] } },
    "flags": [ "FOLDABLE", "MOUNTABLE", "INITIAL_PART" ]
  },
  {
    "id": "oozle_frame",
    "type": "vehicle_part",
    "name": { "str": "ooze chassis" },
    "item": "oozle",
    "location": "structure",
    "standard_symbols": true,
    "color": "green",
    "broken_color": "green",
    "durability": 500,
    "damage_modifier": 10,
    "folded_volume": "250 ml",
    "breaks_into": [ { "item": "oozlegrow" } ],
    "requirements": { "repair": { "time": "5 m", "using": [ [ "blobrep", 1 ] ] } },
    "description": "A living blob, shaped to provide attachment points for other blobs.  Other vehicle components and blobs can be mounted on it.  If all the frames and components of a vehicle are foldable or made from blobs, the vehicle can be folding into a small package and picked up as a normal item.",
    "flags": [ "FOLDABLE", "MOUNTABLE", "INITIAL_PART" ]
  }
]
