[
  {
    "id": "frostie_trunk",
    "type": "vehicle_part",
    "name": { "str": "ice pack" },
    "item": "frostie",
    "location": "center",
    "symbol": "H",
    "broken_symbol": "#",
    "color": "light_blue",
    "broken_color": "light_blue",
    "difficulty": 3,
    "durability": 100,
    "epower": 0,
    "size": 400,
    "damage_modifier": 80,
    "folded_volume": "250 ml",
    "breaks_into": [ { "item": "frostiegrow" } ],
    "description": "A living blob, existing in a super-cooled state.  It will keep items stored in it cold, reducing the speed at which food and drink rots.",
    "requirements": { "repair": { "time": "5 m", "using": [ [ "blobrep", 1 ] ] } },
    "flags": [ "CARGO", "OBSTACLE", "FRIDGE", "COVERED", "FOLDABLE" ]
  },
  {
    "id": "frostie_windshield",
    "type": "vehicle_part",
    "name": { "str": "icy windshield" },
    "item": "frostie",
    "location": "center",
    "symbol": "\"",
    "broken_symbol": "0",
    "color": "light_blue",
    "broken_color": "light_blue",
    "durability": 500,
    "damage_modifier": 80,
    "folded_volume": "1000 ml",
    "breaks_into": [ { "item": "frostiegrow" } ],
    "description": "A living blob, existing in a super-cooled state.  It is transparent, and can be used to see out of the vehicle.",
    "requirements": { "repair": { "time": "5 m", "using": [ [ "blobrep", 1 ] ] } },
    "flags": [ "OVER", "WINDSHIELD", "OBSTACLE", "WINDOW", "FOLDABLE" ]
  },
  {
    "id": "frostie_boat_hull",
    "type": "vehicle_part",
    "name": { "str": "gelacier boat hull" },
    "item": "frostie",
    "location": "under",
    "symbol": "o",
    "broken_symbol": "x",
    "color": "light_blue",
    "broken_color": "light_blue",
    "durability": 500,
    "damage_modifier": 200,
    "folded_volume": "1000 ml",
    "breaks_into": [ { "item": "frostiegrow" } ],
    "description": "A living blob, existing in a super-cooled state.  It acts as a boat hull.",
    "requirements": { "repair": { "time": "5 m", "using": [ [ "blobrep", 1 ] ] } },
    "flags": [ "FLOATS", "FOLDABLE", "EXTRA_DRAG", "SHARP", "TRACKED" ]
  },
  {
    "id": "gloople_amalgam",
    "type": "vehicle_part",
    "name": { "str": "gel retriever" },
    "item": "gloople",
    "location": "under",
    "symbol": "R",
    "broken_symbol": ";",
    "color": "light_green",
    "broken_color": "light_green",
    "durability": 250,
    "size": 300,
    "damage_modifier": 10,
    "folded_volume": "250 ml",
    "description": "A living blob, formed to act as a scoop.  Use the vehicle controls to turn it on or off.  When turned on, it will scoop up any loose items that it travels over, putting them into the vehicle's storage.",
    "breaks_into": [ { "item": "glooplegrow" } ],
    "requirements": { "repair": { "time": "5 m", "using": [ [ "blobrep", 1 ] ] } },
    "flags": [ "SCOOP", "CARGO", "FOLDABLE" ]
  },
  {
    "id": "gloople_belt",
    "type": "vehicle_part",
    "name": { "str": "gel harness" },
    "item": "gloople",
    "location": "on_seat",
    "symbol": ",",
    "broken_symbol": ",",
    "color": "light_green",
    "broken_color": "light_green",
    "durability": 250,
    "bonus": 25,
    "damage_modifier": 10,
    "folded_volume": "250 ml",
    "description": "A living blob, reformed as a belt and attached to a seat.",
    "breaks_into": [ { "item": "glooplegrow" } ],
    "requirements": { "repair": { "time": "5 m", "using": [ [ "blobrep", 1 ] ] } },
    "flags": [ "SEATBELT", "FOLDABLE" ]
  },
  {
    "id": "gloople_tank",
    "type": "vehicle_part",
    "name": { "str": "capsule (10L)" },
    "item": "gloople_tank",
    "location": "fuel_source",
    "symbol": "O",
    "broken_symbol": "#",
    "color": "light_green",
    "broken_color": "light_green",
    "durability": 250,
    "size": 5000,
    "damage_modifier": 10,
    "folded_volume": "5 L",
    "breaks_into": [ { "item": "glooplegrow" } ],
    "description": "A living blob, formed into a storage space for holding liquids.  If filled with the appropriate fuel for the vehicle's engine, the engine will automatically draw fuel from the tank when the engine is on.  If filled with water, you can access the water from a water faucet, if one is installed in the vehicle.  You can also use a rubber hose to siphon liquids out of a tank.",
    "requirements": { "repair": { "time": "5 m", "using": [ [ "blobrep", 1 ] ] } },
    "flags": [ "FOLDABLE", "FUEL_TANK" ]
  },
  {
    "id": "gloople_tank_large",
    "type": "vehicle_part",
    "copy-from": "gloople_tank",
    "name": { "str": "gel tank (60L)" },
    "item": "gloople_tank_large",
    "size": 60000,
    "folded_volume": "60 L"
  },
  {
    "id": "gloople_plate",
    "type": "vehicle_part",
    "name": { "str": "gel reinforcement" },
    "item": "gloople",
    "location": "armor",
    "symbol": "X",
    "broken_symbol": "*",
    "color": "light_green",
    "broken_color": "light_green",
    "durability": 250,
    "damage_modifier": 10,
    "folded_volume": "250 ml",
    "breaks_into": [ { "item": "glooplegrow" } ],
    "description": "A living blob, acting as armor plate.",
    "requirements": { "repair": { "time": "5 m", "using": [ [ "blobrep", 1 ] ] } },
    "flags": [ "ARMOR", "FOLDABLE" ]
  },
  {
    "id": "gloople_roof",
    "type": "vehicle_part",
    "name": { "str": "gel roof" },
    "item": "gloople",
    "location": "roof",
    "symbol": "#",
    "broken_symbol": "#",
    "color": "light_green",
    "broken_color": "light_green",
    "durability": 250,
    "damage_modifier": 10,
    "folded_volume": "250 ml",
    "breaks_into": [ { "item": "glooplegrow" } ],
    "description": "A living blob, placed as roof.",
    "requirements": { "repair": { "time": "5 m", "using": [ [ "blobrep", 1 ] ] } },
    "flags": [ "ROOF", "FOLDABLE" ]
  },
  {
    "id": "gloople_seat",
    "type": "vehicle_part",
    "name": { "str": "gel seat" },
    "item": "gloople",
    "location": "center",
    "symbol": "#",
    "broken_symbol": "*",
    "color": "light_green",
    "broken_color": "light_green",
    "durability": 250,
    "damage_modifier": 10,
    "folded_volume": "250 ml",
    "breaks_into": [ { "item": "glooplegrow" } ],
    "description": "A living blob, formed into a comfy couch.  You can sit here.",
    "requirements": { "repair": { "time": "5 m", "using": [ [ "blobrep", 1 ] ] } },
    "flags": [ "SEAT", "BED", "BOARDABLE", "BELTABLE" ]
  },
  {
    "id": "gloople_trunk",
    "type": "vehicle_part",
    "name": { "str": "gel receptacle" },
    "item": "gloople",
    "location": "center",
    "symbol": "H",
    "broken_symbol": "#",
    "color": "light_green",
    "broken_color": "light_green",
    "durability": 250,
    "size": 400,
    "damage_modifier": 10,
    "folded_volume": "250 ml",
    "breaks_into": [ { "item": "glooplegrow" } ],
    "description": "A living blob, shaped into a cargo space.",
    "requirements": { "repair": { "time": "5 m", "using": [ [ "blobrep", 1 ] ] } },
    "flags": [ "CARGO", "COVERED", "FOLDABLE" ]
  },
  {
    "id": "gloople_trunk_u",
    "type": "vehicle_part",
    "copy-from": "gloople_trunk",
    "name": { "str": "gel pouch (under)" },
    "location": "under"
  },
  {
    "id": "gloopleaisle_aisle",
    "type": "vehicle_part",
    "name": { "str": "gel walkway" },
    "item": "gloople",
    "location": "center",
    "standard_symbols": true,
    "color": "light_green",
    "broken_color": "light_green",
    "durability": 250,
    "damage_modifier": 10,
    "folded_volume": "250 ml",
    "description": "A living blob, formed into a walkway.",
    "breaks_into": [ { "item": "glooplegrow" } ],
    "requirements": { "repair": { "time": "5 m", "using": [ [ "blobrep", 1 ] ] } },
    "flags": [ "AISLE", "BOARDABLE", "FOLDABLE" ]
  },
  {
    "id": "gloopledoor",
    "type": "vehicle_part",
    "name": { "str": "gel hatch" },
    "item": "gloople",
    "location": "center",
    "symbol": "+",
    "broken_symbol": "&",
    "color": "light_green",
    "broken_color": "light_green",
    "durability": 250,
    "damage_modifier": 10,
    "folded_volume": "250 ml",
    "breaks_into": [ { "item": "glooplegrow" } ],
    "description": "A living blob, acting as a door.  Has a transparent patch so you can see out of it, even when closed.",
    "requirements": { "repair": { "time": "5 m", "using": [ [ "blobrep", 1 ] ] } },
    "flags": [ "OBSTACLE", "OPENABLE", "BOARDABLE", "WINDOW", "FOLDABLE" ]
  },
  {
    "id": "gloopledoor_opaque",
    "type": "vehicle_part",
    "name": { "str": "opaque gel hatch" },
    "item": "gloople",
    "location": "center",
    "symbol": "+",
    "broken_symbol": "&",
    "color": "light_green",
    "broken_color": "light_green",
    "durability": 250,
    "damage_modifier": 10,
    "folded_volume": "250 ml",
    "breaks_into": [ { "item": "glooplegrow" } ],
    "description": "A living blob, acting as a door.  Entirely opaque so you can't see through it when closed.",
    "requirements": { "repair": { "time": "5 m", "using": [ [ "blobrep", 1 ] ] } },
    "flags": [ "OBSTACLE", "OPAQUE", "OPENABLE", "BOARDABLE", "FOLDABLE" ]
  },
  {
    "id": "gray_amalgam",
    "type": "vehicle_part",
    "name": { "str": "gray retriever" },
    "item": "gray",
    "location": "under",
    "symbol": "R",
    "broken_symbol": ";",
    "color": "light_gray",
    "broken_color": "light_gray",
    "durability": 1000,
    "epower": 0,
    "size": 800,
    "damage_modifier": 10,
    "folded_volume": "250 ml",
    "breaks_into": [ { "item": "graygrow" } ],
    "requirements": { "repair": { "time": "5 m", "using": [ [ "blobrep", 1 ] ] } },
    "description": "A living blob, formed to act as a scoop.  Use the vehicle controls to turn it on or off.  When turned on, it will scoop up any loose items that it travels over, putting them into the vehicle's storage.",
    "flags": [ "SCOOP", "CARGO", "FOLDABLE" ]
  },
  {
    "id": "gray_belt",
    "type": "vehicle_part",
    "name": { "str": "gray harness" },
    "item": "gray",
    "location": "on_seat",
    "symbol": ",",
    "broken_symbol": ",",
    "color": "light_gray",
    "broken_color": "light_gray",
    "durability": 1000,
    "bonus": 50,
    "damage_modifier": 10,
    "folded_volume": "250 ml",
    "description": "A living blob, reformed as a belt and attached to a seat.",
    "breaks_into": [ { "item": "graygrow" } ],
    "requirements": { "repair": { "time": "5 m", "using": [ [ "blobrep", 1 ] ] } },
    "flags": [ "SEATBELT", "FOLDABLE" ]
  },
  {
    "id": "gray_tank",
    "type": "vehicle_part",
    "name": { "str": "cocoon (30L)" },
    "item": "gray_tank",
    "location": "fuel_source",
    "symbol": "O",
    "broken_symbol": "#",
    "color": "light_gray",
    "broken_color": "light_gray",
    "durability": 1000,
    "size": 10000,
    "damage_modifier": 10,
    "folded_volume": "10 L",
    "breaks_into": [ { "item": "graygrow" } ],
    "description": "A living blob, formed into a storage space for holding liquids.  If filled with the appropriate fuel for the vehicle's engine, the engine will automatically draw fuel from the tank when the engine is on.  If filled with water, you can access the water from a water faucet, if one is installed in the vehicle.  You can also use a rubber hose to siphon liquids out of a tank.",
    "requirements": { "repair": { "time": "5 m", "using": [ [ "blobrep", 1 ] ] } },
    "flags": [ "FOLDABLE", "FUEL_TANK" ]
  },
  {
    "id": "gray_tank_large",
    "type": "vehicle_part",
    "copy-from": "gray_tank",
    "name": { "str": "gray tank (100L)" },
    "item": "gray_tank_large",
    "size": 100000,
    "folded_volume": "100 L"
  },
  {
    "id": "gray_plate",
    "type": "vehicle_part",
    "name": { "str": "gray reinforcement" },
    "item": "gray",
    "location": "armor",
    "symbol": "X",
    "broken_symbol": "*",
    "color": "light_gray",
    "broken_color": "light_gray",
    "durability": 1000,
    "damage_modifier": 10,
    "folded_volume": "250 ml",
    "description": "A living blob, acting as armor plate.",
    "breaks_into": [ { "item": "graygrow" } ],
    "requirements": { "repair": { "time": "5 m", "using": [ [ "blobrep", 1 ] ] } },
    "flags": [ "ARMOR", "FOLDABLE" ]
  },
  {
    "id": "gray_roof",
    "type": "vehicle_part",
    "name": { "str": "gray roof" },
    "item": "gray",
    "location": "roof",
    "symbol": "#",
    "broken_symbol": "#",
    "color": "light_gray",
    "broken_color": "light_gray",
    "durability": 1000,
    "damage_modifier": 10,
    "folded_volume": "250 ml",
    "breaks_into": [ { "item": "graygrow" } ],
    "description": "A living blob, placed as roof.",
    "requirements": { "repair": { "time": "5 m", "using": [ [ "blobrep", 1 ] ] } },
    "flags": [ "ROOF", "FOLDABLE" ]
  },
  {
    "id": "gray_seat",
    "type": "vehicle_part",
    "name": { "str": "gray seat" },
    "item": "gray",
    "location": "center",
    "symbol": "#",
    "broken_symbol": "*",
    "color": "light_gray",
    "broken_color": "light_gray",
    "durability": 1000,
    "damage_modifier": 10,
    "folded_volume": "250 ml",
    "breaks_into": [ { "item": "graygrow" } ],
    "description": "A living blob, formed into a comfy couch.  You can sit here.",
    "requirements": { "repair": { "time": "5 m", "using": [ [ "blobrep", 1 ] ] } },
    "flags": [ "SEAT", "BED", "BOARDABLE", "BELTABLE" ]
  },
  {
    "id": "gray_trunk",
    "type": "vehicle_part",
    "name": { "str": "gray receptacle" },
    "item": "gray",
    "location": "center",
    "symbol": "H",
    "broken_symbol": "#",
    "color": "light_gray",
    "broken_color": "light_gray",
    "durability": 1000,
    "size": 1000,
    "damage_modifier": 10,
    "folded_volume": "250 ml",
    "breaks_into": [ { "item": "graygrow" } ],
    "description": "A living blob, shaped into a cargo space.",
    "requirements": { "repair": { "time": "5 m", "using": [ [ "blobrep", 1 ] ] } },
    "flags": [ "CARGO", "COVERED", "FOLDABLE" ]
  },
  {
    "id": "gray_trunk_u",
    "type": "vehicle_part",
    "copy-from": "gray_trunk",
    "name": { "str": "gray pouch (under)" },
    "location": "under"
  },
  {
    "id": "grayaisle_aisle",
    "type": "vehicle_part",
    "name": { "str": "gray walkway" },
    "item": "gray",
    "location": "center",
    "standard_symbols": true,
    "color": "light_gray",
    "broken_color": "light_gray",
    "durability": 1000,
    "damage_modifier": 10,
    "folded_volume": "250 ml",
    "description": "A living blob, formed into a walkway.",
    "breaks_into": [ { "item": "graygrow" } ],
    "requirements": { "repair": { "time": "5 m", "using": [ [ "blobrep", 1 ] ] } },
    "flags": [ "AISLE", "BOARDABLE", "FOLDABLE" ]
  },
  {
    "id": "graydoor",
    "type": "vehicle_part",
    "name": { "str": "gray hatch" },
    "item": "gray",
    "location": "center",
    "symbol": "+",
    "broken_symbol": "&",
    "color": "light_gray",
    "broken_color": "light_gray",
    "durability": 1000,
    "damage_modifier": 10,
    "folded_volume": "250 ml",
    "breaks_into": [ { "item": "graygrow" } ],
    "description": "A living blob, acting as a door.  Has a transparent patch so you can see out of it, even when closed.",
    "requirements": { "repair": { "time": "5 m", "using": [ [ "blobrep", 1 ] ] } },
    "flags": [ "OBSTACLE", "OPENABLE", "BOARDABLE", "WINDOW", "FOLDABLE" ]
  },
  {
    "id": "graydoor_opaque",
    "type": "vehicle_part",
    "name": { "str": "opaque gray hatch" },
    "item": "gray",
    "location": "center",
    "symbol": "+",
    "broken_symbol": "&",
    "color": "light_gray",
    "broken_color": "light_gray",
    "durability": 1000,
    "damage_modifier": 10,
    "folded_volume": "250 ml",
    "breaks_into": [ { "item": "graygrow" } ],
    "description": "A living blob, acting as a door.  Entirely opaque so you can't see through it when closed.",
    "requirements": { "repair": { "time": "5 m", "using": [ [ "blobrep", 1 ] ] } },
    "flags": [ "OBSTACLE", "OPAQUE", "OPENABLE", "BOARDABLE", "FOLDABLE" ]
  },
  {
    "id": "grinder",
    "type": "vehicle_part",
    "name": { "str": "earthen roller" },
    "item": "grinder",
    "location": "structure",
    "symbol": "O",
    "broken_symbol": "#",
    "color": "brown",
    "broken_color": "brown",
    "durability": 2500,
    "damage_modifier": 250,
    "folded_volume": "250 ml",
    "breaks_into": [ { "item": "gray" } ],
    "requirements": { "repair": { "time": "5 m", "using": [ [ "blobrep", 1 ] ] } },
    "rolling_resistance": 6,
    "wheel_type": "rigid",
    "contact_area": 500,
    "flags": [ "WHEEL", "FOLDABLE", "PROTRUSION", "STABLE", "TRACKED" ]
  },
  {
    "id": "oozle_amalgam",
    "type": "vehicle_part",
    "name": { "str": "ooze retriever" },
    "item": "oozle",
    "location": "under",
    "symbol": "R",
    "broken_symbol": ";",
    "color": "green",
    "broken_color": "green",
    "durability": 600,
    "epower": 0,
    "size": 400,
    "damage_modifier": 10,
    "folded_volume": "250 ml",
    "breaks_into": [ { "item": "oozlegrow" } ],
    "requirements": { "repair": { "time": "5 m", "using": [ [ "blobrep", 1 ] ] } },
    "description": "A living blob, formed to act as a scoop.  Use the vehicle controls to turn it on or off.  When turned on, it will scoop up any loose items that it travels over, putting them into the vehicle's storage.",
    "flags": [ "SCOOP", "CARGO", "FOLDABLE" ]
  },
  {
    "id": "oozle_belt",
    "type": "vehicle_part",
    "name": { "str": "ooze harness" },
    "item": "oozle",
    "location": "on_seat",
    "symbol": ",",
    "broken_symbol": ",",
    "color": "green",
    "broken_color": "green",
    "durability": 500,
    "bonus": 35,
    "damage_modifier": 10,
    "folded_volume": "250 ml",
    "description": "A living blob, reformed as a belt and attached to a seat.",
    "breaks_into": [ { "item": "oozlegrow" } ],
    "requirements": { "repair": { "time": "5 m", "using": [ [ "blobrep", 1 ] ] } },
    "flags": [ "SEATBELT", "FOLDABLE" ]
  },
  {
    "id": "oozle_tank",
    "type": "vehicle_part",
    "name": { "str": "pod (20L)" },
    "item": "oozle_tank",
    "location": "fuel_source",
    "symbol": "O",
    "broken_symbol": "#",
    "color": "green",
    "broken_color": "green",
    "durability": 500,
    "size": 7500,
    "damage_modifier": 10,
    "folded_volume": "7500 ml",
    "breaks_into": [ { "item": "oozlegrow" } ],
    "requirements": { "repair": { "time": "5 m", "using": [ [ "blobrep", 1 ] ] } },
    "description": "A living blob, formed into a storage space for holding liquids.  If filled with the appropriate fuel for the vehicle's engine, the engine will automatically draw fuel from the tank when the engine is on.  If filled with water, you can access the water from a water faucet, if one is installed in the vehicle.  You can also use a rubber hose to siphon liquids out of a tank.",
    "flags": [ "FOLDABLE", "FUEL_TANK" ]
  },
  {
    "id": "oozle_tank_large",
    "type": "vehicle_part",
    "copy-from": "oozle_tank",
    "name": { "str": "ooze tank (80L)" },
    "item": "oozle_tank_large",
    "size": 8000,
    "folded_volume": "80 L"
  },
  {
    "id": "oozle_plate",
    "type": "vehicle_part",
    "name": { "str": "ooze reinforcement" },
    "item": "oozle",
    "location": "armor",
    "symbol": "X",
    "broken_symbol": "*",
    "color": "green",
    "broken_color": "green",
    "durability": 500,
    "damage_modifier": 10,
    "folded_volume": "250 ml",
    "breaks_into": [ { "item": "oozlegrow" } ],
    "description": "A living blob, acting as armor plate.",
    "requirements": { "repair": { "time": "5 m", "using": [ [ "blobrep", 1 ] ] } },
    "flags": [ "ARMOR", "FOLDABLE" ]
  },
  {
    "id": "oozle_roof",
    "type": "vehicle_part",
    "name": { "str": "ooze roof" },
    "item": "oozle",
    "location": "roof",
    "symbol": "#",
    "broken_symbol": "#",
    "color": "green",
    "broken_color": "light_green",
    "durability": 500,
    "damage_modifier": 10,
    "folded_volume": "250 ml",
    "breaks_into": [ { "item": "oozlegrow" } ],
    "description": "A living blob, placed as roof.",
    "requirements": { "repair": { "time": "5 m", "using": [ [ "blobrep", 1 ] ] } },
    "flags": [ "ROOF", "FOLDABLE" ]
  },
  {
    "id": "oozle_seat",
    "type": "vehicle_part",
    "name": { "str": "ooze seat" },
    "item": "oozle",
    "location": "center",
    "symbol": "#",
    "broken_symbol": "*",
    "color": "green",
    "broken_color": "green",
    "durability": 500,
    "damage_modifier": 10,
    "folded_volume": "250 ml",
    "breaks_into": [ { "item": "oozlegrow" } ],
    "description": "A living blob, formed into a comfy couch.  You can sit here.",
    "requirements": { "repair": { "time": "5 m", "using": [ [ "blobrep", 1 ] ] } },
    "flags": [ "SEAT", "BED", "BOARDABLE", "BELTABLE" ]
  },
  {
    "id": "oozle_trunk",
    "type": "vehicle_part",
    "name": { "str": "ooze receptacle" },
    "item": "oozle",
    "location": "center",
    "symbol": "H",
    "broken_symbol": "#",
    "color": "green",
    "broken_color": "green",
    "durability": 500,
    "size": 800,
    "damage_modifier": 10,
    "folded_volume": "250 ml",
    "breaks_into": [ { "item": "oozlegrow" } ],
    "description": "A living blob, shaped into a cargo space.",
    "requirements": { "repair": { "time": "5 m", "using": [ [ "blobrep", 1 ] ] } },
    "flags": [ "CARGO", "COVERED", "FOLDABLE" ]
  },
  {
    "id": "oozle_trunk_u",
    "type": "vehicle_part",
    "copy-from": "oozle_trunk",
    "name": { "str": "ooze pouch (under)" },
    "location": "under"
  },
  {
    "id": "oozleaisle_aisle",
    "type": "vehicle_part",
    "name": { "str": "ooze walkway" },
    "item": "oozle",
    "location": "center",
    "standard_symbols": true,
    "color": "green",
    "broken_color": "green",
    "durability": 500,
    "damage_modifier": 10,
    "folded_volume": "250 ml",
    "breaks_into": [ { "item": "oozlegrow" } ],
    "description": "A living blob, formed into a walkway.",
    "requirements": { "repair": { "time": "5 m", "using": [ [ "blobrep", 1 ] ] } },
    "flags": [ "AISLE", "BOARDABLE", "FOLDABLE" ]
  },
  {
    "id": "oozledoor",
    "type": "vehicle_part",
    "name": { "str": "ooze hatch" },
    "item": "oozle",
    "location": "center",
    "symbol": "+",
    "broken_symbol": "&",
    "color": "green",
    "broken_color": "green",
    "durability": 500,
    "damage_modifier": 10,
    "folded_volume": "250 ml",
    "breaks_into": [ { "item": "oozlegrow" } ],
    "description": "A living blob, acting as a door.  Has a transparent patch so you can see out of it, even when closed.",
    "requirements": { "repair": { "time": "5 m", "using": [ [ "blobrep", 1 ] ] } },
    "flags": [ "OBSTACLE", "OPENABLE", "BOARDABLE", "WINDOW", "FOLDABLE" ]
  },
  {
    "id": "oozledoor_opaque",
    "type": "vehicle_part",
    "name": { "str": "opaque ooze hatch" },
    "item": "oozle",
    "location": "center",
    "symbol": "+",
    "broken_symbol": "&",
    "color": "green",
    "broken_color": "green",
    "durability": 500,
    "damage_modifier": 10,
    "folded_volume": "250 ml",
    "breaks_into": [ { "item": "oozlegrow" } ],
    "description": "A living blob, acting as a door.  Entirely opaque so you can't see through it when closed.",
    "requirements": { "repair": { "time": "5 m", "using": [ [ "blobrep", 1 ] ] } },
    "flags": [ "OBSTACLE", "OPAQUE", "OPENABLE", "BOARDABLE", "FOLDABLE" ]
  },
  {
    "id": "queen",
    "type": "vehicle_part",
    "name": { "str": "amorphous core" },
    "item": "queen",
    "location": "center",
    "fuel_type": "bfeedfuel",
    "symbol": "O",
    "broken_symbol": "#",
    "color": "red",
    "broken_color": "red",
    "durability": 1000,
    "power": 223800,
    "energy_consumption": 600000,
    "m2c": 65,
    "noise_factor": 5,
    "epower": -1,
    "damage_modifier": 10,
    "folded_volume": "250 ml",
    "breaks_into": [ { "item": "queengrow" } ],
    "requirements": { "repair": { "time": "5 m", "using": [ [ "blobrep", 1 ] ] } },
    "description": "An amorphous mass, the living heart and brain of a blob vehicle.",
    "flags": [
      "BOARDABLE",
      "BELTABLE",
      "FOLDABLE",
      "ENGINE",
      "CONTROLS",
      "CTRL_ELECTRONIC",
      "SEAT",
      "BED",
      "E_ALTERNATOR",
      "E_STARTS_INSTANTLY",
      "E_HIGHER_SKILL",
      "TURRET_MOUNT"
    ]
  }
]
