[
  {
    "id": "frostie_wheel",
    "type": "vehicle_part",
    "name": { "str": "snow slider" },
    "item": "frostie_wheel",
    "location": "under",
    "symbol": "|",
    "broken_symbol": "x",
    "color": "light_blue",
    "broken_color": "light_blue",
    "durability": 500,
    "damage_modifier": 200,
    "folded_volume": "250 ml",
    "breaks_into": [ { "item": "frostiegrow" } ],
    "description": "A living blob, existing in a super-cooled state.  It acts as a wheel.",
    "requirements": { "repair": { "time": "5 m", "using": [ [ "blobrep", 1 ] ] } },
    "rolling_resistance": 1.5,
    "wheel_type": "standard",
    "contact_area": 153,
    "flags": [ "WHEEL", "FOLDABLE", "EXTRA_DRAG", "SHARP", "TRACKED" ]
  },
  {
    "id": "frostie_wheel_sea",
    "type": "vehicle_part",
    "name": { "str": "icy sea skimmer" },
    "item": "frostie_hull",
    "location": "under",
    "symbol": "|",
    "broken_symbol": "x",
    "color": "light_blue",
    "broken_color": "light_blue",
    "durability": 500,
    "damage_modifier": 200,
    "folded_volume": "250 ml",
    "breaks_into": [ { "item": "frostiegrow" } ],
    "description": "A living blob, existing in a super-cooled state.  It acts as a boat hull.",
    "requirements": { "repair": { "time": "5 m", "using": [ [ "blobrep", 1 ] ] } },
    "flags": [ "FLOATS", "FOLDABLE", "EXTRA_DRAG", "SHARP", "TRACKED" ]
  },
  {
    "id": "gloople_wheel",
    "type": "vehicle_part",
    "name": { "str": "gelatinous wheel" },
    "item": "gloople_wheel",
    "location": "under",
    "symbol": "|",
    "broken_symbol": "x",
    "color": "light_green",
    "broken_color": "light_green",
    "durability": 250,
    "damage_modifier": 10,
    "folded_volume": "250 ml",
    "description": "A living blob.  It acts as a wheel.",
    "breaks_into": [ { "item": "glooplegrow" }, { "item": "water", "count": [ 50, 100 ] } ],
    "requirements": { "repair": { "time": "5 m", "using": [ [ "blobrep", 1 ] ] } },
    "rolling_resistance": 1.75,
    "wheel_type": "standard",
    "contact_area": 153,
    "flags": [ "WHEEL", "FOLDABLE", "TRACKED" ]
  },
  {
    "id": "gray_wheel",
    "type": "vehicle_part",
    "name": { "str": "gray wheel" },
    "item": "gray_wheel",
    "location": "under",
    "symbol": "|",
    "broken_symbol": "x",
    "color": "light_gray",
    "broken_color": "light_gray",
    "durability": 1000,
    "damage_modifier": 10,
    "folded_volume": "250 ml",
    "description": "A living blob.  It acts as a wheel.",
    "breaks_into": [ { "item": "graygrow" }, { "item": "water", "count": [ 100, 200 ] } ],
    "requirements": { "repair": { "time": "5 m", "using": [ [ "blobrep", 1 ] ] } },
    "rolling_resistance": 1.25,
    "wheel_type": "standard",
    "contact_area": 153,
    "flags": [ "WHEEL", "FOLDABLE", "TRACKED" ]
  },
  {
    "id": "grinder",
    "type": "vehicle_part",
    "name": { "str": "earthen roller" },
    "item": "grinder",
    "location": "structure",
    "symbol": "O",
    "broken_symbol": "#",
    "color": "brown",
    "broken_color": "brown",
    "durability": 2500,
    "damage_modifier": 250,
    "folded_volume": "250 ml",
    "breaks_into": [ { "item": "gray" } ],
    "requirements": { "repair": { "time": "5 m", "using": [ [ "blobrep", 1 ] ] } },
    "rolling_resistance": 6,
    "wheel_type": "rigid",
    "contact_area": 500,
    "flags": [ "WHEEL", "FOLDABLE", "PROTRUSION", "STABLE", "TRACKED" ]
  },
  {
    "id": "oozle_wheel",
    "type": "vehicle_part",
    "name": { "str": "oozing wheel" },
    "item": "oozle_wheel",
    "location": "under",
    "symbol": "|",
    "broken_symbol": "x",
    "color": "green",
    "broken_color": "green",
    "durability": 500,
    "damage_modifier": 10,
    "folded_volume": "250 ml",
    "breaks_into": [ { "item": "oozlegrow" }, { "item": "water", "count": [ 100, 200 ] } ],
    "requirements": { "repair": { "time": "5 m", "using": [ [ "blobrep", 1 ] ] } },
    "rolling_resistance": 1.5,
    "wheel_type": "standard",
    "contact_area": 153,
    "flags": [ "WHEEL", "FOLDABLE", "TRACKED" ]
  }
]
