[
  {
    "id": "frostie_wall",
    "type": "vehicle_part",
    "name": { "str": "icy windshield" },
    "item": "frostie",
    "location": "center",
    "symbol": "\"",
    "broken_symbol": "0",
    "color": "light_blue",
    "broken_color": "light_blue",
    "durability": 500,
    "damage_modifier": 80,
    "folded_volume": "250 ml",
    "breaks_into": [ { "item": "frostiegrow" } ],
    "description": "A living blob, existing in a super-cooled state.  It is transparent, and can be used to see out of the vehicle.",
    "requirements": { "repair": { "time": "5 m", "using": [ [ "blobrep", 1 ] ] } },
    "flags": [ "OBSTACLE", "WINDOW", "FOLDABLE" ]
  },
  {
    "id": "gloopleboard_board",
    "type": "vehicle_part",
    "name": { "str": "gel panel" },
    "item": "gloople",
    "location": "center",
    "standard_symbols": true,
    "color": "light_green",
    "broken_color": "light_green",
    "durability": 250,
    "damage_modifier": 10,
    "folded_volume": "250 ml",
    "breaks_into": [ { "item": "glooplegrow" } ],
    "requirements": { "repair": { "time": "5 m", "using": [ [ "blobrep", 1 ] ] } },
    "flags": [ "OPAQUE", "OBSTACLE", "FOLDABLE", "FULL_BOARD" ]
  },
  {
    "id": "grayboard_horizontal",
    "type": "vehicle_part",
    "name": { "str": "gray wall" },
    "item": "gray",
    "location": "center",
    "standard_symbols": true,
    "color": "light_gray",
    "broken_color": "light_gray",
    "durability": 1000,
    "damage_modifier": 10,
    "folded_volume": "250 ml",
    "breaks_into": [ { "item": "graygrow" } ],
    "description": "A living blob, formed into a vehicle wall.  Keeps zombies outside the vehicle and prevents people from seeing through it.",
    "requirements": { "repair": { "time": "5 m", "using": [ [ "blobrep", 1 ] ] } },
    "flags": [ "OPAQUE", "OBSTACLE", "FOLDABLE", "FULL_BOARD" ]
  },
  {
    "id": "halfgloopleboard_board",
    "type": "vehicle_part",
    "name": { "str": "gel quarterpanel" },
    "item": "gloople",
    "location": "center",
    "standard_symbols": true,
    "color": "light_green",
    "broken_color": "light_green",
    "durability": 250,
    "damage_modifier": 10,
    "folded_volume": "250 ml",
    "breaks_into": [ { "item": "glooplegrow" } ],
    "description": "A living blob, formed into a half-height vehicle wall.  Keeps zombies outside the vehicle but allows people to see over it.",
    "requirements": { "repair": { "time": "5 m", "using": [ [ "blobrep", 1 ] ] } },
    "flags": [ "OBSTACLE", "FOLDABLE", "HALF_BOARD" ]
  },
  {
    "id": "halfgrayboard_board",
    "type": "vehicle_part",
    "name": { "str": "gray barricade" },
    "item": "gray",
    "location": "center",
    "standard_symbols": true,
    "color": "light_gray",
    "broken_color": "light_gray",
    "durability": 1000,
    "damage_modifier": 10,
    "folded_volume": "250 ml",
    "breaks_into": [ { "item": "graygrow" } ],
    "description": "A living blob, formed into a half-height vehicle wall.  Keeps zombies outside the vehicle but allows people to see over it.",
    "requirements": { "repair": { "time": "5 m", "using": [ [ "blobrep", 1 ] ] } },
    "flags": [ "OBSTACLE", "FOLDABLE", "HALF_BOARD" ]
  },
  {
    "id": "halfoozleboard_board",
    "type": "vehicle_part",
    "name": { "str": "ooze screen" },
    "item": "oozle",
    "location": "center",
    "standard_symbols": true,
    "color": "green",
    "broken_color": "green",
    "durability": 500,
    "damage_modifier": 10,
    "folded_volume": "250 ml",
    "breaks_into": [ { "item": "oozlegrow" } ],
    "description": "A living blob, formed into a half-height vehicle wall.  Keeps zombies outside the vehicle but allows people to see over it.",
    "requirements": { "repair": { "time": "5 m", "using": [ [ "blobrep", 1 ] ] } },
    "flags": [ "OBSTACLE", "FOLDABLE", "HALF_BOARD" ]
  },
  {
    "id": "oozleboard_board",
    "type": "vehicle_part",
    "name": { "str": "ooze barrier" },
    "item": "oozle",
    "location": "center",
    "standard_symbols": true,
    "color": "green",
    "broken_color": "green",
    "durability": 500,
    "damage_modifier": 10,
    "folded_volume": "250 ml",
    "breaks_into": [ { "item": "oozlegrow" } ],
    "description": "A living blob, formed into a vehicle wall.  Keeps zombies outside the vehicle and prevents people from seeing through it.",
    "requirements": { "repair": { "time": "5 m", "using": [ [ "blobrep", 1 ] ] } },
    "flags": [ "OPAQUE", "OBSTACLE", "FOLDABLE", "FULL_BOARD" ]
  }
]
