[
  {
    "id": "mounted_diamondlance",
    "copy-from": "turret",
    "type": "vehicle_part",
    "name": { "str": "diamond lance" },
    "item": "diamondlance",
    "color": "white",
    "broken_color": "white",
    "difficulty": 6,
    "size": 10,
    "folded_volume": "5500 ml",
    "breaks_into": [ { "item": "diamondlance", "count": [ 0, 1 ] } ],
    "requirements": { "install": { "skills": [ [ "mechanics", 4 ] ] }, "removal": { "skills": [ [ "mechanics", 2 ] ] } }
  },
  {
    "id": "mounted_diamondnova",
    "copy-from": "turret",
    "type": "vehicle_part",
    "name": { "str": "diamond nova" },
    "item": "diamondnova",
    "color": "white",
    "broken_color": "white",
    "difficulty": 6,
    "size": 10,
    "folded_volume": "5500 ml",
    "breaks_into": [ { "item": "diamondnova", "count": [ 0, 1 ] } ],
    "requirements": { "install": { "skills": [ [ "mechanics", 4 ] ] }, "removal": { "skills": [ [ "mechanics", 2 ] ] } }
  }
]
