[
  {
    "id": "dboard_board",
    "type": "vehicle_part",
    "name": { "str": "diamond barrier" },
    "item": "diamondplate",
    "location": "center",
    "standard_symbols": true,
    "color": "white",
    "broken_color": "white",
    "description": "A transparent, solid sheet of self-sustaining crystals.",
    "durability": 5000,
    "breaks_into": [ { "item": "spiral_matrix" }, { "item": "dshards", "count": [ 50, 100 ] }, { "item": "dcluster", "count": [ 2, 6 ] } ],
    "requirements": {
      "install": { "skills": [ [ "mechanics", 6 ] ], "time": "60 m", "using": [ [ "welding_standard", 5 ] ] },
      "removal": { "skills": [ [ "mechanics", 4 ] ], "time": "30 m", "using": [ [ "vehicle_weld_removal", 1 ] ] },
      "repair": { "skills": [ [ "mechanics", 7 ] ], "time": "60 m", "using": [ [ "welding_standard", 5 ] ] }
    },
    "flags": [ "OBSTACLE", "WINDOW", "FULL_BOARD" ]
  },
  {
    "id": "dframe_frame",
    "type": "vehicle_part",
    "name": { "str": "diamond frame" },
    "item": "diamondframe",
    "location": "structure",
    "standard_symbols": true,
    "color": "white",
    "broken_color": "white",
    "description": "A framework of super-strong crystal.  Other vehicle components can be mounted on it, and it can be attached to other frames to increase the vehicle's size.",
    "durability": 3000,
    "breaks_into": [ { "item": "spiral_matrix" }, { "item": "dshards", "count": [ 75, 150 ] }, { "item": "dcluster", "count": [ 4, 8 ] } ],
    "requirements": {
      "install": { "skills": [ [ "mechanics", 6 ] ], "time": "60 m", "using": [ [ "welding_standard", 5 ] ] },
      "removal": { "skills": [ [ "mechanics", 4 ] ], "time": "30 m", "using": [ [ "vehicle_weld_removal", 1 ] ] },
      "repair": { "skills": [ [ "mechanics", 7 ] ], "time": "60 m", "using": [ [ "welding_standard", 5 ] ] }
    },
    "flags": [ "MOUNTABLE", "INITIAL_PART" ]
  },
  {
    "id": "plating_diamond",
    "type": "vehicle_part",
    "name": { "str": "diamond plating" },
    "item": "diamondplate",
    "location": "armor",
    "symbol": ")",
    "broken_symbol": ")",
    "color": "white",
    "broken_color": "white",
    "description": "Transparent crystal armor plate.  Will partially protect other components on the same frame from damage.",
    "durability": 5000,
    "breaks_into": [ { "item": "spiral_matrix" }, { "item": "dshards", "count": [ 50, 100 ] }, { "item": "dcluster", "count": [ 2, 6 ] } ],
    "requirements": {
      "install": { "skills": [ [ "mechanics", 5 ] ], "time": "60 m", "using": [ [ "welding_standard", 5 ] ] },
      "removal": { "skills": [ [ "mechanics", 3 ] ], "time": "30 m", "using": [ [ "vehicle_weld_removal", 1 ] ] },
      "repair": { "skills": [ [ "mechanics", 6 ] ], "time": "60 m", "using": [ [ "welding_standard", 5 ] ] }
    },
    "flags": [ "ARMOR", "WINDOW" ]
  }
]
