[
  {
    "id": "mounted_vortexaccelerator",
    "copy-from": "turret",
    "type": "vehicle_part",
    "name": { "str": "mounted vortex accelerator" },
    "item": "vortexaccelerator",
    "color": "pink",
    "broken_color": "pink",
    "size": 1000,
    "folded_volume": "2500 ml",
    "breaks_into": [ { "item": "vortexaccelerator", "count": [ 0, 1 ] } ],
    "requirements": { "install": { "skills": [ [ "mechanics", 4 ] ] }, "removal": { "skills": [ [ "mechanics", 2 ] ] } }
  },
  {
    "id": "mounted_vortexbolter",
    "copy-from": "turret",
    "type": "vehicle_part",
    "name": { "str": "mounted vortex bolter" },
    "item": "vortexbolter",
    "color": "pink",
    "broken_color": "pink",
    "size": 10,
    "folded_volume": "2500 ml",
    "breaks_into": [ { "item": "vortexbolter", "count": [ 0, 1 ] } ],
    "requirements": { "install": { "skills": [ [ "mechanics", 4 ] ] }, "removal": { "skills": [ [ "mechanics", 2 ] ] } }
  },
  {
    "id": "mounted_vortexcannon",
    "copy-from": "turret",
    "type": "vehicle_part",
    "name": { "str": "mounted vortex cannon" },
    "item": "vortexcannon",
    "color": "pink",
    "broken_color": "pink",
    "size": 10,
    "folded_volume": "5 L",
    "breaks_into": [ { "item": "vortexcannon", "count": [ 0, 1 ] } ],
    "requirements": { "install": { "skills": [ [ "mechanics", 4 ] ] }, "removal": { "skills": [ [ "mechanics", 2 ] ] } }
  },
  {
    "id": "mounted_vortexrifle",
    "copy-from": "turret",
    "type": "vehicle_part",
    "name": { "str": "mounted vortex rifle" },
    "item": "vortexrifle",
    "color": "pink",
    "broken_color": "pink",
    "difficulty": 4,
    "size": 40,
    "folded_volume": "2500 ml",
    "breaks_into": [ { "item": "vortexrifle", "count": [ 0, 1 ] } ],
    "requirements": { "install": { "skills": [ [ "mechanics", 4 ] ] }, "removal": { "skills": [ [ "mechanics", 2 ] ] } }
  }
]
