[
  {
    "id": "solar_array",
    "type": "GENERIC",
    "category": "veh_parts",
    "name": { "str": "solar array" },
    "description": "A dozen solar panels set on a chassis reaching several meters high.  It keeps the fragile panels safely away from any potential threats and improves efficiency due to being able track the sun.  However, this comes at the cost of being prohibitively heavy.",
    "weight": "265400 g",
    "volume": "62500 ml",
    "price": 120000,
    "to_hit": -4,
    "bashing": 1,
    "material": [ "glass" ],
    "symbol": "]",
    "color": "yellow"
  },
  {
    "id": "solar_array2",
    "type": "GENERIC",
    "category": "veh_parts",
    "name": { "str": "upgraded solar array" },
    "description": "A dozen upgraded solar panels set on a chassis reaching several meters high.  It keeps the fragile panels safely away from any potential threats and improves efficiency due to being able to track the sun.  However, this comes at the cost of being prohibitively heavy and obstructive.",
    "weight": "319328 g",
    "volume": "62500 ml",
    "price": 150000,
    "to_hit": -4,
    "bashing": 1,
    "material": [ "glass" ],
    "symbol": "]",
    "color": "yellow"
  },
  {
    "id": "solar_array2r",
    "type": "GENERIC",
    "category": "veh_parts",
    "name": { "str": "upgraded reinforced solar array" },
    "description": "A dozen upgraded reinforced solar panels set on a chassis reaching several meters high.  It keeps the fragile panels safely away from any potential threats and improves efficiency due to being able to track the sun.  However, this comes at the cost of being prohibitively heavy and obstructive.",
    "weight": "382736 g",
    "volume": "80500 ml",
    "price": 150000,
    "to_hit": -4,
    "bashing": 1,
    "material": [ "glass", "steel" ],
    "symbol": "]",
    "color": "light_blue"
  }
]
