[
  {
    "id": "bb_hopper",
    "type": "MAGAZINE",
    "name": { "str": "BB hopper" },
    "description": "An improvised magazine for a vehicle mounted weapon.  A simple metal box with some plastic guide rails, it acts as a gravity fed hopper to drop a small round shot into the weapon's chamber below.  It is not very reliable, but quick to reload.",
    "weight": "1840 g",
    "volume": "3 L",
    "price": 16600,
    "material": [ "steel" ],
    "symbol": "#",
    "color": "light_gray",
    "ammo_type": [ "BB" ],
    "capacity": 250,
    "pocket_data": [ { "pocket_type": "MAGAZINE", "rigid": true, "ammo_restriction": { "BB": 250 } } ],
    "reload_time": 15
  },
  {
    "id": "bolt_hopper",
    "type": "MAGAZINE",
    "name": { "str": "bolt hopper" },
    "description": "An improvised magazine for a vehicle mounted crossbow.  A simple metal box with some plastic guide rails, it acts as a gravity fed hopper to drop a crossbow bolt into the weapon below.  It is awkward to reload and not especially reliable.",
    "weight": "1840 g",
    "volume": "3 L",
    "price": 16600,
    "material": [ "steel" ],
    "symbol": "#",
    "color": "light_gray",
    "ammo_type": [ "bolt" ],
    "capacity": 60,
    "pocket_data": [ { "pocket_type": "MAGAZINE", "rigid": true, "ammo_restriction": { "bolt": 60 } } ],
    "reload_time": 150
  },
  {
    "id": "cannister_rack",
    "type": "MAGAZINE",
    "name": { "str": "canister rack" },
    "description": "An improvised magazine for a vehicle mounted weapon.  A simple metal box with some plastic guide rails, it acts as a gravity fed hopper to drop a heavy canister into the weapon below.  It is awkward to reload and not especially reliable.",
    "weight": "1840 g",
    "volume": "3 L",
    "price": 16600,
    "material": [ "steel" ],
    "symbol": "#",
    "color": "light_gray",
    "ammo_type": [ "h_projectile" ],
    "capacity": 8,
    "pocket_data": [ { "pocket_type": "MAGAZINE", "rigid": true, "ammo_restriction": { "h_projectile": 8 } } ],
    "reload_time": 150
  },
  {
    "id": "pebble_hopper",
    "type": "MAGAZINE",
    "name": { "str": "pebble hopper" },
    "description": "An improvised magazine for a vehicle mounted weapon.  A simple metal box with some plastic guide rails, it acts as a gravity fed hopper to drop a small round shot into the weapon's chamber below.  It is not very reliable, but quick to reload.",
    "weight": "1840 g",
    "volume": "3 L",
    "price": 16600,
    "material": [ "steel" ],
    "symbol": "#",
    "color": "light_gray",
    "ammo_type": [ "pebble" ],
    "capacity": 250,
    "pocket_data": [ { "pocket_type": "MAGAZINE", "rigid": true, "ammo_restriction": { "pebble": 250 } } ],
    "reload_time": 15
  }
]
