[
  {
    "id": "space_anomaly",
    "type": "GENERIC",
    "category": "veh_parts",
    "name": { "str": "stabilized portal" },
    "description": "As you gaze into the seemingly infinite depths of this portable hole in reality, a phrase from a time forever gone echoes in your mind.  \"There are two things that are infinite: the universe and human kleptomania.\"",
    "weight": "22813 g",
    "volume": "50 L",
    "price": 1500000,
    "to_hit": -4,
    "bashing": 2,
    "material": [ "steel", "plastic" ],
    "symbol": "]",
    "color": "cyan"
  },
  {
    "id": "vehicle_shelving",
    "type": "GENERIC",
    "name": { "str": "vehicle shelving" },
    "description": "Several heavy frames retrofitted to be installed together which are outfitted with tie-downs and attachment points gallore for carrying an extended amount of cargo.",
    "weight": "350000 g",
    "to_hit": -4,
    "color": "cyan",
    "symbol": "]",
    "material": [ "steel", "plastic" ],
    "volume": "200 L",
    "bashing": 2,
    "category": "veh_parts",
    "price": 80000,
    "price_postapoc": 1000
  }
]
