[
  {
    "id": "frostie_wheel",
    "type": "WHEEL",
    "category": "veh_parts",
    "name": { "str": "gelacier wheel" },
    "description": "A biological mystery, this blob's internal structures exist in within a pool of low-density fluid that remains liquid despite being in a super-cooled state; yet possesses all the malleability of its former self.  Fragments of frost continually flake off it.  It has formed itself into a wide, crude wheel.",
    "weight": "6112 g",
    "volume": "5 L",
    "to_hit": -3,
    "bashing": 9,
    "material": [ "flesh" ],
    "symbol": "]",
    "color": "light_blue",
    "diameter": 40,
    "width": 15
  },
  {
    "id": "gloople_wheel",
    "type": "WHEEL",
    "category": "veh_parts",
    "name": { "str": "gelatinous wheel" },
    "description": "Filling a gelatinous mass with water has resulted in something that appears to be a cross between a wheel, an otherworldly abomination, and one of those old squeezy toys.",
    "weight": "30062 g",
    "volume": "12500 ml",
    "to_hit": -3,
    "bashing": 9,
    "material": [ "flesh" ],
    "symbol": "]",
    "color": "light_green",
    "diameter": 15,
    "width": 15
  },
  {
    "id": "gray_wheel",
    "type": "WHEEL",
    "category": "veh_parts",
    "name": { "str": "gray wheel" },
    "description": "Filling a gray mass with water has resulted in something that appears to be a cross between a wheel, an otherworldly abomination, and one of those old squeezy toys.",
    "weight": "53262 g",
    "volume": "30 L",
    "to_hit": -3,
    "bashing": 9,
    "material": [ "flesh" ],
    "symbol": "]",
    "color": "light_gray",
    "diameter": 40,
    "width": 40
  },
  {
    "id": "grinder",
    "type": "WHEEL",
    "category": "veh_parts",
    "name": { "str": "earthen roller" },
    "description": "A large, spherical blob the size of a large truck tire.  The outer layer has compacted itself into a solid shell; offering great resilience.  Having grown to full size, it seems content to simply sit there.",
    "weight": "204540 g",
    "volume": "50 L",
    "price": 500,
    "to_hit": -3,
    "bashing": 9,
    "material": [ "stone", "flesh" ],
    "symbol": "]",
    "color": "light_gray",
    "diameter": 60,
    "width": 60
  },
  {
    "id": "oozle_wheel",
    "type": "WHEEL",
    "category": "veh_parts",
    "name": { "str": "oozing wheel" },
    "description": "Filling an oozing mass with water has resulted in something that appears to be a cross between a wheel, an otherworldly abomination, and one of those old squeezy toys.",
    "weight": "50262 g",
    "volume": "30 L",
    "to_hit": -3,
    "bashing": 9,
    "material": [ "flesh" ],
    "symbol": "]",
    "color": "green",
    "diameter": 30,
    "width": 30
  }
]
