[
  {
    "id": "gloopletread",
    "type": "WHEEL",
    "category": "veh_parts",
    "name": { "str": "Gelatinous track" },
    "description": "A short, interlocking set of tracks created out of some of your monstrosity blob based parts.  Similar with what you might see used on light construction vehicles.  It's significantly stronger than regular tires due to not being at risk of bursting; but is quite heavy.",
    "weight": "32368 g",
    "volume": "50 L",
    "price": 25500,
    "to_hit": -3,
    "bashing": 30,
    "material": [ "plastic", "steel" ],
    "symbol": "]",
    "color": "white",
    "diameter": 30,
    "width": 15
  },
  {
    "id": "oozletread",
    "type": "WHEEL",
    "category": "veh_parts",
    "name": { "str": "Oozing track" },
    "description": "A short, interlocking set of tracks created out of some of your monstrosity blob based parts.  Similar with what you might see used on light construction vehicles.  It's significantly stronger than regular tires due to not being at risk of bursting; but is quite heavy.",
    "weight": "32368 g",
    "volume": "50 L",
    "price": 25500,
    "to_hit": -3,
    "bashing": 30,
    "material": [ "plastic", "steel" ],
    "symbol": "]",
    "color": "white",
    "diameter": 50,
    "width": 25
  },
  {
    "id": "graytread",
    "type": "WHEEL",
    "category": "veh_parts",
    "name": { "str": "Gray track" },
    "description": "A short, interlocking set of tracks created out of some of your monstrosity blob based parts.  Similar with what you might see used on light construction vehicles.  It's significantly stronger than regular tires due to not being at risk of bursting; but is quite heavy.",
    "weight": "32368 g",
    "volume": "50 L",
    "price": 25500,
    "to_hit": -3,
    "bashing": 30,
    "material": [ "plastic", "steel" ],
    "symbol": "]",
    "color": "white",
    "diameter": 60,
    "width": 30
  }
]
