[
  {
    "type": "palette",
    "id": "general_jc",
    "terrain": {
      "+": "t_door_c",
      "3": "t_door_locked",
      "2": "t_door_metal_c",
      "4": "t_door_metal_pickable",
      "5": "t_door_metal_locked",
      "6": "t_console_broken",
      "[": "t_door_glass_c",
      "-": "t_wall",
      "|": "t_concrete_wall",
      "/": "t_wall_wood",
      "=": "t_wall_glass",
      "(": "t_reinforced_glass",
      ",": [ "t_grass", "t_grass", "t_grass", "t_dirt", "t_dirt" ],
      "s": "t_sidewalk",
      "g": "t_bridge",
      "_": "t_pavement",
      "y": "t_pavement_y",
      "`": "t_hole",
      "<": "t_stairs_up",
      ">": "t_stairs_down",
      "0": "t_window_empty",
      ":": "t_window_domestic",
      "u": "t_chainfence_h",
      "U": "t_chainfence_v",
      "#": "t_shrub"
    },
    "furniture": {
      "&": "f_toilet",
      "~": "f_shower",
      "@": "f_bed",
      "a": "f_armchair",
      "k": "f_cupboard",
      "D": "f_dresser",
      "h": "f_chair",
      "b": "f_bench",
      "B": "f_bookcase",
      "c": "f_counter",
      "l": "f_locker",
      "n": "f_trashcan",
      "d": "f_desk",
      "f": "f_fridge",
      "F": "f_glass_fridge",
      "o": "f_oven",
      "O": "f_woodstove",
      "i": "f_sink",
      "p": "f_pool_table",
      "r": "f_rack",
      "?": "f_sofa",
      "t": "f_table",
      "^": "f_indoor_plant",
      "x": "f_safe_l"
    },
    "toilets": { ";": {  } },
    "items": { "d": { "item": "office", "chance": 70 } }
  }
]
