[
  {
    "type": "mapgen",
    "method": "json",
    "om_terrain": [ "mortuary_2story" ],
    "weight": 100,
    "object": {
      "faction_owner": [ { "id": "whately_family", "x": [ 0, 23 ], "y": [ 0, 23 ] } ],
      "fill_ter": "t_floor",
      "rows": [
        "..,,,,,...uuuu...,,,,,..",
        "..,,,,,..uaaaau..,,,,,..",
        "..,,,,,.uaffffau.,,,,,..",
        "..,,,,,..uuuuuu..,,,,,..",
        "..,,,,,..........,,,,,..",
        "..,,,,,,........,,,,,,..",
        "..,,,,,,,,,,,,,,,,,,,,..",
        "..,,,,,,,,,,,,,,,,,,,,..",
        "..,,,,,,,,,,,,,,,,,,,,..",
        "..,,,,,,,,,,,,,,,,,,,,..",
        "...,,,,,,,,,,,,,,,,,,...",
        "....uuuu.|o++o|.uuuu....",
        "..|-oooo-|P  P|-oooo-|u.",
        "..oP cc P|H  H|      |fu",
        "|-|c    c|H  H| H H  ofu",
        "|&|c    c|    | H H  |fu",
        "| +      + DD + H H P|u.",
        "|i|D ll P|P hP| H H C|..",
        "--|------|-++-| H H P|u.",
        ".4|dT<T~L|C  O| H H  |fu",
        "..|d~~~~~*   O| H H  ofu",
        "..|d>~T~i|C  O|      |fu",
        "..|------|-++-|-o--o-|u.",
        ".........u.,,.u........."
      ],
      "terrain": {
        " ": "t_floor",
        "*": "t_door_locked_interior",
        "+": "t_door_c",
        ",": "t_pavement",
        "-": "t_wall_w",
        ".": "t_grass",
        "L": "t_linoleum_white",
        "T": "t_linoleum_white",
        "a": "t_dirt",
        "d": "t_linoleum_white",
        "f": "t_dirt",
        "i": "t_linoleum_white",
        "o": "t_window_bars_curtains",
        "u": "t_shrub",
        "|": "t_wall_w",
        "~": "t_linoleum_white",
        "4": "t_gutter_downspout",
        ">": "t_wood_stairs_down",
        "<": "t_wood_stairs_up"
      },
      "toilets": { "&": { "amount": [ 0, 50 ] } },
      "furniture": {
        "C": "f_coffin_c",
        "D": "f_desk",
        "H": "f_bench",
        "h": "f_chair",
        "L": "f_locker",
        "O": "f_coffin_o",
        "P": [ "f_indoor_plant_y", "f_indoor_plant" ],
        "T": "f_table",
        "a": "f_dahlia",
        "c": "f_sofa",
        "d": "f_rack",
        "f": [ "f_datura", "f_bluebell", "f_mutpoppy", "f_dahlia", "f_flower_tulip", "f_chamomile", "f_flower_spurge", "f_lily" ],
        "i": "f_sink",
        "l": "f_bookcase"
      },
      "place_signs": [ { "signage": "Whately Family Mortuary Services.  Serving New England for three hundred years.'", "x": 15, "y": 11 } ],
      "place_items": [
        { "item": "cleaning", "x": 3, "y": [ 19, 20 ], "chance": 50 },
        { "item": "dissection", "x": 3, "y": 21, "chance": 70 },
        { "item": "church", "x": [ 16, 18 ], "y": [ 14, 20 ], "chance": 50 },
        { "item": "lab_torso", "x": 8, "y": 19, "chance": 50 },
        { "item": "bionics_common", "x": 8, "y": 19, "chance": 30 },
        { "item": "homebooks", "x": [ 5, 6 ], "y": 17, "chance": 50 },
        { "item": "magazines", "x": 3, "y": 17, "chance": 50 }
      ],
      "place_loot": [
        { "group": "corpse_male_mortuary", "x": 4, "y": 19, "chance": 40 },
        { "group": "corpse_female_mortuary", "x": 6, "y": 19, "chance": 40 },
        { "group": "corpse_female_mortuary", "x": 6, "y": 21, "chance": 40 },
        { "group": "corpse_viewing", "x": 20, "y": 17, "chance": 50 }
      ],
      "place_vehicles": [ { "vehicle": "hearse", "x": 12, "y": 7, "chance": 90 } ]
    }
  },
  {
    "type": "mapgen",
    "method": "json",
    "om_terrain": [ "mortuary_basement" ],
    "weight": 200,
    "object": {
      "faction_owner": [ { "id": "whately_family", "x": [ 0, 23 ], "y": [ 0, 23 ] } ],
      "rotation": [ 0, 3 ],
      "fill_ter": "t_rock",
      "rows": [
        "                        ",
        "                        ",
        "                        ",
        "                        ",
        "                        ",
        "                        ",
        "      ||||||||||||      ",
        "      |T8T5CfHH??|      ",
        "      |,h,,,,,,,?|      ",
        "      |n,,,*,,???|      ",
        "      ||||,,,,||||      ",
        "      |ffG,,,,ACA|      ",
        "   ||||,,,,,,,,,,|||||| ",
        "   |&_+*,,,,,*,TTT|EWU| ",
        "   |i_|,,TT,,,,,,,+_*_| ",
        "   |||||+||,,||+||||||| ",
        "    |i,A,F|++|U__XU|    ",
        "    |D,*,T|..|U_*_c|    ",
        "    |b,,hT|<<|U___c|    ",
        "    |b,n,T||||U_U_U|    ",
        "    |||||||  |||||||    ",
        "                        ",
        "                        ",
        "                        "
      ],
      "terrain": {
        "|": "t_wall",
        "<": "t_stairs_up",
        "+": "t_door_c",
        ".": "t_floor",
        "_": "t_linoleum_gray",
        "c": "t_linoleum_gray",
        "U": "t_linoleum_gray",
        "X": "t_linoleum_gray",
        "E": "t_linoleum_gray",
        "i": "t_linoleum_gray",
        "&": "t_linoleum_gray",
        ",": "t_linoleum_white",
        "C": "t_linoleum_white",
        "?": "t_linoleum_white",
        "A": "t_linoleum_white",
        "h": "t_linoleum_white",
        "D": "t_linoleum_white",
        "5": "t_linoleum_white",
        "F": "t_linoleum_white",
        "f": "t_linoleum_white",
        "G": "t_linoleum_white",
        "b": "t_linoleum_white",
        "n": "t_linoleum_white",
        "H": "t_linoleum_white",
        "T": "t_linoleum_white",
        "8": "t_console_broken",
        "W": "t_water_dispenser",
        "*": "t_thconc_floor_olight"
      },
      "liquids": { "E": { "liquid": "water_clean", "amount": [ 0, 100 ] } },
      "furniture": {
        "T": "f_workbench",
        "G": "f_glass_cabinet",
        "c": "f_counter",
        "h": "f_chair",
        "A": "f_air_filter",
        "C": "f_air_conditioner",
        "E": "f_water_heater",
        "X": [ "f_crate_c", "f_crate_o", "f_cardboard_box" ],
        "U": "f_utility_shelf",
        "H": "f_bookcase",
        "F": "f_glass_fridge",
        "i": "f_sink",
        "?": "f_sofa",
        "n": "f_trashcan",
        "f": "f_filing_cabinet",
        "5": "f_server",
        "b": "f_lab_bench",
        "D": "f_fume_hood"
      },
      "items": {
        "U": [
          { "item": "cleaning", "chance": 30 },
          { "item": "supplies_reagents_lab", "chance": 10 },
          { "item": "home_hw", "chance": 50 },
          { "item": "supplies_electronics", "chance": 50 }
        ],
        "c": [ { "item": "home_hw", "chance": 70 } ],
        "X": [ { "item": "electronics", "chance": 70 } ],
        "b": [ { "item": "chem_home", "chance": 30 } ],
        "D": [ { "item": "chem_home", "chance": 60 } ],
        "i": [ { "item": "trash", "chance": 60 } ],
        "F": [ { "item": "chem_home", "chance": 50 }, { "item": "supplies_reagents_lab", "chance": 20 } ],
        "T": [ { "item": "chem_home", "chance": 30 }, { "item": "electronics", "chance": 50 } ],
        "f": [ { "item": "file_room", "chance": 70, "repeat": [ 1, 5 ] } ],
        "G": [ { "item": "office_paper", "chance": 30 } ],
        "H": [ { "item": "magazines", "chance": 40, "repeat": [ 1, 2 ] }, { "item": "lab_bookshelves", "chance": 20 } ]
      },
      "toilets": { "&": { "amount": [ 0, 50 ] } }
    }
  },
  {
    "type": "mapgen",
    "method": "json",
    "om_terrain": [ "mortuary_2story_second" ],
    "object": {
      "faction_owner": [ { "id": "whately_family", "x": [ 0, 23 ], "y": [ 0, 23 ] } ],
      "fill_ter": "t_floor",
      "rows": [
        "________________________",
        "________________________",
        "________________________",
        "________________________",
        "________________________",
        "________________________",
        "________________________",
        "________________________",
        "________________________",
        "________________________",
        "________________________",
        "_________|w||w|_________",
        "__||wwww||%%%%||wwww||__",
        "__wZZil.b|%%%%|8....1|__",
        "|||ZZ..cb|%%%%|F.....w__",
        "|&|A.*..b|%%%%|e.....|__",
        "|%+......+%%%%m..*..1|__",
        "|S|D ll P|%%%%|E.....|__",
        "||||||||||:++:|h.....|__",
        "__|BB>CoC|1..t|a....1|__",
        "__|B..*..+.*st|o.*...w__",
        "__|TBBfiB|1..t|......|__",
        "__||||||||||||||w||w||__",
        "________________________"
      ],
      "toilets": { "&": {  } },
      "terrain": {
        ".": "t_floor",
        "#": "t_brick_wall",
        "|": "t_strconc_wall",
        " ": "t_strconc_floor",
        "%": "t_linoleum_white",
        "+": "t_door_c",
        "-": "t_door_glass_frosted_c",
        "=": "t_door_glass_frosted_lab_c",
        ":": "t_reinforced_glass",
        "m": "t_door_metal_c",
        "o": "t_centrifuge",
        "x": "t_console_broken",
        "*": "t_floor_olight",
        "w": "t_window_bars_curtains",
        ">": "t_wood_stairs_down",
        "_": "t_open_air"
      },
      "furniture": {
        "T": "f_trashcan",
        "1": [ "f_indoor_plant", "f_indoor_plant_y" ],
        "5": "f_server",
        "8": "f_sample_freezer",
        "a": "f_autoclave",
        "A": "f_air_filter",
        "b": "f_lab_bench",
        "B": "f_bookcase",
        "C": "f_counter",
        "c": "f_chair",
        "d": "f_desk",
        "D": "f_dishwasher",
        "e": "f_eyewash",
        "E": "f_electron_microscope",
        "F": "f_fume_hood",
        "f": "f_fridge",
        "G": "f_GC",
        "h": "f_shaker",
        "H": "f_HPLC",
        "i": "f_filing_cabinet",
        "I": "f_scan_bed",
        "l": "f_locker",
        "M": "f_MS",
        "N": "f_NMR",
        "O": "f_MRI",
        "0": "f_CTscan",
        "P": "f_dishwasher",
        "r": "f_rack",
        "s": "f_stool",
        "S": "f_sink",
        "t": "f_table",
        "U": "f_utility_shelf",
        "v": "f_ventilator",
        "Z": "f_bed"
      },
      "items": {
        "U": [
          { "item": "cleaning", "chance": 30 },
          { "item": "supplies_reagents_lab", "chance": 10 },
          { "item": "home_hw", "chance": 50 },
          { "item": "supplies_electronics", "chance": 50 }
        ],
        "B": [ { "item": "exotic_books", "chance": 70 } ],
        "T": [ { "item": "SUS_office_filing_cabinet", "chance": 70 } ]
      },
      "place_npcs": [ { "class": "millyficent_whately", "x": 17, "y": 14 } ]
    }
  },
  {
    "type": "mapgen",
    "method": "json",
    "om_terrain": "mortuary_2story_roof",
    "object": {
      "fill_ter": "t_flat_roof",
      "rows": [
        "                        ",
        "                        ",
        "                        ",
        "                        ",
        "                        ",
        "                        ",
        "                        ",
        "                        ",
        "                        ",
        "                        ",
        "                        ",
        "         |22223         ",
        "  |222222|....|2222223  ",
        "  |..................3  ",
        "|2|..................3  ",
        "|....................3  ",
        "|.U..................3  ",
        "|....................3  ",
        "--5..................3  ",
        "  |..................3  ",
        "  |..................3  ",
        "  |..................3  ",
        "  |------------------3  ",
        "                        "
      ],
      "palettes": [ "roof_palette" ],
      "nested": { "U": { "chunks": [ "roof_2x2_infrastructure" ] } },
      "place_nested": [
        {
          "chunks": [
            [ "null", 20 ],
            [ "roof_2x2_utilities_b", 15 ],
            [ "roof_2x2_utilities_c", 5 ],
            [ "roof_2x2_utilities_d", 40 ],
            [ "roof_2x2_utilities", 50 ]
          ],
          "x": [ 4, 17 ],
          "y": [ 14, 19 ]
        }
      ]
    }
  },
  {
    "type": "mapgen",
    "method": "json",
    "nested_mapgen_id": "whately_cousin_update",
    "object": { "mapgensize": [ 1, 1 ], "place_npcs": [ { "class": "whately_cousin", "x": 0, "y": 0 } ] }
  },
  {
    "type": "mapgen",
    "method": "json",
    "nested_mapgen_id": "whately_bioturret_update",
    "object": { "mapgensize": [ 1, 1 ], "place_monster": [ { "monster": "mon_migoturret_whately", "x": 0, "y": 0 } ] }
  }
]
