[
  {
    "type": "mapgen",
    "method": "json",
    "om_terrain": "large_storage_units_3",
    "weight": 1000,
    "object": {
      "fill_ter": "t_thconc_floor",
      "rows": [
        "-------66666666666666666",
        "|AAAAA|.................",
        "|G    7y................",
        "|G    7y................",
        "| MM  |8................",
        "|-----|..........|-----|",
        "|C  MM7y........y7 MM A|",
        "|CMM  7y........y7    A|",
        "|C  M |8........8| MM A|",
        "|-----|..........|-----|",
        "|G M  7y........y7    C|",
        "|G  MM7y........y7MM  C|",
        "|G MM |8........8| MM C|",
        "|-----|..........|-----|",
        "|G MM 7y........y7 MM G|",
        "|G    7y........y7    G|",
        "|G GGG|8........8| MM G|",
        "|-----|..........|-----|",
        "|G MM 7y........y7  MMA|",
        "|G MM 7y........y7MM  A|",
        "|G  MM7y........y7MM  G|",
        "|MM   |8........8| MM M|",
        "| MMM |..........|CCCCC|",
        "------------------------"
      ],
      "terrain": {
        " ": "t_thconc_floor",
        "+": "t_door_c",
        "-": "t_wall_w",
        ".": "t_pavement",
        "1": "t_window",
        "2": "t_sidewalk",
        "3": "t_tree_young",
        "4": "t_chaingate_l",
        "5": "t_wall_wood",
        "6": "t_chainfence_h",
        "7": "t_door_metal_locked",
        "8": "t_gates_mech_control",
        "E": "t_dirtfloor",
        "r": "t_pavement",
        "y": "t_pavement_y",
        "|": "t_wall_w"
      },
      "furniture": {
        "A": "f_rack",
        "B": "f_toilet",
        "C": "f_counter",
        "D": "f_sink",
        "E": "f_sink",
        "F": "f_chair",
        "G": "f_locker",
        "H": "f_table",
        "I": "f_sofa",
        "M": [ "f_crate_c", "f_cardboard_box" ]
      },
      "place_items": [
        { "item": "livingroom", "x": [ 1, 5 ], "y": [ 2, 4 ], "chance": 50, "repeat": [ 1, 6 ] },
        { "item": "hardware_bulk", "x": [ 1, 5 ], "y": [ 2, 4 ], "chance": 20, "repeat": [ 1, 6 ] },
        { "item": "home_hw", "x": [ 1, 5 ], "y": [ 2, 4 ], "chance": 5, "repeat": [ 1, 6 ] },
        { "item": "tools_home", "x": [ 1, 5 ], "y": [ 2, 4 ], "chance": 35, "repeat": [ 1, 6 ] },
        { "item": "tools_construction", "x": [ 1, 5 ], "y": [ 2, 4 ], "chance": 20, "repeat": [ 1, 6 ] },
        { "item": "supplies_electronics", "x": [ 1, 5 ], "y": [ 2, 4 ], "chance": 10, "repeat": [ 1, 6 ] },
        { "item": "gear_survival", "x": [ 1, 5 ], "y": [ 2, 4 ], "chance": 5, "repeat": [ 1, 6 ] },
        { "item": "homebooks", "x": [ 1, 5 ], "y": [ 6, 8 ], "chance": 50, "repeat": [ 1, 6 ] },
        { "item": "supplies_fuel", "x": [ 1, 5 ], "y": [ 6, 8 ], "chance": 35, "repeat": [ 1, 6 ] },
        { "item": "bedroom", "x": [ 1, 5 ], "y": [ 10, 12 ], "chance": 50, "repeat": [ 1, 6 ] },
        { "item": "dresser", "x": [ 1, 5 ], "y": [ 10, 12 ], "chance": 50, "repeat": [ 1, 6 ] },
        { "item": "mil_surplus", "x": [ 1, 5 ], "y": [ 10, 12 ], "chance": 35, "repeat": [ 1, 6 ] },
        { "item": "mil_hw", "x": [ 1, 5 ], "y": [ 10, 12 ], "chance": 10, "repeat": [ 1, 6 ] },
        { "item": "mil_armor", "x": [ 1, 5 ], "y": [ 10, 12 ], "chance": 5, "repeat": [ 1, 6 ] },
        { "item": "mil_accessories", "x": [ 1, 5 ], "y": [ 10, 12 ], "chance": 5, "repeat": [ 1, 6 ] },
        { "item": "weapons", "x": [ 1, 5 ], "y": [ 10, 12 ], "chance": 35, "repeat": [ 1, 6 ] },
        { "item": "ammo_pistol_common", "x": [ 1, 5 ], "y": [ 10, 12 ], "chance": 20, "repeat": [ 1, 6 ] },
        { "item": "mags_common", "x": [ 1, 5 ], "y": [ 10, 12 ], "chance": 20, "repeat": [ 1, 6 ] },
        { "item": "mags_crime", "x": [ 1, 5 ], "y": [ 10, 12 ], "chance": 20, "repeat": [ 1, 6 ] },
        { "item": "homeguns", "x": [ 1, 5 ], "y": [ 10, 12 ], "chance": 20, "repeat": [ 1, 6 ] },
        { "item": "mansion_guns", "x": [ 1, 5 ], "y": [ 10, 12 ], "chance": 5, "repeat": [ 1, 6 ] },
        { "item": "gunmod_common", "x": [ 1, 5 ], "y": [ 10, 12 ], "chance": 10, "repeat": [ 1, 6 ] },
        { "item": "gear_soldier_sidearm", "x": [ 1, 5 ], "y": [ 10, 12 ], "chance": 5, "repeat": [ 1, 6 ] },
        { "item": "softdrugs", "x": [ 1, 5 ], "y": [ 14, 16 ], "chance": 50, "repeat": [ 1, 6 ] },
        { "item": "harddrugs", "x": [ 1, 5 ], "y": [ 14, 16 ], "chance": 30, "repeat": [ 1, 6 ] },
        { "item": "gear_medical", "x": [ 1, 5 ], "y": [ 14, 16 ], "chance": 50, "repeat": [ 1, 6 ] },
        { "item": "drugs_emergency", "x": [ 1, 5 ], "y": [ 14, 16 ], "chance": 40, "repeat": [ 1, 6 ] },
        { "item": "drugs_pharmacy", "x": [ 1, 5 ], "y": [ 14, 16 ], "chance": 50, "repeat": [ 1, 6 ] },
        { "item": "drugs_soldier", "x": [ 1, 5 ], "y": [ 14, 16 ], "chance": 20, "repeat": [ 1, 6 ] },
        { "item": "bionics_common", "x": [ 1, 5 ], "y": [ 14, 16 ], "chance": 20, "repeat": [ 1, 6 ] },
        { "item": "dining", "x": [ 1, 5 ], "y": [ 18, 22 ], "chance": 50, "repeat": [ 1, 6 ] },
        { "item": "kitchen", "x": [ 1, 5 ], "y": [ 18, 22 ], "chance": 50, "repeat": [ 1, 6 ] },
        { "item": "oven", "x": [ 1, 5 ], "y": [ 18, 22 ], "chance": 35, "repeat": [ 1, 6 ] },
        { "item": "camping", "x": [ 1, 5 ], "y": [ 18, 22 ], "chance": 20, "repeat": [ 1, 6 ] },
        { "item": "vending_food", "x": [ 1, 5 ], "y": [ 18, 22 ], "chance": 35, "repeat": [ 1, 6 ] },
        { "item": "vending_drink", "x": [ 1, 5 ], "y": [ 18, 22 ], "chance": 35, "repeat": [ 1, 6 ] },
        { "item": "cannedfood", "x": [ 1, 5 ], "y": [ 18, 22 ], "chance": 35, "repeat": [ 1, 6 ] },
        { "item": "snacks", "x": [ 1, 5 ], "y": [ 18, 22 ], "chance": 20, "repeat": [ 1, 6 ] },
        { "item": "pasta", "x": [ 1, 5 ], "y": [ 18, 22 ], "chance": 20, "repeat": [ 1, 6 ] },
        { "item": "snacks_fancy", "x": [ 1, 5 ], "y": [ 18, 22 ], "chance": 10, "repeat": [ 1, 6 ] },
        { "item": "coffee_shop", "x": [ 1, 5 ], "y": [ 18, 22 ], "chance": 10, "repeat": [ 1, 6 ] },
        { "item": "alcohol", "x": [ 1, 5 ], "y": [ 18, 22 ], "chance": 10, "repeat": [ 1, 6 ] },
        { "item": "mil_food", "x": [ 1, 5 ], "y": [ 18, 22 ], "chance": 5, "repeat": [ 1, 6 ] },
        { "item": "methlab", "x": [ 18, 22 ], "y": [ 10, 12 ], "chance": 70, "repeat": [ 1, 6 ] },
        { "item": "harddrugs", "x": [ 18, 22 ], "y": [ 10, 12 ], "chance": 50, "repeat": [ 1, 6 ] },
        { "item": "chem_home", "x": [ 18, 22 ], "y": [ 10, 12 ], "chance": 20, "repeat": [ 1, 6 ] },
        { "item": "chem_lab", "x": [ 18, 22 ], "y": [ 10, 12 ], "chance": 10, "repeat": [ 1, 6 ] },
        { "item": "arcade_prizes", "x": [ 18, 22 ], "y": [ 14, 16 ], "chance": 50, "repeat": [ 1, 6 ] },
        { "item": "antique", "x": [ 18, 22 ], "y": [ 14, 16 ], "chance": 35, "repeat": [ 1, 6 ] },
        { "item": "farming_tools", "x": [ 18, 22 ], "y": [ 18, 22 ], "chance": 35, "repeat": [ 1, 6 ] },
        { "item": "farming_seeds", "x": [ 18, 22 ], "y": [ 18, 22 ], "chance": 10, "repeat": [ 1, 6 ] }
      ],
      "place_nested": [ { "chunks": [ [ "Sadie_spawn", 20 ] ], "x": 3, "y": 3 } ]
    }
  }
]
