[
  {
    "id": "ichaival_replica",
    "copy-from": "reflexrecurvebow",
    "type": "GUN",
    "name": { "str": "Ichaival" },
    "description": "This is a replica of the bow possessed by Odin, Ichaival, which is rumored to fire 10 arrows with every pull of the string.  It has gold and silver ornaments on it.",
    "price": 160000,
    "material": [ "wood", "gold" ],
    "weight": "740 g",
    "volume": "1750 ml",
    "bashing": 14,
    "ranged_damage": { "damage_type": "stab", "amount": 18 },
    "range": 19,
    "dispersion": 110
  }
]
