[
  {
    "type": "BOOK",
    "id": "book_asgard",
    "name": { "str": "The Weapons of Asgard", "str_pl": "copies of The Weapons of Asgard" },
    "max_level": 10,
    "description": "This book is about creating replicas of the weapons used by the Norse Gods, such as the well-known Mjölnir.  It is well illustrated with lots of pictures.",
    "weight": "654 g",
    "color": "blue",
    "intelligence": 9,
    "symbol": "?",
    "material": [ "paper" ],
    "volume": "1250 ml",
    "time": 60,
    "fun": 0,
    "skill": "fabrication",
    "price": 30000,
    "required_level": 8
  }
]
