[
  {
    "id": "mjolnir_replica",
    "copy-from": "warhammer",
    "type": "GENERIC",
    "name": { "str": "Mjölnir" },
    "description": "A replica of Mjölnir, the hammer of Thor.  It is rumored to be able to level mountains with a single blow.  It is decorated with gold and silver ornaments.",
    "weight": "1731 g",
    "color": "light_gray",
    "material": [ "iron", "wood", "gold" ],
    "bashing": 27,
    "price": 160000
  },
  {
    "id": "gungnir_replica",
    "copy-from": "spear_steel",
    "type": "GENERIC",
    "name": { "str": "Gungnir" },
    "description": "A replica of Gungnir, the spear of Odin.  It is rumored to be the perfect spear, perfectly hitting any target regardless of the wielder's strength or skill.  It is decorated with gold and silver ornaments.",
    "weight": "1854 g",
    "material": [ "steel", "wood", "gold" ],
    "techniques": [ "WBLOCK_1", "IMPALE" ],
    "volume": "3250 ml",
    "bashing": 10,
    "price": 120000
  },
  {
    "id": "laevateinn_replica",
    "copy-from": "arming_sword",
    "type": "TOOL",
    "name": { "str": "Laevateinn" },
    "description": "A replica of Laevateinn, the sword of Freyr.  It is rumored to be able to fight by itself.  It is decorated with gold and silver ornaments.",
    "price": 160000,
    "material": [ "steel", "gold" ],
    "techniques": "WBLOCK_2",
    "weight": "1860 g",
    "bashing": 17,
    "cutting": 33
  }
]
