[
  {
    "id": "style_swordsmanship",
    "copy-from": "style_swordsmanship",
    "type": "martial_art",
    "name": { "str": "Medieval Swordsmanship" },
    "extend": { "weapons": [ "laevateinn_replica" ] }
  },
  {
    "id": "style_ninjutsu",
    "copy-from": "style_ninjutsu",
    "type": "martial_art",
    "name": { "str": "Ninjutsu" },
    "extend": { "weapons": [ "laevateinn_replica" ] }
  },
  {
    "id": "style_silat",
    "copy-from": "style_silat",
    "type": "martial_art",
    "name": { "str": "Silat" },
    "extend": { "weapons": [ "gungnir_replica" ] }
  },
  {
    "id": "style_sojutsu",
    "copy-from": "style_sojutsu",
    "type": "martial_art",
    "name": { "str": "Sojutsu" },
    "extend": { "weapons": [ "gungnir_replica" ] }
  }
]
