[
  {
    "id": "gloople_tank",
    "type": "GENERIC",
    "category": "container",
    "name": { "str": "gelatinous capsule" },
    "description": "While the blob is very eager to be fed, it's not as enthusiastic about giving up liquids.  A few alterations are necessary.",
    "weight": "6662 g",
    "volume": "10 L",
    "price": 100,
    "to_hit": -2,
    "material": [ "flesh" ],
    "symbol": ";",
    "color": "light_green",
    "flags": [ "TARDIS" ],
    "pocket_data": [
      {
        "pocket_type": "CONTAINER",
        "watertight": true,
        "rigid": true,
        "max_contains_volume": "10 L",
        "max_contains_weight": "25 kg"
      }
    ]
  },
  {
    "id": "gloople_tank_large",
    "type": "GENERIC",
    "category": "container",
    "name": { "str": "gelatinous tank" },
    "copy-from": "gloople_tank",
    "pocket_data": [
      {
        "pocket_type": "CONTAINER",
        "watertight": true,
        "rigid": true,
        "max_contains_volume": "60 L",
        "max_contains_weight": "120 kg"
      }
    ],
    "volume": "60 L"
  },
  {
    "id": "gray_tank",
    "type": "GENERIC",
    "category": "container",
    "name": { "str": "gray cocoon" },
    "description": "While the blob is very eager to be fed, it's not as enthusiastic about giving up liquids.  A few alterations are necessary.",
    "weight": "19120 g",
    "volume": "10 L",
    "price": 100,
    "to_hit": -2,
    "material": [ "flesh" ],
    "symbol": ";",
    "color": "light_gray",
    "flags": [ "TARDIS" ],
    "pocket_data": [
      {
        "pocket_type": "CONTAINER",
        "watertight": true,
        "rigid": true,
        "max_contains_volume": "30 L",
        "max_contains_weight": "60 kg"
      }
    ]
  },
  {
    "id": "gray_tank_large",
    "type": "GENERIC",
    "category": "container",
    "name": { "str": "gray tank" },
    "copy-from": "gray_tank",
    "volume": "100 L",
    "pocket_data": [
      {
        "pocket_type": "CONTAINER",
        "watertight": true,
        "rigid": true,
        "max_contains_volume": "100 L",
        "max_contains_weight": "200 kg"
      }
    ]
  },
  {
    "id": "oozle_tank",
    "type": "GENERIC",
    "category": "container",
    "name": { "str": "oozing pod" },
    "description": "While the blob is very eager to be fed, it's not as enthusiastic about giving up liquids.  A few alterations are necessary.",
    "weight": "16262 g",
    "volume": "7500 ml",
    "price": 100,
    "to_hit": -2,
    "material": [ "flesh" ],
    "symbol": ";",
    "color": "green",
    "flags": [ "TARDIS" ],
    "pocket_data": [
      {
        "pocket_type": "CONTAINER",
        "watertight": true,
        "rigid": true,
        "max_contains_volume": "20 L",
        "max_contains_weight": "40 kg"
      }
    ]
  },
  {
    "id": "oozle_tank_large",
    "type": "GENERIC",
    "category": "container",
    "name": { "str": "oozing tank" },
    "copy-from": "oozle_tank",
    "volume": "80 L",
    "pocket_data": [
      {
        "pocket_type": "CONTAINER",
        "watertight": true,
        "rigid": true,
        "max_contains_volume": "80 L",
        "max_contains_weight": "160 kg"
      }
    ]
  }
]
