[
  {
    "id": "dcluster",
    "type": "TOOL",
    "name": { "str": "diamond cluster" },
    "description": "A cluster of artificial crystals that have broken off of a diamond matrix.  While the substance usually decays when separated from the catalyst; this cluster seems to be self-sustaining by some unknown mechanism.  ",
    "weight": "350 g",
    "volume": "250 ml",
    "price": 300000,
    "to_hit": -5,
    "material": [ "diamond" ],
    "symbol": "*",
    "color": "white",
    "looks_like": "diamond",
    "ammo": [ "NULL" ],
    "revert_to": "dshards",
    "use_action": {
      "target": "dshards",
      "msg": "The cluster comes apart in your hands.",
      "target_charges": 25,
      "moves": 0,
      "type": "transform"
    }
  },
  {
    "id": "spiral_matrix",
    "type": "TOOL",
    "name": { "str": "diamond matrix", "str_pl": "diamond matrices" },
    "description": "A sparkling diamond with a dazzling spiral pattern.  Small pieces of glittering crystal form on the edges as you hold it.",
    "weight": "250 g",
    "volume": "250 ml",
    "price": 5000000,
    "to_hit": -5,
    "material": [ "diamond" ],
    "symbol": "*",
    "color": "white",
    "looks_like": "spiral_stone",
    "revert_to": "spiral_matrix",
    "use_action": {
      "target": "spiral_matrix",
      "msg": "Your senses dull as you gaze into the depths of this gemstone's center…",
      "moves": 60000,
      "type": "transform"
    }
  }
]
