[
  {
    "type": "recipe",
    "result": "pebble",
    "category": "CC_AMMO",
    "difficulty": 0,
    "time": 1000,
    "reversible": false,
    "autolearn": true,
    "tools": [ [ [ "rock", -1 ], [ "primitive_hammer", -1 ], [ "hammer", -1 ], [ "hatchet", -1 ], [ "toolset", -1 ] ] ],
    "components": [ [ [ "rock", 1 ] ] ]
  },
  {
    "type": "recipe",
    "result": "shaft_wood",
    "category": "CC_AMMO",
    "skill_pri": "archery",
    "skill_sec": "survival",
    "difficulty": 0,
    "time": 1000,
    "reversible": false,
    "autolearn": true,
    "tools": [
      [
        [ "hatchet", -1 ],
        [ "knife_steak", -1 ],
        [ "knife_combat", -1 ],
        [ "knife_butcher", -1 ],
        [ "pockknife", -1 ],
        [ "scalpel", -1 ],
        [ "machete", -1 ],
        [ "broadsword", -1 ],
        [ "toolset", -1 ]
      ]
    ],
    "components": [ [ [ "stick", 1 ], [ "broom", 1 ], [ "mop", 1 ], [ "2x4", 1 ], [ "bee_sting", 1 ] ] ]
  },
  {
    "type": "recipe",
    "result": "shaft_wood_heavy",
    "category": "CC_AMMO",
    "skill_pri": "archery",
    "skill_sec": "survival",
    "difficulty": 6,
    "time": 5000,
    "reversible": false,
    "autolearn": true,
    "tools": [
      [
        [ "hatchet", -1 ],
        [ "knife_steak", -1 ],
        [ "knife_combat", -1 ],
        [ "knife_butcher", -1 ],
        [ "pockknife", -1 ],
        [ "scalpel", -1 ],
        [ "machete", -1 ],
        [ "broadsword", -1 ],
        [ "toolset", -1 ]
      ]
    ],
    "components": [ [ [ "stick", 2 ], [ "broom", 2 ], [ "mop", 2 ], [ "2x4", 2 ], [ "bee_sting", 2 ] ] ]
  },
  {
    "type": "recipe",
    "result": "shaft_metal",
    "category": "CC_AMMO",
    "skill_pri": "archery",
    "skill_sec": "mechanics",
    "difficulty": 5,
    "time": 5000,
    "reversible": false,
    "autolearn": true,
    "tools": [
      [ [ "hacksaw", -1 ], [ "toolset", -1 ] ],
      [ [ "rock", -1 ], [ "primitive_hammer", -1 ], [ "hammer", -1 ], [ "hatchet", -1 ], [ "toolset", -1 ] ]
    ],
    "components": [ [ [ "scrap", 6 ], [ "steel_chunk", 2 ] ] ]
  },
  {
    "type": "recipe",
    "result": "arrowhead",
    "category": "CC_AMMO",
    "skill_pri": "archery",
    "skill_sec": "survival",
    "difficulty": 5,
    "time": 5000,
    "reversible": false,
    "autolearn": true,
    "tools": [ [ [ "rock", -1 ], [ "primitive_hammer", -1 ], [ "hammer", -1 ], [ "hatchet", -1 ], [ "toolset", -1 ] ] ],
    "components": [ [ [ "steel_chunk", 1 ], [ "scrap", 3 ] ] ]
  },
  {
    "type": "recipe",
    "result": "fletching",
    "category": "CC_AMMO",
    "skill_pri": "archery",
    "skill_sec": "survival",
    "difficulty": 3,
    "time": 5000,
    "reversible": false,
    "autolearn": true,
    "tools": [
      [
        [ "hatchet", -1 ],
        [ "knife_steak", -1 ],
        [ "knife_combat", -1 ],
        [ "knife_butcher", -1 ],
        [ "pockknife", -1 ],
        [ "scalpel", -1 ],
        [ "machete", -1 ],
        [ "broadsword", -1 ],
        [ "toolset", -1 ]
      ]
    ],
    "components": [ [ [ "feather", 10 ], [ "duct_tape", 40 ], [ "bag_plastic", 1 ] ] ]
  },
  {
    "type": "recipe",
    "result": "arrow_fire_hardened",
    "category": "CC_AMMO",
    "skill_pri": "archery",
    "skill_sec": "survival",
    "difficulty": 0,
    "time": 5000,
    "reversible": false,
    "autolearn": true,
    "tools": [
      [
        [ "hatchet", -1 ],
        [ "knife_steak", -1 ],
        [ "knife_combat", -1 ],
        [ "knife_butcher", -1 ],
        [ "pockknife", -1 ],
        [ "scalpel", -1 ],
        [ "machete", -1 ],
        [ "broadsword", -1 ],
        [ "toolset", -1 ]
      ],
      [ [ "fire", -1 ] ]
    ],
    "components": [ [ [ "shaft_wood", 10 ] ] ]
  },
  {
    "type": "recipe",
    "result": "arrow_field_point",
    "category": "CC_AMMO",
    "skill_pri": "archery",
    "skill_sec": "survival",
    "difficulty": 1,
    "time": 2000,
    "reversible": false,
    "autolearn": true,
    "tools": [
      [
        [ "hatchet", -1 ],
        [ "knife_steak", -1 ],
        [ "knife_combat", -1 ],
        [ "knife_butcher", -1 ],
        [ "pockknife", -1 ],
        [ "scalpel", -1 ],
        [ "machete", -1 ],
        [ "broadsword", -1 ],
        [ "toolset", -1 ]
      ],
      [ [ "rock", -1 ], [ "primitive_hammer", -1 ], [ "hammer", -1 ], [ "hatchet", -1 ], [ "toolset", -1 ] ]
    ],
    "components": [ [ [ "shaft_wood", 10 ] ], [ [ "bone", 5 ], [ "rock", 1 ], [ "scrap", 2 ], [ "nail", 10 ] ] ]
  },
  {
    "type": "recipe",
    "result": "arrow_small_game",
    "category": "CC_AMMO",
    "skill_pri": "archery",
    "skill_sec": "survival",
    "difficulty": 2,
    "time": 2000,
    "reversible": false,
    "autolearn": true,
    "tools": [
      [
        [ "hatchet", -1 ],
        [ "knife_steak", -1 ],
        [ "knife_combat", -1 ],
        [ "knife_butcher", -1 ],
        [ "pockknife", -1 ],
        [ "scalpel", -1 ],
        [ "machete", -1 ],
        [ "broadsword", -1 ],
        [ "toolset", -1 ]
      ]
    ],
    "components": [ [ [ "shaft_wood", 10 ] ], [ [ "bone", 3 ], [ "rock", 1 ] ] ]
  },
  {
    "type": "recipe",
    "result": "arrow_fire_hardened_fletched",
    "category": "CC_AMMO",
    "skill_pri": "archery",
    "skill_sec": "survival",
    "difficulty": 3,
    "time": 3000,
    "reversible": false,
    "autolearn": true,
    "tools": [
      [
        [ "hatchet", -1 ],
        [ "knife_steak", -1 ],
        [ "knife_combat", -1 ],
        [ "knife_butcher", -1 ],
        [ "pockknife", -1 ],
        [ "scalpel", -1 ],
        [ "machete", -1 ],
        [ "broadsword", -1 ],
        [ "toolset", -1 ]
      ]
    ],
    "components": [ [ [ "arrow_fire_hardened", 10 ] ], [ [ "fletching", 10 ] ] ]
  },
  {
    "type": "recipe",
    "result": "arrow_field_point_fletched",
    "category": "CC_AMMO",
    "skill_pri": "archery",
    "skill_sec": "survival",
    "difficulty": 3,
    "time": 3000,
    "reversible": false,
    "autolearn": true,
    "tools": [
      [
        [ "hatchet", -1 ],
        [ "knife_steak", -1 ],
        [ "knife_combat", -1 ],
        [ "knife_butcher", -1 ],
        [ "pockknife", -1 ],
        [ "scalpel", -1 ],
        [ "machete", -1 ],
        [ "broadsword", -1 ],
        [ "toolset", -1 ]
      ]
    ],
    "components": [ [ [ "arrow_field_point", 10 ] ], [ [ "fletching", 10 ] ] ]
  },
  {
    "type": "recipe",
    "result": "flamable_arrow",
    "category": "CC_AMMO",
    "skill_pri": "archery",
    "skill_sec": "survival",
    "difficulty": 3,
    "time": 5000,
    "reversible": false,
    "autolearn": true,
    "tools": [
      [
        [ "hatchet", -1 ],
        [ "knife_steak", -1 ],
        [ "knife_combat", -1 ],
        [ "knife_butcher", -1 ],
        [ "pockknife", -1 ],
        [ "scalpel", -1 ],
        [ "machete", -1 ],
        [ "broadsword", -1 ],
        [ "toolset", -1 ]
      ]
    ],
    "components": [
      [
        [ "arrow_field_point_fletched", 5 ],
        [ "arrow_fire_hardened_fletched", 5 ],
        [ "arrow_wood", 5 ],
        [ "arrow_heavy_fire_hardened_fletched", 5 ],
        [ "arrow_heavy_field_point_fletched", 5 ],
        [ "arrow_wood_heavy", 5 ],
        [ "arrow_metal", 5 ]
      ],
      [ [ "rag", 1 ] ],
      [
        [ "whiskey", 5 ],
        [ "vodka", 5 ],
        [ "rum", 5 ],
        [ "tequila", 5 ],
        [ "gin", 5 ],
        [ "triple_sec", 5 ],
        [ "gasoline", 200 ]
      ]
    ]
  },
  {
    "type": "recipe",
    "result": "arrow_wood",
    "category": "CC_AMMO",
    "skill_pri": "archery",
    "skill_sec": "mechanics",
    "difficulty": 5,
    "time": 3000,
    "reversible": false,
    "autolearn": true,
    "tools": [
      [
        [ "hatchet", -1 ],
        [ "knife_steak", -1 ],
        [ "knife_combat", -1 ],
        [ "knife_butcher", -1 ],
        [ "pockknife", -1 ],
        [ "scalpel", -1 ],
        [ "machete", -1 ],
        [ "broadsword", -1 ],
        [ "toolset", -1 ]
      ]
    ],
    "components": [ [ [ "arrowhead", 10 ] ], [ [ "shaft_wood", 10 ] ], [ [ "fletching", 10 ] ] ]
  },
  {
    "type": "recipe",
    "result": "arrow_metal_sharpened",
    "category": "CC_AMMO",
    "skill_pri": "archery",
    "skill_sec": "mechanics",
    "difficulty": 5,
    "time": 5000,
    "reversible": false,
    "autolearn": true,
    "tools": [
      [ [ "hacksaw", -1 ], [ "toolset", -1 ] ],
      [ [ "rock", -1 ], [ "primitive_hammer", -1 ], [ "hammer", -1 ], [ "hatchet", -1 ], [ "toolset", -1 ] ]
    ],
    "components": [ [ [ "shaft_metal", 10 ] ] ]
  },
  {
    "type": "recipe",
    "result": "arrow_heavy_fire_hardened_fletched",
    "category": "CC_AMMO",
    "skill_pri": "archery",
    "skill_sec": "survival",
    "difficulty": 6,
    "time": 5000,
    "reversible": false,
    "autolearn": true,
    "tools": [
      [
        [ "hatchet", -1 ],
        [ "knife_steak", -1 ],
        [ "knife_combat", -1 ],
        [ "knife_butcher", -1 ],
        [ "pockknife", -1 ],
        [ "scalpel", -1 ],
        [ "machete", -1 ],
        [ "broadsword", -1 ],
        [ "toolset", -1 ]
      ],
      [ [ "fire", -1 ] ]
    ],
    "components": [ [ [ "shaft_wood_heavy", 10 ] ], [ [ "fletching", 10 ] ] ]
  },
  {
    "type": "recipe",
    "result": "arrow_heavy_field_point_fletched",
    "category": "CC_AMMO",
    "skill_pri": "archery",
    "skill_sec": "survival",
    "difficulty": 6,
    "time": 5000,
    "reversible": false,
    "autolearn": true,
    "tools": [
      [
        [ "hatchet", -1 ],
        [ "knife_steak", -1 ],
        [ "knife_combat", -1 ],
        [ "knife_butcher", -1 ],
        [ "pockknife", -1 ],
        [ "scalpel", -1 ],
        [ "machete", -1 ],
        [ "broadsword", -1 ],
        [ "toolset", -1 ]
      ]
    ],
    "components": [
      [ [ "shaft_wood_heavy", 10 ] ],
      [ [ "fletching", 10 ] ],
      [ [ "bone", 5 ], [ "rock", 1 ], [ "scrap", 2 ], [ "nail", 10 ] ]
    ]
  },
  {
    "type": "recipe",
    "result": "arrow_wood_heavy",
    "category": "CC_AMMO",
    "skill_pri": "archery",
    "skill_sec": "mechanics",
    "difficulty": 6,
    "time": 3000,
    "reversible": false,
    "autolearn": true,
    "tools": [
      [
        [ "hatchet", -1 ],
        [ "knife_steak", -1 ],
        [ "knife_combat", -1 ],
        [ "knife_butcher", -1 ],
        [ "pockknife", -1 ],
        [ "scalpel", -1 ],
        [ "machete", -1 ],
        [ "broadsword", -1 ],
        [ "toolset", -1 ]
      ]
    ],
    "components": [ [ [ "arrowhead", 10 ] ], [ [ "shaft_wood_heavy", 10 ] ], [ [ "fletching", 10 ] ] ]
  },
  {
    "type": "recipe",
    "result": "arrow_metal",
    "category": "CC_AMMO",
    "skill_pri": "archery",
    "skill_sec": "mechanics",
    "difficulty": 7,
    "time": 5000,
    "reversible": false,
    "autolearn": true,
    "tools": [
      [
        [ "hatchet", -1 ],
        [ "knife_steak", -1 ],
        [ "knife_combat", -1 ],
        [ "knife_butcher", -1 ],
        [ "pockknife", -1 ],
        [ "scalpel", -1 ],
        [ "machete", -1 ],
        [ "broadsword", -1 ],
        [ "toolset", -1 ]
      ],
      [ [ "hacksaw", -1 ], [ "toolset", -1 ] ],
      [ [ "rock", -1 ], [ "primitive_hammer", -1 ], [ "hammer", -1 ], [ "hatchet", -1 ], [ "toolset", -1 ] ]
    ],
    "components": [ [ [ "shaft_metal", 10 ] ], [ [ "arrowhead", 10 ] ], [ [ "fletching", 10 ] ] ]
  },
  {
    "type": "recipe",
    "result": "arrow_exploding",
    "category": "CC_AMMO",
    "skill_pri": "archery",
    "skill_sec": "mechanics",
    "difficulty": 9,
    "time": 7000,
    "reversible": false,
    "autolearn": true,
    "tools": [ [ [ "screwdriver", -1 ], [ "toolset", -1 ] ], [ [ "hacksaw", -1 ], [ "toolset", -1 ] ] ],
    "components": [
      [ [ "exploding_arrow_warhead", 5 ] ],
      [
        [ "arrow_field_point_fletched", 5 ],
        [ "arrow_fire_hardened_fletched", 5 ],
        [ "arrow_wood", 5 ],
        [ "arrow_heavy_fire_hardened_fletched", 5 ],
        [ "arrow_heavy_field_point_fletched", 5 ],
        [ "arrow_wood_heavy", 5 ],
        [ "arrow_metal", 5 ]
      ]
    ]
  },
  {
    "type": "recipe",
    "result": "exploding_arrow_warhead",
    "category": "CC_MISC",
    "skill_pri": "mechanics",
    "skill_sec": "archery",
    "difficulty": 6,
    "time": 5000,
    "reversible": false,
    "autolearn": true,
    "tools": [
      [ [ "soldering_iron", 10 ], [ "toolset", 1 ] ],
      [ [ "rock", -1 ], [ "primitive_hammer", -1 ], [ "hammer", -1 ], [ "hatchet", -1 ], [ "toolset", -1 ] ],
      [ [ "screwdriver", -1 ], [ "toolset", -1 ] ]
    ],
    "components": [
      [ [ "scrap", 2 ] ],
      [ [ "superglue", 1 ], [ "string_36", 1 ] ],
      [ [ "can_food", 1 ], [ "can_drink", 1 ], [ "canister_empty", 1 ] ],
      [ [ "nail", 20 ], [ "bb", 40 ] ],
      [ [ "gunpowder", 60 ] ]
    ]
  },
  {
    "type": "recipe",
    "result": "bolt_wood",
    "category": "CC_AMMO",
    "skill_pri": "mechanics",
    "skill_sec": "archery",
    "difficulty": 1,
    "time": 5000,
    "reversible": false,
    "autolearn": true,
    "tools": [
      [
        [ "hatchet", -1 ],
        [ "knife_steak", -1 ],
        [ "knife_combat", -1 ],
        [ "knife_butcher", -1 ],
        [ "pockknife", -1 ],
        [ "scalpel", -1 ],
        [ "machete", -1 ],
        [ "broadsword", -1 ],
        [ "toolset", -1 ]
      ]
    ],
    "components": [ [ [ "stick", 1 ], [ "broom", 1 ], [ "mop", 1 ], [ "2x4", 1 ], [ "bee_sting", 1 ] ] ]
  },
  {
    "type": "recipe",
    "result": "9mm",
    "category": "CC_AMMO",
    "skill_pri": "gun",
    "skill_sec": "mechanics",
    "difficulty": 2,
    "time": 25000,
    "reversible": false,
    "autolearn": true,
    "tools": [ [ [ "press", -1 ] ], [ [ "fire", -1 ], [ "toolset", 1 ], [ "press", 2 ] ] ],
    "components": [
      [ [ "9mm_casing", 50 ] ],
      [ [ "smpistol_primer", 50 ] ],
      [ [ "gunpowder", 200 ] ],
      [ [ "lead", 200 ], [ "gold_small", 200 ] ]
    ]
  },
  {
    "type": "recipe",
    "result": "9mmP",
    "category": "CC_AMMO",
    "skill_pri": "gun",
    "skill_sec": "mechanics",
    "difficulty": 4,
    "time": 12500,
    "reversible": false,
    "autolearn": true,
    "tools": [ [ [ "press", -1 ] ], [ [ "fire", -1 ], [ "toolset", 1 ], [ "press", 2 ] ] ],
    "components": [
      [ [ "9mm_casing", 25 ] ],
      [ [ "smpistol_primer", 25 ] ],
      [ [ "gunpowder", 125 ] ],
      [ [ "lead", 100 ], [ "gold_small", 100 ] ]
    ]
  },
  {
    "type": "recipe",
    "result": "9mmP2",
    "category": "CC_AMMO",
    "skill_pri": "gun",
    "skill_sec": "mechanics",
    "difficulty": 6,
    "time": 5000,
    "reversible": false,
    "autolearn": true,
    "tools": [ [ [ "press", -1 ] ], [ [ "fire", -1 ], [ "toolset", 1 ], [ "press", 2 ] ] ],
    "components": [
      [ [ "9mm_casing", 10 ] ],
      [ [ "smpistol_primer", 10 ] ],
      [ [ "gunpowder", 60 ] ],
      [ [ "lead", 40 ], [ "gold_small", 40 ] ]
    ]
  },
  {
    "type": "recipe",
    "result": "38_special",
    "category": "CC_AMMO",
    "skill_pri": "gun",
    "skill_sec": "mechanics",
    "difficulty": 2,
    "time": 25000,
    "reversible": false,
    "autolearn": true,
    "tools": [ [ [ "press", -1 ] ], [ [ "fire", -1 ], [ "toolset", 1 ], [ "press", 2 ] ] ],
    "components": [
      [ [ "38_casing", 50 ] ],
      [ [ "smpistol_primer", 50 ] ],
      [ [ "gunpowder", 250 ] ],
      [ [ "lead", 250 ], [ "gold_small", 250 ] ]
    ]
  },
  {
    "type": "recipe",
    "result": "38_super",
    "category": "CC_AMMO",
    "skill_pri": "gun",
    "skill_sec": "mechanics",
    "difficulty": 4,
    "time": 12500,
    "reversible": false,
    "autolearn": true,
    "tools": [ [ [ "press", -1 ] ], [ [ "fire", -1 ], [ "toolset", 1 ], [ "press", 2 ] ] ],
    "components": [
      [ [ "38_casing", 25 ] ],
      [ [ "smpistol_primer", 25 ] ],
      [ [ "gunpowder", 175 ] ],
      [ [ "lead", 125 ], [ "gold_small", 125 ] ]
    ]
  },
  {
    "type": "recipe",
    "result": "40sw",
    "category": "CC_AMMO",
    "skill_pri": "gun",
    "skill_sec": "mechanics",
    "difficulty": 3,
    "time": 30000,
    "reversible": false,
    "autolearn": true,
    "tools": [ [ [ "press", -1 ] ], [ [ "fire", -1 ], [ "toolset", 1 ], [ "press", 2 ] ] ],
    "components": [
      [ [ "40_casing", 50 ] ],
      [ [ "smpistol_primer", 50 ] ],
      [ [ "gunpowder", 300 ] ],
      [ [ "lead", 300 ], [ "gold_small", 300 ] ]
    ]
  },
  {
    "type": "recipe",
    "result": "10mm",
    "category": "CC_AMMO",
    "skill_pri": "gun",
    "skill_sec": "mechanics",
    "difficulty": 5,
    "time": 25000,
    "reversible": false,
    "autolearn": true,
    "tools": [ [ [ "press", -1 ] ], [ [ "fire", -1 ], [ "toolset", 1 ], [ "press", 2 ] ] ],
    "components": [
      [ [ "40_casing", 50 ] ],
      [ [ "lgpistol_primer", 50 ] ],
      [ [ "gunpowder", 400 ] ],
      [ [ "lead", 400 ], [ "gold_small", 400 ] ]
    ]
  },
  {
    "type": "recipe",
    "result": "44magnum",
    "category": "CC_AMMO",
    "skill_pri": "gun",
    "skill_sec": "mechanics",
    "difficulty": 4,
    "time": 25000,
    "reversible": false,
    "autolearn": true,
    "tools": [ [ [ "press", -1 ] ], [ [ "fire", -1 ], [ "toolset", 1 ], [ "press", 2 ] ] ],
    "components": [
      [ [ "44_casing", 50 ] ],
      [ [ "lgpistol_primer", 50 ] ],
      [ [ "gunpowder", 500 ] ],
      [ [ "lead", 500 ], [ "gold_small", 500 ] ]
    ]
  },
  {
    "type": "recipe",
    "result": "45_acp",
    "category": "CC_AMMO",
    "skill_pri": "gun",
    "skill_sec": "mechanics",
    "difficulty": 3,
    "time": 25000,
    "reversible": false,
    "autolearn": true,
    "tools": [ [ [ "press", -1 ] ], [ [ "fire", -1 ], [ "toolset", 1 ], [ "press", 2 ] ] ],
    "components": [
      [ [ "45_casing", 50 ] ],
      [ [ "lgpistol_primer", 50 ] ],
      [ [ "gunpowder", 500 ] ],
      [ [ "lead", 400 ], [ "gold_small", 400 ] ]
    ]
  },
  {
    "type": "recipe",
    "result": "45_super",
    "category": "CC_AMMO",
    "skill_pri": "gun",
    "skill_sec": "mechanics",
    "difficulty": 6,
    "time": 5000,
    "reversible": false,
    "autolearn": true,
    "tools": [ [ [ "press", -1 ] ], [ [ "fire", -1 ], [ "toolset", 1 ], [ "press", 2 ] ] ],
    "components": [
      [ [ "45_casing", 10 ] ],
      [ [ "lgpistol_primer", 10 ] ],
      [ [ "gunpowder", 120 ] ],
      [ [ "lead", 100 ], [ "gold_small", 100 ] ]
    ]
  },
  {
    "type": "recipe",
    "result": "45_jhp",
    "category": "CC_AMMO",
    "skill_pri": "gun",
    "skill_sec": "mechanics",
    "difficulty": 6,
    "time": 25000,
    "reversible": false,
    "autolearn": true,
    "tools": [ [ [ "press", -1 ] ], [ [ "fire", -1 ], [ "toolset", 1 ], [ "press", 2 ] ] ],
    "components": [ [ [ "45_casing", 25 ] ], [ [ "lgpistol_primer", 25 ] ], [ [ "gunpowder", 250 ] ], [ [ "lead", 500 ] ] ]
  },
  {
    "type": "recipe",
    "result": "454_Casull",
    "category": "CC_AMMO",
    "skill_pri": "gun",
    "skill_sec": "mechanics",
    "difficulty": 9,
    "time": 10000,
    "reversible": false,
    "autolearn": true,
    "tools": [ [ [ "press", -1 ] ], [ [ "fire", -1 ], [ "toolset", 1 ], [ "press", 2 ] ] ],
    "components": [ [ [ "454_casing", 10 ] ], [ [ "smrifle_primer", 10 ] ], [ [ "gunpowder", 200 ] ], [ [ "lead", 200 ] ] ]
  },
  {
    "type": "recipe",
    "result": "500_Magnum",
    "category": "CC_AMMO",
    "skill_pri": "gun",
    "skill_sec": "mechanics",
    "difficulty": 9,
    "time": 10000,
    "reversible": false,
    "autolearn": true,
    "tools": [ [ [ "press", -1 ] ], [ [ "fire", -1 ], [ "toolset", 1 ], [ "press", 2 ] ] ],
    "components": [ [ [ "500_casing", 10 ] ], [ [ "lgrifle_primer", 10 ] ], [ [ "gunpowder", 240 ] ], [ [ "lead", 240 ] ] ]
  },
  {
    "type": "recipe",
    "result": "57mm",
    "category": "CC_AMMO",
    "skill_pri": "gun",
    "skill_sec": "mechanics",
    "difficulty": 4,
    "time": 50000,
    "reversible": false,
    "autolearn": true,
    "tools": [ [ [ "press", -1 ] ], [ [ "fire", -1 ], [ "toolset", 1 ], [ "press", 2 ] ] ],
    "components": [
      [ [ "57mm_casing", 100 ] ],
      [ [ "smrifle_primer", 100 ] ],
      [ [ "gunpowder", 400 ] ],
      [ [ "lead", 200 ], [ "gold_small", 200 ] ]
    ]
  },
  {
    "type": "recipe",
    "result": "46mm",
    "category": "CC_AMMO",
    "skill_pri": "gun",
    "skill_sec": "mechanics",
    "difficulty": 4,
    "time": 50000,
    "reversible": false,
    "autolearn": true,
    "tools": [ [ [ "press", -1 ] ], [ [ "fire", -1 ], [ "toolset", 1 ], [ "press", 2 ] ] ],
    "components": [
      [ [ "46mm_casing", 100 ] ],
      [ [ "smpistol_primer", 100 ] ],
      [ [ "gunpowder", 400 ] ],
      [ [ "lead", 200 ], [ "gold_small", 200 ] ]
    ]
  },
  {
    "type": "recipe",
    "result": "762_m43",
    "category": "CC_AMMO",
    "skill_pri": "gun",
    "skill_sec": "mechanics",
    "difficulty": 3,
    "time": 40000,
    "reversible": false,
    "autolearn": true,
    "tools": [ [ [ "press", -1 ] ], [ [ "fire", -1 ], [ "toolset", 1 ], [ "press", 2 ] ] ],
    "components": [
      [ [ "762_casing", 80 ] ],
      [ [ "lgrifle_primer", 80 ] ],
      [ [ "gunpowder", 560 ] ],
      [ [ "lead", 400 ], [ "gold_small", 400 ] ]
    ]
  },
  {
    "type": "recipe",
    "result": "762_m87",
    "category": "CC_AMMO",
    "skill_pri": "gun",
    "skill_sec": "mechanics",
    "difficulty": 5,
    "time": 40000,
    "reversible": false,
    "autolearn": true,
    "tools": [ [ [ "press", -1 ] ], [ [ "fire", -1 ], [ "toolset", 1 ], [ "press", 2 ] ] ],
    "components": [
      [ [ "762_casing", 80 ] ],
      [ [ "lgrifle_primer", 80 ] ],
      [ [ "gunpowder", 640 ] ],
      [ [ "lead", 400 ], [ "gold_small", 400 ] ]
    ]
  },
  {
    "type": "recipe",
    "result": "223",
    "category": "CC_AMMO",
    "skill_pri": "gun",
    "skill_sec": "mechanics",
    "difficulty": 3,
    "time": 20000,
    "reversible": false,
    "autolearn": true,
    "tools": [ [ [ "press", -1 ] ], [ [ "fire", -1 ], [ "toolset", 1 ], [ "press", 2 ] ] ],
    "components": [
      [ [ "223_casing", 40 ] ],
      [ [ "smrifle_primer", 40 ] ],
      [ [ "gunpowder", 160 ] ],
      [ [ "lead", 80 ], [ "gold_small", 80 ] ]
    ]
  },
  {
    "type": "recipe",
    "result": "556",
    "category": "CC_AMMO",
    "skill_pri": "gun",
    "skill_sec": "mechanics",
    "difficulty": 5,
    "time": 20000,
    "reversible": false,
    "autolearn": true,
    "tools": [ [ [ "press", -1 ] ], [ [ "fire", -1 ], [ "toolset", 1 ], [ "press", 2 ] ] ],
    "components": [
      [ [ "223_casing", 40 ] ],
      [ [ "smrifle_primer", 40 ] ],
      [ [ "gunpowder", 240 ] ],
      [ [ "lead", 80 ], [ "gold_small", 80 ] ]
    ]
  },
  {
    "type": "recipe",
    "result": "556_incendiary",
    "category": "CC_AMMO",
    "skill_pri": "gun",
    "skill_sec": "mechanics",
    "difficulty": 6,
    "time": 15000,
    "reversible": false,
    "autolearn": true,
    "tools": [ [ [ "press", -1 ] ], [ [ "fire", -1 ], [ "toolset", 1 ], [ "press", 2 ] ] ],
    "components": [ [ [ "223_casing", 30 ] ], [ [ "smrifle_primer", 30 ] ], [ [ "gunpowder", 180 ] ], [ [ "incendiary", 60 ] ] ]
  },
  {
    "type": "recipe",
    "result": "270",
    "category": "CC_AMMO",
    "skill_pri": "gun",
    "skill_sec": "mechanics",
    "difficulty": 3,
    "time": 10000,
    "reversible": false,
    "autolearn": true,
    "tools": [ [ [ "press", -1 ] ], [ [ "fire", -1 ], [ "toolset", 1 ], [ "press", 2 ] ] ],
    "components": [
      [ [ "3006_casing", 20 ] ],
      [ [ "lgrifle_primer", 20 ] ],
      [ [ "gunpowder", 200 ] ],
      [ [ "lead", 100 ], [ "gold_small", 100 ] ]
    ]
  },
  {
    "type": "recipe",
    "result": "3006",
    "category": "CC_AMMO",
    "skill_pri": "gun",
    "skill_sec": "mechanics",
    "difficulty": 5,
    "time": 5000,
    "reversible": false,
    "autolearn": true,
    "tools": [ [ [ "press", -1 ] ], [ [ "fire", -1 ], [ "toolset", 1 ], [ "press", 2 ] ] ],
    "components": [
      [ [ "3006_casing", 10 ] ],
      [ [ "lgrifle_primer", 10 ] ],
      [ [ "gunpowder", 120 ] ],
      [ [ "lead", 80 ], [ "gold_small", 80 ] ]
    ]
  },
  {
    "type": "recipe",
    "result": "3006_incendiary",
    "category": "CC_AMMO",
    "skill_pri": "gun",
    "skill_sec": "mechanics",
    "difficulty": 7,
    "time": 2500,
    "reversible": false,
    "autolearn": true,
    "tools": [ [ [ "press", -1 ] ], [ [ "fire", -1 ], [ "toolset", 1 ], [ "press", 2 ] ] ],
    "components": [ [ [ "3006_casing", 5 ] ], [ [ "lgrifle_primer", 5 ] ], [ [ "gunpowder", 60 ] ], [ [ "incendiary", 40 ] ] ]
  },
  {
    "type": "recipe",
    "result": "308",
    "category": "CC_AMMO",
    "skill_pri": "gun",
    "skill_sec": "mechanics",
    "difficulty": 3,
    "time": 10000,
    "reversible": false,
    "autolearn": true,
    "tools": [ [ [ "press", -1 ] ], [ [ "fire", -1 ], [ "toolset", 1 ], [ "press", 2 ] ] ],
    "components": [
      [ [ "308_casing", 20 ] ],
      [ [ "lgrifle_primer", 20 ] ],
      [ [ "gunpowder", 160 ] ],
      [ [ "lead", 120 ], [ "gold_small", 120 ] ]
    ]
  },
  {
    "type": "recipe",
    "result": "762_51",
    "category": "CC_AMMO",
    "skill_pri": "gun",
    "skill_sec": "mechanics",
    "difficulty": 5,
    "time": 10000,
    "reversible": false,
    "autolearn": true,
    "tools": [ [ [ "press", -1 ] ], [ [ "fire", -1 ], [ "toolset", 1 ], [ "press", 2 ] ] ],
    "components": [
      [ [ "308_casing", 20 ] ],
      [ [ "lgrifle_primer", 20 ] ],
      [ [ "gunpowder", 200 ] ],
      [ [ "lead", 120 ], [ "gold_small", 120 ] ]
    ]
  },
  {
    "type": "recipe",
    "result": "762_51_incendiary",
    "category": "CC_AMMO",
    "skill_pri": "gun",
    "skill_sec": "mechanics",
    "difficulty": 6,
    "time": 5000,
    "reversible": false,
    "autolearn": true,
    "tools": [ [ [ "press", -1 ] ], [ [ "fire", -1 ], [ "toolset", 1 ], [ "press", 2 ] ] ],
    "components": [ [ [ "308_casing", 10 ] ], [ [ "lgrifle_primer", 10 ] ], [ [ "gunpowder", 100 ] ], [ [ "incendiary", 60 ] ] ]
  },
  {
    "type": "recipe",
    "result": "shot_bird",
    "category": "CC_AMMO",
    "skill_pri": "gun",
    "skill_sec": "mechanics",
    "difficulty": 2,
    "time": 12500,
    "reversible": false,
    "autolearn": true,
    "tools": [ [ [ "press", -1 ] ], [ [ "fire", -1 ], [ "toolset", 1 ], [ "press", 2 ] ] ],
    "components": [
      [ [ "shot_hull", 25 ] ],
      [ [ "shotgun_primer", 25 ] ],
      [ [ "gunpowder", 300 ] ],
      [ [ "lead", 400 ], [ "gold_small", 400 ] ]
    ]
  },
  {
    "type": "recipe",
    "result": "shot_00",
    "category": "CC_AMMO",
    "skill_pri": "gun",
    "skill_sec": "mechanics",
    "difficulty": 3,
    "time": 12500,
    "reversible": false,
    "autolearn": true,
    "tools": [ [ [ "press", -1 ] ], [ [ "fire", -1 ], [ "toolset", 1 ], [ "press", 2 ] ] ],
    "components": [
      [ [ "shot_hull", 25 ] ],
      [ [ "shotgun_primer", 25 ] ],
      [ [ "gunpowder", 600 ] ],
      [ [ "lead", 400 ], [ "gold_small", 400 ] ]
    ]
  },
  {
    "type": "recipe",
    "result": "shot_slug",
    "category": "CC_AMMO",
    "skill_pri": "gun",
    "skill_sec": "mechanics",
    "difficulty": 3,
    "time": 12500,
    "reversible": false,
    "autolearn": true,
    "tools": [ [ [ "press", -1 ] ], [ [ "fire", -1 ], [ "toolset", 1 ], [ "press", 2 ] ] ],
    "components": [
      [ [ "shot_hull", 25 ] ],
      [ [ "shotgun_primer", 25 ] ],
      [ [ "gunpowder", 600 ] ],
      [ [ "lead", 400 ], [ "gold_small", 400 ] ]
    ]
  }
]
