[
  {
    "type": "recipe",
    "result": "socks",
    "category": "CC_ARMOR",
    "skill_pri": "tailor",
    "difficulty": 0,
    "time": 10000,
    "reversible": false,
    "autolearn": true,
    "tools": [ [ [ "needle_bone", 4 ], [ "sewing_kit", 4 ] ] ],
    "components": [ [ [ "rag", 2 ] ] ]
  },
  {
    "type": "recipe",
    "result": "mocassins",
    "category": "CC_ARMOR",
    "skill_pri": "tailor",
    "difficulty": 1,
    "time": 30000,
    "reversible": false,
    "autolearn": true,
    "tools": [ [ [ "needle_bone", 5 ], [ "sewing_kit", 5 ] ] ],
    "components": [ [ [ "fur", 2 ] ] ]
  },
  {
    "type": "recipe",
    "result": "boots",
    "category": "CC_ARMOR",
    "skill_pri": "tailor",
    "difficulty": 2,
    "time": 35000,
    "reversible": false,
    "autolearn": true,
    "tools": [ [ [ "needle_bone", 10 ], [ "sewing_kit", 10 ] ] ],
    "components": [ [ [ "leather", 7 ] ] ]
  },
  {
    "type": "recipe",
    "result": "boots_fur",
    "category": "CC_ARMOR",
    "skill_pri": "tailor",
    "skill_sec": "survival",
    "difficulty": 2,
    "time": 40000,
    "reversible": false,
    "autolearn": true,
    "tools": [ [ [ "needle_bone", 13 ], [ "sewing_kit", 13 ] ] ],
    "components": [ [ [ "leather", 7 ], [ "fur", 7 ] ] ]
  },
  {
    "type": "recipe",
    "result": "boots_chitin",
    "category": "CC_ARMOR",
    "skill_pri": "tailor",
    "difficulty": 3,
    "time": 30000,
    "reversible": false,
    "autolearn": true,
    "components": [
      [ [ "string_36", 1 ], [ "string_6", 4 ] ],
      [ [ "chitin_piece", 4 ] ],
      [ [ "leather", 2 ], [ "fur", 2 ], [ "rag", 2 ] ]
    ]
  },
  {
    "type": "recipe",
    "result": "shorts",
    "category": "CC_ARMOR",
    "skill_pri": "tailor",
    "difficulty": 1,
    "time": 25000,
    "reversible": false,
    "autolearn": true,
    "tools": [ [ [ "needle_bone", 10 ], [ "sewing_kit", 10 ] ] ],
    "components": [ [ [ "rag", 5 ] ] ]
  },
  {
    "type": "recipe",
    "result": "shorts_cargo",
    "category": "CC_ARMOR",
    "skill_pri": "tailor",
    "difficulty": 2,
    "time": 30000,
    "reversible": false,
    "autolearn": true,
    "tools": [ [ [ "needle_bone", 12 ], [ "sewing_kit", 12 ] ] ],
    "components": [ [ [ "rag", 6 ] ] ]
  },
  {
    "type": "recipe",
    "result": "jeans",
    "category": "CC_ARMOR",
    "skill_pri": "tailor",
    "difficulty": 2,
    "time": 45000,
    "reversible": false,
    "autolearn": true,
    "tools": [ [ [ "needle_bone", 10 ], [ "sewing_kit", 10 ] ] ],
    "components": [ [ [ "rag", 6 ] ] ]
  },
  {
    "type": "recipe",
    "result": "long_underpants",
    "category": "CC_ARMOR",
    "skill_pri": "tailor",
    "difficulty": 2,
    "time": 35000,
    "reversible": false,
    "autolearn": true,
    "tools": [ [ [ "needle_bone", 15 ], [ "sewing_kit", 15 ] ] ],
    "components": [ [ [ "rag", 10 ] ] ]
  },
  {
    "type": "recipe",
    "result": "pants_cargo",
    "category": "CC_ARMOR",
    "skill_pri": "tailor",
    "difficulty": 3,
    "time": 48000,
    "reversible": false,
    "autolearn": true,
    "tools": [ [ [ "needle_bone", 16 ], [ "sewing_kit", 16 ] ] ],
    "components": [ [ [ "rag", 8 ] ] ]
  },
  {
    "type": "recipe",
    "result": "pants_leather",
    "category": "CC_ARMOR",
    "skill_pri": "tailor",
    "difficulty": 4,
    "time": 50000,
    "reversible": false,
    "autolearn": true,
    "tools": [ [ [ "needle_bone", 10 ], [ "sewing_kit", 10 ] ] ],
    "components": [ [ [ "leather", 10 ] ] ]
  },
  {
    "type": "recipe",
    "result": "pants_fur",
    "category": "CC_ARMOR",
    "skill_pri": "tailor",
    "skill_sec": "survival",
    "difficulty": 4,
    "time": 40000,
    "reversible": false,
    "autolearn": true,
    "tools": [ [ [ "needle_bone", 18 ], [ "sewing_kit", 18 ] ] ],
    "components": [ [ [ "rag", 10 ], [ "fur", 6 ] ] ]
  },
  {
    "type": "recipe",
    "result": "tank_top",
    "category": "CC_ARMOR",
    "skill_pri": "tailor",
    "difficulty": 2,
    "time": 38000,
    "reversible": true,
    "autolearn": true,
    "tools": [ [ [ "needle_bone", 4 ], [ "sewing_kit", 4 ] ] ],
    "components": [ [ [ "rag", 4 ] ] ]
  },
  {
    "type": "recipe",
    "result": "tshirt",
    "category": "CC_ARMOR",
    "skill_pri": "tailor",
    "difficulty": 2,
    "time": 38000,
    "reversible": true,
    "autolearn": true,
    "tools": [ [ [ "needle_bone", 4 ], [ "sewing_kit", 4 ] ] ],
    "components": [ [ [ "rag", 5 ] ] ]
  },
  {
    "type": "recipe",
    "result": "hoodie",
    "category": "CC_ARMOR",
    "skill_pri": "tailor",
    "difficulty": 3,
    "time": 40000,
    "reversible": false,
    "autolearn": true,
    "tools": [ [ [ "needle_bone", 14 ], [ "sewing_kit", 14 ] ] ],
    "components": [ [ [ "rag", 12 ] ] ]
  },
  {
    "type": "recipe",
    "result": "trenchcoat",
    "category": "CC_ARMOR",
    "skill_pri": "tailor",
    "difficulty": 3,
    "time": 42000,
    "reversible": false,
    "autolearn": true,
    "tools": [ [ [ "needle_bone", 24 ], [ "sewing_kit", 24 ] ] ],
    "components": [ [ [ "rag", 11 ] ] ]
  },
  {
    "type": "recipe",
    "result": "coat_rain",
    "category": "CC_ARMOR",
    "skill_pri": "tailor",
    "difficulty": 1,
    "time": 30000,
    "reversible": false,
    "autolearn": true,
    "tools": [  ],
    "components": [ [ [ "duct_tape", 50 ] ], [ [ "bag_plastic", 10 ] ], [ [ "rag", 10 ] ] ]
  },
  {
    "type": "recipe",
    "result": "trenchcoat_fur",
    "category": "CC_ARMOR",
    "skill_pri": "tailor",
    "skill_sec": "survival",
    "difficulty": 3,
    "time": 200000,
    "reversible": false,
    "autolearn": true,
    "tools": [ [ [ "needle_bone", 45 ], [ "sewing_kit", 45 ] ] ],
    "components": [ [ [ "fur", 11 ] ] ]
  },
  {
    "type": "recipe",
    "result": "trenchcoat_leather",
    "category": "CC_ARMOR",
    "skill_pri": "tailor",
    "difficulty": 6,
    "time": 200000,
    "reversible": false,
    "autolearn": true,
    "tools": [ [ [ "needle_bone", 45 ], [ "sewing_kit", 45 ] ] ],
    "components": [ [ [ "leather", 22 ] ] ]
  },
  {
    "type": "recipe",
    "result": "coat_fur",
    "category": "CC_ARMOR",
    "skill_pri": "tailor",
    "skill_sec": "survival",
    "difficulty": 4,
    "time": 100000,
    "reversible": false,
    "autolearn": true,
    "tools": [ [ [ "needle_bone", 20 ], [ "sewing_kit", 20 ] ] ],
    "components": [ [ [ "fur", 10 ] ] ]
  },
  {
    "type": "recipe",
    "result": "jacket_leather",
    "category": "CC_ARMOR",
    "skill_pri": "tailor",
    "difficulty": 5,
    "time": 150000,
    "reversible": false,
    "autolearn": true,
    "tools": [ [ [ "needle_bone", 30 ], [ "sewing_kit", 30 ] ] ],
    "components": [ [ [ "leather", 16 ] ] ]
  },
  {
    "type": "recipe",
    "result": "vest_leather",
    "category": "CC_ARMOR",
    "skill_pri": "tailor",
    "difficulty": 0,
    "time": 20000,
    "reversible": false,
    "autolearn": true,
    "tools": [
      [
        [ "scissors", -1 ],
        [ "knife_steak", -1 ],
        [ "knife_combat", -1 ],
        [ "knife_butcher", -1 ],
        [ "pockknife", -1 ],
        [ "scalpel", -1 ],
        [ "machete", -1 ],
        [ "broadsword", -1 ],
        [ "toolset", -1 ]
      ]
    ],
    "components": [ [ [ "jacket_leather", 1 ] ] ]
  },
  {
    "type": "recipe",
    "result": "gloves_liner",
    "category": "CC_ARMOR",
    "skill_pri": "tailor",
    "difficulty": 1,
    "time": 10000,
    "reversible": false,
    "autolearn": true,
    "tools": [ [ [ "needle_bone", 2 ], [ "sewing_kit", 2 ] ] ],
    "components": [ [ [ "rag", 2 ] ] ]
  },
  {
    "type": "recipe",
    "result": "gloves_light",
    "category": "CC_ARMOR",
    "skill_pri": "tailor",
    "difficulty": 1,
    "time": 10000,
    "reversible": false,
    "autolearn": true,
    "tools": [ [ [ "needle_bone", 4 ], [ "sewing_kit", 4 ] ] ],
    "components": [ [ [ "rag", 4 ] ] ]
  },
  {
    "type": "recipe",
    "result": "gloves_fingerless",
    "category": "CC_ARMOR",
    "skill_pri": "tailor",
    "difficulty": 0,
    "time": 16000,
    "reversible": false,
    "autolearn": true,
    "tools": [
      [
        [ "scissors", -1 ],
        [ "knife_steak", -1 ],
        [ "knife_combat", -1 ],
        [ "knife_butcher", -1 ],
        [ "pockknife", -1 ],
        [ "scalpel", -1 ],
        [ "machete", -1 ],
        [ "broadsword", -1 ],
        [ "toolset", -1 ]
      ]
    ],
    "components": [ [ [ "gloves_leather", 1 ] ] ]
  },
  {
    "type": "recipe",
    "result": "gloves_leather",
    "category": "CC_ARMOR",
    "skill_pri": "tailor",
    "difficulty": 2,
    "time": 16000,
    "reversible": false,
    "autolearn": true,
    "tools": [ [ [ "needle_bone", 6 ], [ "sewing_kit", 6 ] ] ],
    "components": [ [ [ "leather", 2 ] ] ]
  },
  {
    "type": "recipe",
    "result": "gloves_fur",
    "category": "CC_ARMOR",
    "skill_pri": "tailor",
    "skill_sec": "survival",
    "difficulty": 2,
    "time": 16000,
    "reversible": false,
    "autolearn": true,
    "tools": [ [ [ "needle_bone", 6 ], [ "sewing_kit", 6 ] ] ],
    "components": [ [ [ "fur", 4 ] ] ]
  },
  {
    "type": "recipe",
    "result": "armguard_metal",
    "category": "CC_ARMOR",
    "skill_pri": "tailor",
    "difficulty": 4,
    "time": 30000,
    "reversible": false,
    "autolearn": true,
    "tools": [ [ [ "rock", -1 ], [ "primitive_hammer", -1 ], [ "hammer", -1 ], [ "hatchet", -1 ], [ "toolset", -1 ] ] ],
    "components": [ [ [ "string_36", 1 ], [ "string_6", 4 ] ], [ [ "steel_chunk", 2 ] ] ]
  },
  {
    "type": "recipe",
    "result": "legguard_metal",
    "category": "CC_ARMOR",
    "skill_pri": "tailor",
    "difficulty": 5,
    "time": 45000,
    "reversible": false,
    "autolearn": true,
    "tools": [ [ [ "rock", -1 ], [ "primitive_hammer", -1 ], [ "hammer", -1 ], [ "hatchet", -1 ], [ "toolset", -1 ] ] ],
    "components": [ [ [ "string_36", 4 ], [ "string_6", 16 ] ], [ [ "steel_chunk", 6 ] ] ]
  },
  {
    "type": "recipe",
    "result": "gauntlets_chitin",
    "category": "CC_ARMOR",
    "skill_pri": "tailor",
    "difficulty": 3,
    "time": 30000,
    "reversible": false,
    "autolearn": true,
    "components": [ [ [ "string_36", 1 ], [ "string_6", 4 ] ], [ [ "chitin_piece", 4 ] ] ]
  },
  {
    "type": "recipe",
    "result": "bandana",
    "category": "CC_ARMOR",
    "skill_pri": "tailor",
    "difficulty": 0,
    "time": 5000,
    "reversible": true,
    "autolearn": true,
    "tools": [ [ [ "needle_bone", 2 ], [ "sewing_kit", 2 ] ] ],
    "components": [ [ [ "rag", 2 ] ] ]
  },
  {
    "type": "recipe",
    "result": "scarf_fur",
    "category": "CC_ARMOR",
    "skill_pri": "tailor",
    "difficulty": 1,
    "time": 5000,
    "reversible": true,
    "autolearn": true,
    "tools": [ [ [ "needle_bone", 3 ], [ "sewing_kit", 3 ] ] ],
    "components": [ [ [ "fur", 4 ] ] ]
  },
  {
    "type": "recipe",
    "result": "mask_filter",
    "category": "CC_ARMOR",
    "skill_pri": "mechanics",
    "skill_sec": "tailor",
    "difficulty": 1,
    "time": 5000,
    "reversible": true,
    "autolearn": true,
    "components": [
      [ [ "bag_plastic", 2 ], [ "bottle_plastic", 1 ] ],
      [ [ "rag", 2 ], [ "muffler", 1 ], [ "bandana", 2 ], [ "wrapper", 4 ] ]
    ]
  },
  {
    "type": "recipe",
    "result": "glasses_safety",
    "category": "CC_ARMOR",
    "skill_pri": "tailor",
    "difficulty": 1,
    "time": 8000,
    "reversible": false,
    "autolearn": true,
    "tools": [
      [ [ "scissors", -1 ] ],
      [
        [ "knife_steak", -1 ],
        [ "knife_combat", -1 ],
        [ "knife_butcher", -1 ],
        [ "pockknife", -1 ],
        [ "scalpel", -1 ],
        [ "machete", -1 ],
        [ "broadsword", -1 ],
        [ "toolset", -1 ]
      ]
    ],
    "components": [ [ [ "string_36", 1 ], [ "string_6", 2 ] ], [ [ "bottle_plastic", 1 ] ] ]
  },
  {
    "type": "recipe",
    "result": "mask_gas",
    "category": "CC_ARMOR",
    "skill_pri": "tailor",
    "difficulty": 3,
    "time": 20000,
    "reversible": true,
    "autolearn": true,
    "tools": [ [ [ "wrench", -1 ], [ "toolset", -1 ] ] ],
    "components": [ [ [ "goggles_ski", 1 ], [ "goggles_swim", 2 ] ], [ [ "mask_filter", 3 ], [ "muffler", 1 ] ], [ [ "hose", 1 ] ] ]
  },
  {
    "type": "recipe",
    "result": "goggles_nv",
    "category": "CC_ARMOR",
    "skill_pri": "electronics",
    "skill_sec": "tailor",
    "difficulty": 5,
    "time": 40000,
    "reversible": true,
    "autolearn": true,
    "tools": [ [ [ "screwdriver", -1 ], [ "toolset", -1 ] ] ],
    "components": [
      [ [ "goggles_ski", 1 ], [ "goggles_welding", 1 ], [ "mask_gas", 1 ] ],
      [ [ "power_supply", 1 ] ],
      [ [ "amplifier", 3 ] ],
      [ [ "scrap", 5 ] ]
    ]
  },
  {
    "type": "recipe",
    "result": "hat_fur",
    "category": "CC_ARMOR",
    "skill_pri": "tailor",
    "skill_sec": "survival",
    "difficulty": 2,
    "time": 40000,
    "reversible": false,
    "autolearn": true,
    "tools": [ [ [ "needle_bone", 8 ], [ "sewing_kit", 8 ] ] ],
    "components": [ [ [ "fur", 3 ] ] ]
  },
  {
    "type": "recipe",
    "result": "helmet_chitin",
    "category": "CC_ARMOR",
    "skill_pri": "tailor",
    "difficulty": 6,
    "time": 60000,
    "reversible": false,
    "autolearn": true,
    "components": [ [ [ "string_36", 1 ], [ "string_6", 5 ] ], [ [ "chitin_piece", 5 ] ] ]
  },
  {
    "type": "recipe",
    "result": "armor_chitin",
    "category": "CC_ARMOR",
    "skill_pri": "tailor",
    "difficulty": 7,
    "time": 100000,
    "reversible": false,
    "autolearn": true,
    "components": [ [ [ "string_36", 2 ], [ "string_6", 12 ] ], [ [ "chitin_piece", 15 ] ] ]
  },
  {
    "type": "recipe",
    "result": "backpack",
    "category": "CC_ARMOR",
    "skill_pri": "tailor",
    "difficulty": 3,
    "time": 50000,
    "reversible": false,
    "autolearn": true,
    "tools": [ [ [ "needle_bone", 20 ], [ "sewing_kit", 20 ] ] ],
    "components": [ [ [ "rag", 20 ], [ "fur", 16 ], [ "leather", 12 ] ] ]
  },
  {
    "type": "recipe",
    "result": "blanket",
    "category": "CC_ARMOR",
    "skill_pri": "tailor",
    "difficulty": 0,
    "time": 50000,
    "reversible": true,
    "autolearn": true,
    "tools": [ [ [ "needle_bone", 10 ], [ "sewing_kit", 10 ] ] ],
    "components": [ [ [ "rag", 20 ] ] ]
  },
  {
    "type": "recipe",
    "result": "fur_blanket",
    "category": "CC_ARMOR",
    "skill_pri": "tailor",
    "skill_sec": "survival",
    "difficulty": 1,
    "time": 50000,
    "reversible": true,
    "autolearn": true,
    "tools": [ [ [ "needle_bone", 12 ], [ "sewing_kit", 12 ] ] ],
    "components": [ [ [ "rag", 10 ] ], [ [ "fur", 10 ] ] ]
  },
  {
    "type": "recipe",
    "result": "house_coat",
    "category": "CC_ARMOR",
    "skill_pri": "tailor",
    "difficulty": 1,
    "time": 20000,
    "reversible": true,
    "autolearn": true,
    "tools": [ [ [ "needle_bone", 15 ], [ "sewing_kit", 15 ] ] ],
    "components": [ [ [ "rag", 15 ] ] ]
  },
  {
    "type": "recipe",
    "result": "cloak",
    "category": "CC_ARMOR",
    "skill_pri": "tailor",
    "difficulty": 2,
    "time": 25000,
    "reversible": true,
    "autolearn": true,
    "tools": [ [ [ "needle_bone", 18 ], [ "sewing_kit", 18 ] ] ],
    "components": [ [ [ "rag", 20 ] ] ]
  },
  {
    "type": "recipe",
    "result": "cloak_fur",
    "category": "CC_ARMOR",
    "skill_pri": "tailor",
    "skill_sec": "survival",
    "difficulty": 2,
    "time": 25000,
    "reversible": true,
    "autolearn": true,
    "tools": [ [ [ "needle_bone", 18 ], [ "sewing_kit", 18 ] ] ],
    "components": [ [ [ "fur", 15 ] ] ]
  },
  {
    "type": "recipe",
    "result": "cloak_leather",
    "category": "CC_ARMOR",
    "skill_pri": "tailor",
    "difficulty": 3,
    "time": 25000,
    "reversible": true,
    "autolearn": true,
    "tools": [ [ [ "needle_bone", 18 ], [ "sewing_kit", 18 ] ] ],
    "components": [ [ [ "leather", 20 ] ] ]
  },
  {
    "type": "recipe",
    "result": "sleeping_bag_fur",
    "category": "CC_ARMOR",
    "skill_pri": "tailor",
    "skill_sec": "survival",
    "difficulty": 5,
    "time": 75000,
    "reversible": true,
    "autolearn": true,
    "tools": [ [ [ "needle_bone", 30 ], [ "sewing_kit", 30 ] ] ],
    "components": [ [ [ "rag", 20 ] ], [ [ "fur", 10 ] ] ]
  }
]
