[
  {
    "type": "recipe",
    "result": "meth",
    "category": "CC_CHEM",
    "skill_pri": "cooking",
    "difficulty": 5,
    "time": 20000,
    "reversible": false,
    "autolearn": true,
    "tools": [ [ [ "hotplate", 15 ], [ "toolset", 1 ], [ "fire", -1 ] ], [ [ "bottle_glass", -1 ], [ "hose", -1 ] ] ],
    "components": [
      [ [ "dayquil", 2 ], [ "royal_jelly", 1 ] ],
      [ [ "aspirin", 40 ] ],
      [ [ "caffeine", 20 ], [ "adderall", 5 ], [ "energy_drink", 2 ] ]
    ]
  },
  {
    "type": "recipe",
    "result": "crack",
    "category": "CC_CHEM",
    "skill_pri": "cooking",
    "difficulty": 4,
    "time": 30000,
    "reversible": false,
    "autolearn": true,
    "tools": [ [ [ "pot", -1 ], [ "rock_pot", -1 ] ], [ [ "fire", -1 ], [ "hotplate", 8 ], [ "toolset", 1 ] ] ],
    "components": [ [ [ "water", 1 ], [ "water_clean", 1 ] ], [ [ "coke", 12 ] ], [ [ "ammonia", 1 ] ] ]
  },
  {
    "type": "recipe",
    "result": "poppy_sleep",
    "category": "CC_CHEM",
    "skill_pri": "cooking",
    "skill_sec": "survival",
    "difficulty": 2,
    "time": 5000,
    "reversible": false,
    "autolearn": true,
    "tools": [ [ [ "pot", -1 ], [ "rock_pot", -1 ] ], [ [ "fire", -1 ], [ "toolset", 1 ], [ "hotplate", 2 ] ] ],
    "components": [ [ [ "poppy_bud", 2 ] ], [ [ "poppy_flower", 1 ] ] ]
  },
  {
    "type": "recipe",
    "result": "poppy_pain",
    "category": "CC_CHEM",
    "skill_pri": "cooking",
    "skill_sec": "survival",
    "difficulty": 2,
    "time": 5000,
    "reversible": false,
    "autolearn": true,
    "tools": [ [ [ "pot", -1 ], [ "rock_pot", -1 ] ], [ [ "fire", -1 ], [ "toolset", 1 ], [ "hotplate", 2 ] ] ],
    "components": [ [ [ "poppy_bud", 2 ] ], [ [ "poppy_flower", 2 ] ] ]
  },
  {
    "type": "recipe",
    "result": "royal_jelly",
    "category": "CC_CHEM",
    "skill_pri": "cooking",
    "difficulty": 5,
    "time": 5000,
    "reversible": false,
    "autolearn": true,
    "components": [ [ [ "honeycomb", 1 ] ], [ [ "bleach", 2 ], [ "purifier", 1 ] ] ]
  },
  {
    "type": "recipe",
    "result": "heroin",
    "category": "CC_CHEM",
    "skill_pri": "cooking",
    "difficulty": 6,
    "time": 2000,
    "reversible": false,
    "autolearn": true,
    "tools": [ [ [ "hotplate", 3 ], [ "toolset", 1 ], [ "fire", -1 ] ], [ [ "pan", -1 ], [ "pot", -1 ], [ "rock_pot", -1 ] ] ],
    "components": [ [ [ "salt_water", 1 ], [ "salt", 4 ] ], [ [ "oxycodone", 40 ] ] ]
  },
  {
    "type": "recipe",
    "result": "mutagen",
    "category": "CC_CHEM",
    "skill_pri": "cooking",
    "skill_sec": "firstaid",
    "difficulty": 8,
    "time": 10000,
    "reversible": false,
    "autolearn": true,
    "tools": [ [ [ "hotplate", 25 ], [ "toolset", 2 ], [ "fire", -1 ] ] ],
    "components": [
      [ [ "meat_tainted", 3 ], [ "veggy_tainted", 5 ], [ "fetus", 1 ], [ "arm", 2 ], [ "leg", 2 ] ],
      [ [ "bleach", 2 ] ],
      [ [ "ammonia", 1 ] ]
    ]
  },
  {
    "type": "recipe",
    "result": "mutagen_plant",
    "category": "CC_CHEM",
    "skill_pri": "cooking",
    "skill_sec": "firstaid",
    "difficulty": 9,
    "time": 10000,
    "reversible": false,
    "autolearn": true,
    "tools": [ [ [ "hotplate", 25 ], [ "toolset", 2 ], [ "fire", -1 ] ] ],
    "components": [ [ [ "mutagen", 1 ] ], [ [ "veggy_tainted", 3 ] ], [ [ "ammonia", 1 ] ] ]
  },
  {
    "type": "recipe",
    "result": "mutagen_insect",
    "category": "CC_CHEM",
    "skill_pri": "cooking",
    "skill_sec": "firstaid",
    "difficulty": 9,
    "time": 10000,
    "reversible": false,
    "autolearn": true,
    "tools": [ [ [ "hotplate", 25 ], [ "toolset", 2 ], [ "fire", -1 ] ] ],
    "components": [ [ [ "mutagen", 1 ] ], [ [ "honeycomb", 3 ], [ "bee_sting", 3 ], [ "wasp_sting", 3 ] ], [ [ "ammonia", 1 ] ] ]
  },
  {
    "type": "recipe",
    "result": "mutagen_spider",
    "category": "CC_CHEM",
    "skill_pri": "cooking",
    "skill_sec": "firstaid",
    "difficulty": 9,
    "time": 10000,
    "reversible": false,
    "autolearn": true,
    "tools": [ [ [ "hotplate", 25 ], [ "toolset", 2 ], [ "fire", -1 ] ] ],
    "components": [ [ [ "mutagen", 1 ] ], [ [ "chitin_piece", 3 ] ], [ [ "ammonia", 1 ] ] ]
  },
  {
    "type": "recipe",
    "result": "mutagen_slime",
    "category": "CC_CHEM",
    "skill_pri": "cooking",
    "skill_sec": "firstaid",
    "difficulty": 9,
    "time": 10000,
    "reversible": false,
    "autolearn": true,
    "tools": [ [ [ "hotplate", 25 ], [ "toolset", 2 ], [ "fire", -1 ] ] ],
    "components": [ [ [ "mutagen", 1 ] ], [ [ "sewage", 3 ] ], [ [ "ammonia", 1 ] ] ]
  },
  {
    "type": "recipe",
    "result": "mutagen_fish",
    "category": "CC_CHEM",
    "skill_pri": "cooking",
    "skill_sec": "firstaid",
    "difficulty": 9,
    "time": 10000,
    "reversible": false,
    "autolearn": true,
    "tools": [ [ [ "hotplate", 25 ], [ "toolset", 2 ], [ "fire", -1 ] ] ],
    "components": [ [ [ "mutagen", 1 ] ], [ [ "can_sardine", 1 ], [ "can_tuna", 1 ] ], [ [ "ammonia", 1 ] ] ]
  },
  {
    "type": "recipe",
    "result": "mutagen_rat",
    "category": "CC_CHEM",
    "skill_pri": "cooking",
    "skill_sec": "firstaid",
    "difficulty": 9,
    "time": 10000,
    "reversible": false,
    "autolearn": true,
    "tools": [ [ [ "hotplate", 25 ], [ "toolset", 2 ], [ "fire", -1 ] ] ],
    "components": [ [ [ "mutagen", 1 ] ], [ [ "meat_tainted", 3 ] ], [ [ "ammonia", 1 ] ] ]
  },
  {
    "type": "recipe",
    "result": "mutagen_beast",
    "category": "CC_CHEM",
    "skill_pri": "cooking",
    "skill_sec": "firstaid",
    "difficulty": 9,
    "time": 10000,
    "reversible": false,
    "autolearn": true,
    "tools": [ [ [ "hotplate", 25 ], [ "toolset", 2 ], [ "fire", -1 ] ] ],
    "components": [ [ [ "mutagen", 1 ] ], [ [ "meat", 3 ] ], [ [ "ammonia", 1 ] ] ]
  },
  {
    "type": "recipe",
    "result": "mutagen_cattle",
    "category": "CC_CHEM",
    "skill_pri": "cooking",
    "skill_sec": "firstaid",
    "difficulty": 9,
    "time": 10000,
    "reversible": false,
    "autolearn": true,
    "tools": [ [ [ "hotplate", 25 ], [ "toolset", 2 ], [ "fire", -1 ] ] ],
    "components": [ [ [ "mutagen", 1 ] ], [ [ "meat", 3 ] ], [ [ "ammonia", 1 ] ] ]
  },
  {
    "type": "recipe",
    "result": "mutagen_cephalopod",
    "category": "CC_CHEM",
    "skill_pri": "cooking",
    "skill_sec": "firstaid",
    "difficulty": 9,
    "time": 10000,
    "reversible": false,
    "autolearn": true,
    "tools": [ [ [ "hotplate", 25 ], [ "toolset", 2 ], [ "fire", -1 ] ] ],
    "components": [ [ [ "mutagen", 1 ] ], [ [ "meat_tainted", 3 ] ], [ [ "ammonia", 1 ] ] ]
  },
  {
    "type": "recipe",
    "result": "mutagen_bird",
    "category": "CC_CHEM",
    "skill_pri": "cooking",
    "skill_sec": "firstaid",
    "difficulty": 9,
    "time": 10000,
    "reversible": false,
    "autolearn": true,
    "tools": [ [ [ "hotplate", 25 ], [ "toolset", 2 ], [ "fire", -1 ] ] ],
    "components": [ [ [ "mutagen", 1 ] ], [ [ "meat", 3 ] ], [ [ "ammonia", 1 ] ] ]
  },
  {
    "type": "recipe",
    "result": "mutagen_lizard",
    "category": "CC_CHEM",
    "skill_pri": "cooking",
    "skill_sec": "firstaid",
    "difficulty": 9,
    "time": 10000,
    "reversible": false,
    "autolearn": true,
    "tools": [ [ [ "hotplate", 25 ], [ "toolset", 2 ], [ "fire", -1 ] ] ],
    "components": [ [ [ "mutagen", 1 ] ], [ [ "meat", 3 ] ], [ [ "ammonia", 1 ] ] ]
  },
  {
    "type": "recipe",
    "result": "mutagen_troglobite",
    "category": "CC_CHEM",
    "skill_pri": "cooking",
    "skill_sec": "firstaid",
    "difficulty": 9,
    "time": 10000,
    "reversible": false,
    "autolearn": true,
    "tools": [ [ [ "hotplate", 25 ], [ "toolset", 2 ], [ "fire", -1 ] ] ],
    "components": [ [ [ "mutagen", 1 ] ], [ [ "meat", 3 ] ], [ [ "ammonia", 1 ] ] ]
  },
  {
    "type": "recipe",
    "result": "purifier",
    "category": "CC_CHEM",
    "skill_pri": "cooking",
    "skill_sec": "firstaid",
    "difficulty": 9,
    "time": 10000,
    "reversible": false,
    "autolearn": true,
    "tools": [ [ [ "hotplate", 25 ], [ "toolset", 2 ], [ "fire", -1 ] ] ],
    "components": [ [ [ "royal_jelly", 4 ], [ "mutagen", 2 ] ], [ [ "bleach", 3 ] ], [ [ "ammonia", 2 ] ] ]
  },
  {
    "type": "recipe",
    "result": "heroin3",
    "category": "CC_CHEM",
    "skill_pri": "cooking",
    "difficulty": 8,
    "time": 2000,
    "reversible": false,
    "autolearn": true,
    "tools": [ [ [ "hotplate", 3 ], [ "toolset", 1 ], [ "fire", -1 ] ], [ [ "pan", -1 ], [ "pot", -1 ], [ "rock_pot", -1 ] ] ],
    "components": [ [ [ "salt_water", 1 ], [ "salt", 4 ] ], [ [ "heroin2", 8 ] ] ]
  },
  {
    "type": "recipe",
    "result": "heroin2",
    "category": "CC_CHEM",
    "skill_pri": "cooking",
    "difficulty": 7,
    "time": 2000,
    "reversible": false,
    "autolearn": true,
    "tools": [ [ [ "hotplate", 3 ], [ "toolset", 1 ], [ "fire", -1 ] ], [ [ "pan", -1 ], [ "pot", -1 ], [ "rock_pot", -1 ] ] ],
    "components": [ [ [ "salt_water", 1 ], [ "salt", 4 ] ], [ [ "heroin", 8 ] ] ]
  },
  {
    "type": "recipe",
    "result": "coke3",
    "category": "CC_CHEM",
    "skill_pri": "cooking",
    "difficulty": 6,
    "time": 30000,
    "reversible": false,
    "autolearn": true,
    "tools": [ [ [ "pot", -1 ], [ "rock_pot", -1 ] ], [ [ "fire", -1 ], [ "hotplate", 8 ], [ "toolset", 1 ] ] ],
    "components": [ [ [ "water", 1 ], [ "water_clean", 1 ] ], [ [ "coke2", 8 ] ], [ [ "ammonia", 1 ] ] ]
  },
  {
    "type": "recipe",
    "result": "meth4",
    "category": "CC_CHEM",
    "skill_pri": "cooking",
    "difficulty": 14,
    "time": 30000,
    "reversible": false,
    "autolearn": true,
    "tools": [ [ [ "pot", -1 ], [ "rock_pot", -1 ] ], [ [ "fire", -1 ], [ "hotplate", 8 ], [ "toolset", 1 ] ] ],
    "components": [ [ [ "water", 1 ], [ "water_clean", 1 ] ], [ [ "weed5", 1 ] ], [ [ "Monkey", 1 ] ] ]
  },
  {
    "type": "recipe",
    "result": "weed5",
    "category": "CC_CHEM",
    "skill_pri": "cooking",
    "difficulty": 12,
    "time": 30000,
    "reversible": false,
    "autolearn": true,
    "tools": [ [ [ "pot", -1 ], [ "rock_pot", -1 ] ], [ [ "fire", -1 ], [ "hotplate", 8 ], [ "toolset", 1 ] ] ],
    "components": [ [ [ "water", 1 ], [ "water_clean", 1 ] ], [ [ "blood", 1 ] ], [ [ "human_flesh", 1 ] ] ]
  },
  {
    "type": "recipe",
    "result": "Monkey",
    "category": "CC_CHEM",
    "skill_pri": "cooking",
    "difficulty": 11,
    "time": 30000,
    "reversible": false,
    "autolearn": true,
    "tools": [ [ [ "pot", -1 ], [ "rock_pot", -1 ] ], [ [ "fire", -1 ], [ "hotplate", 8 ], [ "toolset", 1 ] ] ],
    "components": [ [ [ "water", 1 ], [ "water_clean", 1 ] ], [ [ "banana", 1 ] ], [ [ "human_flesh", 1 ] ] ]
  },
  {
    "type": "recipe",
    "result": "banana",
    "category": "CC_CHEM",
    "skill_pri": "cooking",
    "difficulty": 10,
    "time": 30000,
    "reversible": false,
    "autolearn": true,
    "tools": [ [ [ "pot", -1 ], [ "rock_pot", -1 ] ], [ [ "fire", -1 ], [ "hotplate", 8 ], [ "toolset", 1 ] ] ],
    "components": [ [ [ "water", 1 ], [ "water_clean", 1 ] ], [ [ "orange", 1 ] ], [ [ "strawberries", 1 ] ] ]
  },
  {
    "type": "recipe",
    "result": "speedball",
    "category": "CC_CHEM",
    "skill_pri": "cooking",
    "difficulty": 3,
    "time": 30000,
    "reversible": false,
    "autolearn": true,
    "tools": [ [ [ "pot", -1 ], [ "rock_pot", -1 ] ], [ [ "fire", -1 ], [ "hotplate", 8 ], [ "toolset", 1 ] ] ],
    "components": [ [ [ "water", 1 ], [ "water_clean", 1 ] ], [ [ "coke", 2 ] ], [ [ "heroin", 2 ] ] ]
  },
  {
    "type": "recipe",
    "result": "coke2",
    "category": "CC_CHEM",
    "skill_pri": "cooking",
    "difficulty": 4,
    "time": 30000,
    "reversible": false,
    "autolearn": true,
    "tools": [ [ [ "pot", -1 ], [ "rock_pot", -1 ] ], [ [ "fire", -1 ], [ "hotplate", 8 ], [ "toolset", 1 ] ] ],
    "components": [ [ [ "water", 1 ], [ "water_clean", 1 ] ], [ [ "coke", 10 ] ], [ [ "ammonia", 1 ] ] ]
  },
  {
    "type": "recipe",
    "result": "freebase",
    "category": "CC_CHEM",
    "skill_pri": "cooking",
    "difficulty": 6,
    "time": 30000,
    "reversible": false,
    "autolearn": true,
    "tools": [ [ [ "pot", -1 ], [ "rock_pot", -1 ] ], [ [ "fire", -1 ], [ "hotplate", 8 ], [ "toolset", 1 ] ] ],
    "components": [ [ [ "water", 1 ], [ "water_clean", 1 ] ], [ [ "coke2", 12 ] ], [ [ "ether", 1 ] ] ]
  },
  {
    "type": "recipe",
    "result": "bliss",
    "category": "CC_CHEM",
    "skill_pri": "cooking",
    "difficulty": 8,
    "time": 20000,
    "reversible": false,
    "autolearn": true,
    "tools": [ [ [ "hotplate", 15 ], [ "toolset", 1 ], [ "fire", -1 ] ], [ [ "bottle_glass", -1 ], [ "hose", -1 ] ] ],
    "components": [ [ [ "ammonia", 5 ] ], [ [ "bleach", 2 ] ], [ [ "marloss_berry", 3 ] ] ]
  },
  {
    "type": "recipe",
    "result": "meth3",
    "category": "CC_CHEM",
    "skill_pri": "cooking",
    "difficulty": 10,
    "time": 20000,
    "reversible": false,
    "autolearn": true,
    "tools": [ [ [ "hotplate", 15 ], [ "toolset", 1 ], [ "fire", -1 ] ], [ [ "bottle_glass", -1 ], [ "hose", -1 ] ] ],
    "components": [ [ [ "royal_jelly", 1 ] ], [ [ "aspirin", 40 ] ], [ [ "caffeine", 20 ], [ "adderall", 5 ], [ "energy_drink", 2 ] ] ]
  },
  {
    "type": "recipe",
    "result": "meth2",
    "category": "CC_CHEM",
    "skill_pri": "cooking",
    "difficulty": 7,
    "time": 20000,
    "reversible": false,
    "autolearn": true,
    "tools": [ [ [ "hotplate", 15 ], [ "toolset", 1 ], [ "fire", -1 ] ], [ [ "bottle_glass", -1 ], [ "hose", -1 ] ] ],
    "components": [
      [ [ "dayquil", 2 ], [ "royal_jelly", 1 ] ],
      [ [ "aspirin", 40 ] ],
      [ [ "caffeine", 20 ], [ "adderall", 5 ], [ "energy_drink", 2 ] ]
    ]
  },
  {
    "type": "recipe",
    "result": "heroin4",
    "category": "CC_CHEM",
    "skill_pri": "cooking",
    "difficulty": 1,
    "time": 20000,
    "reversible": false,
    "autolearn": true,
    "tools": [ [ [ "hotplate", 15 ], [ "toolset", 1 ], [ "fire", -1 ] ], [ [ "bottle_plastic", -1 ] ] ],
    "components": [ [ [ "matches", 1 ] ], [ [ "battery", 40 ] ], [ [ "codeine", 20 ] ] ]
  },
  {
    "type": "recipe",
    "result": "meth5",
    "category": "CC_CHEM",
    "skill_pri": "cooking",
    "difficulty": 1,
    "time": 20000,
    "reversible": false,
    "autolearn": true,
    "tools": [ [ [ "hotplate", 15 ], [ "toolset", 1 ], [ "fire", -1 ] ], [ [ "bottle_plastic", -1 ] ] ],
    "components": [ [ [ "matches", 1 ] ], [ [ "battery", 10 ] ], [ [ "caffeine", 20 ], [ "adderall", 5 ], [ "energy_drink", 2 ] ] ]
  },
  {
    "type": "recipe",
    "result": "ether",
    "category": "CC_CHEM",
    "difficulty": 4,
    "time": 500,
    "reversible": false,
    "autolearn": true,
    "tools": [ [ [ "hotplate", 15 ], [ "toolset", 1 ], [ "fire", -1 ] ], [ [ "bottle_glass", -1 ], [ "hose", -1 ] ] ],
    "components": [ [ [ "bleach", 5 ] ], [ [ "whiskey", 14 ], [ "vodka", 14 ], [ "rum", 14 ], [ "tequila", 14 ], [ "gin", 14 ] ] ]
  },
  {
    "type": "recipe",
    "result": "benzedrexcotton",
    "category": "CC_CHEM",
    "skill_pri": "cooking",
    "difficulty": 1,
    "time": 2000,
    "reversible": false,
    "autolearn": true,
    "tools": [ [ [ "hacksaw", -1 ], [ "hammer", -1 ], [ "rock", -1 ], [ "toolset", -1 ] ] ],
    "components": [ [ [ "benzedrex", 1 ] ] ]
  }
]
