[
  {
    "type": "recipe",
    "result": "water_clean",
    "category": "CC_DRINK",
    "skill_pri": "cooking",
    "difficulty": 0,
    "time": 1000,
    "reversible": false,
    "autolearn": true,
    "tools": [ [ [ "hotplate", 3 ], [ "toolset", 1 ], [ "fire", -1 ] ], [ [ "pan", -1 ], [ "pot", -1 ], [ "rock_pot", -1 ] ] ],
    "components": [ [ [ "water", 1 ] ] ]
  },
  {
    "type": "recipe",
    "result": "acid",
    "category": "CC_DRINK",
    "skill_pri": "cooking",
    "difficulty": 4,
    "time": 10000,
    "reversible": false,
    "autolearn": true,
    "tools": [ [ [ "hotplate", 3 ], [ "toolset", 1 ], [ "fire", -1 ] ], [ [ "pan", -1 ], [ "pot", -1 ], [ "rock_pot", -1 ] ] ],
    "components": [ [ [ "water_acid", 1 ] ] ]
  },
  {
    "type": "recipe",
    "result": "acid",
    "id_suffix": "from batteries",
    "category": "CC_DRINK",
    "skill_pri": "electronics",
    "skill_sec": "mechanics",
    "difficulty": 2,
    "time": 5000,
    "reversible": false,
    "autolearn": true,
    "tools": [ [ [ "screwdriver", -1 ], [ "toolset", -1 ] ] ],
    "components": [ [ [ "battery", 125 ] ] ]
  },
  {
    "type": "recipe",
    "result": "tea",
    "category": "CC_DRINK",
    "skill_pri": "cooking",
    "difficulty": 0,
    "time": 4000,
    "reversible": false,
    "autolearn": true,
    "tools": [ [ [ "hotplate", 2 ], [ "toolset", 1 ], [ "fire", -1 ] ], [ [ "pot", -1 ], [ "rock_pot", -1 ] ] ],
    "components": [ [ [ "tea_raw", 1 ] ], [ [ "water", 1 ], [ "water_clean", 1 ] ] ]
  },
  {
    "type": "recipe",
    "result": "kompot",
    "category": "CC_DRINK",
    "skill_pri": "cooking",
    "difficulty": 3,
    "time": 30000,
    "reversible": false,
    "autolearn": true,
    "tools": [ [ [ "hotplate", 2 ], [ "toolset", 1 ], [ "fire", -1 ] ], [ [ "pot", -1 ], [ "rock_pot", -1 ] ] ],
    "components": [
      [
        [ "blueberries", 3 ],
        [ "apple", 1 ],
        [ "apple_canned", 1 ],
        [ "apple_vac", 1 ],
        [ "strawberries", 3 ],
        [ "orange", 1 ],
        [ "lemon", 1 ]
      ],
      [ [ "sugar", 1 ] ],
      [ [ "water", 5 ], [ "water_clean", 5 ] ]
    ]
  },
  {
    "type": "recipe",
    "result": "coffee",
    "category": "CC_DRINK",
    "skill_pri": "cooking",
    "difficulty": 0,
    "time": 4000,
    "reversible": false,
    "autolearn": true,
    "tools": [ [ [ "hotplate", 2 ], [ "toolset", 1 ], [ "fire", -1 ] ], [ [ "pot", -1 ], [ "rock_pot", -1 ] ] ],
    "components": [ [ [ "coffee_raw", 1 ] ], [ [ "water", 1 ], [ "water_clean", 1 ] ] ]
  },
  {
    "type": "recipe",
    "result": "oj",
    "category": "CC_DRINK",
    "skill_pri": "cooking",
    "difficulty": 1,
    "time": 5000,
    "reversible": false,
    "autolearn": true,
    "tools": [ [ [ "rock", -1 ], [ "toolset", -1 ] ] ],
    "components": [ [ [ "orange", 2 ] ], [ [ "water", 1 ], [ "water_clean", 1 ] ] ]
  },
  {
    "type": "recipe",
    "result": "apple_cider",
    "category": "CC_DRINK",
    "skill_pri": "cooking",
    "difficulty": 2,
    "time": 7000,
    "reversible": false,
    "autolearn": true,
    "tools": [ [ [ "rock", -1 ], [ "toolset", 1 ] ] ],
    "components": [ [ [ "apple", 3 ] ] ]
  },
  {
    "type": "recipe",
    "result": "long_island",
    "category": "CC_DRINK",
    "skill_pri": "cooking",
    "difficulty": 1,
    "time": 7000,
    "reversible": false,
    "autolearn": true,
    "components": [
      [ [ "cola", 1 ] ],
      [ [ "vodka", 1 ] ],
      [ [ "gin", 1 ] ],
      [ [ "rum", 1 ] ],
      [ [ "tequila", 1 ] ],
      [ [ "triple_sec", 1 ] ]
    ]
  },
  {
    "type": "recipe",
    "result": "drink_screwdriver",
    "category": "CC_DRINK",
    "skill_pri": "cooking",
    "difficulty": 1,
    "time": 7000,
    "reversible": false,
    "autolearn": true,
    "components": [ [ [ "oj", 1 ] ], [ [ "vodka", 1 ] ] ]
  },
  {
    "type": "recipe",
    "result": "drink_wild_apple",
    "category": "CC_DRINK",
    "skill_pri": "cooking",
    "difficulty": 1,
    "time": 7000,
    "reversible": false,
    "autolearn": true,
    "components": [ [ [ "apple_cider", 1 ] ], [ [ "vodka", 1 ] ] ]
  }
]
