[
  {
    "type": "recipe",
    "result": "antenna",
    "category": "CC_ELECTRONIC",
    "difficulty": 0,
    "time": 3000,
    "reversible": false,
    "autolearn": true,
    "tools": [ [ [ "hacksaw", -1 ], [ "toolset", -1 ] ] ],
    "components": [ [ [ "knife_butter", 2 ] ] ]
  },
  {
    "type": "recipe",
    "result": "directional_antenna",
    "category": "CC_ELECTRONIC",
    "skill_pri": "electronics",
    "difficulty": 4,
    "time": 5000,
    "reversible": true,
    "autolearn": true,
    "tools": [
      [ [ "hacksaw", -1 ], [ "toolset", -1 ] ],
      [ [ "rock", -1 ], [ "primitive_hammer", -1 ], [ "hammer", -1 ], [ "hatchet", -1 ], [ "toolset", -1 ] ]
    ],
    "components": [ [ [ "amplifier", 1 ] ], [ [ "wire", 6 ] ], [ [ "2x4", 2 ] ], [ [ "nail", 12 ] ] ]
  },
  {
    "type": "recipe",
    "result": "amplifier",
    "category": "CC_ELECTRONIC",
    "skill_pri": "electronics",
    "difficulty": 1,
    "time": 4000,
    "reversible": false,
    "autolearn": true,
    "tools": [ [ [ "screwdriver", -1 ], [ "toolset", -1 ] ] ],
    "components": [ [ [ "transponder", 2 ] ] ]
  },
  {
    "type": "recipe",
    "result": "power_supply",
    "category": "CC_ELECTRONIC",
    "skill_pri": "electronics",
    "difficulty": 1,
    "time": 6500,
    "reversible": false,
    "autolearn": true,
    "tools": [ [ [ "screwdriver", -1 ], [ "toolset", -1 ] ], [ [ "soldering_iron", 3 ], [ "toolset", 1 ] ] ],
    "components": [ [ [ "amplifier", 2 ] ], [ [ "cable", 20 ] ] ]
  },
  {
    "type": "recipe",
    "result": "receiver",
    "category": "CC_ELECTRONIC",
    "skill_pri": "electronics",
    "difficulty": 2,
    "time": 12000,
    "reversible": true,
    "autolearn": true,
    "tools": [ [ [ "screwdriver", -1 ], [ "toolset", -1 ] ], [ [ "soldering_iron", 4 ], [ "toolset", 1 ] ] ],
    "components": [ [ [ "amplifier", 2 ] ], [ [ "cable", 10 ] ] ]
  },
  {
    "type": "recipe",
    "result": "transponder",
    "category": "CC_ELECTRONIC",
    "skill_pri": "electronics",
    "difficulty": 2,
    "time": 14000,
    "reversible": true,
    "autolearn": true,
    "tools": [ [ [ "screwdriver", -1 ], [ "toolset", -1 ] ], [ [ "soldering_iron", 7 ], [ "toolset", 1 ] ] ],
    "components": [ [ [ "receiver", 3 ] ], [ [ "cable", 5 ] ] ]
  },
  {
    "type": "recipe",
    "result": "lightstrip_inactive",
    "category": "CC_ELECTRONIC",
    "skill_pri": "electronics",
    "difficulty": 0,
    "time": 10000,
    "reversible": false,
    "autolearn": true,
    "components": [ [ [ "amplifier", 1 ] ], [ [ "cable", 5 ] ], [ [ "battery", 15 ] ] ]
  },
  {
    "type": "recipe",
    "result": "flashlight",
    "category": "CC_ELECTRONIC",
    "skill_pri": "electronics",
    "difficulty": 1,
    "time": 10000,
    "reversible": true,
    "decomp_learn": 0,
    "autolearn": true,
    "components": [
      [ [ "amplifier", 1 ] ],
      [ [ "scrap", 4 ], [ "can_drink", 1 ], [ "can_food", 1 ], [ "bottle_glass", 1 ], [ "bottle_plastic", 1 ] ],
      [ [ "cable", 10 ] ]
    ]
  },
  {
    "type": "recipe",
    "result": "soldering_iron",
    "category": "CC_ELECTRONIC",
    "skill_pri": "electronics",
    "difficulty": 1,
    "time": 20000,
    "reversible": true,
    "decomp_learn": 0,
    "autolearn": true,
    "components": [
      [ [ "antenna", 1 ], [ "screwdriver", 1 ], [ "xacto", 1 ], [ "knife_butter", 1 ] ],
      [ [ "power_supply", 1 ] ],
      [ [ "element", 1 ] ],
      [ [ "scrap", 2 ] ]
    ]
  },
  {
    "type": "recipe",
    "result": "battery",
    "category": "CC_ELECTRONIC",
    "skill_pri": "electronics",
    "skill_sec": "mechanics",
    "difficulty": 2,
    "time": 5000,
    "reversible": false,
    "autolearn": true,
    "tools": [ [ [ "screwdriver", -1 ], [ "toolset", -1 ] ] ],
    "components": [
      [ [ "ammonia", 1 ], [ "lemon", 1 ], [ "acid", 1 ] ],
      [ [ "steel_chunk", 1 ], [ "knife_butter", 1 ], [ "knife_steak", 1 ], [ "bolt_steel", 1 ], [ "scrap", 1 ] ],
      [ [ "can_drink", 1 ], [ "can_food", 1 ], [ "canister_empty", 1 ] ]
    ]
  },
  {
    "type": "recipe",
    "result": "battery_compartment",
    "category": "CC_ELECTRONIC",
    "skill_pri": "electronics",
    "skill_sec": "mechanics",
    "difficulty": 3,
    "time": 15000,
    "reversible": true,
    "autolearn": false,
    "decomp_learn": 3,
    "book_learn": [ [ "manual_electronics", 3 ], [ "textbook_electronics", 3 ] ],
    "tools": [ [ [ "screwdriver", -1 ], [ "toolset", -1 ] ], [ [ "soldering_iron", 5 ], [ "toolset", 1 ] ] ],
    "components": [ [ [ "scrap", 4 ] ], [ [ "cable", 5 ] ] ]
  },
  {
    "type": "recipe",
    "result": "noise_emitter",
    "id_suffix": "radio-mod",
    "category": "CC_ELECTRONIC",
    "skill_pri": "electronics",
    "difficulty": 1,
    "time": 15000,
    "reversible": false,
    "autolearn": true,
    "tools": [ [ [ "screwdriver", -1 ], [ "toolset", -1 ] ], [ [ "soldering_iron", 5 ], [ "toolset", 1 ] ] ],
    "components": [ [ [ "radio", 1 ] ], [ [ "amplifier", 2 ] ] ]
  },
  {
    "type": "recipe",
    "result": "noise_emitter",
    "id_suffix": "from-scratch",
    "category": "CC_ELECTRONIC",
    "skill_pri": "electronics",
    "difficulty": 2,
    "time": 30000,
    "reversible": true,
    "autolearn": true,
    "tools": [ [ [ "screwdriver", -1 ], [ "toolset", -1 ] ], [ [ "soldering_iron", 10 ], [ "toolset", 1 ] ] ],
    "components": [ [ [ "amplifier", 2 ] ], [ [ "antenna", 1 ] ], [ [ "scrap", 5 ] ], [ [ "cable", 7 ] ] ]
  },
  {
    "type": "recipe",
    "result": "radio",
    "category": "CC_ELECTRONIC",
    "skill_pri": "electronics",
    "difficulty": 2,
    "time": 25000,
    "reversible": true,
    "autolearn": true,
    "tools": [ [ [ "screwdriver", -1 ], [ "toolset", -1 ] ], [ [ "soldering_iron", 10 ], [ "toolset", 1 ] ] ],
    "components": [ [ [ "receiver", 1 ] ], [ [ "antenna", 1 ] ], [ [ "scrap", 5 ] ], [ [ "cable", 7 ] ] ]
  },
  {
    "type": "recipe",
    "result": "water_purifier",
    "category": "CC_ELECTRONIC",
    "skill_pri": "mechanics",
    "skill_sec": "electronics",
    "difficulty": 3,
    "time": 25000,
    "reversible": true,
    "autolearn": true,
    "tools": [ [ [ "screwdriver", -1 ], [ "toolset", -1 ] ] ],
    "components": [
      [ [ "element", 8 ] ],
      [ [ "bottle_glass", 2 ], [ "bottle_plastic", 5 ] ],
      [ [ "hose", 1 ] ],
      [ [ "scrap", 3 ] ],
      [ [ "cable", 5 ] ]
    ]
  },
  {
    "type": "recipe",
    "result": "hotplate",
    "category": "CC_ELECTRONIC",
    "skill_pri": "electronics",
    "difficulty": 3,
    "time": 30000,
    "reversible": true,
    "autolearn": true,
    "tools": [ [ [ "screwdriver", -1 ], [ "toolset", -1 ] ] ],
    "components": [
      [ [ "element", 4 ] ],
      [ [ "amplifier", 1 ] ],
      [
        [ "scrap", 2 ],
        [ "pan", 1 ],
        [ "pot", 1 ],
        [ "knife_butcher", 2 ],
        [ "knife_steak", 6 ],
        [ "knife_butter", 6 ],
        [ "muffler", 1 ]
      ],
      [ [ "cable", 10 ] ]
    ]
  },
  {
    "type": "recipe",
    "result": "tazer",
    "category": "CC_ELECTRONIC",
    "skill_pri": "electronics",
    "difficulty": 3,
    "time": 25000,
    "reversible": true,
    "autolearn": true,
    "tools": [ [ [ "screwdriver", -1 ], [ "toolset", -1 ] ], [ [ "soldering_iron", 10 ], [ "toolset", 1 ] ] ],
    "components": [ [ [ "amplifier", 1 ] ], [ [ "power_supply", 1 ] ], [ [ "scrap", 2 ] ] ]
  },
  {
    "type": "recipe",
    "result": "two_way_radio",
    "category": "CC_ELECTRONIC",
    "skill_pri": "electronics",
    "difficulty": 4,
    "time": 30000,
    "reversible": true,
    "autolearn": false,
    "tools": [ [ [ "screwdriver", -1 ], [ "toolset", -1 ] ], [ [ "soldering_iron", 14 ], [ "toolset", 1 ] ] ],
    "components": [
      [ [ "amplifier", 1 ] ],
      [ [ "transponder", 1 ] ],
      [ [ "receiver", 1 ] ],
      [ [ "antenna", 1 ] ],
      [ [ "scrap", 5 ] ],
      [ [ "cable", 10 ] ]
    ]
  },
  {
    "type": "recipe",
    "result": "electrohack",
    "category": "CC_ELECTRONIC",
    "skill_pri": "electronics",
    "skill_sec": "computer",
    "difficulty": 4,
    "time": 35000,
    "reversible": true,
    "autolearn": true,
    "tools": [ [ [ "screwdriver", -1 ], [ "toolset", -1 ] ], [ [ "soldering_iron", 10 ], [ "toolset", 1 ] ] ],
    "components": [ [ [ "processor", 1 ] ], [ [ "RAM", 1 ] ], [ [ "scrap", 4 ] ], [ [ "cable", 10 ] ] ]
  },
  {
    "type": "recipe",
    "result": "EMPbomb",
    "category": "CC_ELECTRONIC",
    "skill_pri": "electronics",
    "difficulty": 4,
    "time": 32000,
    "reversible": false,
    "autolearn": true,
    "tools": [ [ [ "screwdriver", -1 ], [ "toolset", -1 ] ], [ [ "soldering_iron", 6 ], [ "toolset", 1 ] ] ],
    "components": [
      [ [ "superglue", 1 ], [ "string_36", 1 ] ],
      [ [ "scrap", 3 ], [ "can_food", 1 ], [ "can_drink", 1 ], [ "canister_empty", 1 ] ],
      [ [ "power_supply", 1 ], [ "amplifier", 1 ] ],
      [ [ "cable", 5 ] ]
    ]
  },
  {
    "type": "recipe",
    "result": "mp3",
    "category": "CC_ELECTRONIC",
    "skill_pri": "electronics",
    "skill_sec": "computer",
    "difficulty": 5,
    "time": 40000,
    "reversible": true,
    "autolearn": true,
    "tools": [ [ [ "screwdriver", -1 ], [ "toolset", -1 ] ], [ [ "soldering_iron", 5 ], [ "toolset", 1 ] ] ],
    "components": [ [ [ "superglue", 1 ] ], [ [ "antenna", 1 ] ], [ [ "amplifier", 1 ] ], [ [ "cable", 2 ] ] ]
  },
  {
    "type": "recipe",
    "result": "geiger_off",
    "category": "CC_ELECTRONIC",
    "skill_pri": "electronics",
    "difficulty": 5,
    "time": 35000,
    "reversible": true,
    "autolearn": true,
    "tools": [ [ [ "screwdriver", -1 ], [ "toolset", -1 ] ], [ [ "soldering_iron", 14 ], [ "toolset", 1 ] ] ],
    "components": [ [ [ "power_supply", 1 ] ], [ [ "amplifier", 2 ] ], [ [ "scrap", 6 ] ], [ [ "cable", 10 ] ] ]
  },
  {
    "type": "recipe",
    "result": "UPS_off",
    "category": "CC_ELECTRONIC",
    "skill_pri": "electronics",
    "difficulty": 5,
    "time": 45000,
    "reversible": true,
    "decomp_learn": 4,
    "autolearn": true,
    "tools": [ [ [ "screwdriver", -1 ], [ "toolset", -1 ] ], [ [ "soldering_iron", 24 ], [ "toolset", 2 ] ] ],
    "components": [ [ [ "power_supply", 4 ] ], [ [ "amplifier", 3 ] ], [ [ "scrap", 4 ] ], [ [ "cable", 10 ] ] ]
  },
  {
    "type": "recipe",
    "result": "adv_UPS_off",
    "category": "CC_ELECTRONIC",
    "skill_pri": "electronics",
    "skill_sec": "mechanics",
    "difficulty": 9,
    "time": 85000,
    "reversible": true,
    "decomp_learn": 4,
    "autolearn": true,
    "tools": [ [ [ "screwdriver", -1 ], [ "toolset", -1 ] ], [ [ "soldering_iron", 24 ], [ "toolset", 2 ] ] ],
    "components": [ [ [ "power_supply", 6 ] ], [ [ "amplifier", 5 ] ], [ [ "scrap", 4 ] ], [ [ "cable", 14 ] ], [ [ "plut_cell", 2 ] ] ]
  },
  {
    "type": "recipe",
    "result": "bio_power_storage",
    "category": "CC_ELECTRONIC",
    "skill_pri": "electronics",
    "difficulty": 6,
    "time": 50000,
    "reversible": true,
    "autolearn": true,
    "tools": [ [ [ "screwdriver", -1 ], [ "toolset", -1 ] ], [ [ "soldering_iron", 20 ], [ "toolset", 2 ] ] ],
    "components": [
      [ [ "power_supply", 6 ], [ "UPS_off", 1 ] ],
      [ [ "amplifier", 4 ] ],
      [ [ "plut_cell", 1 ] ],
      [ [ "burnt_out_bionic", 1 ], [ "processor", 2 ] ]
    ]
  },
  {
    "type": "recipe",
    "result": "bio_power_storage_mkII",
    "category": "CC_ELECTRONIC",
    "skill_pri": "electronics",
    "difficulty": 12,
    "time": 70000,
    "reversible": true,
    "autolearn": true,
    "tools": [ [ [ "screwdriver", -1 ], [ "toolset", -1 ] ], [ [ "soldering_iron", 32 ], [ "toolset", 2 ] ] ],
    "components": [
      [ [ "power_supply", 10 ], [ "UPS_off", 2 ], [ "adv_UPS_off", 1 ] ],
      [ [ "amplifier", 6 ] ],
      [ [ "plut_cell", 2 ] ],
      [ [ "burnt_out_bionic", 1 ], [ "processor", 2 ] ]
    ]
  },
  {
    "type": "recipe",
    "result": "bio_solar",
    "category": "CC_ELECTRONIC",
    "skill_pri": "electronics",
    "difficulty": 7,
    "time": 50000,
    "reversible": true,
    "autolearn": true,
    "tools": [ [ [ "screwdriver", -1 ], [ "toolset", -1 ] ], [ [ "soldering_iron", 20 ], [ "toolset", 2 ] ] ],
    "components": [
      [ [ "power_supply", 4 ] ],
      [ [ "amplifier", 2 ] ],
      [ [ "solar_cell", 4 ] ],
      [ [ "burnt_out_bionic", 1 ], [ "processor", 2 ] ]
    ]
  },
  {
    "type": "recipe",
    "result": "bio_batteries",
    "category": "CC_ELECTRONIC",
    "skill_pri": "electronics",
    "difficulty": 7,
    "time": 50000,
    "reversible": true,
    "autolearn": true,
    "tools": [ [ [ "screwdriver", -1 ], [ "toolset", -1 ] ], [ [ "soldering_iron", 20 ], [ "toolset", 2 ] ] ],
    "components": [ [ [ "power_supply", 2 ] ], [ [ "amplifier", 2 ] ], [ [ "burnt_out_bionic", 1 ], [ "processor", 2 ] ] ]
  },
  {
    "type": "recipe",
    "result": "bio_power_armor_interface",
    "category": "CC_ELECTRONIC",
    "skill_pri": "electronics",
    "difficulty": 6,
    "time": 50000,
    "reversible": true,
    "autolearn": true,
    "tools": [ [ [ "screwdriver", -1 ], [ "toolset", -1 ] ], [ [ "soldering_iron", 20 ], [ "toolset", 2 ] ] ],
    "components": [ [ [ "power_supply", 2 ] ], [ [ "amplifier", 2 ] ], [ [ "burnt_out_bionic", 1 ], [ "processor", 2 ] ] ]
  },
  {
    "type": "recipe",
    "result": "bio_power_armor_interface_mkII",
    "category": "CC_ELECTRONIC",
    "skill_pri": "electronics",
    "difficulty": 9,
    "time": 50000,
    "reversible": true,
    "autolearn": true,
    "tools": [ [ [ "screwdriver", -1 ], [ "toolset", -1 ] ], [ [ "soldering_iron", 20 ], [ "toolset", 2 ] ] ],
    "components": [
      [ [ "power_supply", 5 ] ],
      [ [ "amplifier", 3 ] ],
      [ [ "plut_cell", 5 ] ],
      [ [ "burnt_out_bionic", 1 ], [ "processor", 2 ] ]
    ]
  },
  {
    "type": "recipe",
    "result": "bio_evap",
    "category": "CC_ELECTRONIC",
    "skill_pri": "electronics",
    "difficulty": 7,
    "time": 50000,
    "reversible": true,
    "autolearn": false,
    "decomp_learn": 5,
    "tools": [ [ [ "screwdriver", -1 ], [ "toolset", -1 ] ], [ [ "soldering_iron", 20 ], [ "toolset", 2 ] ] ],
    "components": [ [ [ "power_supply", 2 ] ], [ [ "hose", 1 ] ], [ [ "burnt_out_bionic", 1 ], [ "processor", 2 ] ] ]
  },
  {
    "type": "recipe",
    "result": "bio_laser",
    "category": "CC_ELECTRONIC",
    "skill_pri": "electronics",
    "difficulty": 9,
    "time": 50000,
    "reversible": true,
    "autolearn": false,
    "decomp_learn": 7,
    "tools": [ [ [ "screwdriver", -1 ], [ "toolset", -1 ] ], [ [ "soldering_iron", 20 ], [ "toolset", 2 ] ] ],
    "components": [
      [ [ "power_supply", 2 ] ],
      [ [ "amplifier", 2 ] ],
      [ [ "lens", 2 ] ],
      [ [ "burnt_out_bionic", 1 ], [ "processor", 2 ] ]
    ]
  },
  {
    "type": "recipe",
    "result": "bio_flashlight",
    "category": "CC_ELECTRONIC",
    "skill_pri": "electronics",
    "difficulty": 6,
    "time": 50000,
    "reversible": true,
    "autolearn": true,
    "decomp_learn": 5,
    "tools": [ [ [ "screwdriver", -1 ], [ "toolset", -1 ] ], [ [ "soldering_iron", 20 ], [ "toolset", 2 ] ] ],
    "components": [
      [ [ "power_supply", 1 ] ],
      [ [ "amplifier", 1 ] ],
      [ [ "lens", 2 ] ],
      [ [ "burnt_out_bionic", 1 ], [ "processor", 2 ] ]
    ]
  },
  {
    "type": "recipe",
    "result": "bio_water_extractor",
    "category": "CC_ELECTRONIC",
    "skill_pri": "electronics",
    "difficulty": 7,
    "time": 50000,
    "reversible": true,
    "autolearn": false,
    "decomp_learn": 5,
    "tools": [ [ [ "screwdriver", -1 ], [ "toolset", -1 ] ], [ [ "soldering_iron", 20 ], [ "toolset", 2 ] ] ],
    "components": [
      [ [ "power_supply", 2 ] ],
      [ [ "element", 1 ] ],
      [ [ "hose", 1 ] ],
      [ [ "burnt_out_bionic", 1 ], [ "processor", 2 ] ]
    ]
  },
  {
    "type": "recipe",
    "result": "bio_armor_head",
    "category": "CC_ELECTRONIC",
    "skill_pri": "electronics",
    "difficulty": 6,
    "time": 50000,
    "reversible": true,
    "autolearn": true,
    "decomp_learn": 5,
    "tools": [
      [ [ "screwdriver", -1 ], [ "toolset", -1 ] ],
      [ [ "wrench", -1 ], [ "toolset", -1 ] ],
      [ [ "hammer", -1 ], [ "hatchet", -1 ], [ "toolset", -1 ] ],
      [ [ "soldering_iron", 20 ], [ "toolset", 2 ] ]
    ],
    "components": [ [ [ "alloy_sheet", 4 ], [ "alloy_plate", 1 ] ], [ [ "burnt_out_bionic", 1 ] ] ]
  },
  {
    "type": "recipe",
    "result": "bio_armor_arms",
    "category": "CC_ELECTRONIC",
    "skill_pri": "electronics",
    "difficulty": 6,
    "time": 50000,
    "reversible": true,
    "autolearn": true,
    "decomp_learn": 5,
    "tools": [
      [ [ "screwdriver", -1 ], [ "toolset", -1 ] ],
      [ [ "wrench", -1 ], [ "toolset", -1 ] ],
      [ [ "hammer", -1 ], [ "hatchet", -1 ], [ "toolset", -1 ] ],
      [ [ "soldering_iron", 20 ], [ "toolset", 2 ] ]
    ],
    "components": [ [ [ "alloy_sheet", 4 ], [ "alloy_plate", 1 ] ], [ [ "burnt_out_bionic", 1 ] ] ]
  },
  {
    "type": "recipe",
    "result": "bio_armor_torso",
    "category": "CC_ELECTRONIC",
    "skill_pri": "electronics",
    "difficulty": 6,
    "time": 50000,
    "reversible": true,
    "autolearn": true,
    "decomp_learn": 5,
    "tools": [
      [ [ "screwdriver", -1 ], [ "toolset", -1 ] ],
      [ [ "wrench", -1 ], [ "toolset", -1 ] ],
      [ [ "hammer", -1 ], [ "hatchet", -1 ], [ "toolset", -1 ] ],
      [ [ "soldering_iron", 20 ], [ "toolset", 2 ] ]
    ],
    "components": [ [ [ "alloy_sheet", 4 ], [ "alloy_plate", 1 ] ], [ [ "burnt_out_bionic", 1 ] ] ]
  },
  {
    "type": "recipe",
    "result": "bio_armor_legs",
    "category": "CC_ELECTRONIC",
    "skill_pri": "electronics",
    "difficulty": 6,
    "time": 50000,
    "reversible": true,
    "autolearn": true,
    "decomp_learn": 5,
    "tools": [
      [ [ "screwdriver", -1 ], [ "toolset", -1 ] ],
      [ [ "wrench", -1 ], [ "toolset", -1 ] ],
      [ [ "hammer", -1 ], [ "hatchet", -1 ], [ "toolset", -1 ] ],
      [ [ "soldering_iron", 20 ], [ "toolset", 2 ] ]
    ],
    "components": [ [ [ "alloy_sheet", 4 ], [ "alloy_plate", 1 ] ], [ [ "burnt_out_bionic", 1 ] ] ]
  },
  {
    "type": "recipe",
    "result": "solar_panel",
    "category": "CC_ELECTRONIC",
    "skill_pri": "electronics",
    "difficulty": 8,
    "time": 50000,
    "reversible": true,
    "autolearn": true,
    "tools": [ [ [ "screwdriver", -1 ], [ "toolset", -1 ] ], [ [ "soldering_iron", 35 ], [ "toolset", 2 ] ] ],
    "components": [ [ [ "power_supply", 2 ] ], [ [ "amplifier", 2 ] ], [ [ "solar_cell", 12 ] ], [ [ "cable", 20 ] ] ]
  },
  {
    "type": "recipe",
    "result": "teleporter",
    "category": "CC_ELECTRONIC",
    "skill_pri": "electronics",
    "difficulty": 8,
    "time": 50000,
    "reversible": true,
    "autolearn": true,
    "tools": [
      [ [ "screwdriver", -1 ], [ "toolset", -1 ] ],
      [ [ "wrench", -1 ], [ "toolset", -1 ] ],
      [ [ "soldering_iron", 16 ], [ "toolset", 2 ] ]
    ],
    "components": [
      [ [ "power_supply", 3 ], [ "plut_cell", 5 ] ],
      [ [ "amplifier", 3 ] ],
      [ [ "transponder", 3 ] ],
      [ [ "scrap", 10 ] ],
      [ [ "cable", 20 ] ]
    ]
  }
]
