[
  {
    "type": "recipe",
    "result": "meat_cooked",
    "category": "CC_FOOD",
    "skill_pri": "cooking",
    "difficulty": 0,
    "time": 5000,
    "reversible": false,
    "autolearn": true,
    "tools": [
      [ [ "hotplate", 7 ], [ "toolset", 1 ], [ "fire", -1 ] ],
      [
        [ "pan", -1 ],
        [ "pot", -1 ],
        [ "rock_pot", -1 ],
        [ "spear_wood", -1 ],
        [ "pointy_stick", -1 ],
        [ "skewer", -1 ],
        [ "javelin", -1 ]
      ]
    ],
    "components": [ [ [ "meat", 1 ] ] ]
  },
  {
    "type": "recipe",
    "result": "human_cooked",
    "category": "CC_FOOD",
    "skill_pri": "cooking",
    "difficulty": 0,
    "time": 5000,
    "reversible": false,
    "autolearn": false,
    "book_learn": [ [ "cookbook_human", 3 ] ],
    "tools": [
      [ [ "hotplate", 7 ], [ "toolset", 1 ], [ "fire", -1 ] ],
      [
        [ "pan", -1 ],
        [ "pot", -1 ],
        [ "rock_pot", -1 ],
        [ "spear_wood", -1 ],
        [ "pointy_stick", -1 ],
        [ "skewer", -1 ],
        [ "javelin", -1 ]
      ]
    ],
    "components": [ [ [ "human_flesh", 1 ] ] ]
  },
  {
    "type": "recipe",
    "result": "dogfood",
    "category": "CC_FOOD",
    "skill_pri": "cooking",
    "difficulty": 4,
    "time": 10000,
    "reversible": false,
    "autolearn": true,
    "tools": [ [ [ "hotplate", 6 ], [ "toolset", 1 ], [ "fire", -1 ] ], [ [ "pot", -1 ], [ "rock_pot", -1 ] ] ],
    "components": [ [ [ "meat", 1 ] ], [ [ "veggy", 1 ], [ "veggy_wild", 1 ] ], [ [ "water", 1 ], [ "water_clean", 1 ] ] ]
  },
  {
    "type": "recipe",
    "result": "veggy_cooked",
    "category": "CC_FOOD",
    "skill_pri": "cooking",
    "difficulty": 0,
    "time": 4000,
    "reversible": false,
    "autolearn": true,
    "tools": [
      [ [ "hotplate", 5 ], [ "toolset", 1 ], [ "fire", -1 ] ],
      [
        [ "pan", -1 ],
        [ "pot", -1 ],
        [ "rock_pot", -1 ],
        [ "spear_wood", -1 ],
        [ "pointy_stick", -1 ],
        [ "skewer", -1 ],
        [ "javelin", -1 ]
      ]
    ],
    "components": [ [ [ "veggy", 1 ] ] ]
  },
  {
    "type": "recipe",
    "result": "veggy_wild_cooked",
    "category": "CC_FOOD",
    "skill_pri": "cooking",
    "difficulty": 0,
    "time": 4000,
    "reversible": false,
    "autolearn": true,
    "tools": [ [ [ "hotplate", 5 ], [ "toolset", 1 ], [ "fire", -1 ] ], [ [ "pan", -1 ], [ "pot", -1 ], [ "rock_pot", -1 ] ] ],
    "components": [ [ [ "veggy_wild", 1 ] ] ]
  },
  {
    "type": "recipe",
    "result": "spaghetti_cooked",
    "category": "CC_FOOD",
    "skill_pri": "cooking",
    "difficulty": 0,
    "time": 10000,
    "reversible": false,
    "autolearn": true,
    "tools": [ [ [ "hotplate", 4 ], [ "toolset", 1 ], [ "fire", -1 ] ], [ [ "pot", -1 ], [ "rock_pot", -1 ] ] ],
    "components": [ [ [ "spaghetti_raw", 1 ] ], [ [ "water", 1 ], [ "water_clean", 1 ] ] ]
  },
  {
    "type": "recipe",
    "result": "cooked_dinner",
    "category": "CC_FOOD",
    "skill_pri": "cooking",
    "difficulty": 0,
    "time": 5000,
    "reversible": false,
    "autolearn": true,
    "tools": [ [ [ "hotplate", 3 ], [ "toolset", 1 ], [ "fire", -1 ] ] ],
    "components": [ [ [ "frozen_dinner", 1 ] ] ]
  },
  {
    "type": "recipe",
    "result": "macaroni_cooked",
    "category": "CC_FOOD",
    "skill_pri": "cooking",
    "difficulty": 0,
    "time": 10000,
    "reversible": false,
    "autolearn": true,
    "tools": [ [ [ "hotplate", 4 ], [ "toolset", 1 ], [ "fire", -1 ] ], [ [ "pot", -1 ], [ "rock_pot", -1 ] ] ],
    "components": [ [ [ "macaroni_raw", 1 ] ], [ [ "water", 1 ], [ "water_clean", 1 ] ] ]
  },
  {
    "type": "recipe",
    "result": "potato_baked",
    "category": "CC_FOOD",
    "skill_pri": "cooking",
    "difficulty": 1,
    "time": 15000,
    "reversible": false,
    "autolearn": true,
    "tools": [ [ [ "hotplate", 3 ], [ "toolset", 1 ], [ "fire", -1 ] ], [ [ "pan", -1 ], [ "pot", -1 ], [ "rock_pot", -1 ] ] ],
    "components": [ [ [ "potato_raw", 1 ] ] ]
  },
  {
    "type": "recipe",
    "result": "jerky",
    "category": "CC_FOOD",
    "skill_pri": "cooking",
    "difficulty": 3,
    "time": 30000,
    "reversible": false,
    "autolearn": true,
    "tools": [ [ [ "hotplate", 10 ], [ "toolset", 1 ], [ "fire", -1 ] ] ],
    "components": [ [ [ "salt_water", 1 ], [ "salt", 4 ] ], [ [ "meat", 1 ] ] ]
  },
  {
    "type": "recipe",
    "result": "jerky_human",
    "category": "CC_FOOD",
    "skill_pri": "cooking",
    "difficulty": 3,
    "time": 30000,
    "reversible": false,
    "autolearn": false,
    "book_learn": [ [ "cookbook_human", 3 ] ],
    "tools": [ [ [ "hotplate", 10 ], [ "toolset", 1 ], [ "fire", -1 ] ] ],
    "components": [ [ [ "salt_water", 1 ], [ "salt", 4 ] ], [ [ "human_flesh", 1 ] ] ]
  },
  {
    "type": "recipe",
    "result": "V8",
    "category": "CC_FOOD",
    "skill_pri": "cooking",
    "difficulty": 2,
    "time": 5000,
    "reversible": false,
    "autolearn": true,
    "components": [ [ [ "tomato", 1 ] ], [ [ "broccoli", 1 ] ], [ [ "zucchini", 1 ] ] ]
  },
  {
    "type": "recipe",
    "result": "broth",
    "category": "CC_FOOD",
    "skill_pri": "cooking",
    "difficulty": 2,
    "time": 10000,
    "reversible": false,
    "autolearn": true,
    "tools": [ [ [ "hotplate", 5 ], [ "toolset", 1 ], [ "fire", -1 ] ], [ [ "pot", -1 ], [ "rock_pot", -1 ] ] ],
    "components": [
      [ [ "water", 1 ], [ "water_clean", 1 ] ],
      [ [ "broccoli", 1 ], [ "tomato", 1 ], [ "zucchini", 1 ], [ "veggy", 1 ], [ "veggy_wild", 1 ] ]
    ]
  },
  {
    "type": "recipe",
    "result": "broth_bone",
    "category": "CC_FOOD",
    "skill_pri": "cooking",
    "difficulty": 1,
    "time": 60000,
    "reversible": false,
    "autolearn": true,
    "tools": [ [ [ "hotplate", 6 ], [ "toolset", 1 ], [ "fire", -1 ] ], [ [ "pot", -1 ], [ "rock_pot", -1 ] ] ],
    "components": [ [ [ "bone", 10 ] ], [ [ "water", 1 ], [ "water_clean", 1 ] ] ]
  },
  {
    "type": "recipe",
    "result": "soup_veggy",
    "category": "CC_FOOD",
    "skill_pri": "cooking",
    "difficulty": 2,
    "time": 10000,
    "reversible": false,
    "autolearn": true,
    "tools": [ [ [ "hotplate", 5 ], [ "toolset", 1 ], [ "fire", -1 ] ], [ [ "pot", -1 ], [ "rock_pot", -1 ] ] ],
    "components": [
      [ [ "broth", 2 ] ],
      [ [ "macaroni_raw", 1 ], [ "potato_raw", 1 ] ],
      [ [ "tomato", 2 ], [ "broccoli", 2 ], [ "zucchini", 2 ], [ "veggy", 2 ], [ "veggy_wild", 2 ] ]
    ]
  },
  {
    "type": "recipe",
    "result": "soup_meat",
    "category": "CC_FOOD",
    "skill_pri": "cooking",
    "difficulty": 2,
    "time": 10000,
    "reversible": false,
    "autolearn": true,
    "tools": [ [ [ "hotplate", 5 ], [ "toolset", 1 ], [ "fire", -1 ] ], [ [ "pot", -1 ], [ "rock_pot", -1 ] ] ],
    "components": [ [ [ "broth", 2 ] ], [ [ "macaroni_raw", 1 ], [ "potato_raw", 1 ] ], [ [ "meat", 2 ] ] ]
  },
  {
    "type": "recipe",
    "result": "soup_woods",
    "category": "CC_FOOD",
    "skill_pri": "cooking",
    "difficulty": 3,
    "time": 10000,
    "reversible": false,
    "autolearn": true,
    "tools": [ [ [ "hotplate", 5 ], [ "toolset", 1 ], [ "fire", -1 ] ], [ [ "pot", -1 ], [ "rock_pot", -1 ] ] ],
    "components": [ [ [ "broth", 2 ], [ "broth_bone", 2 ] ], [ [ "meat", 2 ] ], [ [ "veggy_wild", 2 ], [ "veggy", 2 ] ] ]
  },
  {
    "type": "recipe",
    "result": "soup_human",
    "category": "CC_FOOD",
    "skill_pri": "cooking",
    "difficulty": 2,
    "time": 10000,
    "reversible": false,
    "autolearn": false,
    "book_learn": [ [ "cookbook_human", 2 ] ],
    "tools": [ [ [ "hotplate", 5 ], [ "toolset", 1 ], [ "fire", -1 ] ], [ [ "pot", -1 ], [ "rock_pot", -1 ] ] ],
    "components": [ [ [ "broth", 2 ] ], [ [ "macaroni_raw", 1 ], [ "potato_raw", 1 ] ], [ [ "human_flesh", 2 ] ] ]
  },
  {
    "type": "recipe",
    "result": "bread",
    "category": "CC_FOOD",
    "skill_pri": "cooking",
    "difficulty": 2,
    "time": 20000,
    "reversible": false,
    "autolearn": true,
    "tools": [ [ [ "hotplate", 8 ], [ "toolset", 1 ], [ "fire", -1 ] ], [ [ "pot", -1 ], [ "rock_pot", -1 ] ] ],
    "components": [ [ [ "flour", 3 ] ], [ [ "water", 2 ], [ "water_clean", 2 ] ] ]
  },
  {
    "type": "recipe",
    "result": "pie",
    "category": "CC_FOOD",
    "skill_pri": "cooking",
    "difficulty": 3,
    "time": 25000,
    "reversible": false,
    "autolearn": true,
    "tools": [ [ [ "hotplate", 6 ], [ "toolset", 1 ], [ "fire", -1 ] ], [ [ "pan", -1 ] ] ],
    "components": [
      [ [ "flour", 2 ] ],
      [ [ "strawberries", 2 ], [ "apple", 2 ], [ "blueberries", 2 ], [ "apple_canned", 1 ], [ "apple_vac", 1 ] ],
      [ [ "sugar", 2 ] ],
      [ [ "water", 1 ], [ "water_clean", 1 ] ]
    ]
  },
  {
    "type": "recipe",
    "result": "pizza_veggy",
    "category": "CC_FOOD",
    "skill_pri": "cooking",
    "difficulty": 3,
    "time": 20000,
    "reversible": false,
    "autolearn": false,
    "book_learn": [ [ "cookbook_italian", 2 ] ],
    "tools": [ [ [ "hotplate", 8 ], [ "toolset", 1 ], [ "fire", -1 ] ], [ [ "pan", -1 ] ] ],
    "components": [
      [ [ "flour", 2 ] ],
      [ [ "veggy", 2 ], [ "veggy_wild", 2 ], [ "veggy_vac", 2 ], [ "tomato", 2 ], [ "broccoli", 1 ] ],
      [ [ "sauce_pesto", 1 ], [ "sauce_red", 1 ], [ "seasoning_italian", 5 ] ],
      [ [ "water", 1 ], [ "water_clean", 1 ] ]
    ]
  },
  {
    "type": "recipe",
    "result": "pizza_meat",
    "category": "CC_FOOD",
    "skill_pri": "cooking",
    "difficulty": 3,
    "time": 20000,
    "reversible": false,
    "autolearn": false,
    "book_learn": [ [ "cookbook_italian", 2 ] ],
    "tools": [ [ [ "hotplate", 8 ], [ "toolset", 1 ], [ "fire", -1 ] ], [ [ "pan", -1 ] ] ],
    "components": [
      [ [ "flour", 2 ] ],
      [ [ "meat", 2 ], [ "meat_canned", 1 ], [ "meat_vac", 2 ] ],
      [ [ "sauce_red", 1 ], [ "seasoning_italian", 5 ] ],
      [ [ "water", 1 ], [ "water_clean", 1 ] ]
    ]
  },
  {
    "type": "recipe",
    "result": "spaghetti_bolognese",
    "category": "CC_FOOD",
    "skill_pri": "cooking",
    "difficulty": 4,
    "time": 20000,
    "reversible": false,
    "autolearn": false,
    "book_learn": [ [ "cookbook_italian", 3 ] ],
    "tools": [
      [ [ "hotplate", 6 ], [ "toolset", 1 ], [ "fire", -1 ] ],
      [
        [ "scissors", -1 ],
        [ "knife_steak", -1 ],
        [ "knife_combat", -1 ],
        [ "knife_butcher", -1 ],
        [ "pockknife", -1 ],
        [ "scalpel", -1 ],
        [ "machete", -1 ],
        [ "broadsword", -1 ],
        [ "toolset", -1 ]
      ],
      [ [ "pot", -1 ], [ "rock_pot", -1 ] ]
    ],
    "components": [
      [ [ "spaghetti_raw", 1 ] ],
      [ [ "water", 1 ], [ "water_clean", 1 ] ],
      [ [ "seasoning_italian", 5 ], [ "sauce_red", 1 ], [ "tomato", 2 ] ],
      [ [ "meat", 2 ], [ "meat_canned", 1 ] ]
    ]
  },
  {
    "type": "recipe",
    "result": "spaghetti_pesto",
    "category": "CC_FOOD",
    "skill_pri": "cooking",
    "difficulty": 4,
    "time": 20000,
    "reversible": false,
    "autolearn": false,
    "book_learn": [ [ "cookbook_italian", 3 ] ],
    "tools": [
      [ [ "hotplate", 4 ], [ "toolset", 1 ], [ "fire", -1 ] ],
      [ [ "rock", -1 ], [ "primitive_hammer", -1 ], [ "hammer", -1 ], [ "hatchet", -1 ], [ "toolset", -1 ] ],
      [ [ "pot", -1 ], [ "rock_pot", -1 ] ]
    ],
    "components": [
      [ [ "spaghetti_raw", 1 ] ],
      [ [ "water", 1 ], [ "water_clean", 1 ] ],
      [ [ "seasoning_italian", 5 ], [ "sauce_pesto", 1 ] ],
      [ [ "veggy", 2 ], [ "veggy_wild", 2 ] ]
    ]
  },
  {
    "type": "recipe",
    "result": "jar_meat_canned",
    "category": "CC_FOOD",
    "skill_pri": "cooking",
    "skill_sec": "mechanics",
    "difficulty": 4,
    "time": 30000,
    "reversible": false,
    "autolearn": true,
    "tools": [
      [
        [ "knife_steak", -1 ],
        [ "knife_combat", -1 ],
        [ "knife_butcher", -1 ],
        [ "pockknife", -1 ],
        [ "scalpel", -1 ],
        [ "machete", -1 ],
        [ "broadsword", -1 ],
        [ "toolset", -1 ],
        [ "hatchet", -1 ]
      ],
      [ [ "hotplate", 10 ], [ "toolset", 1 ], [ "fire", -1 ] ],
      [ [ "pot", -1 ], [ "rock_pot", -1 ] ]
    ],
    "components": [ [ [ "water", 1 ], [ "water_clean", 1 ] ], [ [ "jar_glass", 1 ] ], [ [ "meat", 1 ] ] ]
  },
  {
    "type": "recipe",
    "result": "jar_human_canned",
    "category": "CC_FOOD",
    "skill_pri": "cooking",
    "skill_sec": "mechanics",
    "difficulty": 4,
    "time": 30000,
    "reversible": false,
    "autolearn": false,
    "book_learn": [ [ "cookbook_human", 2 ] ],
    "tools": [
      [
        [ "knife_steak", -1 ],
        [ "knife_combat", -1 ],
        [ "knife_butcher", -1 ],
        [ "pockknife", -1 ],
        [ "scalpel", -1 ],
        [ "machete", -1 ],
        [ "broadsword", -1 ],
        [ "toolset", -1 ],
        [ "hatchet", -1 ]
      ],
      [ [ "hotplate", 10 ], [ "toolset", 1 ], [ "fire", -1 ] ],
      [ [ "pot", -1 ], [ "rock_pot", -1 ] ]
    ],
    "components": [ [ [ "water", 1 ], [ "water_clean", 1 ] ], [ [ "jar_glass", 1 ] ], [ [ "human_flesh", 1 ] ] ]
  },
  {
    "type": "recipe",
    "result": "jar_veggy_canned",
    "category": "CC_FOOD",
    "skill_pri": "cooking",
    "skill_sec": "mechanics",
    "difficulty": 4,
    "time": 30000,
    "reversible": false,
    "autolearn": true,
    "tools": [
      [
        [ "knife_steak", -1 ],
        [ "knife_combat", -1 ],
        [ "knife_butcher", -1 ],
        [ "pockknife", -1 ],
        [ "scalpel", -1 ],
        [ "machete", -1 ],
        [ "broadsword", -1 ],
        [ "toolset", -1 ],
        [ "hatchet", -1 ]
      ],
      [ [ "hotplate", 10 ], [ "toolset", 1 ], [ "fire", -1 ] ],
      [ [ "pot", -1 ], [ "rock_pot", -1 ] ]
    ],
    "components": [ [ [ "water", 1 ], [ "water_clean", 1 ] ], [ [ "jar_glass", 1 ] ], [ [ "veggy", 1 ], [ "veggy_wild", 1 ] ] ]
  },
  {
    "type": "recipe",
    "result": "jar_apple_canned",
    "category": "CC_FOOD",
    "skill_pri": "cooking",
    "skill_sec": "mechanics",
    "difficulty": 4,
    "time": 30000,
    "reversible": false,
    "autolearn": true,
    "tools": [
      [
        [ "knife_steak", -1 ],
        [ "knife_combat", -1 ],
        [ "knife_butcher", -1 ],
        [ "pockknife", -1 ],
        [ "scalpel", -1 ],
        [ "machete", -1 ],
        [ "broadsword", -1 ],
        [ "toolset", -1 ],
        [ "hatchet", -1 ]
      ],
      [ [ "hotplate", 10 ], [ "toolset", 1 ], [ "fire", -1 ] ],
      [ [ "pot", -1 ], [ "rock_pot", -1 ] ]
    ],
    "components": [ [ [ "water", 1 ], [ "water_clean", 1 ] ], [ [ "jar_glass", 1 ] ], [ [ "apple", 3 ] ] ]
  },
  {
    "type": "recipe",
    "result": "bag_meat_vac",
    "category": "CC_FOOD",
    "skill_pri": "cooking",
    "skill_sec": "mechanics",
    "difficulty": 4,
    "time": 20000,
    "reversible": false,
    "autolearn": true,
    "tools": [
      [
        [ "knife_steak", -1 ],
        [ "knife_combat", -1 ],
        [ "knife_butcher", -1 ],
        [ "pockknife", -1 ],
        [ "scalpel", -1 ],
        [ "machete", -1 ],
        [ "broadsword", -1 ],
        [ "toolset", -1 ],
        [ "hatchet", -1 ]
      ],
      [ [ "vac_sealer", 10 ] ],
      [ [ "pot", -1 ], [ "rock_pot", -1 ] ]
    ],
    "components": [
      [ [ "water", 1 ], [ "water_clean", 1 ] ],
      [ [ "bag_plastic", 1 ] ],
      [ [ "meat", 2 ] ],
      [ [ "salt_water", 1 ], [ "salt", 4 ] ]
    ]
  },
  {
    "type": "recipe",
    "result": "bag_veggy_vac",
    "category": "CC_FOOD",
    "skill_pri": "cooking",
    "skill_sec": "mechanics",
    "difficulty": 4,
    "time": 20000,
    "reversible": false,
    "autolearn": true,
    "tools": [
      [
        [ "knife_steak", -1 ],
        [ "knife_combat", -1 ],
        [ "knife_butcher", -1 ],
        [ "pockknife", -1 ],
        [ "scalpel", -1 ],
        [ "machete", -1 ],
        [ "broadsword", -1 ],
        [ "toolset", -1 ],
        [ "hatchet", -1 ]
      ],
      [ [ "vac_sealer", 10 ] ],
      [ [ "pot", -1 ], [ "rock_pot", -1 ] ]
    ],
    "components": [
      [ [ "water", 1 ], [ "water_clean", 1 ] ],
      [ [ "bag_plastic", 1 ] ],
      [ [ "veggy", 2 ], [ "veggy_wild", 2 ] ],
      [ [ "salt_water", 1 ], [ "salt", 4 ] ]
    ]
  },
  {
    "type": "recipe",
    "result": "bag_apple_vac",
    "category": "CC_FOOD",
    "skill_pri": "cooking",
    "skill_sec": "mechanics",
    "difficulty": 4,
    "time": 20000,
    "reversible": false,
    "autolearn": true,
    "tools": [
      [
        [ "knife_steak", -1 ],
        [ "knife_combat", -1 ],
        [ "knife_butcher", -1 ],
        [ "pockknife", -1 ],
        [ "scalpel", -1 ],
        [ "machete", -1 ],
        [ "broadsword", -1 ],
        [ "toolset", -1 ],
        [ "hatchet", -1 ]
      ],
      [ [ "vac_sealer", 10 ] ],
      [ [ "pot", -1 ], [ "rock_pot", -1 ] ]
    ],
    "components": [ [ [ "water", 1 ], [ "water_clean", 1 ] ], [ [ "bag_plastic", 1 ] ], [ [ "apple", 3 ] ], [ [ "sugar", 4 ] ] ]
  },
  {
    "type": "recipe",
    "result": "adrenochrome",
    "category": "CC_FOOD",
    "skill_pri": "cooking",
    "difficulty": 3,
    "time": 2000,
    "reversible": false,
    "autolearn": true,
    "tools": [ [ [ "hacksaw", -1 ], [ "toolset", -1 ] ] ],
    "components": [ [ [ "corpse", 1 ] ] ]
  },
  {
    "type": "recipe",
    "result": "paulallenhead",
    "category": "CC_FOOD",
    "skill_pri": "cooking",
    "difficulty": 2,
    "time": 2000,
    "reversible": false,
    "autolearn": true,
    "tools": [ [ [ "hacksaw", -1 ], [ "toolset", -1 ] ] ],
    "components": [ [ [ "paulallencorpse", 1 ] ] ]
  },
  {
    "type": "recipe",
    "result": "paulallenbrain",
    "category": "CC_FOOD",
    "skill_pri": "cooking",
    "difficulty": 2,
    "time": 2000,
    "reversible": false,
    "autolearn": true,
    "tools": [ [ [ "hacksaw", -1 ], [ "toolset", -1 ] ] ],
    "components": [ [ [ "paulallenhead", 1 ] ] ]
  },
  {
    "type": "recipe",
    "result": "friedspam",
    "category": "CC_FOOD",
    "skill_pri": "cooking",
    "difficulty": 0,
    "time": 5000,
    "reversible": false,
    "autolearn": true,
    "tools": [
      [ [ "hotplate", 7 ], [ "toolset", 1 ], [ "fire", -1 ] ],
      [
        [ "pan", -1 ],
        [ "pot", -1 ],
        [ "rock_pot", -1 ],
        [ "spear_wood", -1 ],
        [ "pointy_stick", -1 ],
        [ "skewer", -1 ],
        [ "javelin", -1 ]
      ]
    ],
    "components": [ [ [ "can_spam", 1 ] ] ]
  },
  {
    "type": "recipe",
    "result": "arbys2",
    "category": "CC_FOOD",
    "skill_pri": "cooking",
    "difficulty": 0,
    "time": 5000,
    "reversible": false,
    "autolearn": true,
    "tools": [
      [ [ "hotplate", 7 ], [ "toolset", 1 ], [ "fire", -1 ] ],
      [
        [ "pan", -1 ],
        [ "pot", -1 ],
        [ "rock_pot", -1 ],
        [ "spear_wood", -1 ],
        [ "pointy_stick", -1 ],
        [ "skewer", -1 ],
        [ "javelin", -1 ]
      ]
    ],
    "components": [ [ [ "arbys1", 1 ] ] ]
  }
]
