[
  {
    "type": "recipe",
    "result": "primitive_hammer",
    "category": "CC_MISC",
    "skill_pri": "survival",
    "skill_sec": "construction",
    "difficulty": 0,
    "time": 5000,
    "reversible": false,
    "autolearn": true,
    "tools": [ [ [ "rock", -1 ], [ "primitive_hammer", -1 ], [ "hammer", -1 ], [ "hatchet", -1 ], [ "toolset", -1 ] ] ],
    "components": [ [ [ "stick", 1 ] ], [ [ "rock", 1 ] ], [ [ "string_6", 2 ], [ "sinew", 40 ], [ "plant_fibre", 40 ] ] ]
  },
  {
    "type": "recipe",
    "result": "needle_bone",
    "category": "CC_MISC",
    "skill_pri": "survival",
    "difficulty": 3,
    "time": 20000,
    "reversible": false,
    "autolearn": true,
    "tools": [
      [
        [ "knife_steak", -1 ],
        [ "knife_combat", -1 ],
        [ "knife_butcher", -1 ],
        [ "pockknife", -1 ],
        [ "scalpel", -1 ],
        [ "machete", -1 ],
        [ "broadsword", -1 ],
        [ "toolset", -1 ]
      ]
    ],
    "components": [ [ [ "bone", 1 ] ] ]
  },
  {
    "type": "recipe",
    "result": "digging_stick",
    "category": "CC_MISC",
    "skill_pri": "survival",
    "difficulty": 1,
    "time": 20000,
    "reversible": false,
    "autolearn": true,
    "tools": [
      [
        [ "knife_steak", -1 ],
        [ "knife_combat", -1 ],
        [ "knife_butcher", -1 ],
        [ "pockknife", -1 ],
        [ "scalpel", -1 ],
        [ "machete", -1 ],
        [ "broadsword", -1 ],
        [ "toolset", -1 ],
        [ "hatchet", -1 ]
      ]
    ],
    "components": [ [ [ "stick", 1 ] ] ]
  },
  {
    "type": "recipe",
    "result": "ragpouch",
    "category": "CC_ARMOR",
    "skill_pri": "tailor",
    "difficulty": 0,
    "time": 10000,
    "reversible": false,
    "autolearn": true,
    "tools": [ [ [ "needle_bone", 20 ], [ "sewing_kit", 20 ] ] ],
    "components": [ [ [ "rag", 6 ] ], [ [ "string_36", 1 ], [ "string_6", 6 ], [ "sinew", 20 ], [ "plant_fibre", 20 ] ] ]
  },
  {
    "type": "recipe",
    "result": "leather_pouch",
    "category": "CC_ARMOR",
    "skill_pri": "tailor",
    "skill_sec": "survival",
    "difficulty": 2,
    "time": 10000,
    "reversible": false,
    "autolearn": true,
    "tools": [ [ [ "needle_bone", 20 ], [ "sewing_kit", 20 ] ] ],
    "components": [ [ [ "leather", 6 ] ], [ [ "string_36", 1 ], [ "string_6", 6 ], [ "sinew", 20 ], [ "plant_fibre", 20 ] ] ]
  },
  {
    "type": "recipe",
    "result": "rock_pot",
    "category": "CC_MISC",
    "skill_pri": "survival",
    "skill_sec": "cooking",
    "difficulty": 2,
    "time": 20000,
    "reversible": false,
    "autolearn": true,
    "tools": [ [ [ "rock", -1 ], [ "primitive_hammer", -1 ], [ "hammer", -1 ], [ "hatchet", -1 ], [ "toolset", -1 ] ] ],
    "components": [ [ [ "rock", 3 ] ], [ [ "sinew", 80 ], [ "plant_fibre", 80 ], [ "string_36", 1 ] ] ]
  },
  {
    "type": "recipe",
    "result": "primitive_shovel",
    "category": "CC_MISC",
    "skill_pri": "survival",
    "skill_sec": "construction",
    "difficulty": 2,
    "time": 60000,
    "reversible": false,
    "autolearn": true,
    "tools": [ [ [ "rock", -1 ], [ "primitive_hammer", -1 ], [ "hammer", -1 ], [ "hatchet", -1 ], [ "toolset", -1 ] ] ],
    "components": [ [ [ "stick", 1 ] ], [ [ "rock", 1 ] ], [ [ "string_6", 2 ], [ "sinew", 40 ], [ "plant_fibre", 40 ] ] ]
  },
  {
    "type": "recipe",
    "result": "primitive_axe",
    "category": "CC_MISC",
    "skill_pri": "survival",
    "skill_sec": "construction",
    "difficulty": 3,
    "time": 60000,
    "reversible": false,
    "autolearn": true,
    "tools": [ [ [ "rock", -1 ], [ "primitive_hammer", -1 ], [ "hammer", -1 ], [ "hatchet", -1 ], [ "toolset", -1 ] ] ],
    "components": [ [ [ "stick", 1 ] ], [ [ "rock", 1 ] ], [ [ "string_6", 2 ], [ "sinew", 40 ], [ "plant_fibre", 40 ] ] ]
  },
  {
    "type": "recipe",
    "result": "fire_drill",
    "category": "CC_MISC",
    "skill_pri": "survival",
    "difficulty": 2,
    "time": 5000,
    "reversible": false,
    "autolearn": true,
    "components": [ [ [ "skewer", 2 ] ], [ [ "string_6", 1 ] ] ]
  },
  {
    "type": "recipe",
    "result": "waterskin",
    "category": "CC_MISC",
    "skill_pri": "tailor",
    "skill_sec": "survival",
    "difficulty": 2,
    "time": 30000,
    "reversible": false,
    "autolearn": true,
    "tools": [ [ [ "sewing_kit", 60 ], [ "needle_bone", 60 ] ] ],
    "components": [ [ [ "sinew", 40 ], [ "plant_fibre", 40 ], [ "string_36", 1 ] ], [ [ "leather", 6 ], [ "fur", 6 ] ] ]
  },
  {
    "type": "recipe",
    "result": "shelter_kit",
    "category": "CC_MISC",
    "skill_pri": "survival",
    "skill_sec": "construction",
    "difficulty": 2,
    "time": 50000,
    "reversible": false,
    "autolearn": true,
    "tools": [ [ [ "sewing_kit", 200 ], [ "needle_bone", 200 ] ] ],
    "components": [ [ [ "stick", 10 ] ], [ [ "leather", 20 ] ], [ [ "string_6", 10 ], [ "sinew", 500 ], [ "plant_fibre", 500 ] ] ]
  },
  {
    "type": "recipe",
    "result": "shelter_kit",
    "id_suffix": "repair",
    "category": "CC_MISC",
    "skill_pri": "survival",
    "skill_sec": "tailoring",
    "difficulty": 0,
    "time": 20000,
    "reversible": false,
    "autolearn": true,
    "tools": [ [ [ "sewing_kit", 50 ], [ "needle_bone", 50 ] ] ],
    "components": [
      [ [ "stick", 3 ] ],
      [ [ "leather", 4 ] ],
      [ [ "sinew", 60 ], [ "plant_fibre", 60 ], [ "string_6", 1 ] ],
      [ [ "damaged_shelter_kit", 1 ] ]
    ]
  },
  {
    "type": "recipe",
    "result": "snare_trigger",
    "category": "CC_MISC",
    "skill_pri": "survival",
    "difficulty": 1,
    "time": 2000,
    "reversible": false,
    "autolearn": true,
    "tools": [
      [
        [ "knife_steak", -1 ],
        [ "knife_combat", -1 ],
        [ "knife_butcher", -1 ],
        [ "pockknife", -1 ],
        [ "scalpel", -1 ],
        [ "machete", -1 ],
        [ "broadsword", -1 ],
        [ "toolset", -1 ]
      ]
    ],
    "components": [ [ [ "stick", 1 ] ] ]
  },
  {
    "type": "recipe",
    "result": "light_snare_kit",
    "category": "CC_MISC",
    "skill_pri": "survival",
    "skill_sec": "traps",
    "difficulty": 1,
    "time": 5000,
    "reversible": true,
    "autolearn": true,
    "components": [ [ [ "snare_trigger", 1 ] ], [ [ "string_36", 1 ] ] ]
  },
  {
    "type": "recipe",
    "result": "heavy_snare_kit",
    "category": "CC_MISC",
    "skill_pri": "survival",
    "skill_sec": "traps",
    "difficulty": 3,
    "time": 8000,
    "reversible": true,
    "autolearn": true,
    "components": [ [ [ "snare_trigger", 1 ] ], [ [ "rope_6", 1 ] ] ]
  },
  {
    "type": "recipe",
    "result": "kitchen_unit",
    "category": "CC_MISC",
    "skill_pri": "mechanics",
    "difficulty": 4,
    "time": 60000,
    "reversible": true,
    "autolearn": true,
    "tools": [
      [ [ "wrench", -1 ], [ "toolset", -1 ] ],
      [ [ "rock", -1 ], [ "primitive_hammer", -1 ], [ "hammer", -1 ], [ "hatchet", -1 ], [ "toolset", -1 ] ],
      [ [ "goggles_welding", -1 ] ],
      [ [ "welder", 100 ], [ "toolset", 5 ] ],
      [ [ "hacksaw", -1 ], [ "toolset", -1 ] ]
    ],
    "components": [
      [ [ "pipe", 2 ] ],
      [ [ "steel_chunk", 16 ], [ "steel_plate", 2 ] ],
      [ [ "hotplate", 1 ] ],
      [ [ "pot", 1 ] ],
      [ [ "pan", 1 ] ]
    ]
  },
  {
    "type": "recipe",
    "result": "foot_crank",
    "category": "CC_MISC",
    "skill_pri": "mechanics",
    "difficulty": 1,
    "time": 10000,
    "reversible": true,
    "autolearn": true,
    "tools": [
      [ [ "wrench", -1 ], [ "toolset", -1 ] ],
      [ [ "rock", -1 ], [ "primitive_hammer", -1 ], [ "hammer", -1 ], [ "hatchet", -1 ], [ "toolset", -1 ] ]
    ],
    "components": [ [ [ "pipe", 1 ] ], [ [ "steel_chunk", 2 ] ], [ [ "chain", 1 ] ] ]
  },
  {
    "type": "recipe",
    "result": "muffler",
    "category": "CC_MISC",
    "skill_pri": "mechanics",
    "difficulty": 1,
    "time": 10000,
    "reversible": true,
    "autolearn": true,
    "tools": [
      [ [ "rock", -1 ], [ "primitive_hammer", -1 ], [ "hammer", -1 ], [ "hatchet", -1 ], [ "toolset", -1 ] ],
      [ [ "goggles_welding", -1 ] ],
      [ [ "welder", 50 ], [ "toolset", 2 ] ],
      [ [ "hacksaw", -1 ], [ "toolset", -1 ] ]
    ],
    "components": [ [ [ "pipe", 2 ] ], [ [ "sheet_metal", 1 ] ] ]
  },
  {
    "type": "recipe",
    "result": "seat",
    "category": "CC_MISC",
    "skill_pri": "mechanics",
    "difficulty": 1,
    "time": 10000,
    "reversible": true,
    "autolearn": true,
    "tools": [
      [ [ "goggles_welding", -1 ] ],
      [ [ "welder", 50 ], [ "toolset", 2 ] ],
      [ [ "sewing_kit", 50 ], [ "needle_bone", 50 ] ]
    ],
    "components": [ [ [ "pipe", 4 ] ], [ [ "spring", 2 ] ], [ [ "leather", 12 ], [ "fur", 12 ], [ "rag", 20 ], [ "sheet", 1 ] ] ]
  },
  {
    "type": "recipe",
    "result": "rag",
    "category": "CC_MISC",
    "difficulty": 0,
    "time": 3000,
    "reversible": false,
    "autolearn": true,
    "tools": [ [ [ "surface_heat", 1, "LIST" ], [ "hotplate", 3 ], [ "toolset", 1 ] ] ],
    "components": [ [ [ "water", 1 ], [ "water_clean", 1 ] ], [ [ "rag_bloody", 1 ] ] ]
  },
  {
    "type": "recipe",
    "result": "sheet",
    "category": "CC_MISC",
    "difficulty": 0,
    "time": 10000,
    "reversible": false,
    "autolearn": true,
    "tools": [ [ [ "sewing_kit", 50 ] ] ],
    "components": [ [ [ "rag", 20 ] ] ]
  },
  {
    "type": "recipe",
    "result": "vehicle_controls",
    "category": "CC_MISC",
    "skill_pri": "mechanics",
    "difficulty": 3,
    "time": 30000,
    "reversible": true,
    "autolearn": true,
    "tools": [
      [ [ "wrench", -1 ], [ "toolset", -1 ] ],
      [ [ "rock", -1 ], [ "primitive_hammer", -1 ], [ "hammer", -1 ], [ "hatchet", -1 ], [ "toolset", -1 ] ],
      [ [ "goggles_welding", -1 ] ],
      [ [ "welder", 50 ], [ "toolset", 2 ] ],
      [ [ "hacksaw", -1 ], [ "toolset", -1 ] ]
    ],
    "components": [ [ [ "pipe", 10 ] ], [ [ "steel_chunk", 12 ] ], [ [ "wire", 3 ] ] ]
  },
  {
    "type": "recipe",
    "result": "folding_bicycle",
    "category": "CC_MISC",
    "skill_pri": "mechanics",
    "difficulty": 5,
    "time": 120000,
    "reversible": true,
    "autolearn": true,
    "tools": [ [ [ "wrench", -1 ], [ "toolset", -1 ] ], [ [ "goggles_welding", -1 ] ], [ [ "welder", 300 ], [ "toolset", 12 ] ] ],
    "components": [
      [ [ "frame", 2 ] ],
      [ [ "saddle", 1 ] ],
      [ [ "vehicle_controls", 1 ] ],
      [ [ "foot_crank", 1 ] ],
      [ [ "wheel_bicycle", 2 ] ]
    ]
  },
  {
    "type": "recipe",
    "result": "string_6",
    "category": "CC_MISC",
    "difficulty": 0,
    "time": 5000,
    "reversible": true,
    "autolearn": true,
    "components": [ [ [ "thread", 50 ], [ "sinew", 50 ], [ "plant_fibre", 50 ] ] ]
  },
  {
    "type": "recipe",
    "result": "string_36",
    "category": "CC_MISC",
    "difficulty": 0,
    "time": 5000,
    "reversible": true,
    "autolearn": true,
    "components": [ [ [ "string_6", 6 ] ] ]
  },
  {
    "type": "recipe",
    "result": "rope_6",
    "category": "CC_MISC",
    "skill_pri": "tailor",
    "difficulty": 0,
    "time": 5000,
    "reversible": true,
    "autolearn": true,
    "components": [ [ [ "string_36", 6 ] ] ]
  },
  {
    "type": "recipe",
    "result": "rope_30",
    "category": "CC_MISC",
    "skill_pri": "tailor",
    "difficulty": 0,
    "time": 5000,
    "reversible": true,
    "autolearn": true,
    "components": [ [ [ "rope_6", 5 ] ] ]
  },
  {
    "type": "recipe",
    "result": "wire_barbed",
    "category": "CC_MISC",
    "skill_pri": "mechanics",
    "skill_sec": "construction",
    "difficulty": 2,
    "time": 8000,
    "reversible": false,
    "autolearn": true,
    "tools": [ [ [ "boltcutters", -1 ], [ "toolset", -1 ] ], [ [ "hammer", -1 ], [ "hatchet", -1 ] ] ],
    "components": [ [ [ "wire", 2 ] ] ]
  },
  {
    "type": "recipe",
    "result": "torch",
    "category": "CC_MISC",
    "difficulty": 0,
    "time": 2000,
    "reversible": false,
    "autolearn": true,
    "components": [
      [ [ "stick", 1 ], [ "2x4", 1 ], [ "splinter", 1 ], [ "pool_cue", 1 ], [ "torch_done", 1 ] ],
      [
        [ "gasoline", 200 ],
        [ "vodka", 7 ],
        [ "rum", 7 ],
        [ "whiskey", 7 ],
        [ "tequila", 7 ],
        [ "gin", 7 ],
        [ "triple_sec", 7 ]
      ],
      [ [ "rag", 1 ] ]
    ]
  },
  {
    "type": "recipe",
    "result": "candle",
    "category": "CC_MISC",
    "difficulty": 0,
    "time": 5000,
    "reversible": false,
    "autolearn": true,
    "tools": [ [ [ "lighter", 5 ], [ "surface_heat", 1, "LIST" ], [ "toolset", 1 ] ] ],
    "components": [ [ [ "can_food", -1 ] ], [ [ "wax", 2 ] ], [ [ "string_6", 1 ] ] ]
  },
  {
    "type": "recipe",
    "result": "spike",
    "category": "CC_MISC",
    "difficulty": 0,
    "time": 3000,
    "reversible": false,
    "autolearn": true,
    "tools": [ [ [ "rock", -1 ], [ "primitive_hammer", -1 ], [ "hammer", -1 ], [ "hatchet", -1 ], [ "toolset", -1 ] ] ],
    "components": [ [ [ "knife_combat", 1 ], [ "steel_chunk", 3 ], [ "scrap", 9 ] ] ]
  },
  {
    "type": "recipe",
    "result": "blade",
    "category": "CC_MISC",
    "difficulty": 0,
    "time": 3000,
    "reversible": false,
    "autolearn": true,
    "tools": [ [ [ "rock", -1 ], [ "primitive_hammer", -1 ], [ "hammer", -1 ], [ "hatchet", -1 ], [ "toolset", -1 ] ] ],
    "components": [ [ [ "broadsword", 1 ], [ "machete", 1 ], [ "pike", 1 ] ] ]
  },
  {
    "type": "recipe",
    "result": "screwdriver",
    "category": "CC_MISC",
    "skill_pri": "mechanics",
    "difficulty": 0,
    "time": 2000,
    "reversible": false,
    "autolearn": true,
    "tools": [ [ [ "hammer", -1 ], [ "toolset", -1 ], [ "hatchet", -1 ] ] ],
    "components": [ [ [ "steel_chunk", 2 ] ], [ [ "duct_tape", 30 ] ] ]
  },
  {
    "type": "recipe",
    "result": "superglue",
    "category": "CC_MISC",
    "skill_pri": "cooking",
    "difficulty": 2,
    "time": 12000,
    "reversible": false,
    "autolearn": true,
    "tools": [ [ [ "hotplate", 5 ], [ "toolset", 1 ], [ "surface_heat", 1, "LIST" ] ] ],
    "components": [ [ [ "water", 1 ], [ "water_clean", 1 ] ], [ [ "bleach", 1 ], [ "ant_egg", 1 ] ] ]
  },
  {
    "type": "recipe",
    "result": "steel_lump",
    "category": "CC_MISC",
    "skill_pri": "mechanics",
    "difficulty": 0,
    "time": 5000,
    "reversible": true,
    "autolearn": true,
    "tools": [ [ [ "goggles_welding", -1 ] ], [ [ "welder", 20 ], [ "toolset", 1 ] ] ],
    "components": [ [ [ "steel_chunk", 4 ] ] ]
  },
  {
    "type": "recipe",
    "result": "2x4",
    "category": "CC_MISC",
    "difficulty": 0,
    "time": 8000,
    "reversible": false,
    "autolearn": true,
    "tools": [ [ [ "saw", -1 ] ] ],
    "components": [ [ [ "stick", 1 ] ] ]
  },
  {
    "type": "recipe",
    "result": "frame",
    "category": "CC_MISC",
    "skill_pri": "mechanics",
    "difficulty": 1,
    "time": 8000,
    "reversible": true,
    "autolearn": true,
    "tools": [ [ [ "goggles_welding", -1 ] ], [ [ "welder", 50 ], [ "toolset", 2 ] ] ],
    "components": [ [ [ "steel_lump", 3 ] ] ]
  },
  {
    "type": "recipe",
    "result": "sheet_metal",
    "category": "CC_MISC",
    "skill_pri": "mechanics",
    "difficulty": 2,
    "time": 4000,
    "reversible": true,
    "autolearn": true,
    "tools": [ [ [ "goggles_welding", -1 ] ], [ [ "welder", 20 ], [ "toolset", 1 ] ] ],
    "components": [ [ [ "scrap", 4 ] ] ]
  },
  {
    "type": "recipe",
    "result": "steel_plate",
    "category": "CC_MISC",
    "skill_pri": "mechanics",
    "difficulty": 4,
    "time": 12000,
    "reversible": true,
    "autolearn": true,
    "tools": [ [ [ "goggles_welding", -1 ] ], [ [ "welder", 100 ], [ "toolset", 5 ] ] ],
    "components": [ [ [ "steel_lump", 8 ] ] ]
  },
  {
    "type": "recipe",
    "result": "spiked_plate",
    "category": "CC_MISC",
    "skill_pri": "mechanics",
    "difficulty": 4,
    "time": 12000,
    "reversible": true,
    "autolearn": true,
    "tools": [ [ [ "goggles_welding", -1 ] ], [ [ "welder", 120 ], [ "toolset", 6 ] ] ],
    "components": [ [ [ "steel_lump", 8 ], [ "steel_plate", 1 ] ], [ [ "steel_chunk", 4 ], [ "scrap", 8 ], [ "spike", 4 ] ] ]
  },
  {
    "type": "recipe",
    "result": "hard_plate",
    "category": "CC_MISC",
    "skill_pri": "mechanics",
    "difficulty": 4,
    "time": 12000,
    "reversible": true,
    "autolearn": true,
    "tools": [ [ [ "goggles_welding", -1 ] ], [ [ "welder", 300 ], [ "toolset", 15 ] ] ],
    "components": [ [ [ "steel_lump", 24 ] ] ]
  },
  {
    "type": "recipe",
    "result": "crowbar",
    "category": "CC_MISC",
    "skill_pri": "mechanics",
    "difficulty": 0,
    "time": 1000,
    "reversible": false,
    "autolearn": true,
    "tools": [ [ [ "rock", -1 ], [ "primitive_hammer", -1 ], [ "hammer", -1 ], [ "hatchet", -1 ], [ "toolset", -1 ] ] ],
    "components": [ [ [ "pipe", 1 ] ] ]
  },
  {
    "type": "recipe",
    "result": "crude_picklock",
    "category": "CC_MISC",
    "skill_pri": "mechanics",
    "difficulty": 0,
    "time": 1000,
    "reversible": false,
    "autolearn": true,
    "tools": [ [ [ "rock", -1 ], [ "primitive_hammer", -1 ], [ "hammer", -1 ], [ "hatchet", -1 ], [ "toolset", -1 ] ] ],
    "components": [ [ [ "scrap", 1 ] ] ]
  },
  {
    "type": "recipe",
    "result": "bayonet",
    "category": "CC_MISC",
    "skill_pri": "gun",
    "difficulty": 1,
    "time": 500,
    "reversible": true,
    "autolearn": true,
    "components": [ [ [ "spike", 1 ] ], [ [ "string_36", 1 ] ] ]
  },
  {
    "type": "recipe",
    "result": "tripwire",
    "category": "CC_MISC",
    "skill_pri": "traps",
    "difficulty": 1,
    "time": 500,
    "reversible": false,
    "autolearn": true,
    "components": [ [ [ "string_36", 1 ] ], [ [ "superglue", 1 ] ] ]
  },
  {
    "type": "recipe",
    "result": "board_trap",
    "category": "CC_MISC",
    "skill_pri": "traps",
    "difficulty": 2,
    "time": 2500,
    "reversible": true,
    "autolearn": true,
    "tools": [ [ [ "rock", -1 ], [ "primitive_hammer", -1 ], [ "hammer", -1 ], [ "hatchet", -1 ], [ "toolset", -1 ] ] ],
    "components": [ [ [ "2x4", 3 ] ], [ [ "nail", 20 ] ] ]
  },
  {
    "type": "recipe",
    "result": "beartrap",
    "category": "CC_MISC",
    "skill_pri": "mechanics",
    "skill_sec": "traps",
    "difficulty": 2,
    "time": 3000,
    "reversible": true,
    "autolearn": true,
    "tools": [ [ [ "wrench", -1 ], [ "toolset", -1 ] ] ],
    "components": [ [ [ "scrap", 3 ] ], [ [ "spring", 1 ] ] ]
  },
  {
    "type": "recipe",
    "result": "crossbow_trap",
    "category": "CC_MISC",
    "skill_pri": "mechanics",
    "skill_sec": "traps",
    "difficulty": 3,
    "time": 4500,
    "reversible": true,
    "autolearn": true,
    "components": [ [ [ "crossbow", 1 ] ], [ [ "bolt_steel", 1 ], [ "bolt_wood", 4 ] ], [ [ "string_6", 2 ], [ "string_36", 1 ] ] ]
  },
  {
    "type": "recipe",
    "result": "shotgun_trap",
    "category": "CC_MISC",
    "skill_pri": "mechanics",
    "skill_sec": "traps",
    "difficulty": 3,
    "time": 5000,
    "reversible": true,
    "autolearn": true,
    "components": [ [ [ "shotgun_sawn", 1 ] ], [ [ "shot_00", 2 ] ], [ [ "string_36", 1 ], [ "string_6", 2 ] ] ]
  },
  {
    "type": "recipe",
    "result": "blade_trap",
    "category": "CC_MISC",
    "skill_pri": "mechanics",
    "skill_sec": "traps",
    "difficulty": 4,
    "time": 8000,
    "reversible": true,
    "autolearn": true,
    "tools": [ [ [ "wrench", -1 ], [ "toolset", -1 ] ] ],
    "components": [ [ [ "motor", 1 ] ], [ [ "blade", 1 ] ], [ [ "string_36", 1 ] ] ]
  },
  {
    "type": "recipe",
    "result": "boobytrap",
    "category": "CC_MISC",
    "skill_pri": "mechanics",
    "skill_sec": "traps",
    "difficulty": 3,
    "time": 5000,
    "reversible": false,
    "autolearn": true,
    "components": [ [ [ "grenade", 1 ] ], [ [ "string_6", 1 ] ], [ [ "can_food", 1 ] ] ]
  },
  {
    "type": "recipe",
    "result": "landmine",
    "category": "CC_MISC",
    "skill_pri": "traps",
    "skill_sec": "mechanics",
    "difficulty": 5,
    "time": 10000,
    "reversible": false,
    "autolearn": true,
    "tools": [ [ [ "screwdriver", -1 ], [ "toolset", -1 ] ] ],
    "components": [
      [ [ "superglue", 1 ] ],
      [ [ "can_food", 1 ], [ "steel_chunk", 1 ], [ "canister_empty", 1 ], [ "scrap", 4 ] ],
      [ [ "nail", 100 ], [ "bb", 200 ] ],
      [
        [ "shot_bird", 30 ],
        [ "shot_00", 15 ],
        [ "shot_slug", 12 ],
        [ "gasoline", 600 ],
        [ "grenade", 1 ],
        [ "gunpowder", 72 ]
      ]
    ]
  },
  {
    "type": "recipe",
    "result": "brazier",
    "category": "CC_MISC",
    "skill_pri": "mechanics",
    "difficulty": 1,
    "time": 2000,
    "reversible": false,
    "autolearn": true,
    "tools": [ [ [ "rock", -1 ], [ "primitive_hammer", -1 ], [ "hammer", -1 ], [ "hatchet", -1 ], [ "toolset", -1 ] ] ],
    "components": [ [ [ "sheet_metal", 1 ] ] ]
  },
  {
    "type": "recipe",
    "result": "metal_tank",
    "category": "CC_MISC",
    "skill_pri": "mechanics",
    "difficulty": 1,
    "time": 2000,
    "reversible": false,
    "autolearn": true,
    "tools": [
      [ [ "rock", -1 ], [ "primitive_hammer", -1 ], [ "hammer", -1 ], [ "hatchet", -1 ], [ "toolset", -1 ] ],
      [ [ "goggles_welding", -1 ] ],
      [ [ "welder", 50 ], [ "toolset", 2 ] ]
    ],
    "components": [ [ [ "sheet_metal", 2 ] ] ]
  },
  {
    "type": "recipe",
    "result": "bandages",
    "category": "CC_MISC",
    "skill_pri": "firstaid",
    "difficulty": 1,
    "time": 500,
    "reversible": false,
    "autolearn": true,
    "components": [
      [ [ "rag", 3 ], [ "medical_gauze", 1 ] ],
      [ [ "superglue", 1 ], [ "duct_tape", 5 ], [ "medical_tape", 3 ] ],
      [ [ "vodka", 7 ], [ "rum", 7 ], [ "whiskey", 7 ], [ "tequila", 7 ], [ "gin", 7 ], [ "triple_sec", 7 ] ]
    ]
  },
  {
    "type": "recipe",
    "result": "arm_splint",
    "category": "CC_MISC",
    "skill_pri": "survival",
    "skill_sec": "firstaid",
    "difficulty": 2,
    "time": 1000,
    "reversible": false,
    "autolearn": true,
    "components": [
      [ [ "rag", 5 ], [ "medical_gauze", 2 ] ],
      [ [ "string_6", 6 ], [ "string_36", 1 ], [ "duct_tape", 50 ], [ "medical_tape", 25 ] ],
      [ [ "stick", 1 ], [ "broom", 1 ], [ "mop", 1 ], [ "2x4", 1 ], [ "pool_cue", 1 ] ]
    ]
  },
  {
    "type": "recipe",
    "result": "leg_splint",
    "category": "CC_MISC",
    "skill_pri": "survival",
    "skill_sec": "firstaid",
    "difficulty": 2,
    "time": 1000,
    "reversible": false,
    "autolearn": true,
    "components": [
      [ [ "rag", 10 ], [ "medical_gauze", 4 ] ],
      [ [ "string_6", 12 ], [ "string_36", 2 ], [ "duct_tape", 100 ], [ "medical_tape", 50 ] ],
      [ [ "stick", 2 ], [ "broom", 2 ], [ "mop", 2 ], [ "2x4", 2 ], [ "pool_cue", 2 ] ]
    ]
  },
  {
    "type": "recipe",
    "result": "suppressor",
    "category": "CC_MISC",
    "skill_pri": "mechanics",
    "difficulty": 1,
    "time": 650,
    "reversible": false,
    "autolearn": true,
    "tools": [ [ [ "hacksaw", -1 ], [ "toolset", -1 ] ] ],
    "components": [ [ [ "muffler", 1 ], [ "rag", 4 ] ], [ [ "pipe", 1 ] ] ]
  },
  {
    "type": "recipe",
    "result": "brass_catcher",
    "category": "CC_MISC",
    "skill_pri": "tailor",
    "difficulty": 3,
    "time": 65000,
    "reversible": true,
    "autolearn": true,
    "tools": [ [ [ "needle_bone", 4 ], [ "sewing_kit", 4 ] ] ],
    "components": [ [ [ "rag", 4 ] ] ]
  },
  {
    "type": "recipe",
    "result": "pheromone",
    "category": "CC_MISC",
    "skill_pri": "cooking",
    "difficulty": 3,
    "time": 1200,
    "reversible": false,
    "autolearn": true,
    "tools": [ [ [ "hotplate", 18 ], [ "toolset", 1 ], [ "surface_heat", 1, "LIST" ] ] ],
    "components": [ [ [ "meat_tainted", 1 ] ], [ [ "ammonia", 1 ] ] ]
  },
  {
    "type": "recipe",
    "result": "laser_pack",
    "category": "CC_MISC",
    "skill_pri": "electronics",
    "difficulty": 5,
    "time": 10000,
    "reversible": true,
    "autolearn": true,
    "tools": [ [ [ "screwdriver", -1 ], [ "toolset", -1 ] ] ],
    "components": [ [ [ "superglue", 1 ] ], [ [ "plut_cell", 1 ] ] ]
  },
  {
    "type": "recipe",
    "result": "bot_manhack",
    "category": "CC_MISC",
    "skill_pri": "electronics",
    "skill_sec": "computer",
    "difficulty": 6,
    "time": 8000,
    "reversible": true,
    "autolearn": true,
    "tools": [ [ [ "screwdriver", -1 ], [ "toolset", -1 ] ], [ [ "soldering_iron", 10 ], [ "toolset", 1 ] ] ],
    "components": [ [ [ "spike", 2 ] ], [ [ "processor", 1 ] ], [ [ "RAM", 1 ] ], [ [ "power_supply", 1 ], [ "plut_cell", 1 ] ] ]
  },
  {
    "type": "recipe",
    "result": "bot_turret",
    "category": "CC_MISC",
    "skill_pri": "electronics",
    "skill_sec": "computer",
    "difficulty": 7,
    "time": 9000,
    "reversible": true,
    "autolearn": true,
    "tools": [ [ [ "screwdriver", -1 ], [ "toolset", -1 ] ], [ [ "soldering_iron", 14 ], [ "toolset", 1 ] ] ],
    "components": [
      [ [ "smg_9mm", 1 ], [ "uzi", 1 ], [ "tec9", 1 ], [ "calico", 1 ], [ "hk_mp5", 1 ] ],
      [ [ "processor", 2 ] ],
      [ [ "RAM", 2 ] ],
      [ [ "power_supply", 1 ], [ "plut_cell", 1 ] ]
    ]
  },
  {
    "type": "recipe",
    "result": "bag_bundle_10",
    "category": "CC_MISC",
    "skill_pri": "mechanics",
    "difficulty": 0,
    "time": 500,
    "reversible": true,
    "autolearn": true,
    "tools": [  ],
    "components": [ [ [ "string_6", 1 ] ], [ [ "bag_plastic", 10 ] ] ]
  },
  {
    "type": "recipe",
    "result": "steel_chunk",
    "category": "CC_MISC",
    "skill_pri": "mechanics",
    "difficulty": 0,
    "time": 5000,
    "reversible": true,
    "autolearn": true,
    "tools": [ [ [ "goggles_welding", -1 ] ], [ [ "welder", 20 ], [ "toolset", 1 ] ] ],
    "components": [ [ [ "scrap", 3 ] ] ]
  },
  {
    "type": "recipe",
    "result": "1st_aid",
    "category": "CC_MISC",
    "skill_pri": "firstaid",
    "difficulty": 3,
    "time": 20000,
    "reversible": true,
    "autolearn": true,
    "tools": [  ],
    "components": [
      [ [ "duct_tape", 40 ], [ "medical_tape", 20 ] ],
      [ [ "aspirin", 8 ] ],
      [ [ "disinfectant", 2 ] ],
      [ [ "bandages", 2 ] ]
    ]
  },
  {
    "type": "recipe",
    "result": "jerrycan",
    "category": "CC_MISC",
    "skill_pri": "mechanics",
    "difficulty": 1,
    "time": 30000,
    "reversible": false,
    "autolearn": true,
    "tools": [
      [
        [ "knife_steak", -1 ],
        [ "knife_combat", -1 ],
        [ "knife_butcher", -1 ],
        [ "pockknife", -1 ],
        [ "scalpel", -1 ],
        [ "machete", -1 ],
        [ "broadsword", -1 ],
        [ "toolset", -1 ],
        [ "screwdriver", -1 ]
      ]
    ],
    "components": [ [ [ "string_36", 1 ] ], [ [ "duct_tape", 50 ] ], [ [ "jug_plastic", 4 ] ] ]
  },
  {
    "type": "recipe",
    "result": "jerrycan_big",
    "category": "CC_MISC",
    "skill_pri": "mechanics",
    "difficulty": 2,
    "time": 30000,
    "reversible": false,
    "autolearn": true,
    "tools": [ [ [ "toolset", -1 ], [ "screwdriver", -1 ] ], [ [ "toolset", -1 ], [ "hacksaw", -1 ] ] ],
    "components": [ [ [ "string_36", 1 ] ], [ [ "metal_tank", 1 ] ], [ [ "scrap", 1 ] ] ]
  },
  {
    "type": "recipe",
    "result": "oxygen",
    "category": "CC_MISC",
    "skill_pri": "electronics",
    "difficulty": 5,
    "time": 10000,
    "reversible": true,
    "autolearn": true,
    "tools": [ [ [ "surface_heat", 1, "LIST" ], [ "hotplate", 5 ] ] ],
    "components": [ [ [ "water", 1 ] ], [ [ "battery", 10 ] ] ]
  }
]
