[
  {
    "type": "uncraft",
    "result": "cell_phone",
    "id_suffix": "uncraft",
    "category": "CC_NONCRAFT",
    "difficulty": 0,
    "time": 500,
    "reversible": true,
    "autolearn": false,
    "tools": [ [ [ "screwdriver", -1 ], [ "toolset", -1 ] ] ],
    "components": [ [ [ "scrap", 1 ] ], [ [ "RAM", 1 ] ], [ [ "processor", 1 ] ], [ [ "battery", 200 ] ] ]
  },
  {
    "type": "uncraft",
    "result": "knife_steak",
    "id_suffix": "uncraft",
    "category": "CC_NONCRAFT",
    "difficulty": 0,
    "time": 2000,
    "reversible": true,
    "autolearn": false,
    "components": [ [ [ "spike", 1 ] ] ]
  },
  {
    "type": "uncraft",
    "result": "lawnmower",
    "id_suffix": "uncraft",
    "category": "CC_NONCRAFT",
    "difficulty": 0,
    "time": 1000,
    "reversible": true,
    "autolearn": false,
    "tools": [ [ [ "wrench", -1 ], [ "toolset", -1 ] ] ],
    "components": [ [ [ "scrap", 8 ] ], [ [ "spring", 2 ] ], [ [ "blade", 2 ] ], [ [ "1cyl_combustion", 1 ] ], [ [ "pipe", 3 ] ] ]
  },
  {
    "type": "uncraft",
    "result": "vac_sealer",
    "id_suffix": "uncraft",
    "category": "CC_NONCRAFT",
    "difficulty": 0,
    "time": 500,
    "reversible": true,
    "autolearn": false,
    "tools": [ [ [ "screwdriver", -1 ], [ "toolset", -1 ] ] ],
    "components": [ [ [ "scrap", 4 ] ], [ [ "element", 2 ] ], [ [ "hose", 1 ] ], [ [ "power_supply", 1 ] ] ]
  },
  {
    "type": "uncraft",
    "result": "lighter",
    "id_suffix": "uncraft",
    "category": "CC_NONCRAFT",
    "difficulty": 0,
    "time": 100,
    "reversible": true,
    "autolearn": false,
    "components": [ [ [ "pilot_light", 1 ] ] ]
  },
  {
    "type": "uncraft",
    "result": "tshirt",
    "id_suffix": "uncraft",
    "category": "CC_NONCRAFT",
    "skill_pri": "tailor",
    "difficulty": 0,
    "time": 500,
    "reversible": true,
    "autolearn": false,
    "components": [ [ [ "rag", 5 ] ] ]
  },
  {
    "type": "uncraft",
    "result": "tank_top",
    "id_suffix": "uncraft",
    "category": "CC_NONCRAFT",
    "skill_pri": "tailor",
    "difficulty": 0,
    "time": 500,
    "reversible": true,
    "autolearn": false,
    "components": [ [ [ "rag", 5 ] ] ]
  },
  {
    "type": "uncraft",
    "result": "lightstrip_dead",
    "id_suffix": "uncraft",
    "category": "CC_NONCRAFT",
    "skill_pri": "electronics",
    "difficulty": 0,
    "time": 1000,
    "reversible": true,
    "autolearn": false,
    "tools": [
      [
        [ "knife_steak", -1 ],
        [ "knife_combat", -1 ],
        [ "knife_butcher", -1 ],
        [ "pockknife", -1 ],
        [ "scalpel", -1 ],
        [ "machete", -1 ],
        [ "broadsword", -1 ],
        [ "toolset", -1 ],
        [ "screwdriver", -1 ]
      ]
    ],
    "components": [ [ [ "amplifier", 1 ] ] ]
  },
  {
    "type": "uncraft",
    "result": "bio_recycler",
    "id_suffix": "uncraft",
    "category": "CC_NONCRAFT",
    "skill_pri": "electronics",
    "difficulty": 7,
    "time": 50000,
    "reversible": true,
    "autolearn": false,
    "tools": [ [ [ "screwdriver", -1 ], [ "toolset", -1 ] ], [ [ "soldering_iron", 20 ], [ "toolset", 2 ] ] ],
    "components": [ [ [ "burnt_out_bionic", 1 ] ] ]
  },
  {
    "type": "uncraft",
    "result": "bio_digestion",
    "id_suffix": "uncraft",
    "category": "CC_NONCRAFT",
    "skill_pri": "electronics",
    "difficulty": 7,
    "time": 50000,
    "reversible": true,
    "autolearn": false,
    "tools": [ [ [ "screwdriver", -1 ], [ "toolset", -1 ] ], [ [ "soldering_iron", 20 ], [ "toolset", 2 ] ] ],
    "components": [ [ [ "burnt_out_bionic", 1 ] ] ]
  },
  {
    "type": "uncraft",
    "result": "bio_face_mask",
    "id_suffix": "uncraft",
    "category": "CC_NONCRAFT",
    "skill_pri": "electronics",
    "difficulty": 7,
    "time": 50000,
    "reversible": true,
    "autolearn": false,
    "tools": [ [ [ "screwdriver", 20 ], [ "toolset", 2 ] ], [ [ "soldering_iron", -1 ], [ "toolset", -1 ] ] ],
    "components": [ [ [ "burnt_out_bionic", 1 ] ] ]
  },
  {
    "type": "uncraft",
    "result": "bio_nanobots",
    "id_suffix": "uncraft",
    "category": "CC_NONCRAFT",
    "skill_pri": "electronics",
    "difficulty": 7,
    "time": 50000,
    "reversible": true,
    "autolearn": false,
    "tools": [ [ [ "screwdriver", -1 ], [ "toolset", -1 ] ], [ [ "soldering_iron", 20 ], [ "toolset", 2 ] ] ],
    "components": [ [ [ "burnt_out_bionic", 1 ] ] ]
  },
  {
    "type": "uncraft",
    "result": "bio_ground_sonar",
    "id_suffix": "uncraft",
    "category": "CC_NONCRAFT",
    "skill_pri": "electronics",
    "difficulty": 7,
    "time": 50000,
    "reversible": true,
    "autolearn": false,
    "tools": [ [ [ "screwdriver", -1 ], [ "toolset", -1 ] ], [ [ "soldering_iron", 20 ], [ "toolset", 2 ] ] ],
    "components": [ [ [ "burnt_out_bionic", 1 ] ] ]
  },
  {
    "type": "uncraft",
    "result": "bio_metabolics",
    "id_suffix": "uncraft",
    "category": "CC_NONCRAFT",
    "skill_pri": "electronics",
    "difficulty": 7,
    "time": 50000,
    "reversible": true,
    "autolearn": false,
    "tools": [ [ [ "screwdriver", -1 ], [ "toolset", -1 ] ], [ [ "soldering_iron", 20 ], [ "toolset", 2 ] ] ],
    "components": [ [ [ "burnt_out_bionic", 1 ] ] ]
  },
  {
    "type": "uncraft",
    "result": "bio_blood_filter",
    "id_suffix": "uncraft",
    "category": "CC_NONCRAFT",
    "skill_pri": "electronics",
    "difficulty": 7,
    "time": 50000,
    "reversible": true,
    "autolearn": false,
    "tools": [ [ [ "screwdriver", -1 ], [ "toolset", -1 ] ], [ [ "soldering_iron", 20 ], [ "toolset", 2 ] ] ],
    "components": [ [ [ "burnt_out_bionic", 1 ] ] ]
  },
  {
    "type": "uncraft",
    "result": "gold",
    "id_suffix": "uncraft",
    "category": "CC_NONCRAFT",
    "difficulty": 0,
    "time": 2000,
    "reversible": true,
    "autolearn": false,
    "tools": [ [ [ "hammer", -1 ], [ "toolset", -1 ] ], [ [ "screwdriver", -1 ] ] ],
    "components": [ [ [ "gold_small", 800 ] ] ]
  }
]
