[
  {
    "type": "recipe",
    "result": "makeshift_machete",
    "category": "CC_WEAPON",
    "difficulty": 0,
    "time": 5000,
    "reversible": true,
    "autolearn": true,
    "components": [ [ [ "duct_tape", 50 ] ], [ [ "blade", 1 ] ] ]
  },
  {
    "type": "recipe",
    "result": "makeshift_halberd",
    "category": "CC_WEAPON",
    "difficulty": 0,
    "time": 5000,
    "reversible": true,
    "autolearn": true,
    "components": [ [ [ "duct_tape", 100 ] ], [ [ "blade", 1 ] ], [ [ "stick", 1 ], [ "mop", 1 ], [ "broom", 1 ] ] ]
  },
  {
    "type": "recipe",
    "result": "pointy_stick",
    "category": "CC_WEAPON",
    "difficulty": 0,
    "time": 800,
    "reversible": false,
    "autolearn": true,
    "tools": [
      [
        [ "hatchet", -1 ],
        [ "knife_steak", -1 ],
        [ "knife_combat", -1 ],
        [ "knife_butcher", -1 ],
        [ "pockknife", -1 ],
        [ "scalpel", -1 ],
        [ "machete", -1 ],
        [ "broadsword", -1 ],
        [ "toolset", -1 ]
      ]
    ],
    "components": [ [ [ "stick", 1 ], [ "broom", 1 ], [ "mop", 1 ], [ "2x4", 1 ], [ "pool_cue", 1 ] ] ]
  },
  {
    "type": "recipe",
    "result": "sling",
    "category": "CC_WEAPON",
    "difficulty": 0,
    "time": 1000,
    "reversible": false,
    "autolearn": true,
    "tools": [
      [
        [ "knife_steak", -1 ],
        [ "knife_combat", -1 ],
        [ "knife_butcher", -1 ],
        [ "pockknife", -1 ],
        [ "scalpel", -1 ],
        [ "toolset", -1 ]
      ]
    ],
    "components": [ [ [ "leather", 1 ], [ "fur", 1 ] ], [ [ "plant_fibre", 20 ], [ "sinew", 20 ], [ "thread", 20 ] ] ]
  },
  {
    "type": "recipe",
    "result": "slingshot",
    "category": "CC_WEAPON",
    "difficulty": 0,
    "time": 3000,
    "reversible": false,
    "autolearn": true,
    "tools": [
      [
        [ "hatchet", -1 ],
        [ "knife_steak", -1 ],
        [ "knife_combat", -1 ],
        [ "knife_butcher", -1 ],
        [ "pockknife", -1 ],
        [ "scalpel", -1 ],
        [ "machete", -1 ],
        [ "broadsword", -1 ],
        [ "toolset", -1 ]
      ]
    ],
    "components": [ [ [ "stick", 1 ] ], [ [ "hose", 1 ] ] ]
  },
  {
    "type": "recipe",
    "result": "spear_wood",
    "category": "CC_WEAPON",
    "skill_pri": "survival",
    "difficulty": 2,
    "time": 2000,
    "reversible": false,
    "autolearn": true,
    "tools": [
      [
        [ "hatchet", -1 ],
        [ "knife_steak", -1 ],
        [ "knife_combat", -1 ],
        [ "knife_butcher", -1 ],
        [ "pockknife", -1 ],
        [ "scalpel", -1 ],
        [ "machete", -1 ],
        [ "broadsword", -1 ],
        [ "toolset", -1 ]
      ],
      [ [ "fire", -1 ] ]
    ],
    "components": [
      [ [ "stick", 1 ], [ "broom", 1 ], [ "mop", 1 ], [ "2x4", 1 ], [ "pool_cue", 1 ], [ "pointy_stick", 1 ] ],
      [ [ "rag", 1 ], [ "leather", 1 ], [ "fur", 1 ] ],
      [ [ "plant_fibre", 20 ], [ "sinew", 20 ], [ "thread", 20 ], [ "duct_tape", 20 ] ]
    ]
  },
  {
    "type": "recipe",
    "result": "javelin",
    "category": "CC_WEAPON",
    "skill_pri": "survival",
    "difficulty": 3,
    "time": 5000,
    "reversible": false,
    "autolearn": true,
    "tools": [
      [
        [ "hatchet", -1 ],
        [ "knife_steak", -1 ],
        [ "knife_combat", -1 ],
        [ "knife_butcher", -1 ],
        [ "pockknife", -1 ],
        [ "scalpel", -1 ],
        [ "machete", -1 ],
        [ "broadsword", -1 ],
        [ "toolset", -1 ]
      ],
      [ [ "fire", -1 ] ]
    ],
    "components": [
      [ [ "spear_wood", 1 ], [ "pointy_stick", 1 ] ],
      [ [ "rag", 1 ], [ "leather", 1 ], [ "fur", 1 ] ],
      [ [ "plant_fibre", 20 ], [ "sinew", 20 ], [ "thread", 20 ], [ "duct_tape", 20 ] ]
    ]
  },
  {
    "type": "recipe",
    "result": "spear_knife",
    "category": "CC_WEAPON",
    "skill_pri": "stabbing",
    "difficulty": 0,
    "time": 600,
    "reversible": true,
    "autolearn": true,
    "components": [
      [ [ "stick", 1 ], [ "broom", 1 ], [ "mop", 1 ] ],
      [ [ "spike", 1 ] ],
      [ [ "rag", 1 ], [ "leather", 1 ], [ "fur", 1 ] ],
      [ [ "string_6", 6 ], [ "string_36", 1 ], [ "duct_tape", 50 ] ]
    ]
  },
  {
    "type": "recipe",
    "result": "longbow",
    "category": "CC_WEAPON",
    "skill_pri": "archery",
    "skill_sec": "survival",
    "difficulty": 3,
    "time": 15000,
    "reversible": true,
    "autolearn": true,
    "tools": [
      [
        [ "hatchet", -1 ],
        [ "knife_steak", -1 ],
        [ "knife_combat", -1 ],
        [ "knife_butcher", -1 ],
        [ "pockknife", -1 ],
        [ "scalpel", -1 ],
        [ "machete", -1 ],
        [ "broadsword", -1 ],
        [ "toolset", -1 ]
      ]
    ],
    "components": [ [ [ "stick", 1 ] ], [ [ "string_36", 2 ], [ "sinew", 200 ], [ "plant_fibre", 200 ] ] ]
  },
  {
    "type": "recipe",
    "result": "selfbow",
    "category": "CC_WEAPON",
    "skill_pri": "archery",
    "skill_sec": "survival",
    "difficulty": 0,
    "time": 12000,
    "reversible": true,
    "autolearn": true,
    "tools": [
      [
        [ "hatchet", -1 ],
        [ "knife_steak", -1 ],
        [ "knife_combat", -1 ],
        [ "knife_butcher", -1 ],
        [ "pockknife", -1 ],
        [ "scalpel", -1 ],
        [ "machete", -1 ],
        [ "broadsword", -1 ],
        [ "toolset", -1 ]
      ]
    ],
    "components": [ [ [ "stick", 1 ] ], [ [ "string_36", 2 ], [ "sinew", 200 ], [ "plant_fibre", 200 ] ] ]
  },
  {
    "type": "recipe",
    "result": "shortbow",
    "category": "CC_WEAPON",
    "skill_pri": "archery",
    "skill_sec": "survival",
    "difficulty": 2,
    "time": 15000,
    "reversible": true,
    "autolearn": true,
    "tools": [
      [
        [ "hatchet", -1 ],
        [ "knife_steak", -1 ],
        [ "knife_combat", -1 ],
        [ "knife_butcher", -1 ],
        [ "pockknife", -1 ],
        [ "scalpel", -1 ],
        [ "machete", -1 ],
        [ "broadsword", -1 ],
        [ "toolset", -1 ]
      ]
    ],
    "components": [ [ [ "stick", 1 ] ], [ [ "string_36", 2 ], [ "sinew", 200 ], [ "plant_fibre", 200 ] ] ]
  },
  {
    "type": "recipe",
    "result": "reflexrecurvebow",
    "category": "CC_WEAPON",
    "skill_pri": "archery",
    "skill_sec": "survival",
    "difficulty": 9,
    "time": 25000,
    "reversible": true,
    "autolearn": true,
    "tools": [
      [
        [ "hatchet", -1 ],
        [ "knife_steak", -1 ],
        [ "knife_combat", -1 ],
        [ "knife_butcher", -1 ],
        [ "pockknife", -1 ],
        [ "scalpel", -1 ],
        [ "machete", -1 ],
        [ "broadsword", -1 ],
        [ "toolset", -1 ]
      ]
    ],
    "components": [ [ [ "stick", 3 ] ], [ [ "bone", 3 ] ], [ [ "string_36", 2 ], [ "sinew", 200 ], [ "plant_fibre", 200 ] ] ]
  },
  {
    "type": "recipe",
    "result": "nailboard",
    "category": "CC_WEAPON",
    "difficulty": 0,
    "time": 1000,
    "reversible": true,
    "autolearn": true,
    "tools": [ [ [ "rock", -1 ], [ "primitive_hammer", -1 ], [ "hammer", -1 ], [ "hatchet", -1 ], [ "toolset", -1 ] ] ],
    "components": [ [ [ "2x4", 1 ], [ "stick", 1 ] ], [ [ "nail", 6 ] ] ]
  },
  {
    "type": "recipe",
    "result": "nailbat",
    "category": "CC_WEAPON",
    "difficulty": 0,
    "time": 1000,
    "reversible": true,
    "autolearn": true,
    "tools": [ [ [ "rock", -1 ], [ "primitive_hammer", -1 ], [ "hammer", -1 ], [ "hatchet", -1 ], [ "toolset", -1 ] ] ],
    "components": [ [ [ "bat", 1 ] ], [ [ "nail", 6 ] ] ]
  },
  {
    "type": "recipe",
    "result": "molotov",
    "category": "CC_WEAPON",
    "difficulty": 0,
    "time": 500,
    "reversible": false,
    "autolearn": true,
    "components": [
      [ [ "rag", 1 ] ],
      [ [ "bottle_glass", 1 ], [ "flask_glass", 1 ] ],
      [
        [ "whiskey", 14 ],
        [ "vodka", 14 ],
        [ "rum", 14 ],
        [ "tequila", 14 ],
        [ "gin", 14 ],
        [ "triple_sec", 14 ],
        [ "gasoline", 600 ]
      ]
    ]
  },
  {
    "type": "recipe",
    "result": "pipebomb",
    "category": "CC_WEAPON",
    "skill_pri": "mechanics",
    "difficulty": 1,
    "time": 750,
    "reversible": false,
    "autolearn": true,
    "tools": [ [ [ "hacksaw", -1 ], [ "toolset", -1 ] ] ],
    "components": [
      [ [ "pipe", 1 ] ],
      [ [ "gasoline", 200 ], [ "shot_bird", 6 ], [ "shot_00", 2 ], [ "shot_slug", 2 ] ],
      [ [ "string_36", 1 ], [ "string_6", 1 ] ]
    ]
  },
  {
    "type": "recipe",
    "result": "shotgun_sawn",
    "category": "CC_WEAPON",
    "skill_pri": "gun",
    "difficulty": 0,
    "time": 2000,
    "reversible": false,
    "autolearn": true,
    "tools": [ [ [ "hacksaw", -1 ], [ "toolset", -1 ] ] ],
    "components": [ [ [ "shotgun_d", 1 ], [ "remington_870", 1 ], [ "mossberg_500", 1 ] ] ]
  },
  {
    "type": "recipe",
    "result": "revolver_shotgun",
    "category": "CC_WEAPON",
    "skill_pri": "gun",
    "skill_sec": "mechanics",
    "difficulty": 2,
    "time": 6000,
    "reversible": false,
    "autolearn": true,
    "tools": [ [ [ "hacksaw", -1 ], [ "toolset", -1 ] ], [ [ "goggles_welding", -1 ] ], [ [ "welder", 30 ], [ "toolset", 3 ] ] ],
    "components": [ [ [ "shotgun_s", 1 ] ] ]
  },
  {
    "type": "recipe",
    "result": "saiga_sawn",
    "category": "CC_WEAPON",
    "skill_pri": "gun",
    "difficulty": 0,
    "time": 2000,
    "reversible": false,
    "autolearn": true,
    "tools": [ [ [ "hacksaw", -1 ], [ "toolset", -1 ] ] ],
    "components": [ [ [ "saiga_12", 1 ] ] ]
  },
  {
    "type": "recipe",
    "result": "hand_crossbow",
    "category": "CC_WEAPON",
    "skill_pri": "mechanics",
    "skill_sec": "archery",
    "difficulty": 3,
    "time": 30000,
    "reversible": true,
    "autolearn": true,
    "tools": [
      [ [ "knife_steak", -1 ], [ "knife_combat", -1 ], [ "pockknife", -1 ], [ "scalpel", -1 ], [ "toolset", -1 ] ],
      [ [ "wrench", -1 ], [ "toolset", -1 ] ],
      [ [ "rock", -1 ], [ "primitive_hammer", -1 ], [ "hammer", -1 ], [ "hatchet", -1 ], [ "toolset", -1 ] ],
      [ [ "screwdriver", -1 ], [ "toolset", -1 ] ]
    ],
    "components": [ [ [ "2x4", 1 ], [ "stick", 3 ] ], [ [ "string_6", 1 ] ], [ [ "spring", 1 ] ], [ [ "scrap", 4 ] ], [ [ "nail", 10 ] ] ]
  },
  {
    "type": "recipe",
    "result": "crossbow",
    "category": "CC_WEAPON",
    "skill_pri": "mechanics",
    "skill_sec": "archery",
    "difficulty": 3,
    "time": 15000,
    "reversible": true,
    "autolearn": true,
    "tools": [ [ [ "wrench", -1 ], [ "toolset", -1 ] ], [ [ "screwdriver", -1 ], [ "toolset", -1 ] ] ],
    "components": [ [ [ "2x4", 1 ], [ "stick", 4 ] ], [ [ "hose", 1 ] ] ]
  },
  {
    "type": "recipe",
    "result": "huge_crossbow",
    "category": "CC_WEAPON",
    "skill_pri": "mechanics",
    "skill_sec": "archery",
    "difficulty": 6,
    "time": 60000,
    "reversible": true,
    "autolearn": true,
    "tools": [
      [ [ "hatchet", -1 ], [ "knife_butcher", -1 ], [ "machete", -1 ], [ "broadsword", -1 ], [ "toolset", -1 ] ],
      [ [ "wrench", -1 ], [ "toolset", -1 ] ],
      [ [ "saw", -1 ] ],
      [ [ "hacksaw", -1 ], [ "toolset", -1 ] ],
      [ [ "rock", -1 ], [ "primitive_hammer", -1 ], [ "hammer", -1 ], [ "hatchet", -1 ], [ "toolset", -1 ] ],
      [ [ "screwdriver", -1 ], [ "toolset", -1 ] ]
    ],
    "components": [
      [ [ "2x4", 4 ], [ "stick", 16 ] ],
      [ [ "rope_6", 2 ] ],
      [ [ "foot_crank", 1 ] ],
      [ [ "spring", 4 ] ],
      [ [ "steel_chunk", 4 ] ],
      [ [ "nail", 60 ] ]
    ]
  },
  {
    "type": "recipe",
    "result": "rep_crossbow",
    "category": "CC_WEAPON",
    "skill_pri": "mechanics",
    "skill_sec": "archery",
    "difficulty": 3,
    "time": 45000,
    "reversible": true,
    "autolearn": true,
    "tools": [
      [
        [ "hatchet", -1 ],
        [ "knife_steak", -1 ],
        [ "knife_combat", -1 ],
        [ "knife_butcher", -1 ],
        [ "pockknife", -1 ],
        [ "scalpel", -1 ],
        [ "machete", -1 ],
        [ "broadsword", -1 ],
        [ "toolset", -1 ]
      ],
      [ [ "screwdriver", -1 ], [ "toolset", -1 ] ],
      [ [ "rock", -1 ], [ "primitive_hammer", -1 ], [ "hammer", -1 ], [ "hatchet", -1 ], [ "toolset", -1 ] ]
    ],
    "components": [ [ [ "2x4", 2 ], [ "stick", 8 ] ], [ [ "spring", 1 ] ], [ [ "string_36", 1 ] ], [ [ "nail", 20 ] ] ]
  },
  {
    "type": "recipe",
    "result": "rifle_22",
    "category": "CC_WEAPON",
    "skill_pri": "mechanics",
    "skill_sec": "gun",
    "difficulty": 3,
    "time": 12000,
    "reversible": true,
    "autolearn": true,
    "tools": [ [ [ "hacksaw", -1 ], [ "toolset", -1 ] ], [ [ "screwdriver", -1 ], [ "toolset", -1 ] ] ],
    "components": [ [ [ "pipe", 1 ] ], [ [ "2x4", 1 ] ] ]
  },
  {
    "type": "recipe",
    "result": "pipe_shotgun",
    "category": "CC_WEAPON",
    "skill_pri": "mechanics",
    "skill_sec": "gun",
    "difficulty": 2,
    "time": 12000,
    "reversible": true,
    "autolearn": true,
    "tools": [ [ [ "hacksaw", -1 ], [ "toolset", -1 ] ], [ [ "screwdriver", -1 ], [ "toolset", -1 ] ] ],
    "components": [ [ [ "pipe", 1 ] ], [ [ "2x4", 1 ] ] ]
  },
  {
    "type": "recipe",
    "result": "pipe_shotgunsawn",
    "category": "CC_WEAPON",
    "skill_pri": "mechanics",
    "skill_sec": "gun",
    "difficulty": 2,
    "time": 12000,
    "reversible": false,
    "autolearn": true,
    "tools": [ [ [ "hacksaw", -1 ], [ "toolset", -1 ] ] ],
    "components": [ [ [ "pipe_shotgun", 1 ] ] ]
  },
  {
    "type": "recipe",
    "result": "rifle_9mm",
    "category": "CC_WEAPON",
    "skill_pri": "mechanics",
    "skill_sec": "gun",
    "difficulty": 3,
    "time": 14000,
    "reversible": true,
    "autolearn": true,
    "tools": [ [ [ "hacksaw", -1 ], [ "toolset", -1 ] ], [ [ "screwdriver", -1 ], [ "toolset", -1 ] ] ],
    "components": [ [ [ "pipe", 1 ] ], [ [ "2x4", 1 ] ] ]
  },
  {
    "type": "recipe",
    "result": "smg_9mm",
    "category": "CC_WEAPON",
    "skill_pri": "mechanics",
    "skill_sec": "gun",
    "difficulty": 5,
    "time": 18000,
    "reversible": true,
    "autolearn": true,
    "tools": [
      [ [ "hacksaw", -1 ], [ "toolset", -1 ] ],
      [ [ "screwdriver", -1 ], [ "toolset", -1 ] ],
      [ [ "rock", -1 ], [ "primitive_hammer", -1 ], [ "hammer", -1 ], [ "hatchet", -1 ], [ "toolset", -1 ] ]
    ],
    "components": [ [ [ "pipe", 1 ] ], [ [ "2x4", 2 ] ], [ [ "nail", 4 ] ] ]
  },
  {
    "type": "recipe",
    "result": "smg_45",
    "category": "CC_WEAPON",
    "skill_pri": "mechanics",
    "skill_sec": "gun",
    "difficulty": 5,
    "time": 20000,
    "reversible": true,
    "autolearn": true,
    "tools": [
      [ [ "hacksaw", -1 ], [ "toolset", -1 ] ],
      [ [ "screwdriver", -1 ], [ "toolset", -1 ] ],
      [ [ "rock", -1 ], [ "primitive_hammer", -1 ], [ "hammer", -1 ], [ "hatchet", -1 ], [ "toolset", -1 ] ]
    ],
    "components": [ [ [ "pipe", 1 ] ], [ [ "2x4", 2 ] ], [ [ "nail", 4 ] ] ]
  },
  {
    "type": "recipe",
    "result": "flamethrower_simple",
    "category": "CC_WEAPON",
    "skill_pri": "mechanics",
    "skill_sec": "gun",
    "difficulty": 6,
    "time": 12000,
    "reversible": true,
    "autolearn": true,
    "tools": [ [ [ "hacksaw", -1 ], [ "toolset", -1 ] ], [ [ "screwdriver", -1 ], [ "toolset", -1 ] ] ],
    "components": [ [ [ "pilot_light", 2 ] ], [ [ "pipe", 1 ] ], [ [ "hose", 2 ] ], [ [ "bottle_glass", 4 ], [ "bottle_plastic", 6 ] ] ]
  },
  {
    "type": "recipe",
    "result": "launcher_simple",
    "category": "CC_WEAPON",
    "skill_pri": "mechanics",
    "skill_sec": "launcher",
    "difficulty": 6,
    "time": 6000,
    "reversible": true,
    "autolearn": true,
    "tools": [ [ [ "hacksaw", -1 ], [ "toolset", -1 ] ] ],
    "components": [ [ [ "pipe", 1 ] ], [ [ "2x4", 1 ] ], [ [ "nail", 1 ] ] ]
  },
  {
    "type": "recipe",
    "result": "shot_he",
    "category": "CC_WEAPON",
    "skill_pri": "mechanics",
    "skill_sec": "gun",
    "difficulty": 4,
    "time": 2000,
    "reversible": false,
    "autolearn": true,
    "tools": [ [ [ "screwdriver", -1 ], [ "toolset", -1 ] ] ],
    "components": [ [ [ "superglue", 1 ] ], [ [ "shot_slug", 4 ] ], [ [ "gasoline", 200 ] ] ]
  },
  {
    "type": "recipe",
    "result": "acidbomb",
    "category": "CC_WEAPON",
    "skill_pri": "cooking",
    "difficulty": 1,
    "time": 10000,
    "reversible": false,
    "autolearn": true,
    "tools": [ [ [ "hotplate", 5 ], [ "toolset", 1 ] ] ],
    "components": [ [ [ "bottle_glass", 1 ], [ "flask_glass", 1 ] ], [ [ "acid", 4 ] ] ]
  },
  {
    "type": "recipe",
    "result": "40mm_acidbomb",
    "category": "CC_WEAPON",
    "skill_pri": "mechanics",
    "difficulty": 3,
    "time": 100,
    "reversible": false,
    "autolearn": true,
    "tools": [ [ [ "screwdriver", -1 ], [ "toolset", -1 ] ] ],
    "components": [ [ [ "acidbomb", 1 ] ], [ [ "40mm_casing", 1 ] ] ]
  },
  {
    "type": "recipe",
    "result": "grenade",
    "category": "CC_WEAPON",
    "skill_pri": "mechanics",
    "difficulty": 2,
    "time": 5000,
    "reversible": false,
    "autolearn": true,
    "tools": [ [ [ "screwdriver", -1 ], [ "toolset", -1 ] ] ],
    "components": [
      [ [ "pilot_light", 1 ] ],
      [ [ "superglue", 1 ], [ "string_36", 1 ] ],
      [ [ "can_food", 1 ], [ "can_drink", 1 ], [ "canister_empty", 1 ] ],
      [ [ "nail", 30 ], [ "bb", 100 ] ],
      [ [ "shot_bird", 6 ], [ "shot_00", 3 ], [ "shot_slug", 2 ], [ "gasoline", 200 ], [ "gunpowder", 72 ] ]
    ]
  },
  {
    "type": "recipe",
    "result": "chainsaw_off",
    "category": "CC_WEAPON",
    "skill_pri": "mechanics",
    "difficulty": 4,
    "time": 20000,
    "reversible": true,
    "autolearn": true,
    "tools": [
      [ [ "screwdriver", -1 ], [ "toolset", -1 ] ],
      [ [ "rock", -1 ], [ "primitive_hammer", -1 ], [ "hammer", -1 ], [ "hatchet", -1 ], [ "toolset", -1 ] ],
      [ [ "wrench", -1 ], [ "toolset", -1 ] ]
    ],
    "components": [ [ [ "1cyl_combustion", 1 ] ], [ [ "chain", 1 ] ] ]
  },
  {
    "type": "recipe",
    "result": "smokebomb",
    "category": "CC_WEAPON",
    "skill_pri": "cooking",
    "skill_sec": "mechanics",
    "difficulty": 3,
    "time": 7500,
    "reversible": false,
    "autolearn": true,
    "tools": [ [ [ "screwdriver", -1 ], [ "wrench", -1 ], [ "toolset", -1 ] ] ],
    "components": [
      [ [ "water", 1 ], [ "water_clean", 1 ], [ "salt_water", 1 ] ],
      [ [ "candy", 1 ], [ "cola", 1 ] ],
      [ [ "vitamins", 10 ], [ "aspirin", 8 ] ],
      [ [ "canister_empty", 1 ], [ "can_food", 1 ], [ "can_drink", 1 ] ],
      [ [ "superglue", 1 ] ]
    ]
  },
  {
    "type": "recipe",
    "result": "gasbomb",
    "category": "CC_WEAPON",
    "skill_pri": "cooking",
    "skill_sec": "mechanics",
    "difficulty": 4,
    "time": 8000,
    "reversible": false,
    "autolearn": true,
    "tools": [ [ [ "screwdriver", -1 ], [ "wrench", -1 ], [ "toolset", -1 ] ] ],
    "components": [
      [ [ "bleach", 2 ] ],
      [ [ "ammonia", 2 ] ],
      [ [ "canister_empty", 1 ], [ "can_food", 1 ], [ "can_drink", 1 ] ],
      [ [ "superglue", 1 ] ]
    ]
  },
  {
    "type": "recipe",
    "result": "nx17",
    "category": "CC_WEAPON",
    "skill_pri": "electronics",
    "skill_sec": "mechanics",
    "difficulty": 8,
    "time": 40000,
    "reversible": true,
    "autolearn": true,
    "tools": [ [ [ "screwdriver", -1 ], [ "toolset", -1 ] ], [ [ "soldering_iron", 6 ], [ "toolset", 1 ] ] ],
    "components": [ [ [ "vacutainer", 1 ] ], [ [ "power_supply", 8 ] ], [ [ "amplifier", 8 ] ] ]
  },
  {
    "type": "recipe",
    "result": "mininuke",
    "category": "CC_WEAPON",
    "skill_pri": "mechanics",
    "skill_sec": "electronics",
    "difficulty": 10,
    "time": 40000,
    "reversible": true,
    "autolearn": true,
    "tools": [ [ [ "screwdriver", -1 ], [ "toolset", -1 ] ], [ [ "wrench", -1 ], [ "toolset", -1 ] ] ],
    "components": [
      [ [ "can_food", 2 ], [ "steel_chunk", 2 ], [ "canister_empty", 1 ], [ "can_drink", 2 ] ],
      [ [ "grenade", 1 ], [ "40mm_frag", 2 ], [ "40mm_concussive", 2 ] ],
      [ [ "plut_cell", 6 ] ],
      [ [ "battery", 2 ] ],
      [ [ "power_supply", 1 ] ]
    ]
  },
  {
    "type": "recipe",
    "result": "coilgun",
    "category": "CC_WEAPON",
    "skill_pri": "electronics",
    "difficulty": 3,
    "time": 25000,
    "reversible": true,
    "autolearn": true,
    "tools": [ [ [ "screwdriver", -1 ], [ "toolset", -1 ] ], [ [ "soldering_iron", 10 ], [ "toolset", 1 ] ] ],
    "components": [ [ [ "pipe", 1 ] ], [ [ "power_supply", 1 ] ], [ [ "amplifier", 1 ] ], [ [ "scrap", 6 ] ], [ [ "cable", 20 ] ] ]
  },
  {
    "type": "recipe",
    "result": "nailrifle",
    "category": "CC_WEAPON",
    "skill_pri": "mechanics",
    "skill_sec": "gun",
    "difficulty": 2,
    "time": 12000,
    "reversible": true,
    "autolearn": true,
    "tools": [ [ [ "hacksaw", -1 ], [ "toolset", -1 ] ], [ [ "screwdriver", -1 ], [ "toolset", -1 ] ] ],
    "components": [ [ [ "pipe", 1 ] ], [ [ "2x4", 2 ] ], [ [ "nailgun", 1 ] ] ]
  },
  {
    "type": "recipe",
    "result": "223pistol",
    "category": "CC_WEAPON",
    "skill_pri": "gun",
    "difficulty": 4,
    "time": 2000,
    "reversible": false,
    "autolearn": true,
    "tools": [ [ [ "hacksaw", -1 ], [ "toolset", -1 ] ] ],
    "components": [
      [
        [ "ar15", 1 ],
        [ "acr", 1 ],
        [ "scar_1", 1 ],
        [ "steyr_aug", 1 ],
        [ "ruger_mini", 1 ],
        [ "hk_g36", 1 ],
        [ "M4A1", 1 ]
      ]
    ]
  }
]
