[
  {
    "type": "profession",
    "id": "traveling_hobo",
    "name": "Traveling Hobo",
    "description": "Having nowhere to turn but the road, you set out on a journey, and possibly find some alcohol.",
    "points": 0,
    "items": {
      "both": [ "hat_cotton", "socks", "jeans", "tank_top", "bindle", "jacket_leather", "sneakers" ],
      "male": [ "boxer_shorts" ],
      "female": [ "bra", "panties" ]
    }
  },
  {
    "type": "profession",
    "id": "altered_hobo",
    "name": "Altered Hobo",
    "description": "You got a little too drunk one day, and found yourself in the back of a van.  After days of fading in and out of reality, you woke up in an alley, feeling strange and wanting some alcohol.",
    "points": 0,
    "CBMs": [ "bio_ethanol", "bio_ankles", "bio_thumbs", "bio_power_storage" ],
    "traits": [ "ALCMET" ],
    "items": { "both": [ "undershirt" ], "male": [ "boxer_shorts" ], "female": [ "bra", "panties" ] }
  },
  {
    "type": "profession",
    "id": "crazy_hobo",
    "name": "Crazy Hobo",
    "description": "You warned them all! The grassmen, the aliens, the ghosts! Now it's too late!",
    "points": -2,
    "items": { "both": [ "tunic_rag", "flip_flops", "tinfoil_hat" ], "male": [ "boxer_shorts" ], "female": [ "bra", "panties" ] }
  },
  {
    "type": "profession",
    "id": "oldtimey_gentleman",
    "name": "Oldtimey Gentleman",
    "description": "The world has gone savage! Looters murdering, the undead walking, governments collapsing, and all you want is some tea!",
    "points": 2,
    "skills": [
      { "level": 2, "name": "gun" },
      { "level": 2, "name": "pistol" },
      { "level": 2, "name": "cooking" },
      { "level": 2, "name": "speaking" }
    ],
    "items": {
      "both": { "items": [ "", "", "", "", "", "", "", "", "", "", "" ], "male": [ "boxer_shorts" ], "female": [ "boxer_shorts" ] }
    }
  }
]
