[
  {
    "type": "mapgen",
    "method": "json",
    "om_terrain": [ "basement" ],
    "weight": 150,
    "object": {
      "fill_ter": "t_rock",
      "rotation": [ 0, 3 ],
      "rows": [
        "------------------------",
        "-HHHHHHHHHH..HHHHHHHHHH-",
        "-......................-",
        "-HHHHHHHHHH..HHHHHHHHHH-",
        "-......................-",
        "-HHHHHHHHHH..HHHHHHHHHH-",
        "-......................-",
        "-HHHHHHHHHH..HHHHHHHHHH-",
        "-......................-",
        "-HHHHHHHHHH..HHHHHHHHHH-",
        "-c....................c-",
        "-c....................c-",
        "-c....................c-",
        "-c....................c-",
        "-c....................c-",
        "-......................-",
        "-..HHHHH..-++-..HHHHH..-",
        "-.........-..-.........-",
        "-HHHHHHHHH-<<-HHHHHHHHH-",
        "------------------------",
        "                        ",
        "                        ",
        "                        ",
        "                        "
      ],
      "palettes": [ "lab_hydrop_palette" ],
      "terrain": {
        "+": "t_door_c",
        "-": "t_wall",
        ".": "t_thconc_floor",
        "<": "t_stairs_up",
        "c": "t_thconc_floor",
        "|": "t_concrete_wall"
      },
      "furniture": { "c": "f_counter" },
      "place_loot": [
        { "group": "farming_seeds", "x": 1, "y": [ 1, 14 ], "chance": 10, "repeat": [ 1, 10 ] },
        { "group": "farming_tools", "x": 22, "y": [ 1, 14 ], "chance": 10, "repeat": [ 1, 10 ] }
      ],
      "place_monsters": [ { "monster": "GROUP_ZOMBIE", "x": [ 2, 23 ], "y": [ 1, 19 ], "chance": 10 } ]
    }
  },
  {
    "type": "mapgen",
    "method": "json",
    "om_terrain": [ "basement" ],
    "weight": 150,
    "object": {
      "fill_ter": "t_rock",
      "rotation": [ 0, 3 ],
      "rows": [
        "------------------------",
        "-HHHHHHHHHH..HHHHHHHHHH-",
        "-......................-",
        "-HHHHHHHHHH..HHHHHHHHHH-",
        "-......................-",
        "-HHHHHHHHHH..HHHHHHHHHH-",
        "-......................-",
        "-HHHHHHHHHH..HHHHHHHHHH-",
        "-......................-",
        "-HHHHHHHHHH..HHHHHHHHHH-",
        "-c....................c-",
        "-c....................c-",
        "-c....................c-",
        "-c....................c-",
        "-c....................c-",
        "-......................-",
        "-..HHHHH..-++-..HHHHH..-",
        "-.........-..-.........-",
        "-HHHHHHHHH-<<-HHHHHHHHH-",
        "------------------------",
        "                        ",
        "                        ",
        "                        ",
        "                        "
      ],
      "terrain": { "H": "t_floor", "+": "t_door_c", "-": "t_wall", ".": "t_thconc_floor", "<": "t_stairs_up", "c": "t_thconc_floor" },
      "furniture": { "c": "f_counter" },
      "sealed_item": { "H": { "item": { "item": "seed_weed" }, "furniture": "f_hydroponics_harvest" } },
      "place_loot": [ { "group": "farming_tools", "x": 22, "y": [ 1, 14 ], "chance": 10, "repeat": [ 1, 10 ] } ],
      "place_monsters": [ { "monster": "GROUP_ZOMBIE", "x": [ 2, 23 ], "y": [ 1, 19 ], "chance": 10 } ]
    }
  }
]
