[
  {
    "//": "7x7 hydroponics",
    "type": "mapgen",
    "method": "json",
    "nested_mapgen_id": "lab_room_7x7_crossdoors",
    "object": {
      "mapgensize": [ 7, 7 ],
      "rotation": [ 0, 3 ],
      "rows": [
        ".......",
        ".H.H.H.",
        ".H...H.",
        ".H.H.H.",
        ".H...H.",
        ".H.H.H.",
        "......."
      ],
      "palettes": [ "lab_palette", "lab_hydrop_palette" ]
    }
  },
  {
    "//": "9x9 hydroponics",
    "type": "mapgen",
    "method": "json",
    "nested_mapgen_id": "lab_room_9x9",
    "object": {
      "mapgensize": [ 9, 9 ],
      "rotation": [ 0, 3 ],
      "rows": [
        ".........",
        ".HHHHHHH.",
        ".........",
        ".HHHHHHH.",
        ".........",
        ".HHHHHHH.",
        ".........",
        ".HHHHHHH.",
        "........."
      ],
      "palettes": [ "lab_palette", "lab_hydrop_palette" ]
    }
  }
]
