[
  {
    "type": "recipe",
    "category": "CC_OTHER",
    "subcategory": "CSC_OTHER_MEDICAL",
    "skill_used": "firstaid",
    "result": "bandages",
    "difficulty": 0,
    "time": 500,
    "autolearn": true,
    "components": [
      [ [ "rag", 3 ], [ "medical_gauze", 1 ] ],
      [ [ "duct_tape", 20 ], [ "medical_tape", 5 ] ],
      [
        [ "disinfectant", 1 ],
        [ "thyme_oil", 1 ],
        [ "chem_ethanol", 250 ],
        [ "denat_alcohol", 250 ],
        [ "hard_liquor", 28, "LIST" ]
      ]
    ],
    "flags": [ "BLIND_HARD" ]
  }
]
