[
  {
    "id": "living_brain_jar",
    "type": "GENERIC",
    "category": "other",
    "name": { "str": "living brain in a jar", "str_pl": "jars full of living brains" },
    "description": "This jar contains a human brain kept alive by mi-go technology.  It has metal veined tendrils that appear to allow it to connect to various devices.",
    "weight": "365 g",
    "volume": "3 L",
    "price": 100,
    "to_hit": -1,
    "bashing": 5,
    "material": [ "alien_resin" ],
    "symbol": ")",
    "color": "pink",
    "looks_like": "fluid_preserved_brain"
  },
  {
    "id": "humming_heart",
    "type": "GENERIC",
    "category": "other",
    "name": { "str": "humming heart" },
    "description": "This heartlike organ has multiple valves and upon its proper removal from the bioweapons corpse each valve sealed itself.  It hums gently in your hands, as if waiting for an appropriate receptacle.",
    "weight": "1400 g",
    "volume": "1 L",
    "price": 100,
    "to_hit": -1,
    "bashing": 5,
    "material": [ "flesh" ],
    "symbol": ")",
    "color": "pink",
    "looks_like": "jabberwock_heart"
  },
  {
    "id": "sensory_cluster",
    "type": "GENERIC",
    "category": "other",
    "name": { "str": "sensory cluster" },
    "description": "This lump of flesh has various lobes protruding from it that at intervals will emit toned sounds.  Perhaps it works via echolocation.  Like all mi-go bioparts the openings on this piece closed up after it was cut free and it seems to have gone into a form of hibernation with the pulses occurring slower and slower as it conserves energy.",
    "weight": "40 g",
    "volume": "250 ml",
    "price": 100,
    "to_hit": -1,
    "bashing": 1,
    "material": [ "alien_resin" ],
    "symbol": ")",
    "color": "pink",
    "looks_like": "kidney"
  },
  {
    "id": "bioweapon_chassis",
    "type": "GENERIC",
    "category": "other",
    "name": { "str_sp": "bioweapon chassis" },
    "description": "This cross between a sea anemone and what you imagine a dragon's mouth would look like is the core body of the bioweapon.  You cannot imagine what you could make out of this but maybe someone somewhere does.",
    "weight": "40000 g",
    "volume": "25 L",
    "price": 100,
    "to_hit": -3,
    "bashing": 7,
    "material": [ "alien_resin" ],
    "symbol": ")",
    "color": "pink",
    "looks_like": "ruined_chunks"
  },
  {
    "type": "GENERIC",
    "id": "broken_afs_mon_migoturret",
    "symbol": ",",
    "color": "green",
    "name": { "str": "broken mi-go turret" },
    "category": "other",
    "description": "A broken mi-go turret.  It's leaking fluids and smells you can't identify.  Could be butchered for parts.",
    "price": 1000,
    "material": [ "alien_resin", "flesh" ],
    "weight": "40750 g",
    "volume": "30 L",
    "bashing": 6,
    "cutting": 6,
    "to_hit": -3,
    "flags": [ "TRADER_AVOID", "NO_REPAIR" ]
  },
  {
    "id": "vibrating_blaster",
    "looks_like": "ar15",
    "type": "GUN",
    "name": { "str": "vibrating bioblaster" },
    "description": "You ripped this from a mi-go abomination.  You think you should wear gloves to reload it.  ",
    "weight": "5140 g",
    "volume": "1500 ml",
    "price": 400000,
    "ammo": [ "acidic_bore" ],
    "to_hit": -1,
    "bashing": 4,
    "material": [ "alien_resin" ],
    "symbol": "(",
    "color": "magenta",
    "skill": "launcher",
    "range": 30,
    "ranged_damage": { "damage_type": "stab", "amount": 19, "armor_penetration": 12 },
    "dispersion": 90,
    "durability": 7,
    "loudness": 4,
    "clip_size": 80,
    "ammo_effects": "ACID",
    "flags": [ "NO_UNLOAD", "NON_FOULING" ],
    "pocket_data": [ { "pocket_type": "MAGAZINE", "ammo_restriction": { "acidic_bore": 80 } } ]
  }
]
