[
  {
    "id": "afs_librarian_book",
    "type": "BOOK",
    "name": { "str": "original copy of Housefly", "str_pl": "original copies of Housefly" },
    "description": "The only copy of Housefly in existence - a long book about three individuals drawn together by fate in the early 1800s to save their English town of Victoria from a mysterious threat.  You never got to publish it, but reading it lets you forget the horrors of the Cataclysm, if only for a moment.",
    "weight": "700 g",
    "volume": "750 ml",
    "price": 5000,
    "price_postapoc": 1000,
    "looks_like": "ZSG",
    "material": [ "paper" ],
    "symbol": "?",
    "color": "light_blue",
    "intelligence": 8,
    "time": 20,
    "chapters": 30,
    "fun": 6
  },
  {
    "id": "textbook_atomic",
    "type": "BOOK",
    "name": { "str": "Nuclear Physics Made Easy", "str_pl": "copies of Nuclear Physics Made Easy" },
    "description": "A book detailing the workings of state of the art atomic technology, and the physics behind it.",
    "weight": "2063 g",
    "volume": "2 L",
    "price": 9200,
    "bashing": 8,
    "material": [ "paper" ],
    "symbol": "?",
    "looks_like": "adv_chemistry",
    "color": "light_green",
    "skill": "electronics",
    "required_level": 5,
    "max_level": 7,
    "intelligence": 13,
    "fun": -1,
    "time": "50 m"
  },
  {
    "id": "afs_bugbrew_book",
    "type": "BOOK",
    "name": { "str": "mealworm farm logbook" },
    "description": "A binder containing detailed production logs from an industrial mealworm farm.  You could use its recordings to start your own farming operations.",
    "weight": "700 g",
    "volume": "750 ml",
    "price": 5000,
    "price_postapoc": 1000,
    "looks_like": "file",
    "material": [ "paper" ],
    "symbol": "?",
    "color": "light_blue",
    "intelligence": 12,
    "skill": "chemistry",
    "required_level": 0,
    "max_level": 2,
    "time": "50 m",
    "fun": -2
  },
  {
    "id": "schematics_chickenbot",
    "type": "BOOK",
    "name": { "str_sp": "chicken walker schematics" },
    "description": "Bearing the logo of Northrop, those are assembly plans, design specs, and technical drawings for the chicken walker.  Most of this is useless to you, but you could use the assembly plans to re-assemble the robot from salvaged parts.",
    "copy-from": "schematics_generic"
  },
  {
    "id": "schematics_diamond_press",
    "type": "BOOK",
    "name": { "str_sp": "diamond press schematics" },
    "description": "Bearing the logo of Matrioshka Fabritechnics, those are assembly plans, design specs, and technical drawings for the diamond press.  Most of this is useless to you, but you could use the assembly plans to re-assemble the robot from salvaged parts.",
    "copy-from": "schematics_generic"
  },
  {
    "id": "schematics_nano_forge",
    "type": "BOOK",
    "name": { "str_sp": "nano forge schematics" },
    "description": "Bearing the logo of Matrioshka Fabritechnics, those are assembly plans, design specs, and technical drawings for the nano forge.  Most of this is useless to you, but you could use the assembly plans to re-assemble the robot from salvaged parts.",
    "copy-from": "schematics_generic"
  },
  {
    "id": "schematics_tankbot",
    "type": "BOOK",
    "name": { "str_sp": "tank drone schematics" },
    "description": "Bearing the logo of Northrop, those are assembly plans, design specs, and technical drawings for the tank drone.  Most of this is useless to you, but you could use the assembly plans to re-assemble the robot from salvaged parts.",
    "copy-from": "schematics_generic"
  },
  {
    "id": "schematics_tripod",
    "type": "BOOK",
    "name": { "str_sp": "tripod schematics" },
    "description": "Bearing the logo of Honda, those are assembly plans, design specs, and technical drawings for the tripod.  Most of this is useless to you, but you could use the assembly plans to re-assemble the robot from salvaged parts.",
    "copy-from": "schematics_generic"
  },
  {
    "id": "afs_landfall_kit_2_instructions",
    "type": "BOOK",
    "name": { "str": "landfall survival manual" },
    "description": "A small folio indicating how to best utilize the equipment of your landfall survival kit during an emergency.  Its first page urges you to remain calm, and to consult your escape pod's control console for further instructions.",
    "weight": "120 g",
    "volume": "500 ml",
    "price": 0,
    "material": [ "paper" ],
    "symbol": "?",
    "looks_like": "file",
    "color": "light_green",
    "skill": "survival",
    "max_level": 2,
    "intelligence": 9,
    "fun": -1,
    "time": "20 m"
  },
  {
    "id": "cyrus'_notes",
    "type": "BOOK",
    "name": { "str": "Cyrus Whateley's Notes on Repurposing mi-go victims", "str_pl": "copies of Cyrus Whateley's Notes" },
    "description": "A folio of notes written by a madman.  They seem to suggestion ways to re-animate the dead and create various affronts to the natural order.",
    "weight": "2063 g",
    "volume": "2 L",
    "price": 929200,
    "bashing": 8,
    "material": [ "paper" ],
    "symbol": "?",
    "looks_like": "adv_chemistry",
    "color": "light_green",
    "skill": "firstaid",
    "required_level": 8,
    "max_level": 9,
    "intelligence": 13,
    "fun": -3,
    "time": "50 m"
  },
  {
    "id": "recipe_uplift",
    "type": "BOOK",
    "name": { "str": "Dr Moreau and You", "str_pl": "copies of Dr Moreau and You" },
    "description": "In what many considered a stunning example of poor taste and others considered overt specieism this text on the creation of Uplifted Animals references a story about sapient animals killing their creator.  Otherwise a dry text about genetic modification.",
    "copy-from": "textbook_atomic",
    "skill": "chemistry",
    "required_level": 9,
    "max_level": 10
  },
  {
    "id": "millyficents_diary",
    "type": "BOOK",
    "name": { "str": "Millyficent's Diary", "str_pl": "copies of Millyficent's Diary" },
    "description": "A pocket-sized book filled to the margins with cramped handwriting and notes on the biology of Mi-Go and other musings.  It's hard to understand and quite gruesome in some places and written in a shorthand or cipher in others.",
    "weight": "600 g",
    "volume": "250 ml",
    "price": 300000,
    "material": [ "paper" ],
    "symbol": "?",
    "looks_like": "ZSG",
    "color": "cyan",
    "skill": "chemistry",
    "required_level": 10,
    "max_level": 10,
    "intelligence": 16,
    "time": "35 m",
    "fun": -3
  },
  {
    "id": "recipes_resistance",
    "type": "BOOK",
    "name": { "str": "useful recipes for resistance", "str_pl": "copies of useful recipes for resistance" },
    "description": "Recipes for Resistance is a collection of tales, strategies and recipes for working against corporate rule.  Very simple language is used in the recipes but it drags out the explanations.",
    "weight": "2000 g",
    "volume": "500 ml",
    "price": 64000,
    "price_postapoc": 2000,
    "material": [ "paper" ],
    "symbol": "?",
    "color": "light_green",
    "skill": "chemistry",
    "looks_like": "adv_chemistry",
    "required_level": 6,
    "max_level": 7,
    "intelligence": 9,
    "time": "50 m",
    "fun": -1
  },
  {
    "id": "recipes_cryolab",
    "type": "BOOK",
    "name": { "str": "Working in Boreal Conditions and beyond", "str_pl": "copies of Working in Boreal Conditions and beyond" },
    "description": "A corporate manual for conditions of inhospitable cold.  It includes instructions for building devices and substances that will aid in survival in extreme weather or even the lack thereof.",
    "weight": "2000 g",
    "volume": "500 ml",
    "price": 64000,
    "price_postapoc": 2000,
    "material": [ "paper" ],
    "symbol": "?",
    "color": "light_cyan",
    "looks_like": "recipe_lab_elec",
    "skill": "chemistry",
    "required_level": 3,
    "max_level": 5,
    "intelligence": 14,
    "time": "35 m",
    "fun": -1
  },
  {
    "id": "recipe_unusual_ammos",
    "type": "BOOK",
    "name": { "str": "Unusual Ammunitions of the Corporations", "str_pl": "copies of Unusual Ammunitions of the Corporations" },
    "description": "A lab book dedicated to reverse engineering various ammunitions found throughout the solar system.  Written in a format to allow barely trained technicians to *safely* replicate these rounds.",
    "weight": "2063 g",
    "volume": "2 L",
    "price": 9200,
    "bashing": 8,
    "material": [ "paper" ],
    "symbol": "?",
    "looks_like": "adv_chemistry",
    "color": "light_green",
    "skill": "chemistry",
    "required_level": 2,
    "max_level": 3,
    "intelligence": 9,
    "fun": 1,
    "time": "50 m"
  },
  {
    "id": "recipe_lichenlog",
    "type": "BOOK",
    "name": { "str": "Applications of Salus IV Lichen", "str_pl": "copies of Applications of Salus IV Lichen" },
    "description": "A sheaf of notes detailing some species of lichen.  Most of the information is useless to you except for the fact that the majority of Salus IV lifeform's metabolism rely on a macronutrient that acts like a neurotoxin for humans.  One useful note is a detailed procedure to neutralize said neurotoxin.",
    "weight": "50 g",
    "volume": "500 ml",
    "price": "5000 cent",
    "material": [ "paper" ],
    "symbol": "?",
    "looks_like": "recipe_medicalmut",
    "color": "light_green",
    "skill": "chemistry",
    "required_level": 0,
    "max_level": 2,
    "intelligence": 9,
    "fun": -2,
    "time": "50 m"
  }
]
