[
  {
    "id": "bn_bio_solar",
    "copy-from": "bionic_general",
    "type": "BIONIC_ITEM",
    "name": { "str": "Solar Panels CBM" },
    "description": "Installed on your back is a set of retractable solar panels.  When in direct sunlight, they will automatically deploy and slowly recharge your power level.",
    "price": 350000,
    "difficulty": 4
  },
  {
    "id": "afs_bio_wind_turbine",
    "copy-from": "bionic_general",
    "type": "BIONIC_ITEM",
    "name": { "str": "Wind Turbine CBM" },
    "description": "Installed on your body is a set of small retractable wind turbines.  When activated, they will deploy and slowly harvest wind power to recharge your power level.",
    "price": 350000,
    "difficulty": 4
  },
  {
    "id": "afs_bio_missiles",
    "copy-from": "bionic_general",
    "type": "BIONIC_ITEM",
    "name": { "str": "Deployable Grenade Launcher CBM" },
    "description": "A small, folding tube that attaches to your right arm.  Once implanted, it can serve as a portable, integrated tool for firing 40mm grenades and canisters.",
    "price": 100000,
    "difficulty": 5
  },
  {
    "id": "afs_bio_linguistic_coprocessor",
    "copy-from": "bionic_general",
    "type": "BIONIC_ITEM",
    "name": { "str": "Linguistic Coprocessor CBM" },
    "description": "A microcomputer installed into the left hemisphere of your brain to increase the speed that it processes language.  When installed, it provides a passive boost to reading speed.",
    "price": 100000,
    "price_postapoc": 50000,
    "difficulty": 5
  },
  {
    "id": "afs_bio_dopamine_stimulators",
    "copy-from": "bionic_general",
    "type": "BIONIC_ITEM",
    "name": { "str": "Dopamine Stimulators CBM" },
    "description": "A set of tiny bionic nerve stimulators that install into the reward center of your brain.  When run with bionic power, it periodically releases a hit of dopamine and other reward chemicals, inducing a state of euphoria and suppressing fear.",
    "price": 1000000,
    "price_postapoc": 100000,
    "difficulty": 8
  },
  {
    "id": "afs_bio_melee_counteraction",
    "copy-from": "bionic_general",
    "type": "BIONIC_ITEM",
    "name": { "str": "Counteractive Reflexes CBM" },
    "description": "Cybernetic stimulators installed across your nervous system boost your reflexes whenever you are hit in melee, granting you an extra action.  This bionic must be active to function.",
    "price": 1000000,
    "price_postapoc": 100000,
    "difficulty": 9
  },
  {
    "id": "afs_bio_melee_optimization_unit",
    "copy-from": "bionic_general",
    "type": "BIONIC_ITEM",
    "name": { "str": "Melee Optimization Unit CBM" },
    "description": "An implanted AI executes the optimal followup for each of your melee strikes, allowing you to chain them with unnatural speed and grace.  This bionic must be active to function.",
    "price": 1000000,
    "price_postapoc": 100000,
    "difficulty": 10
  },
  {
    "id": "afs_bio_neurosoft_aeronautics",
    "copy-from": "bionic_general",
    "type": "BIONIC_ITEM",
    "name": { "str": "Neurosoft: Aeronautics CBM" },
    "description": "A brain implant that grants instinctual knowledge about the operation of flying machines.",
    "price": 1000000,
    "price_postapoc": 100000,
    "difficulty": 8
  },
  {
    "id": "afs_bio_cranialbomb",
    "copy-from": "bionic_general",
    "type": "BIONIC_ITEM",
    "name": { "str": "Cranium Bomb" },
    "description": "A bomb installed where your spine meets your brain stem.  It's on a timer from installation and you don't have the codes to reset the timer.",
    "price": 0,
    "price_postapoc": 0,
    "difficulty": 8
  },
  {
    "id": "afs_bio_skullgun",
    "copy-from": "bionic_general",
    "type": "BIONIC_ITEM",
    "name": { "str": "Skullgun CBM" },
    "description": "Concealed in your head is a single shot .40 pistol.  Activate the bionic to fire and reload the skullgun.",
    "price": 100000,
    "price_postapoc": 1500,
    "difficulty": 16
  },
  {
    "id": "bio_cold_absorber",
    "copy-from": "bionic_general",
    "type": "BIONIC_ITEM",
    "name": { "str": "Emergency Insulation" },
    "description": "A system designed to prevent instantaneous frostbite in workers exposed to things like hard vacuum and liquid nitrogen.",
    "price": 100000,
    "price_postapoc": 1500,
    "difficulty": 16
  }
]
