[
  {
    "type": "GENERIC",
    "id": "crypto_coin",
    "name": { "str": "Crypto coin" },
    "description": "PrepNet had been heavily involved in avoiding taxes by using untraceable internet currencies.  These however are physical coins with random numbers sequences embossed on them and RFID chips inside.",
    "price": 12000,
    "price_postapoc": 15000,
    "//": "The coins would be worthless but the PrepNet Phyle still retains some manufacturing capacity",
    "weight": "1 g",
    "volume": "1 ml",
    "to_hit": -3,
    "color": "cyan",
    "symbol": "$",
    "material": [ "plastic" ]
  },
  {
    "type": "GENERIC",
    "id": "afs_radiobeacon",
    "name": { "str": "orbital distress beacon" },
    "description": "A distress radio beacon that automatically engages in the event of a crash.  You could plant it outside of the pod to attract rescuers, or more likely, bandits.  Alternatively, you could disassemble it for scrap.",
    "weight": "340 g",
    "volume": "1 L",
    "price": 0,
    "price_postapoc": 50,
    "to_hit": -1,
    "bashing": 6,
    "material": [ "plastic", "aluminum" ],
    "symbol": ";",
    "color": "yellow"
  },
  {
    "id": "afs_fridge",
    "category": "veh_parts",
    "type": "GENERIC",
    "name": { "str": "vehicle refrigerator" },
    "description": "A household refrigerator with impressive capacity.  Its power connection has been refurbished, and it can be mounted onto a vehicle to draw from its power.",
    "symbol": "{",
    "color": "white",
    "weight": "142882 g",
    "volume": "300 L",
    "price": 40000,
    "price_postapoc": 10000,
    "material": [ "steel" ],
    "to_hit": -4,
    "bashing": 8,
    "flags": [ "DURABLE_MELEE" ],
    "looks_like": "minifridge"
  },
  {
    "id": "afs_freezer",
    "category": "veh_parts",
    "type": "GENERIC",
    "name": { "str": "vehicle freezer" },
    "copy-from": "afs_fridge",
    "description": "This refurbished refrigerator has been stripped of much of its internal components and converted to run at a much lower temperature, causing it to serve as a freezer for more power.  Like its predecessor, it runs on vehicle power.",
    "color": "light_blue"
  },
  {
    "type": "GENERIC",
    "id": "afs_scrap_titanium",
    "symbol": ",",
    "color": "light_gray",
    "name": { "str_sp": "scrap titanium" },
    "category": "spare_parts",
    "description": "A piece of light titanium, usable for crafting or repairs.",
    "price": 1000,
    "material": [ "titanium" ],
    "looks_like": "scrap",
    "weight": "450 g",
    "volume": "100 ml",
    "bashing": 1,
    "to_hit": -2
  },
  {
    "type": "GENERIC",
    "id": "afs_metal_rig",
    "copy-from": "vehicle_rig",
    "name": { "str": "MetalMaster forge buddy", "str_pl": "MetalMaster forge buddies" },
    "description": "From the makers of the best-selling* FOODCO kitchen buddy comes the MetalMaster forge buddy, for all your metalworking, firing, and welding needs!  It's just as clunky and awkward as the thing it's spinning off, and still requires a vehicle battery to function."
  },
  {
    "type": "GENERIC",
    "id": "afs_kitchen_rig",
    "copy-from": "vehicle_rig",
    "name": { "str": "KitchenMaster cooking buddy", "str_pl": "KitchenMaster cooking buddies" },
    "description": "Because it *clearly* needed one, this large all-in-one station provides the functions of FOODCO's kitchen buddy, now with complementary fume hoods and chemistry materials.  Why a chef would need a chemical rig is anyone's guess, but you can mount it on a vehicle to make use of it."
  },
  {
    "type": "GENERIC",
    "id": "afs_cooking_rig",
    "copy-from": "vehicle_rig",
    "name": { "str": "cooking rig" },
    "description": "Skillet, pot, hotplate, and chemistry set; everything you need to cook food and chemicals.  Includes proper fume vents and a separator, so you don't contaminate your food with toxic chemicals."
  },
  {
    "id": "nuclear_waste",
    "type": "GENERIC",
    "name": { "str_sp": "nuclear waste" },
    "description": "A small pellet of silvery metal, still warm to the touch.",
    "looks_like": "medium_atomic_battery_cell",
    "weight": "30 g",
    "volume": "250 ml",
    "price": 0,
    "material": [ "iron" ],
    "symbol": "*",
    "color": "light_green",
    "flags": [ "RADIOACTIVE", "LEAK_ALWAYS" ]
  },
  {
    "id": "nuclear_fuel",
    "copy-from": "nuclear_waste",
    "type": "GENERIC",
    "name": { "str": "nuclear fuel pellet" },
    "description": "A small pellet of fissile material.  Handle carefully."
  },
  {
    "id": "hazardous_waste_drum",
    "copy-from": "55gal_drum",
    "type": "GENERIC",
    "name": { "str": "hazardous waste drum" },
    "description": "A yellow drum meant for the storage of hazardous substances.",
    "material": [ "steel", "lead" ],
    "symbol": "0",
    "pocket_data": [
      {
        "pocket_type": "CONTAINER",
        "watertight": true,
        "rigid": true,
        "max_contains_volume": "200 L",
        "max_contains_weight": "500 kg",
        "moves": 400
      }
    ],
    "color": "yellow"
  },
  {
    "id": "atomic_butterchurn",
    "type": "GENERIC",
    "category": "tools",
    "name": { "str": "folded atomic butter churn" },
    "description": "The Rivtech Churninator 4000, the only churn to be banned by 13 religious sects.  The legs are currently folded up for travel.  Unlike a standard churn that requires cream separated from raw milk this churn requires only raw milk, salt and a healthy respect for glowing objects.",
    "weight": "6464 g",
    "volume": "11356 ml",
    "price": 5000,
    "price_postapoc": 45000,
    "looks_like": "still",
    "symbol": "u",
    "color": "light_green",
    "use_action": { "type": "deploy_furn", "furn_type": "f_atomic_butter_churn" },
    "to_hit": -2,
    "bashing": 5,
    "material": [ "plastic", "steel" ],
    "//": "I figured bionic preppers would have a sci-fi solution to some low tech problems.",
    "flags": [ "LEAK_DAM", "RADIOACTIVE", "DURABLE_MELEE" ]
  },
  {
    "id": "atomic_pseudo_churn",
    "type": "TOOL",
    "name": { "str": "pseudo atomic butter churn" },
    "description": "This is a crafting_pseudo_item if you have it something is wrong.",
    "weight": "6464 g",
    "volume": "11356 ml",
    "price": 20000,
    "to_hit": -2,
    "bashing": 9,
    "material": [ "plastic", "steel" ],
    "qualities": [ [ "CONTAIN", 1 ], [ "CHURN", 2 ] ],
    "symbol": "H",
    "color": "light_cyan",
    "flags": [ "ALLOWS_REMOTE_USE" ]
  },
  {
    "id": "afs_titanium_small",
    "type": "AMMO",
    "category": "spare_parts",
    "name": { "str_sp": "titanium" },
    "description": "A strong, durable metal.  Highly valued for its weight to strength ratio, it was an excellent upgrade to aluminum for those properties albeit a lot more expensive due to rarity.  More commonly used in jewelery and medical implants.",
    "weight": "1 g",
    "//": "Density 4.506g/cm³ ~ 1.127kg/250ml @ stack 1000 = 1g/unit",
    "volume": "50 ml",
    "price": 10000,
    "price_postapoc": 750,
    "count": 100,
    "stack_size": 200,
    "material": [ "titanium" ],
    "looks_like": "silver_small",
    "symbol": "/",
    "color": "light_gray",
    "ammo_type": "components"
  },
  {
    "id": "afs_titanium_implant",
    "type": "GENERIC",
    "name": { "str": "titanium implant" },
    "description": "An internal implant to correct a musculoskeletal problem such as a bad hip or back.  It is made of titanium due to its biocompatibility.",
    "price": 9500,
    "price_postapoc": 1500,
    "weight": "2250 g",
    "volume": "500 ml",
    "to_hit": -3,
    "symbol": "*",
    "color": "light_gray",
    "material": [ "titanium" ]
  },
  {
    "id": "afs_titanium_tooth",
    "type": "GENERIC",
    "name": { "str": "titanium tooth" },
    "description": "A dental implant made of pure titanium, used to replace teeth due to its bio-compatibility and durability.",
    "price": 5000,
    "price_postapoc": 50,
    "weight": "10 g",
    "volume": "2 ml",
    "to_hit": -3,
    "symbol": "$",
    "color": "light_gray",
    "material": [ "titanium" ]
  },
  {
    "id": "afs_titanium_watch",
    "type": "ARMOR",
    "name": { "str": "titanium watch", "str_pl": "titanium watches" },
    "description": "A thick, masculine watch made out of titanium.  It is durable, light-weight and water-resistant, an excellent watch to have in a hostile environment.",
    "weight": "50 g",
    "volume": "250 ml",
    "price": 20000,
    "price_postapoc": 3000,
    "to_hit": -1,
    "material": [ "titanium" ],
    "symbol": "[",
    "color": "light_gray",
    "covers": [ "hand_l", "hand_r" ],
    "sided": true,
    "coverage": 5,
    "flags": [ "WATCH", "STURDY", "BELTED", "ALLOWS_NATURAL_ATTACKS", "WATER_FRIENDLY", "OVERSIZE" ]
  },
  {
    "id": "afs_titanium_ring",
    "type": "ARMOR",
    "name": { "str": "titanium ring" },
    "description": "A thick, masculine ring made out of titanium.  Made in a variety of styles and finishes, they're valued for their durability.",
    "weight": "13 g",
    "volume": "5 ml",
    "price": 700,
    "price_postapoc": 500,
    "material": [ "titanium" ],
    "symbol": "[",
    "color": "light_gray",
    "flags": [ "STURDY" ]
  }
]
