[
  {
    "type": "enchantment",
    "id": "afs_ench_esab",
    "has": "WIELD",
    "condition": "ACTIVE",
    "values": [ { "value": "ITEM_DAMAGE_CUT", "add": 18 }, { "value": "ITEM_DAMAGE_HEAT", "add": 35 } ]
  },
  {
    "id": "afs_energy_saber_off",
    "type": "TOOL",
    "name": { "str": "CE-4 \"The Claw\" (Non-Lethal)", "str_pl": "CE-4 \"The Claws\" (Non-Lethal)" },
    "description": "The CE-4, commonly known as \"The Claw\", is a popular self-defense weapon used by corporate enforcers everywhere, especially on dangerous frontier worlds.  Made from a cylinder of heat activated memory-alloy, the flick of a switch allows it to morph between a less-lethal bludgeon form and a sharpened, super heated blade.  Currently, it is in its less-lethal configuration, and looks like a sleek side-handle metal baton.",
    "weight": "760 g",
    "volume": "2 L",
    "longest_side": "90 cm",
    "price": 100000,
    "price_postapoc": 2000,
    "material": [ "superalloy", "hardsteel" ],
    "relic_data": { "passive_effects": [ { "id": "afs_ench_esab" } ] },
    "symbol": "[",
    "looks_like": "PR24-extended",
    "color": "light_gray",
    "ammo": [ "battery" ],
    "techniques": [ "WBLOCK_2", "RAPID" ],
    "charges_per_use": 1,
    "bashing": 22,
    "to_hit": 3,
    "use_action": {
      "menu_text": "Activate",
      "type": "transform",
      "target": "afs_energy_saber_on",
      "msg": "You activate the claw, and its bludgeoning surface slowly flattens into an edge as it begins to glow red-hot",
      "need_charges": 1,
      "need_charges_msg": "The claw is out of charge.",
      "active": true
    },
    "flags": [ "BELT_CLIP", "DURABLE_MELEE" ],
    "pocket_data": [
      {
        "pocket_type": "MAGAZINE_WELL",
        "holster": true,
        "max_contains_volume": "20 L",
        "max_contains_weight": "20 kg",
        "item_restriction": [
          "light_battery_cell",
          "light_minus_battery_cell",
          "light_plus_battery_cell",
          "light_minus_atomic_battery_cell",
          "light_atomic_battery_cell",
          "light_minus_disposable_cell",
          "light_disposable_cell"
        ]
      }
    ]
  },
  {
    "id": "afs_energy_saber_on",
    "type": "TOOL",
    "copy-from": "afs_energy_saber_off",
    "name": { "str": "CE-4 \"The Claw\" (Lethal)", "str_pl": "CE-4 \"The Claws\" (Lethal)" },
    "description": "The CE-4, commonly known as \"The Claw\", is a popular self-defense weapon used by corporate enforcers everywhere, especially on dangerous frontier planets.  Made from a cylinder of heat activated memory-alloy, the flick of a switch allows it to morph between a less-lethal bludgeon form and a sharpened, super heated blade.  Currently, it is in its lethal configuration, and looks like a sleek sword, humming softly as its blade glows from heat.",
    "weight": "760 g",
    "volume": "2 L",
    "longest_side": "90 cm",
    "color": "light_blue",
    "looks_like": "arming_sword",
    "turns_per_charge": 4,
    "relic_data": { "passive_effects": [ { "id": "afs_ench_esab" } ] },
    "to_hit": 2,
    "bashing": 8,
    "flags": [ "DURABLE_MELEE" ],
    "techniques": [ "WBLOCK_2" ],
    "revert_to": "afs_energy_saber_off",
    "use_action": {
      "menu_text": "Deactivate",
      "type": "transform",
      "target": "afs_energy_saber_off",
      "msg": "The blade stops humming, and its edge dissipates into a smooth curve as it cools."
    }
  },
  {
    "id": "afs_hardlight_longbow",
    "type": "GUN",
    "symbol": "(",
    "looks_like": "recurbow",
    "color": "white",
    "name": { "str": "Alien lune" },
    "description": "A delicate strand of light links the antipodes of this cresent-shaped device.  If the strand is interrupted, the device clanks and shudders before violently emitting a bolt of plasma from its apex.",
    "price": 1000000,
    "price_postapoc": 20000,
    "material": [ "superalloy", "hardsteel" ],
    "flags": [ "FIRE_TWOHAND", "STR_DRAW", "SLOW_WIELD" ],
    "skill": "archery",
    "min_strength": 4,
    "weight": "500 g",
    "volume": "2700 ml",
    "longest_side": "90 cm",
    "bashing": 8,
    "to_hit": -2,
    "reload_noise_volume": 0,
    "loudness": 0,
    "ranged_damage": { "damage_type": "heat", "amount": 50, "armor_penetration": 15 },
    "ammo": [ "battery" ],
    "ammo_effects": [ "LOW_RANGE_VAPORIZATION" ],
    "ammo_to_fire": 900,
    "range": 30,
    "dispersion": 80,
    "durability": 6,
    "reload": 50,
    "pocket_data": [
      {
        "pocket_type": "MAGAZINE_WELL",
        "holster": true,
        "max_contains_volume": "20 L",
        "max_contains_weight": "20 kg",
        "item_restriction": [ "alien_battery" ]
      }
    ]
  },
  {
    "id": "afs_hydraulic_gauntlet",
    "type": "GENERIC",
    "name": { "str": "hydraulic gauntlet" },
    "description": "A huge, heavy metal gauntlet lined with tubing and gauges.  Slow and unwieldy, it uses internal pressure to deliver devastating blows, but takes tremendous strength to use effectively.  Thanks to an internal microreactor, it doesn't require power of its own.",
    "weight": "3778 g",
    "volume": "2 L",
    "price": 10000000,
    "price_postapoc": 20000,
    "material": [ "hardsteel" ],
    "symbol": "[",
    "looks_like": "gauntlets_chitin",
    "color": "light_gray",
    "bashing": 50,
    "to_hit": -2,
    "flags": [ "NO_REPAIR", "NONCONDUCTIVE", "SLOW_WIELD", "DURABLE_MELEE", "LEAK_DAM", "UNARMED_WEAPON" ],
    "techniques": [ "BRUTAL", "AFS_PRESSURE_CRUNCH" ]
  },
  {
    "id": "afs_freeze_gauntlet",
    "type": "GENERIC",
    "name": { "str_sp": "psychrophile handling gloves" },
    "description": "These gloves are designed for handling organisms that live in extremely cold temperatures.  They can also be used to freeze your foes to death.",
    "weight": "3778 g",
    "volume": "2 L",
    "price": 10000000,
    "price_postapoc": 20000,
    "material": [ "superalloy" ],
    "symbol": "[",
    "looks_like": "gauntlets_chitin",
    "color": "light_cyan",
    "bashing": 3,
    "relic_data": {
      "passive_effects": [ { "has": "WIELD", "condition": "ALWAYS", "values": [ { "value": "ITEM_DAMAGE_COLD", "add": 43 } ] } ]
    },
    "to_hit": 0,
    "flags": [ "NO_REPAIR", "NONCONDUCTIVE", "SLOW_WIELD", "DURABLE_MELEE", "UNARMED_WEAPON" ],
    "techniques": [ "WBLOCK_1" ]
  },
  {
    "type": "GENERIC",
    "id": "golf_club",
    "name": { "str": "golf club" },
    "copy-from": "golf_club",
    "material": [ "aluminum", "titanium" ]
  },
  {
    "id": "afs_bionic_rocket",
    "type": "GUN",
    "name": { "str": "deployed grenade launcher" },
    "description": "A grenade launcher mounted onto your right-hand wrist.  Less powerful than a proper grenade launcher, but infinitely more portable, and quick to reload.",
    "volume": "2250 ml",
    "price": 0,
    "to_hit": -2,
    "bashing": 9,
    "material": [ "steel", "plastic" ],
    "symbol": "(",
    "looks_like": "bio_int_enhancer",
    "color": "magenta",
    "skill": "launcher",
    "ammo": [ "40x46mm" ],
    "dispersion": 290,
    "durability": 6,
    "clip_size": 1,
    "reload": 150,
    "flags": [ "NEVER_JAMS", "NO_UNWIELD", "TRADER_AVOID" ],
    "pocket_data": [ { "pocket_type": "MAGAZINE", "ammo_restriction": { "40x46mm": 1 } } ]
  },
  {
    "id": "TANK",
    "looks_like": "m79",
    "type": "GUN",
    "symbol": "(",
    "color": "green",
    "name": { "str_sp": "Tankbot Main Gun" },
    "description": "The 120mm cannon from a tankbot.  If you have this, you'd best be debugging!",
    "price": 99999999,
    "material": [ "steel" ],
    "skill": "launcher",
    "ammo": [ "120mm" ],
    "weight": "2500 g",
    "volume": "2500 ml",
    "bashing": 6,
    "to_hit": -3,
    "dispersion": 60,
    "durability": 9,
    "clip_size": 1,
    "loudness": 300,
    "pocket_data": [ { "pocket_type": "MAGAZINE", "ammo_restriction": { "120mm": 1 } } ]
  },
  {
    "type": "GENERIC",
    "id": "afs_titanium_bat",
    "name": { "str": "titanium bat" },
    "description": "A luxury baseball bat made out of titanium that was banned from competitive sport due to the increased performance that put defenders at risk.",
    "weight": "680 g",
    "to_hit": 3,
    "color": "light_gray",
    "symbol": "/",
    "material": [ "titanium" ],
    "looks_like": "bat_metal",
    "techniques": [ "WBLOCK_1" ],
    "flags": [ "DURABLE_MELEE" ],
    "volume": "1750 ml",
    "bashing": 22,
    "price": 20000
  },
  {
    "id": "ceramic_knife",
    "type": "TOOL",
    "category": "weapons",
    "name": { "str": "bodyguard knife", "str_pl": "bodyguard knives" },
    "description": "Designed to evade security measures, this knife is a must have for any Cataclysm dinner party.",
    "weight": "390 g",
    "volume": "250 ml",
    "price": 4000,
    "bashing": 2,
    "cutting": 15,
    "material": [ "ceramic", "plastic" ],
    "symbol": "/",
    "color": "dark_gray",
    "qualities": [ [ "CUT", 1 ], [ "BUTCHER", 5 ] ],
    "flags": [ "SHEATH_KNIFE", "DURABLE_MELEE", "STAB" ]
  },
  {
    "type": "GENERIC",
    "id": "trident",
    "name": { "str": "trident" },
    "category": "tools",
    "description": "A three pronged spear that is surface treated to be used confidently above and below water.",
    "weight": "1200 g",
    "color": "brown",
    "symbol": "/",
    "material": [ "steel", "ceramic" ],
    "techniques": [ "WBLOCK_1", "DEF_DISARM" ],
    "volume": "1750 ml",
    "longest_side": "140 cm",
    "bashing": 5,
    "cutting": 28,
    "qualities": [ [ "COOK", 1 ] ],
    "flags": [ "SPEAR", "REACH_ATTACK", "NONCONDUCTIVE", "SHEATH_SPEAR", "STAB" ],
    "price": 7500,
    "price_postapoc": 1200
  },
  {
    "id": "azabow_off",
    "type": "GUN",
    "symbol": "(",
    "color": "white",
    "name": { "str": "aztlani bow" },
    "description": "An ornate bow used by Aztlani nobility during hunting rituals.  Designed to fell the plated creatures of Aztlan, its articulated and power assisted limbs allow it to fire projectiles with a strength comparable to modern assault rifles.  .\n\nWith its drawing aid system currently disabled, firing it will require truly superhuman strength.  It can be activated to toggle it drawing assist functionality.",
    "price": 50000,
    "material": [ "superalloy", "hardsteel", "wood" ],
    "flags": [ "FIRE_TWOHAND", "RELOAD_AND_SHOOT", "BELTED", "SHEATH_BOW" ],
    "skill": "archery",
    "min_strength": 40,
    "ammo": [ "arrow" ],
    "weight": "2000 g",
    "volume": "3500 ml",
    "longest_side": "183 cm",
    "price_postapoc": 40000,
    "bashing": 10,
    "armor_data": { "covers": [ "torso" ], "coverage": 5, "material_thickness": 1, "encumbrance": 20 },
    "reload_noise_volume": 3,
    "loudness": 8,
    "ranged_damage": { "damage_type": "stab", "amount": 17 },
    "range": 25,
    "dispersion": 1000,
    "clip_size": 1,
    "valid_mod_locations": [ [ "dampening", 1 ] ],
    "pocket_data": [ { "pocket_type": "MAGAZINE", "ammo_restriction": { "arrow": 1 } } ],
    "use_action": {
      "menu_text": "Activate",
      "type": "transform",
      "target": "azabow_on",
      "msg": "You connect the bow to your UPS.",
      "need_charges": 1,
      "need_charges_msg": "The UPS is out of charges.",
      "active": true
    }
  },
  {
    "id": "azabow_on",
    "type": "GUN",
    "symbol": "(",
    "color": "white",
    "name": { "str": "aztlani bow (active)", "str_pl": "aztlani bows (active)" },
    "description": "An ornate bow used by Aztlani nobility during hunting rituals.  Designed to fell the plated creatures of Aztlan, its articulated and power assisted limbs allow it to fire projectiles with a strength comparable to modern assault rifles.  .\n\nWith its drawing aid system enabled, it can be much more easily drawn, at the cost of a modest amount of UPS power consumption per arrow.  It can be activated to toggle it drawing assist functionality.",
    "price": 50000,
    "material": [ "superalloy", "hardsteel", "wood" ],
    "flags": [ "FIRE_TWOHAND", "RELOAD_AND_SHOOT", "BELTED", "SHEATH_BOW" ],
    "skill": "archery",
    "min_strength": 20,
    "ammo": [ "arrow" ],
    "weight": "2000 g",
    "volume": "3500 ml",
    "longest_side": "183 cm",
    "price_postapoc": 40000,
    "bashing": 10,
    "armor_data": { "covers": [ "torso" ], "coverage": 5, "material_thickness": 1, "encumbrance": 20 },
    "reload_noise_volume": 3,
    "loudness": 8,
    "ranged_damage": { "damage_type": "stab", "amount": 17 },
    "range": 25,
    "dispersion": 1000,
    "clip_size": 1,
    "valid_mod_locations": [ [ "dampening", 1 ] ],
    "pocket_data": [ { "pocket_type": "MAGAZINE", "ammo_restriction": { "arrow": 1 } } ],
    "use_action": { "menu_text": "Deactivate", "type": "transform", "target": "azabow_off", "msg": "You disconnect the UPS." }
  },
  {
    "id": "aza_sword",
    "type": "TOOL",
    "symbol": "/",
    "color": "white",
    "name": { "str": "aztlani hunting sword" },
    "description": "An ornate, single-handed sword used by Aztlani hunters to finish injured game.  Made from gleaming composite alloy, its tip and frontal blade have been sharpened to a monomolecular point, while its back features a serrated saw edge.",
    "price": 100000,
    "price_postapoc": 450000,
    "material": [ "superalloy", "hardsteel", "wood" ],
    "flags": [ "DURABLE_MELEE", "SHEATH_SWORD" ],
    "techniques": [ "WBLOCK_2" ],
    "weight": "1360 g",
    "volume": "2 L",
    "longest_side": "90 cm",
    "bashing": 10,
    "cutting": 50,
    "to_hit": 2,
    "category": "weapons",
    "qualities": [ [ "CUT", 1 ], [ "BUTCHER", 8 ] ]
  },
  {
    "id": "scrapbow",
    "looks_like": "longbow",
    "type": "GUN",
    "symbol": "(",
    "color": "yellow",
    "name": { "str": "salvage bow" },
    "description": "A bow made from readily-available materials, and quickly and cheaply put together.  It is not made to be pretty, but to get a job done.  Its nocks and string are made of shape-memory alloy that help increase string tension in the string.  The memory alloy requires a UPS source to be activated.",
    "price": 38000,
    "material": [ "steel", "plastic" ],
    "flags": [ "FIRE_TWOHAND", "RELOAD_AND_SHOOT", "BELTED", "WATER_FRIENDLY", "SHEATH_BOW" ],
    "skill": "archery",
    "min_strength": 12,
    "ups_charges": 4,
    "ammo": [ "arrow" ],
    "weight": "540 g",
    "volume": "2500 ml",
    "longest_side": "152 cm",
    "price_postapoc": 2000,
    "bashing": 12,
    "armor_data": { "covers": [ "torso" ], "coverage": 5, "material_thickness": 1, "encumbrance": 20 },
    "reload_noise_volume": 3,
    "loudness": 8,
    "ranged_damage": { "damage_type": "stab", "amount": 12 },
    "range": 14,
    "dispersion": 850,
    "durability": 6,
    "clip_size": 1,
    "valid_mod_locations": [ [ "underbarrel", 1 ], [ "sights", 1 ], [ "accessories", 2 ], [ "stabilizer", 1 ], [ "dampening", 1 ] ],
    "pocket_data": [ { "pocket_type": "MAGAZINE", "ammo_restriction": { "arrow": 1 } } ]
  },
  {
    "id": "scrapcrossbow",
    "looks_like": "crossbow",
    "type": "GUN",
    "symbol": "(",
    "color": "green",
    "name": { "str": "salvage crossbow" },
    "reload_noise_volume": 4,
    "description": "A crossbow constructed of readily available materials, and quickly and cheaply put together.  While it isn't very pretty, it gets the job done, and its drawing mechanism is motorized allowing quick reloading.",
    "price": 200000,
    "material": [ "steel", "plastic" ],
    "skill": "rifle",
    "min_strength": 7,
    "ammo": [ "bolt" ],
    "weight": "3000 g",
    "volume": "1750 ml",
    "longest_side": "69 cm",
    "price_postapoc": 6000,
    "ups_charges": 4,
    "bashing": 11,
    "to_hit": 1,
    "ranged_damage": { "damage_type": "stab", "amount": 16 },
    "range": 22,
    "loudness": 12,
    "dispersion": 325,
    "durability": 6,
    "clip_size": 1,
    "reload": 900,
    "valid_mod_locations": [
      [ "accessories", 4 ],
      [ "grip", 1 ],
      [ "mechanism", 4 ],
      [ "rail", 1 ],
      [ "sights", 1 ],
      [ "sling", 1 ],
      [ "stock", 1 ],
      [ "underbarrel", 1 ],
      [ "dampening", 1 ]
    ],
    "pocket_data": [ { "pocket_type": "MAGAZINE", "ammo_restriction": { "bolt": 1 } } ]
  }
]
