[
  {
    "result": "bolter",
    "activity_level": "LIGHT_EXERCISE",
    "type": "recipe",
    "category": "CC_OTHER",
    "subcategory": "CSC_OTHER_PARTS",
    "skill_used": "mechanics",
    "difficulty": 5,
    "skills_required": [ "fabrication", 5 ],
    "time": "8 h 20 m",
    "autolearn": true,
    "using": [ [ "soldering_standard", 30 ] ],
    "qualities": [ { "id": "HAMMER", "level": 2 }, { "id": "SAW_M", "level": 1 } ],
    "components": [ [ [ "foot_crank", 1 ] ], [ [ "scrap", 9 ], [ "steel_chunk", 3 ] ], [ [ "helsing", 1 ] ] ]
  },
  {
    "result": "cangun",
    "activity_level": "LIGHT_EXERCISE",
    "type": "recipe",
    "category": "CC_OTHER",
    "subcategory": "CSC_OTHER_PARTS",
    "skill_used": "mechanics",
    "difficulty": 4,
    "skills_required": [ "fabrication", 3 ],
    "time": "6 h 40 m",
    "autolearn": true,
    "using": [ [ "soldering_standard", 20 ] ],
    "qualities": [ { "id": "SAW_W", "level": 1 }, { "id": "CUT", "level": 1 } ],
    "components": [
      [ [ "hose", 6 ], [ "string_36", 6 ] ],
      [ [ "adhesive", 3, "LIST" ], [ "nail", 100 ] ],
      [ [ "foot_crank", 1 ] ],
      [ [ "2x4", 8 ] ],
      [ [ "steel_chunk", 3 ], [ "scrap", 9 ] ]
    ]
  },
  {
    "result": "cutter",
    "activity_level": "LIGHT_EXERCISE",
    "type": "recipe",
    "category": "CC_OTHER",
    "subcategory": "CSC_OTHER_PARTS",
    "skill_used": "mechanics",
    "difficulty": 4,
    "skills_required": [ "fabrication", 5 ],
    "time": "16 h 40 m",
    "autolearn": true,
    "using": [ [ "forging_standard", 4 ], [ "steel_tiny", 4 ] ],
    "qualities": [ { "id": "HAMMER", "level": 3 }, { "id": "CHISEL", "level": 3 } ],
    "tools": [ [ [ "tongs", -1 ] ], [ [ "anvil", -1 ] ] ],
    "components": [ [ [ "wire", 6 ] ], [ [ "rebar", 2 ], [ "pipe", 4 ] ], [ [ "metal_tank_little", 1 ] ] ]
  },
  {
    "result": "gattler",
    "activity_level": "LIGHT_EXERCISE",
    "type": "recipe",
    "category": "CC_OTHER",
    "subcategory": "CSC_OTHER_PARTS",
    "skill_used": "mechanics",
    "difficulty": 4,
    "skills_required": [ "fabrication", 4 ],
    "time": "11 h 6 m 40 s",
    "autolearn": true,
    "using": [ [ "adhesive", 2 ], [ "welding_standard", 10 ] ],
    "qualities": [ { "id": "HAMMER", "level": 2 }, { "id": "SAW_M", "level": 1 } ],
    "components": [
      [ [ "pipe", 3 ] ],
      [ [ "foot_crank", 1 ] ],
      [ [ "scrap", 18 ], [ "steel_chunk", 9 ], [ "steel_lump", 3 ] ],
      [ [ "element", 1 ], [ "pilot_light", 1 ] ],
      [ [ "chain", 1 ] ]
    ]
  },
  {
    "result": "lasgun",
    "activity_level": "LIGHT_EXERCISE",
    "type": "recipe",
    "category": "CC_OTHER",
    "subcategory": "CSC_OTHER_PARTS",
    "skill_used": "electronics",
    "difficulty": 5,
    "skills_required": [ "mechanics", 3 ],
    "time": "13 h 53 m 20 s",
    "autolearn": true,
    "using": [ [ "welding_standard", 3 ] ],
    "qualities": [ { "id": "HAMMER", "level": 2 }, { "id": "SAW_M", "level": 1 } ],
    "components": [
      [ [ "lens", 2 ] ],
      [ [ "scrap", 9 ], [ "steel_chunk", 3 ] ],
      [ [ "cable", 50 ] ],
      [ [ "plastic_chunk", 2 ] ],
      [ [ "amplifier", 2 ] ],
      [ [ "power_supply", 2 ] ],
      [ [ "cerberus_laser", 1 ], [ "bio_blaster", 1 ] ]
    ]
  },
  {
    "result": "lasgunp",
    "activity_level": "LIGHT_EXERCISE",
    "type": "recipe",
    "category": "CC_OTHER",
    "subcategory": "CSC_OTHER_PARTS",
    "skill_used": "electronics",
    "difficulty": 4,
    "skills_required": [ "mechanics", 3 ],
    "time": "10 h 20 m",
    "autolearn": true,
    "using": [ [ "soldering_standard", 40 ] ],
    "qualities": [ { "id": "HAMMER", "level": 2 }, { "id": "SAW_M", "level": 1 } ],
    "components": [
      [ [ "v29", 1 ], [ "laser_rifle", 1 ] ],
      [ [ "lens", 2 ] ],
      [ [ "UPS_off", 1 ], [ "small_storage_battery", 1 ] ],
      [ [ "scrap", 4 ] ],
      [ [ "cable", 20 ] ],
      [ [ "e_scrap", 4 ] ],
      [ [ "amplifier", 4 ] ],
      [ [ "power_supply", 4 ] ],
      [ [ "plastic_chunk", 4 ] ]
    ]
  },
  {
    "result": "lasgunx",
    "activity_level": "LIGHT_EXERCISE",
    "type": "recipe",
    "category": "CC_OTHER",
    "subcategory": "CSC_OTHER_PARTS",
    "skill_used": "electronics",
    "difficulty": 6,
    "skills_required": [ "mechanics", 3 ],
    "time": "16 h 40 m",
    "autolearn": true,
    "using": [ [ "welding_standard", 3 ] ],
    "qualities": [ { "id": "HAMMER", "level": 2 }, { "id": "SAW_M", "level": 1 } ],
    "components": [
      [ [ "UPS_off", 2 ], [ "small_storage_battery", 2 ] ],
      [ [ "lens", 4 ] ],
      [ [ "scrap", 9 ], [ "steel_chunk", 3 ] ],
      [ [ "cable", 50 ] ],
      [ [ "plastic_chunk", 8 ] ],
      [ [ "amplifier", 8 ] ],
      [ [ "power_supply", 8 ] ],
      [ [ "cerberus_laser", 1 ], [ "bio_blaster", 1 ] ]
    ]
  },
  {
    "result": "nailer",
    "activity_level": "LIGHT_EXERCISE",
    "type": "recipe",
    "category": "CC_OTHER",
    "subcategory": "CSC_OTHER_PARTS",
    "skill_used": "electronics",
    "difficulty": 5,
    "skills_required": [ "mechanics", 3 ],
    "time": "33 h 20 m",
    "autolearn": true,
    "using": [ [ "soldering_standard", 30 ] ],
    "qualities": [ { "id": "HAMMER", "level": 2 }, { "id": "SAW_M", "level": 1 } ],
    "components": [
      [ [ "UPS_off", 1 ], [ "small_storage_battery", 1 ] ],
      [ [ "scrap", 8 ], [ "steel_chunk", 3 ] ],
      [ [ "cable", 100 ] ],
      [ [ "plastic_chunk", 10 ] ],
      [ [ "amplifier", 5 ] ],
      [ [ "power_supply", 5 ] ],
      [ [ "coilgun", 1 ] ]
    ]
  },
  {
    "result": "needler",
    "activity_level": "LIGHT_EXERCISE",
    "type": "recipe",
    "category": "CC_OTHER",
    "subcategory": "CSC_OTHER_PARTS",
    "skill_used": "mechanics",
    "difficulty": 3,
    "skills_required": [ "gun", 3 ],
    "time": "8 h 20 m",
    "autolearn": true,
    "using": [ [ "soldering_standard", 40 ] ],
    "qualities": [ { "id": "HAMMER", "level": 2 }, { "id": "SAW_M", "level": 1 } ],
    "components": [ [ [ "foot_crank", 1 ] ], [ [ "scrap", 12 ], [ "steel_chunk", 4 ] ], [ [ "nailrifle", 1 ] ] ]
  },
  {
    "result": "railturret",
    "activity_level": "LIGHT_EXERCISE",
    "type": "recipe",
    "category": "CC_OTHER",
    "subcategory": "CSC_OTHER_PARTS",
    "skill_used": "electronics",
    "difficulty": 8,
    "skills_required": [ "mechanics", 4 ],
    "time": "66 h 40 m",
    "autolearn": true,
    "qualities": [ { "id": "HAMMER", "level": 2 }, { "id": "SAW_M", "level": 1 } ],
    "using": [ [ "soldering_standard", 30 ] ],
    "components": [
      [ [ "UPS_off", 2 ], [ "small_storage_battery", 2 ] ],
      [ [ "scrap", 12 ], [ "steel_chunk", 3 ] ],
      [ [ "cable", 200 ] ],
      [ [ "plastic_chunk", 12 ] ],
      [ [ "amplifier", 8 ] ],
      [ [ "power_supply", 8 ] ],
      [ [ "rebar_rifle", 1 ] ],
      [ [ "e_scrap", 20 ] ]
    ]
  },
  {
    "result": "ripper",
    "activity_level": "LIGHT_EXERCISE",
    "type": "recipe",
    "category": "CC_OTHER",
    "subcategory": "CSC_OTHER_PARTS",
    "skill_used": "mechanics",
    "difficulty": 6,
    "skills_required": [ "fabrication", 5 ],
    "time": "33 h 20 m",
    "autolearn": true,
    "using": [ [ "forging_standard", 2 ], [ "steel_standard", 2 ] ],
    "qualities": [ { "id": "HAMMER", "level": 3 }, { "id": "CHISEL", "level": 3 } ],
    "tools": [ [ [ "tongs", -1 ] ], [ [ "anvil", -1 ] ] ],
    "components": [ [ [ "wire", 10 ] ], [ [ "rebar", 4 ], [ "pipe", 8 ] ] ]
  },
  {
    "result": "rslauncher",
    "activity_level": "LIGHT_EXERCISE",
    "type": "recipe",
    "category": "CC_WEAPON",
    "subcategory": "CSC_WEAPON_RANGED",
    "skill_used": "mechanics",
    "difficulty": 8,
    "skills_required": [ "gun", 3 ],
    "time": "50 h",
    "autolearn": true,
    "using": [ [ "welding_standard", 30 ] ],
    "qualities": [ { "id": "SAW_M_FINE", "level": 1 }, { "id": "SCREW_FINE", "level": 1 }, { "id": "WRENCH_FINE", "level": 1 } ],
    "components": [
      [ [ "pipe", 12 ] ],
      [ [ "nail", 100 ], [ "adhesive", 2, "LIST" ] ],
      [ [ "2x4", 3 ], [ "stick", 3 ] ],
      [ [ "metal_tank", 1 ] ],
      [ [ "steel_chunk", 5 ], [ "scrap", 15 ] ],
      [ [ "foot_crank", 1 ] ]
    ]
  },
  {
    "result": "scorpion",
    "activity_level": "LIGHT_EXERCISE",
    "type": "recipe",
    "category": "CC_OTHER",
    "subcategory": "CSC_OTHER_PARTS",
    "skill_used": "fabrication",
    "difficulty": 5,
    "skills_required": [ "archery", 5 ],
    "time": "16 h 40 m",
    "autolearn": true,
    "qualities": [ { "id": "HAMMER", "level": 2 }, { "id": "SAW_W", "level": 1 }, { "id": "CUT", "level": 1 } ],
    "using": [ [ "soldering_standard", 20 ] ],
    "components": [
      [ [ "2x4", 12 ], [ "stick", 12 ] ],
      [ [ "string_36", 12 ] ],
      [ [ "foot_crank", 1 ] ],
      [ [ "steel_chunk", 3 ], [ "scrap", 9 ] ],
      [ [ "nail", 60 ], [ "adhesive", 5, "LIST" ] ]
    ]
  },
  {
    "result": "shardgun",
    "activity_level": "LIGHT_EXERCISE",
    "type": "recipe",
    "category": "CC_OTHER",
    "subcategory": "CSC_OTHER_PARTS",
    "skill_used": "electronics",
    "difficulty": 4,
    "skills_required": [ "mechanics", 3 ],
    "time": "33 h 20 m",
    "autolearn": true,
    "using": [ [ "soldering_standard", 30 ] ],
    "qualities": [ { "id": "HAMMER", "level": 2 }, { "id": "SAW_M", "level": 1 } ],
    "components": [
      [ [ "UPS_off", 1 ], [ "small_storage_battery", 1 ] ],
      [ [ "scrap", 8 ], [ "steel_chunk", 3 ] ],
      [ [ "cable", 60 ] ],
      [ [ "plastic_chunk", 8 ] ],
      [ [ "amplifier", 3 ] ],
      [ [ "power_supply", 3 ] ],
      [ [ "coilgun", 1 ] ]
    ]
  },
  {
    "result": "slauncher",
    "activity_level": "LIGHT_EXERCISE",
    "type": "recipe",
    "category": "CC_OTHER",
    "subcategory": "CSC_OTHER_PARTS",
    "skill_used": "fabrication",
    "difficulty": 4,
    "skills_required": [ "mechanics", 4 ],
    "time": "16 h 40 m",
    "autolearn": true,
    "using": [ [ "soldering_standard", 75 ] ],
    "qualities": [ { "id": "HAMMER", "level": 1 }, { "id": "SAW_M", "level": 1 } ],
    "components": [
      [ [ "2x4", 1 ], [ "stick", 1 ] ],
      [ [ "string_36", 6 ] ],
      [ [ "foot_crank", 1 ] ],
      [ [ "pipe", 4 ] ],
      [ [ "steel_chunk", 3 ], [ "scrap", 9 ] ],
      [ [ "nail", 30 ], [ "adhesive", 3, "LIST" ] ]
    ]
  },
  {
    "result": "teslagun",
    "activity_level": "LIGHT_EXERCISE",
    "type": "recipe",
    "category": "CC_OTHER",
    "subcategory": "CSC_OTHER_PARTS",
    "skill_used": "electronics",
    "difficulty": 6,
    "skills_required": [ "mechanics", 3 ],
    "time": "66 h 40 m",
    "autolearn": true,
    "using": [ [ "soldering_standard", 30 ] ],
    "qualities": [ { "id": "HAMMER", "level": 2 }, { "id": "SAW_M", "level": 1 } ],
    "components": [
      [ [ "UPS_off", 1 ], [ "small_storage_battery", 1 ] ],
      [ [ "tazer", 2 ] ],
      [ [ "scrap", 4 ] ],
      [ [ "antenna", 1 ] ],
      [ [ "cable", 30 ] ],
      [ [ "plastic_chunk", 8 ] ],
      [ [ "amplifier", 3 ] ],
      [ [ "power_supply", 1 ] ],
      [ [ "bio_chain_lightning", 1 ] ]
    ]
  },
  {
    "result": "tiharturret",
    "activity_level": "LIGHT_EXERCISE",
    "type": "recipe",
    "category": "CC_OTHER",
    "subcategory": "CSC_OTHER_PARTS",
    "skill_used": "mechanics",
    "difficulty": 6,
    "skills_required": [ "gun", 3 ],
    "time": "6 h 40 m",
    "autolearn": true,
    "using": [ [ "soldering_standard", 30 ] ],
    "qualities": [ { "id": "HAMMER", "level": 2 }, { "id": "SAW_M", "level": 1 } ],
    "components": [ [ [ "foot_crank", 1 ] ], [ [ "scrap", 12 ], [ "steel_chunk", 4 ] ], [ [ "tihar", 1 ] ] ]
  }
]
