[
  {
    "result": "solar_array",
    "activity_level": "LIGHT_EXERCISE",
    "type": "recipe",
    "category": "CC_OTHER",
    "subcategory": "CSC_OTHER_MATERIALS",
    "skill_used": "fabrication",
    "difficulty": 6,
    "skills_required": [ "mechanics", 3 ],
    "time": "50 h",
    "autolearn": true,
    "using": [ [ "welding_standard", 30 ] ],
    "qualities": [ { "id": "HAMMER", "level": 2 }, { "id": "SAW_M", "level": 1 } ],
    "components": [
      [ [ "pipe", 24 ], [ "rebar", 12 ] ],
      [ [ "steel_chunk", 18 ], [ "steel_lump", 6 ] ],
      [ [ "spring", 6 ] ],
      [ [ "solar_panel", 12 ] ]
    ]
  },
  {
    "result": "solar_array2",
    "activity_level": "LIGHT_EXERCISE",
    "type": "recipe",
    "category": "CC_OTHER",
    "subcategory": "CSC_OTHER_MATERIALS",
    "skill_used": "fabrication",
    "difficulty": 6,
    "skills_required": [ "mechanics", 3 ],
    "time": "50 h",
    "autolearn": true,
    "using": [ [ "welding_standard", 30 ] ],
    "qualities": [ { "id": "HAMMER", "level": 2 }, { "id": "SAW_M", "level": 1 } ],
    "components": [
      [ [ "pipe", 24 ], [ "rebar", 12 ] ],
      [ [ "steel_chunk", 18 ], [ "steel_lump", 6 ] ],
      [ [ "spring", 6 ] ],
      [ [ "solar_panel_v2", 12 ] ]
    ]
  },
  {
    "result": "solar_array2r",
    "activity_level": "LIGHT_EXERCISE",
    "type": "recipe",
    "category": "CC_OTHER",
    "subcategory": "CSC_OTHER_MATERIALS",
    "skill_used": "fabrication",
    "difficulty": 6,
    "skills_required": [ "mechanics", 3 ],
    "time": "50 h",
    "autolearn": true,
    "using": [ [ "welding_standard", 30 ] ],
    "qualities": [ { "id": "HAMMER", "level": 2 }, { "id": "SAW_M", "level": 1 } ],
    "components": [
      [ [ "pipe", 24 ], [ "rebar", 12 ] ],
      [ [ "steel_chunk", 18 ], [ "steel_lump", 6 ] ],
      [ [ "spring", 6 ] ],
      [ [ "reinforced_solar_panel_v2", 12 ] ]
    ]
  },
  {
    "result": "tread1",
    "activity_level": "LIGHT_EXERCISE",
    "type": "recipe",
    "category": "CC_OTHER",
    "subcategory": "CSC_OTHER_MATERIALS",
    "skill_used": "fabrication",
    "difficulty": 6,
    "skills_required": [ "mechanics", 6 ],
    "time": "116 h 40 m",
    "autolearn": true,
    "using": [ [ "forging_standard", 10 ], [ "steel_standard", 10 ] ],
    "qualities": [ { "id": "HAMMER", "level": 3 }, { "id": "CUT", "level": 1 }, { "id": "CHISEL", "level": 3 } ],
    "tools": [ [ [ "tongs", -1 ] ], [ [ "anvil", -1 ] ], [ [ "swage", -1 ] ] ],
    "components": [ [ [ "wire", 20 ] ], [ [ "plastic_chunk", 200 ] ], [ [ "chain", 6 ] ] ]
  },
  {
    "result": "tread2",
    "activity_level": "LIGHT_EXERCISE",
    "type": "recipe",
    "category": "CC_OTHER",
    "subcategory": "CSC_OTHER_MATERIALS",
    "skill_used": "fabrication",
    "difficulty": 7,
    "skills_required": [ "mechanics", 7 ],
    "time": "144 h 26 m 40 s",
    "autolearn": true,
    "using": [ [ "forging_standard", 15 ], [ "steel_standard", 15 ] ],
    "qualities": [ { "id": "HAMMER", "level": 3 }, { "id": "CUT", "level": 1 }, { "id": "CHISEL", "level": 3 } ],
    "tools": [ [ [ "tongs", -1 ] ], [ [ "anvil", -1 ] ], [ [ "swage", -1 ] ] ],
    "components": [ [ [ "steel_plate", 10 ] ], [ [ "chain", 6 ] ] ]
  },
  {
    "result": "tread3",
    "activity_level": "LIGHT_EXERCISE",
    "type": "recipe",
    "category": "CC_OTHER",
    "subcategory": "CSC_OTHER_MATERIALS",
    "skill_used": "fabrication",
    "difficulty": 7,
    "skills_required": [ "mechanics", 7 ],
    "time": "200 h",
    "autolearn": true,
    "using": [ [ "forging_standard", 20 ], [ "steel_standard", 20 ] ],
    "qualities": [ { "id": "HAMMER", "level": 3 }, { "id": "CUT", "level": 1 }, { "id": "CHISEL", "level": 3 } ],
    "tools": [ [ [ "tongs", -1 ] ], [ [ "anvil", -1 ] ], [ [ "swage", -1 ] ] ],
    "components": [ [ [ "hard_plate", 10 ] ], [ [ "chain", 8 ] ] ]
  },
  {
    "result": "turret_mount",
    "activity_level": "LIGHT_EXERCISE",
    "type": "recipe",
    "category": "CC_OTHER",
    "subcategory": "CSC_OTHER_MATERIALS",
    "skill_used": "fabrication",
    "difficulty": 5,
    "skills_required": [ [ "mechanics", 5 ], [ "electronics", 5 ] ],
    "time": "2 h 30 m",
    "autolearn": true,
    "using": [ [ "welding_standard", 10 ] ],
    "qualities": [ { "id": "HAMMER", "level": 2 }, { "id": "SAW_M", "level": 1 } ],
    "components": [
      [ [ "pipe", 8 ], [ "rebar", 4 ] ],
      [ [ "wire", 20 ] ],
      [ [ "scrap", 21 ], [ "steel_chunk", 9 ], [ "steel_lump", 1 ] ],
      [ [ "spring", 4 ] ],
      [ [ "metal_tank_little", 1 ] ],
      [ [ "small_storage_battery", 1 ], [ "UPS_off", 1 ] ],
      [ [ "e_scrap", 8 ] ],
      [ [ "solar_cell", 12 ] ],
      [ [ "cable", 40 ] ],
      [ [ "power_supply", 2 ] ],
      [ [ "motor", 1 ], [ "motor_small", 2 ] ],
      [ [ "processor", 2 ] ],
      [ [ "RAM", 2 ] ]
    ]
  },
  {
    "result": "space_anomaly",
    "activity_level": "LIGHT_EXERCISE",
    "type": "recipe",
    "category": "CC_OTHER",
    "subcategory": "CSC_OTHER_MATERIALS",
    "skill_used": "electronics",
    "difficulty": 8,
    "skills_required": [ [ "mechanics", 3 ], [ "electronics", 3 ] ],
    "time": "40 h",
    "autolearn": true,
    "using": [ [ "welding_standard", 6 ] ],
    "qualities": [ { "id": "HAMMER", "level": 2 }, { "id": "SAW_M", "level": 1 } ],
    "components": [ [ [ "cargo_rack", 1 ] ], [ [ "teleporter", 1 ] ], [ [ "portal", 1 ] ], [ [ "plut_cell", 5 ] ] ]
  }
]
