[
  {
    "result": "gloopletread",
    "activity_level": "LIGHT_EXERCISE",
    "type": "recipe",
    "category": "CC_OTHER",
    "subcategory": "CSC_OTHER_MATERIALS",
    "skill_used": "cooking",
    "difficulty": 6,
    "time": "4 h 10 m",
    "autolearn": true,
    "components": [ [ [ "gloople", 1 ] ] ]
  },
  {
    "result": "oozletread",
    "activity_level": "LIGHT_EXERCISE",
    "type": "recipe",
    "category": "CC_OTHER",
    "subcategory": "CSC_OTHER_MATERIALS",
    "skill_used": "cooking",
    "difficulty": 6,
    "time": "4 h 10 m",
    "autolearn": true,
    "components": [ [ [ "oozle", 1 ] ] ]
  },
  {
    "result": "graytread",
    "activity_level": "LIGHT_EXERCISE",
    "type": "recipe",
    "category": "CC_OTHER",
    "subcategory": "CSC_OTHER_MATERIALS",
    "skill_used": "cooking",
    "difficulty": 6,
    "time": "4 h 10 m",
    "autolearn": true,
    "components": [ [ [ "gray", 1 ] ] ]
  },
  {
    "result": "bfeedfuel",
    "activity_level": "NO_EXERCISE",
    "type": "recipe",
    "category": "CC_CHEM",
    "subcategory": "CSC_CHEM_FUEL",
    "skill_used": "cooking",
    "difficulty": 6,
    "time": "16 m 40 s",
    "autolearn": true,
    "components": [ [ [ "water", 1 ], [ "water_clean", 1 ] ], [ [ "bfeed", 1 ] ] ]
  },
  {
    "result": "bfeed",
    "activity_level": "NO_EXERCISE",
    "type": "recipe",
    "category": "CC_OTHER",
    "subcategory": "CSC_OTHER_MATERIALS",
    "skill_used": "cooking",
    "difficulty": 6,
    "time": "33 m 20 s",
    "autolearn": true,
    "qualities": [ { "id": "CUT", "level": 1 }, { "id": "HAMMER", "level": 1 } ],
    "components": [
      [
        [ "bone", 4 ],
        [ "bone_tainted", 4 ],
        [ "bone_human", 4 ],
        [ "meat", 4 ],
        [ "meat_tainted", 4 ],
        [ "human_flesh", 4 ],
        [ "chitin_piece", 1 ],
        [ "slime_scrap", 1 ],
        [ "stomach", 2 ],
        [ "stomach_large", 1 ],
        [ "hstomach", 2 ],
        [ "hstomach_large", 1 ]
      ]
    ]
  },
  {
    "result": "bfeed",
    "activity_level": "NO_EXERCISE",
    "type": "recipe",
    "id_suffix": "blob assisted",
    "category": "CC_OTHER",
    "subcategory": "CSC_OTHER_MATERIALS",
    "skill_used": "cooking",
    "difficulty": 6,
    "time": "16 m 40 s",
    "autolearn": true,
    "tools": [ [ [ "gloople", -1 ], [ "oozle", -1 ], [ "gray", -1 ] ] ],
    "components": [
      [
        [ "corpse", 1 ],
        [ "bone_tainted", 4 ],
        [ "bone_human", 4 ],
        [ "meat", 4 ],
        [ "meat_tainted", 4 ],
        [ "human_flesh", 4 ],
        [ "chitin_piece", 1 ],
        [ "slime_scrap", 1 ],
        [ "stomach", 2 ],
        [ "stomach_large", 1 ],
        [ "hstomach", 2 ],
        [ "hstomach_large", 1 ]
      ]
    ]
  },
  {
    "result": "bframegrow",
    "activity_level": "LIGHT_EXERCISE",
    "type": "recipe",
    "category": "CC_OTHER",
    "subcategory": "CSC_OTHER_MATERIALS",
    "skill_used": "fabrication",
    "difficulty": 2,
    "skills_required": [ "cooking", 6 ],
    "time": "16 h 40 m",
    "autolearn": true,
    "qualities": [ { "id": "CHEM", "level": 2 } ],
    "components": [
      [ [ "bone", 20 ], [ "bone_tainted", 20 ], [ "bone_human", 20 ] ],
      [ [ "slime_scrap", 10 ] ],
      [ [ "bfeed", 500 ] ],
      [ [ "cordage", 3, "LIST" ], [ "adhesive", 3, "LIST" ] ],
      [ [ "vacutainer", 1 ] ],
      [ [ "mutagen", 3 ], [ "iv_mutagen", 1 ] ]
    ]
  },
  {
    "result": "biter",
    "activity_level": "LIGHT_EXERCISE",
    "type": "uncraft",
    "difficulty": 0,
    "time": "2 h 46 m 40 s",
    "components": [ [ [ "bitergrow", 2 ] ] ]
  },
  {
    "result": "bitergrow",
    "activity_level": "LIGHT_EXERCISE",
    "type": "recipe",
    "category": "CC_OTHER",
    "subcategory": "CSC_OTHER_PARTS",
    "skill_used": "cooking",
    "difficulty": 7,
    "skills_required": [ "fabrication", 5 ],
    "time": "8 h 20 m",
    "autolearn": true,
    "qualities": [ { "id": "CHEM", "level": 2 } ],
    "components": [
      [ [ "gray", 1 ] ],
      [ [ "bfeed", 250 ] ],
      [ [ "meal_chitin_piece", 24 ], [ "meal_bone_tainted", 24 ], [ "meal_bone", 24 ] ],
      [ [ "mutagen", 1 ] ]
    ]
  },
  {
    "result": "clutter",
    "activity_level": "LIGHT_EXERCISE",
    "type": "uncraft",
    "difficulty": 0,
    "time": "2 h 46 m 40 s",
    "components": [ [ [ "cluttergrow", 2 ] ] ]
  },
  {
    "result": "cluttergrow",
    "activity_level": "LIGHT_EXERCISE",
    "type": "recipe",
    "category": "CC_OTHER",
    "subcategory": "CSC_OTHER_PARTS",
    "skill_used": "cooking",
    "difficulty": 2,
    "skills_required": [ "fabrication", 2 ],
    "time": "16 h 40 m",
    "autolearn": true,
    "qualities": [ { "id": "CHEM", "level": 2 } ],
    "components": [ [ [ "gray", 1 ] ], [ [ "bfeed", 1000 ] ], [ [ "mutagen", 3 ], [ "iv_mutagen", 1 ] ] ]
  },
  {
    "result": "freeziegrow",
    "activity_level": "LIGHT_EXERCISE",
    "type": "recipe",
    "category": "CC_OTHER",
    "subcategory": "CSC_OTHER_PARTS",
    "skill_used": "cooking",
    "difficulty": 7,
    "skills_required": [ "fabrication", 5 ],
    "time": "8 h 20 m",
    "autolearn": true,
    "qualities": [ { "id": "CHEM", "level": 2 } ],
    "components": [ [ [ "clutter", 1 ] ], [ [ "bfeed", 500 ] ], [ [ "frostie", 1 ] ], [ [ "mutagen", 3 ], [ "iv_mutagen", 1 ] ] ]
  },
  {
    "result": "frostie",
    "activity_level": "LIGHT_EXERCISE",
    "type": "uncraft",
    "difficulty": 0,
    "time": "1 h 23 m 20 s",
    "components": [ [ [ "frostiegrow", 2 ] ] ]
  },
  {
    "result": "frostiegrow",
    "activity_level": "LIGHT_EXERCISE",
    "type": "recipe",
    "category": "CC_OTHER",
    "subcategory": "CSC_OTHER_PARTS",
    "skill_used": "cooking",
    "difficulty": 8,
    "skills_required": [ "fabrication", 5 ],
    "time": "8 h 20 m",
    "autolearn": true,
    "qualities": [ { "id": "CHEM", "level": 2 } ],
    "components": [
      [ [ "gloople", 1 ] ],
      [ [ "bfeed", 250 ] ],
      [ [ "water", 200 ] ],
      [ [ "plasma", 5 ] ],
      [ [ "mutagen", 3 ], [ "iv_mutagen", 1 ] ]
    ]
  },
  {
    "result": "frostie_wheel",
    "activity_level": "LIGHT_EXERCISE",
    "type": "recipe",
    "category": "CC_OTHER",
    "subcategory": "CSC_OTHER_MATERIALS",
    "skill_used": "cooking",
    "difficulty": 8,
    "time": "4 h 10 m",
    "reversible": true,
    "autolearn": true,
    "components": [ [ [ "frostie", 1 ] ], [ [ "water", 200 ] ] ]
  },
  {
    "result": "fuzzlegrow",
    "activity_level": "LIGHT_EXERCISE",
    "type": "recipe",
    "category": "CC_OTHER",
    "subcategory": "CSC_OTHER_PARTS",
    "skill_used": "cooking",
    "difficulty": 7,
    "skills_required": [ "fabrication", 5 ],
    "time": "8 h 20 m",
    "autolearn": true,
    "qualities": [ { "id": "CHEM", "level": 2 } ],
    "components": [
      [ [ "biter", 1 ] ],
      [ [ "bfeed", 250 ] ],
      [ [ "raw_fur", 150 ], [ "raw_hfur", 150 ], [ "fur", 24 ] ],
      [ [ "mutagen", 1 ] ]
    ]
  },
  {
    "result": "gloople",
    "activity_level": "LIGHT_EXERCISE",
    "type": "uncraft",
    "difficulty": 0,
    "time": "1 h 23 m 20 s",
    "components": [ [ [ "glooplegrow", 2 ] ] ]
  },
  {
    "result": "gloople_tank",
    "activity_level": "LIGHT_EXERCISE",
    "type": "recipe",
    "category": "CC_OTHER",
    "subcategory": "CSC_OTHER_MATERIALS",
    "skill_used": "cooking",
    "difficulty": 6,
    "time": "4 h 10 m",
    "reversible": true,
    "autolearn": true,
    "components": [ [ [ "gloople", 1 ] ] ]
  },
  {
    "result": "gloople_tank_large",
    "activity_level": "LIGHT_EXERCISE",
    "type": "recipe",
    "category": "CC_OTHER",
    "subcategory": "CSC_OTHER_MATERIALS",
    "skill_used": "cooking",
    "difficulty": 6,
    "time": "8 h 20 m",
    "reversible": true,
    "autolearn": true,
    "components": [ [ [ "gloople", 1 ] ] ]
  },
  {
    "result": "gloople_wheel",
    "activity_level": "LIGHT_EXERCISE",
    "type": "recipe",
    "category": "CC_OTHER",
    "subcategory": "CSC_OTHER_MATERIALS",
    "skill_used": "cooking",
    "difficulty": 6,
    "time": "4 h 10 m",
    "reversible": true,
    "autolearn": true,
    "components": [ [ [ "gloople", 1 ] ], [ [ "water", 100 ] ] ]
  },
  {
    "result": "glowie",
    "activity_level": "LIGHT_EXERCISE",
    "type": "uncraft",
    "difficulty": 0,
    "time": "1 h 23 m 20 s",
    "components": [ [ [ "glowiegrow", 2 ] ] ]
  },
  {
    "result": "glowiegrow",
    "activity_level": "LIGHT_EXERCISE",
    "type": "recipe",
    "category": "CC_OTHER",
    "subcategory": "CSC_OTHER_PARTS",
    "skill_used": "cooking",
    "difficulty": 8,
    "skills_required": [ "fabrication", 5 ],
    "time": "8 h 20 m",
    "autolearn": true,
    "qualities": [ { "id": "CHEM", "level": 2 } ],
    "components": [ [ [ "gloople", 1 ] ], [ [ "bfeed", 250 ] ], [ [ "plut_cell", 1 ] ], [ [ "mutagen", 3 ], [ "iv_mutagen", 1 ] ] ]
  },
  {
    "result": "gray",
    "activity_level": "LIGHT_EXERCISE",
    "type": "uncraft",
    "difficulty": 0,
    "time": "5 h 33 m 20 s",
    "components": [ [ [ "graygrow", 2 ] ] ]
  },
  {
    "result": "gray_tank",
    "activity_level": "LIGHT_EXERCISE",
    "type": "recipe",
    "category": "CC_OTHER",
    "subcategory": "CSC_OTHER_MATERIALS",
    "skill_used": "cooking",
    "difficulty": 6,
    "time": "4 h 10 m",
    "reversible": true,
    "autolearn": true,
    "components": [ [ [ "gray", 1 ] ] ]
  },
  {
    "result": "gray_tank_large",
    "activity_level": "LIGHT_EXERCISE",
    "type": "recipe",
    "category": "CC_OTHER",
    "subcategory": "CSC_OTHER_MATERIALS",
    "skill_used": "cooking",
    "difficulty": 6,
    "time": "8 h 20 m",
    "reversible": true,
    "autolearn": true,
    "components": [ [ [ "gray", 1 ] ] ]
  },
  {
    "result": "gray_wheel",
    "activity_level": "LIGHT_EXERCISE",
    "type": "recipe",
    "category": "CC_OTHER",
    "subcategory": "CSC_OTHER_MATERIALS",
    "skill_used": "cooking",
    "difficulty": 6,
    "time": "4 h 10 m",
    "reversible": true,
    "autolearn": true,
    "components": [ [ [ "gray", 1 ] ], [ [ "water", 200 ] ] ]
  },
  {
    "result": "graygrow",
    "activity_level": "LIGHT_EXERCISE",
    "type": "recipe",
    "category": "CC_OTHER",
    "subcategory": "CSC_OTHER_PARTS",
    "skill_used": "cooking",
    "difficulty": 6,
    "time": "8 h 20 m",
    "autolearn": true,
    "components": [ [ [ "oozle", 1 ] ], [ [ "bfeed", 1000 ] ], [ [ "mutagen", 1 ] ] ]
  },
  {
    "result": "grinder",
    "activity_level": "LIGHT_EXERCISE",
    "type": "recipe",
    "category": "CC_OTHER",
    "subcategory": "CSC_OTHER_MATERIALS",
    "skill_used": "cooking",
    "difficulty": 7,
    "skills_required": [ "fabrication", 5 ],
    "time": "8 h 20 m",
    "autolearn": true,
    "using": [ [ "adhesive", 10 ] ],
    "qualities": [ { "id": "CHEM", "level": 2 }, { "id": "HAMMER", "level": 1 } ],
    "components": [ [ [ "pebble", 500 ] ], [ [ "gray", 1 ] ], [ [ "bfeed", 500 ] ], [ [ "mutagen", 1 ] ] ]
  },
  {
    "result": "horrorgrow",
    "activity_level": "LIGHT_EXERCISE",
    "type": "recipe",
    "category": "CC_OTHER",
    "subcategory": "CSC_OTHER_PARTS",
    "skill_used": "cooking",
    "difficulty": 7,
    "skills_required": [ "fabrication", 5 ],
    "time": "8 h 20 m",
    "autolearn": true,
    "qualities": [ { "id": "CHEM", "level": 2 } ],
    "components": [
      [ [ "biter", 1 ] ],
      [ [ "bfeed", 500 ] ],
      [ [ "meal_chitin_piece", 48 ], [ "meal_bone_tainted", 48 ], [ "meal_bone", 48 ] ],
      [ [ "mutagen", 3 ], [ "iv_mutagen", 1 ] ]
    ]
  },
  {
    "result": "inkiegrow",
    "activity_level": "LIGHT_EXERCISE",
    "type": "recipe",
    "category": "CC_OTHER",
    "subcategory": "CSC_OTHER_PARTS",
    "skill_used": "cooking",
    "difficulty": 7,
    "skills_required": [ "fabrication", 5 ],
    "time": "8 h 20 m",
    "autolearn": true,
    "qualities": [ { "id": "CHEM", "level": 2 } ],
    "components": [
      [ [ "clutter", 1 ] ],
      [ [ "bfeed", 250 ] ],
      [ [ "stomach", 8 ], [ "stomach_large", 4 ], [ "hstomach", 8 ], [ "hstomach_large", 4 ], [ "plant_sac", 2 ] ],
      [ [ "gasoline", 500 ], [ "diesel", 500 ], [ "biodiesel", 500 ] ],
      [ [ "mutagen", 1 ] ]
    ]
  },
  {
    "result": "meltiegrow",
    "activity_level": "LIGHT_EXERCISE",
    "type": "recipe",
    "category": "CC_OTHER",
    "subcategory": "CSC_OTHER_PARTS",
    "skill_used": "cooking",
    "difficulty": 7,
    "skills_required": [ "fabrication", 5 ],
    "time": "8 h 20 m",
    "autolearn": true,
    "qualities": [ { "id": "CHEM", "level": 2 } ],
    "components": [
      [ [ "clutter", 1 ] ],
      [ [ "bfeed", 250 ] ],
      [ [ "stomach", 8 ], [ "stomach_large", 4 ], [ "hstomach", 8 ], [ "hstomach_large", 4 ], [ "plant_sac", 2 ] ],
      [ [ "chem_sulphuric_acid", 5 ], [ "chem_sulphuric_acid", 10 ], [ "acidbomb", 1 ] ],
      [ [ "mutagen", 1 ] ]
    ]
  },
  {
    "result": "meltie",
    "activity_level": "LIGHT_EXERCISE",
    "type": "uncraft",
    "difficulty": 0,
    "time": "2 h 46 m 40 s",
    "components": [ [ [ "meltiegrow", 2 ] ] ]
  },
  {
    "result": "oozle",
    "activity_level": "LIGHT_EXERCISE",
    "type": "uncraft",
    "difficulty": 0,
    "time": "2 h 46 m 40 s",
    "components": [ [ [ "oozlegrow", 2 ] ] ]
  },
  {
    "result": "oozle_tank",
    "activity_level": "LIGHT_EXERCISE",
    "type": "recipe",
    "category": "CC_OTHER",
    "subcategory": "CSC_OTHER_MATERIALS",
    "skill_used": "cooking",
    "difficulty": 6,
    "time": "4 h 10 m",
    "reversible": true,
    "autolearn": true,
    "components": [ [ [ "oozle", 1 ] ] ]
  },
  {
    "result": "oozle_tank_large",
    "activity_level": "LIGHT_EXERCISE",
    "type": "recipe",
    "category": "CC_OTHER",
    "subcategory": "CSC_OTHER_MATERIALS",
    "skill_used": "cooking",
    "difficulty": 6,
    "time": "8 h 20 m",
    "reversible": true,
    "autolearn": true,
    "components": [ [ [ "oozle", 1 ] ] ]
  },
  {
    "result": "oozle_wheel",
    "activity_level": "LIGHT_EXERCISE",
    "type": "recipe",
    "category": "CC_OTHER",
    "subcategory": "CSC_OTHER_MATERIALS",
    "skill_used": "cooking",
    "difficulty": 6,
    "time": "4 h 10 m",
    "reversible": true,
    "autolearn": true,
    "components": [ [ [ "oozle", 1 ] ], [ [ "water", 200 ] ] ]
  },
  {
    "result": "oozlegrow",
    "activity_level": "LIGHT_EXERCISE",
    "type": "recipe",
    "category": "CC_OTHER",
    "subcategory": "CSC_OTHER_PARTS",
    "skill_used": "cooking",
    "difficulty": 6,
    "time": "8 h 20 m",
    "autolearn": true,
    "components": [ [ [ "gloople", 1 ] ], [ [ "bfeed", 500 ] ], [ [ "mutagen", 1 ] ] ]
  },
  {
    "result": "queengrow",
    "activity_level": "LIGHT_EXERCISE",
    "type": "recipe",
    "category": "CC_OTHER",
    "subcategory": "CSC_OTHER_PARTS",
    "skill_used": "cooking",
    "difficulty": 6,
    "time": "8 h 20 m",
    "autolearn": true,
    "components": [ [ [ "gray", 1 ] ], [ [ "bfeed", 2000 ] ], [ [ "mutagen", 1 ] ] ]
  },
  {
    "result": "razorqueengrow",
    "activity_level": "LIGHT_EXERCISE",
    "type": "recipe",
    "category": "CC_OTHER",
    "subcategory": "CSC_OTHER_PARTS",
    "skill_used": "cooking",
    "difficulty": 7,
    "skills_required": [ "fabrication", 5 ],
    "time": "8 h 20 m",
    "autolearn": true,
    "qualities": [ { "id": "CHEM", "level": 2 } ],
    "components": [
      [ [ "sharp", 1 ] ],
      [ [ "bfeed", 500 ] ],
      [ [ "meal_chitin_piece", 48 ], [ "meal_bone_tainted", 48 ], [ "meal_bone", 48 ] ],
      [ [ "mutagen", 3 ], [ "iv_mutagen", 1 ] ]
    ]
  },
  {
    "result": "spouterqueen",
    "activity_level": "LIGHT_EXERCISE",
    "type": "recipe",
    "category": "CC_OTHER",
    "subcategory": "CSC_OTHER_PARTS",
    "skill_used": "cooking",
    "difficulty": 6,
    "time": "8 h 20 m",
    "autolearn": true,
    "qualities": [ { "id": "CHEM", "level": 2 } ],
    "components": [ [ [ "queen", 1 ] ] ]
  },
  {
    "result": "sharpgrow",
    "activity_level": "LIGHT_EXERCISE",
    "type": "recipe",
    "category": "CC_OTHER",
    "subcategory": "CSC_OTHER_PARTS",
    "skill_used": "cooking",
    "difficulty": 7,
    "skills_required": [ "fabrication", 5 ],
    "time": "8 h 20 m",
    "autolearn": true,
    "qualities": [ { "id": "CHEM", "level": 2 } ],
    "components": [ [ [ "clutter", 1 ] ], [ [ "biter", 1 ] ], [ [ "bfeed", 500 ] ], [ [ "mutagen", 1 ] ] ]
  },
  {
    "result": "sicklegrow",
    "activity_level": "LIGHT_EXERCISE",
    "type": "recipe",
    "category": "CC_OTHER",
    "subcategory": "CSC_OTHER_PARTS",
    "skill_used": "cooking",
    "difficulty": 7,
    "skills_required": [ "fabrication", 5 ],
    "time": "8 h 20 m",
    "autolearn": true,
    "qualities": [ { "id": "CHEM", "level": 2 } ],
    "components": [
      [ [ "sharp", 1 ] ],
      [ [ "bfeed", 200 ] ],
      [ [ "meal_chitin_piece", 24 ], [ "meal_bone_tainted", 24 ], [ "meal_bone", 24 ] ],
      [ [ "mutagen", 1 ] ]
    ]
  },
  {
    "result": "sparkiegrow",
    "activity_level": "LIGHT_EXERCISE",
    "type": "recipe",
    "category": "CC_OTHER",
    "subcategory": "CSC_OTHER_PARTS",
    "skill_used": "cooking",
    "difficulty": 7,
    "skills_required": [ "fabrication", 5 ],
    "time": "8 h 20 m",
    "autolearn": true,
    "qualities": [ { "id": "CHEM", "level": 2 } ],
    "components": [ [ [ "glowie", 1 ] ], [ [ "clutter", 1 ] ], [ [ "bfeed", 250 ] ], [ [ "mutagen", 1 ] ] ]
  },
  {
    "result": "stickiegrow",
    "activity_level": "LIGHT_EXERCISE",
    "type": "recipe",
    "category": "CC_OTHER",
    "subcategory": "CSC_OTHER_PARTS",
    "skill_used": "cooking",
    "difficulty": 7,
    "skills_required": [ "fabrication", 5 ],
    "time": "8 h 20 m",
    "autolearn": true,
    "using": [ [ "adhesive", 5 ] ],
    "qualities": [ { "id": "CHEM", "level": 2 } ],
    "components": [
      [ [ "clutter", 1 ] ],
      [ [ "bfeed", 250 ] ],
      [ [ "stomach", 8 ], [ "stomach_large", 4 ], [ "hstomach", 8 ], [ "hstomach_large", 4 ], [ "plant_sac", 2 ] ],
      [ [ "mutagen", 1 ] ]
    ]
  },
  {
    "result": "torchiegrow",
    "activity_level": "LIGHT_EXERCISE",
    "type": "recipe",
    "category": "CC_OTHER",
    "subcategory": "CSC_OTHER_PARTS",
    "skill_used": "cooking",
    "difficulty": 7,
    "skills_required": [ "fabrication", 5 ],
    "time": "8 h 20 m",
    "autolearn": true,
    "qualities": [ { "id": "CHEM", "level": 2 } ],
    "components": [
      [ [ "clutter", 1 ] ],
      [ [ "bfeed", 250 ] ],
      [ [ "stomach", 8 ], [ "stomach_large", 4 ], [ "hstomach", 8 ], [ "hstomach_large", 4 ], [ "plant_sac", 2 ] ],
      [ [ "incendiary", 200 ] ],
      [ [ "mutagen", 1 ] ]
    ]
  },
  {
    "result": "voideatergrow",
    "activity_level": "LIGHT_EXERCISE",
    "type": "recipe",
    "category": "CC_OTHER",
    "subcategory": "CSC_OTHER_PARTS",
    "skill_used": "cooking",
    "difficulty": 7,
    "skills_required": [ "fabrication", 5 ],
    "time": "8 h 20 m",
    "autolearn": true,
    "qualities": [ { "id": "CHEM", "level": 2 } ],
    "components": [ [ [ "sparkie", 1 ] ], [ [ "bfeed", 1000 ] ], [ [ "mutagen", 3 ], [ "iv_mutagen", 1 ] ] ]
  }
]
