[
  {
    "type": "ARMOR",
    "id": "socks",
    "name": { "str": "socks" },
    "weight": "1 g",
    "color": "blue",
    "covers": [ "FEET" ],
    "to_hit": 0,
    "storage": 0,
    "symbol": "[",
    "description": "Socks.  Put 'em on your feet.",
    "price": 100,
    "material": [ "cotton" ],
    "volume": 1,
    "cutting": 0,
    "warmth": 20,
    "phase": "solid",
    "enviromental_protection": 0,
    "rarity": 70,
    "encumberance": 0,
    "bashing": 0,
    "coverage": 80,
    "material_thickness": 1
  },
  {
    "type": "ARMOR",
    "id": "socks_wool",
    "name": { "str": "wool socks" },
    "weight": "1 g",
    "color": "blue",
    "covers": [ "FEET" ],
    "to_hit": 0,
    "storage": 0,
    "symbol": "[",
    "description": "Warm socks made of wool.",
    "price": 120,
    "material": [ "wool" ],
    "volume": 2,
    "cutting": 0,
    "warmth": 40,
    "phase": "solid",
    "enviromental_protection": 0,
    "rarity": 30,
    "encumberance": 0,
    "bashing": 0,
    "coverage": 95,
    "material_thickness": 2
  },
  {
    "type": "ARMOR",
    "id": "sneakers",
    "name": { "str": "sneakers" },
    "weight": "4 g",
    "color": "blue",
    "covers": [ "FEET" ],
    "to_hit": 0,
    "storage": 0,
    "symbol": "[",
    "description": "Guaranteed to make you run faster and jump higher!",
    "price": 100,
    "material": [ "cotton", "leather" ],
    "volume": 5,
    "cutting": 0,
    "warmth": 20,
    "phase": "solid",
    "enviromental_protection": 0,
    "rarity": 80,
    "encumberance": 0,
    "bashing": 0,
    "flags": [ "VARSIZE" ],
    "coverage": 50,
    "material_thickness": 3
  },
  {
    "type": "ARMOR",
    "id": "boots",
    "name": { "str": "boots" },
    "weight": "6 g",
    "color": "blue",
    "covers": [ "FEET" ],
    "to_hit": -1,
    "storage": 0,
    "symbol": "[",
    "description": "Tough leather boots.  Very durable.",
    "price": 120,
    "material": [ "leather" ],
    "volume": 7,
    "cutting": 0,
    "warmth": 35,
    "phase": "solid",
    "enviromental_protection": 2,
    "rarity": 70,
    "encumberance": 1,
    "bashing": 1,
    "flags": [ "VARSIZE" ],
    "coverage": 95,
    "material_thickness": 4,
    "use_action": "BOOTS"
  },
  {
    "type": "ARMOR",
    "id": "boots_fur",
    "name": { "str": "fur boots" },
    "weight": "6 g",
    "color": "blue",
    "covers": [ "FEET" ],
    "to_hit": -1,
    "storage": 0,
    "symbol": "[",
    "description": "Boots lined with fur for warmth.",
    "price": 120,
    "material": [ "leather", "fur" ],
    "volume": 7,
    "cutting": 0,
    "warmth": 60,
    "phase": "solid",
    "enviromental_protection": 2,
    "rarity": 70,
    "encumberance": 1,
    "bashing": 1,
    "flags": [ "VARSIZE" ],
    "coverage": 95,
    "material_thickness": 6,
    "use_action": "BOOTS"
  },
  {
    "type": "ARMOR",
    "id": "boots_steel",
    "name": { "str": "steeltoed boots" },
    "weight": "9 g",
    "color": "blue",
    "covers": [ "FEET" ],
    "to_hit": -1,
    "storage": 0,
    "symbol": "[",
    "description": "Leather boots with a steel toe.  Extremely durable.",
    "price": 135,
    "material": [ "leather", "steel" ],
    "volume": 7,
    "cutting": 0,
    "warmth": 35,
    "phase": "solid",
    "enviromental_protection": 3,
    "rarity": 50,
    "encumberance": 1,
    "bashing": 4,
    "flags": [ "VARSIZE" ],
    "coverage": 95,
    "material_thickness": 4,
    "use_action": "BOOTS"
  },
  {
    "type": "ARMOR",
    "id": "boots_winter",
    "name": { "str": "winter boots" },
    "weight": "7 g",
    "color": "blue",
    "covers": [ "FEET" ],
    "to_hit": -1,
    "storage": 0,
    "symbol": "[",
    "description": "Cumbersome boots designed for warmth.",
    "price": 140,
    "material": [ "wool", "plastic" ],
    "volume": 8,
    "cutting": 0,
    "warmth": 80,
    "phase": "solid",
    "enviromental_protection": 1,
    "rarity": 60,
    "encumberance": 2,
    "bashing": 0,
    "flags": [ "VARSIZE" ],
    "coverage": 95,
    "material_thickness": 8,
    "use_action": "BOOTS"
  },
  {
    "type": "ARMOR",
    "id": "mocassins",
    "name": { "str": "mocassins" },
    "weight": "1 g",
    "color": "blue",
    "covers": [ "FEET" ],
    "to_hit": 0,
    "storage": 0,
    "symbol": "[",
    "description": "Simple shoes made from animal pelts.",
    "price": 80,
    "material": [ "fur", "leather" ],
    "volume": 2,
    "cutting": 0,
    "warmth": 30,
    "phase": "solid",
    "enviromental_protection": 0,
    "rarity": 5,
    "encumberance": 0,
    "bashing": 0,
    "coverage": 40,
    "material_thickness": 2
  },
  {
    "type": "ARMOR",
    "id": "flip_flops",
    "name": { "str": "flip-flops" },
    "weight": "1 g",
    "color": "blue",
    "covers": [ "FEET" ],
    "to_hit": -2,
    "storage": 0,
    "symbol": "[",
    "description": "Simple sandals.  Very difficult to run in.",
    "price": 25,
    "material": [ "plastic" ],
    "volume": 1,
    "cutting": 0,
    "warmth": 0,
    "phase": "solid",
    "enviromental_protection": 0,
    "rarity": 35,
    "encumberance": 3,
    "bashing": 0,
    "flags": [ "VARSIZE" ],
    "coverage": 20,
    "material_thickness": 2
  },
  {
    "type": "ARMOR",
    "id": "dress_shoes",
    "name": { "str": "dress shoes" },
    "weight": "3 g",
    "color": "blue",
    "covers": [ "FEET" ],
    "to_hit": 1,
    "storage": 0,
    "symbol": "[",
    "description": "Fancy patent leather shoes.  Not designed for running in.",
    "price": 45,
    "material": [ "leather" ],
    "volume": 5,
    "cutting": 0,
    "warmth": 10,
    "phase": "solid",
    "enviromental_protection": 0,
    "rarity": 50,
    "encumberance": 1,
    "bashing": 1,
    "flags": [ "VARSIZE" ],
    "coverage": 50,
    "material_thickness": 2
  },
  {
    "type": "ARMOR",
    "id": "heels",
    "name": { "str": "heels" },
    "weight": "2 g",
    "color": "blue",
    "covers": [ "FEET" ],
    "to_hit": -2,
    "storage": 0,
    "symbol": "[",
    "description": "A pair of high heels.  Difficult to even walk in.",
    "price": 50,
    "material": [ "leather" ],
    "volume": 4,
    "cutting": 0,
    "warmth": 0,
    "phase": "solid",
    "enviromental_protection": 0,
    "rarity": 50,
    "encumberance": 4,
    "bashing": 6,
    "flags": [ "VARSIZE" ],
    "coverage": 30,
    "material_thickness": 2
  },
  {
    "type": "ARMOR",
    "id": "boots_chitin",
    "name": { "str": "chitinous boots" },
    "weight": "9 g",
    "color": "blue",
    "covers": [ "FEET" ],
    "to_hit": -1,
    "storage": 0,
    "symbol": "[",
    "description": "Boots made from the exoskeletons of insects.  Light and durable.",
    "price": 135,
    "material": [ "chitin" ],
    "volume": 7,
    "cutting": 0,
    "warmth": 20,
    "phase": "solid",
    "enviromental_protection": 3,
    "rarity": 50,
    "encumberance": 1,
    "bashing": 4,
    "coverage": 95,
    "material_thickness": 5
  },
  {
    "type": "ARMOR",
    "id": "shorts",
    "name": { "str": "shorts" },
    "weight": "2 g",
    "color": "brown",
    "covers": [ "LEGS" ],
    "to_hit": 1,
    "storage": 4,
    "symbol": "[",
    "description": "A pair of khaki shorts.",
    "price": 180,
    "material": [ "cotton" ],
    "volume": 4,
    "cutting": 0,
    "warmth": 0,
    "phase": "solid",
    "enviromental_protection": 0,
    "rarity": 70,
    "encumberance": 0,
    "bashing": 0,
    "flags": [ "VARSIZE" ],
    "coverage": 40,
    "material_thickness": 1
  },
  {
    "type": "ARMOR",
    "id": "shorts_cargo",
    "name": { "str": "cargo shorts" },
    "weight": "2 g",
    "color": "brown",
    "covers": [ "LEGS" ],
    "to_hit": 1,
    "storage": 8,
    "symbol": "[",
    "description": "A pair of shorts lined with pockets, offering decent storage.",
    "price": 180,
    "material": [ "cotton" ],
    "volume": 4,
    "cutting": 0,
    "warmth": 0,
    "phase": "solid",
    "enviromental_protection": 0,
    "rarity": 50,
    "encumberance": 0,
    "bashing": 0,
    "flags": [ "VARSIZE" ],
    "coverage": 40,
    "material_thickness": 2
  },
  {
    "type": "ARMOR",
    "id": "jeans",
    "name": { "str": "jeans" },
    "weight": "4 g",
    "color": "brown",
    "covers": [ "LEGS" ],
    "to_hit": 1,
    "storage": 2,
    "symbol": "[",
    "description": "A pair of blue jeans with two deep pockets.",
    "price": 180,
    "material": [ "cotton" ],
    "volume": 5,
    "cutting": 0,
    "warmth": 10,
    "phase": "solid",
    "enviromental_protection": 0,
    "rarity": 90,
    "encumberance": 1,
    "bashing": 0,
    "flags": [ "VARSIZE" ],
    "coverage": 95,
    "material_thickness": 2
  },
  {
    "type": "ARMOR",
    "id": "pants",
    "name": { "str": "pants" },
    "weight": "5 g",
    "color": "brown",
    "covers": [ "LEGS" ],
    "to_hit": 1,
    "storage": 4,
    "symbol": "[",
    "description": "A pair of khaki pants.  Slightly warmer than jeans.",
    "price": 185,
    "material": [ "cotton" ],
    "volume": 5,
    "cutting": 0,
    "warmth": 20,
    "phase": "solid",
    "enviromental_protection": 0,
    "rarity": 75,
    "encumberance": 1,
    "bashing": 0,
    "flags": [ "VARSIZE" ],
    "coverage": 95,
    "material_thickness": 3
  },
  {
    "type": "ARMOR",
    "id": "pants_leather",
    "name": { "str": "leather pants" },
    "weight": "8 g",
    "color": "brown",
    "covers": [ "LEGS" ],
    "to_hit": 1,
    "storage": 2,
    "symbol": "[",
    "description": "A pair of black leather pants.  Very tough, but cumbersome and without much storage.",
    "price": 210,
    "material": [ "leather" ],
    "volume": 6,
    "cutting": 0,
    "warmth": 50,
    "phase": "solid",
    "enviromental_protection": 0,
    "rarity": 60,
    "encumberance": 2,
    "bashing": 0,
    "flags": [ "VARSIZE" ],
    "coverage": 95,
    "material_thickness": 4
  },
  {
    "type": "ARMOR",
    "id": "pants_cargo",
    "name": { "str": "cargo pants" },
    "weight": "6 g",
    "color": "brown",
    "covers": [ "LEGS" ],
    "to_hit": 0,
    "storage": 12,
    "symbol": "[",
    "description": "A pair of pants lined with pockets, offering lots of storage.",
    "price": 280,
    "material": [ "cotton" ],
    "volume": 6,
    "cutting": 0,
    "warmth": 20,
    "phase": "solid",
    "enviromental_protection": 0,
    "rarity": 70,
    "encumberance": 1,
    "bashing": 0,
    "flags": [ "VARSIZE" ],
    "coverage": 95,
    "material_thickness": 4
  },
  {
    "type": "ARMOR",
    "id": "pants_army",
    "name": { "str": "army pants" },
    "weight": "7 g",
    "color": "brown",
    "covers": [ "LEGS" ],
    "to_hit": 0,
    "storage": 14,
    "symbol": "[",
    "description": "A tough pair of pants lined with pockets.  Favored by the military.",
    "price": 315,
    "material": [ "cotton", "plastic" ],
    "volume": 6,
    "cutting": 0,
    "warmth": 40,
    "phase": "solid",
    "enviromental_protection": 0,
    "rarity": 30,
    "encumberance": 1,
    "bashing": 0,
    "flags": [ "VARSIZE" ],
    "coverage": 95,
    "material_thickness": 4
  },
  {
    "type": "ARMOR",
    "id": "pants_ski",
    "name": { "str": "ski pants" },
    "weight": "6 g",
    "color": "brown",
    "covers": [ "LEGS" ],
    "to_hit": 0,
    "storage": 4,
    "symbol": "[",
    "description": "A pair of pants meant for alpine skiing.",
    "price": 300,
    "material": [ "cotton" ],
    "volume": 10,
    "cutting": 0,
    "warmth": 80,
    "phase": "solid",
    "enviromental_protection": 3,
    "rarity": 60,
    "encumberance": 2,
    "bashing": 0,
    "flags": [ "VARSIZE" ],
    "coverage": 95,
    "material_thickness": 6
  },
  {
    "type": "ARMOR",
    "id": "pants_fur",
    "name": { "str": "fur pants" },
    "weight": "6 g",
    "color": "brown",
    "covers": [ "LEGS" ],
    "to_hit": 1,
    "storage": 4,
    "symbol": "[",
    "description": "A hefty pair of fur-lined pants.",
    "price": 300,
    "material": [ "cotton", "fur" ],
    "volume": 10,
    "cutting": 0,
    "warmth": 80,
    "phase": "solid",
    "enviromental_protection": 3,
    "rarity": 60,
    "encumberance": 2,
    "bashing": 0,
    "flags": [ "VARSIZE" ],
    "coverage": 95,
    "material_thickness": 10
  },
  {
    "type": "ARMOR",
    "id": "long_underpants",
    "name": { "str": "long underwear" },
    "weight": "2 g",
    "color": "brown",
    "covers": [ "LEGS" ],
    "to_hit": 0,
    "storage": 0,
    "symbol": "[",
    "description": "A pair of long underwear that help to maintain body temperature.",
    "price": 200,
    "material": [ "cotton" ],
    "volume": 4,
    "cutting": 0,
    "warmth": 30,
    "phase": "solid",
    "enviromental_protection": 0,
    "rarity": 40,
    "encumberance": 0,
    "bashing": 0,
    "flags": [ "VARSIZE" ],
    "coverage": 95,
    "material_thickness": 1
  },
  {
    "type": "ARMOR",
    "id": "skirt",
    "name": { "str": "skirt" },
    "weight": "2 g",
    "color": "brown",
    "covers": [ "LEGS" ],
    "to_hit": 0,
    "storage": 1,
    "symbol": "[",
    "description": "A short, breezy cotton skirt.  Easy to move in, but only has a single small pocket.",
    "price": 120,
    "material": [ "cotton" ],
    "volume": 2,
    "cutting": 0,
    "warmth": 0,
    "phase": "solid",
    "enviromental_protection": 0,
    "rarity": 75,
    "encumberance": -1,
    "bashing": 0,
    "flags": [ "VARSIZE" ],
    "coverage": 60,
    "material_thickness": 1
  },
  {
    "type": "ARMOR",
    "id": "jumpsuit",
    "name": { "str": "jumpsuit" },
    "weight": "6 g",
    "color": "yellow",
    "covers": [ "LEGS", "TORSO" ],
    "to_hit": -3,
    "storage": 8,
    "symbol": "[",
    "description": "A thin, short-sleeved jumpsuit; similar to those worn by prisoners.  Provides decent storage and is not very encumbering.",
    "price": 200,
    "material": [ "cotton", "plastic" ],
    "volume": 6,
    "cutting": 0,
    "warmth": 10,
    "phase": "solid",
    "enviromental_protection": 0,
    "rarity": 20,
    "encumberance": 0,
    "bashing": 0,
    "flags": [ "VARSIZE" ],
    "coverage": 95,
    "material_thickness": 2
  },
  {
    "type": "ARMOR",
    "id": "elvisoutfit",
    "name": { "str": "Rhinestone Jumpsuit" },
    "weight": "6 g",
    "color": "yellow",
    "covers": [ "LEGS", "TORSO" ],
    "to_hit": 3,
    "storage": 8,
    "symbol": "[",
    "description": "An outfit fit for the King...",
    "price": 200,
    "material": [ "cotton", "plastic" ],
    "volume": 6,
    "cutting": 10,
    "warmth": 10,
    "phase": "solid",
    "enviromental_protection": 2,
    "rarity": 20,
    "encumberance": 0,
    "bashing": 0,
    "flags": [ "VARSIZE" ],
    "coverage": 95,
    "material_thickness": 5
  },
  {
    "type": "ARMOR",
    "id": "wolfsuit",
    "name": { "str": "wolf suit" },
    "weight": "19 g",
    "color": "yellow",
    "covers": [ "LEGS", "TORSO", "ARMS", "HANDS", "HEAD", "FEET", "MOUTH", "EYES" ],
    "to_hit": -3,
    "storage": 4,
    "symbol": "[",
    "description": "A full body fursuit in the form of an anthropomorphic wolf.  It is quite encumbering and has little storage but is very warm.",
    "price": 200,
    "material": [ "cotton" ],
    "volume": 18,
    "cutting": 0,
    "warmth": 50,
    "phase": "solid",
    "enviromental_protection": 2,
    "rarity": 4,
    "encumberance": 1,
    "bashing": 0,
    "coverage": 100,
    "material_thickness": 10
  },
  {
    "type": "ARMOR",
    "id": "dress",
    "name": { "str": "dress" },
    "weight": "6 g",
    "color": "yellow",
    "covers": [ "LEGS", "TORSO" ],
    "to_hit": -5,
    "storage": 0,
    "symbol": "[",
    "description": "A long cotton dress.  Difficult to move in and lacks any storage space.",
    "price": 180,
    "material": [ "cotton" ],
    "volume": 8,
    "cutting": 0,
    "warmth": 20,
    "phase": "solid",
    "enviromental_protection": 0,
    "rarity": 70,
    "encumberance": 3,
    "bashing": 0,
    "flags": [ "VARSIZE" ],
    "coverage": 80,
    "material_thickness": 2
  },
  {
    "type": "ARMOR",
    "id": "armor_chitin",
    "name": { "str": "chitinous armor" },
    "weight": "10 g",
    "color": "yellow",
    "covers": [ "LEGS", "TORSO" ],
    "to_hit": -5,
    "storage": 0,
    "symbol": "[",
    "description": "Leg and body armor made from the exoskeletons of insects.  Light and durable.",
    "price": 1200,
    "material": [ "chitin" ],
    "volume": 70,
    "cutting": 0,
    "warmth": 10,
    "phase": "solid",
    "enviromental_protection": 0,
    "rarity": 1,
    "encumberance": 2,
    "bashing": 2,
    "coverage": 95,
    "material_thickness": 5
  },
  {
    "type": "ARMOR",
    "id": "suit",
    "name": { "str": "suit" },
    "weight": "7 g",
    "color": "yellow",
    "covers": [ "LEGS", "TORSO", "ARMS" ],
    "to_hit": -5,
    "storage": 10,
    "symbol": "[",
    "description": "A full-body cotton suit.  Makes the apocalypse a truly gentlemanly experience.",
    "price": 180,
    "material": [ "cotton" ],
    "volume": 10,
    "cutting": 0,
    "warmth": 25,
    "phase": "solid",
    "enviromental_protection": 0,
    "rarity": 60,
    "encumberance": 1,
    "bashing": 0,
    "flags": [ "VARSIZE" ],
    "coverage": 95,
    "material_thickness": 3
  },
  {
    "type": "ARMOR",
    "id": "hazmat_suit",
    "name": { "str": "hazmat suit" },
    "weight": "8 g",
    "color": "yellow",
    "covers": [ "LEGS", "TORSO", "ARMS" ],
    "to_hit": -8,
    "storage": 12,
    "symbol": "[",
    "description": "A hazardous materials suit.  Though quite bulky and cumbersome, wearing it will provide excellent protection against ambient radiation.",
    "price": 1000,
    "material": [ "plastic" ],
    "volume": 20,
    "cutting": 0,
    "warmth": 20,
    "phase": "solid",
    "enviromental_protection": 10,
    "rarity": 10,
    "encumberance": 4,
    "bashing": 0,
    "flags": [ "VARSIZE" ],
    "coverage": 100,
    "material_thickness": 5
  },
  {
    "type": "ARMOR",
    "id": "armor_plate",
    "name": { "str": "plate mail" },
    "weight": "140 g",
    "color": "yellow",
    "covers": [ "TORSO", "LEGS", "ARMS" ],
    "to_hit": -5,
    "storage": 0,
    "symbol": "[",
    "description": "An extremely heavy ornamental suit of armor.",
    "price": 700,
    "material": [ "iron" ],
    "volume": 70,
    "cutting": 0,
    "warmth": 20,
    "phase": "solid",
    "enviromental_protection": 0,
    "rarity": 2,
    "encumberance": 5,
    "bashing": 8,
    "flags": [ "VARSIZE" ],
    "coverage": 100,
    "material_thickness": 5
  },
  {
    "type": "ARMOR",
    "id": "tshirt",
    "name": { "str": "t shirt" },
    "weight": "2 g",
    "color": "light_red",
    "covers": [ "TORSO" ],
    "to_hit": 0,
    "storage": 0,
    "symbol": "[",
    "description": "A short-sleeved cotton shirt.",
    "price": 80,
    "material": [ "cotton" ],
    "volume": 3,
    "cutting": 0,
    "warmth": 10,
    "phase": "solid",
    "enviromental_protection": 0,
    "rarity": 80,
    "encumberance": 1,
    "bashing": 0,
    "flags": [ "VARSIZE" ],
    "coverage": 80,
    "material_thickness": 1
  },
  {
    "type": "ARMOR",
    "id": "flag_shirt",
    "name": { "str": "flag shirt" },
    "weight": "2 g",
    "color": "light_red",
    "covers": [ "TORSO" ],
    "to_hit": 0,
    "storage": 0,
    "symbol": "[",
    "description": "A t-shirt embroided with the pattern of an American flag.",
    "price": 300,
    "material": [ "cotton" ],
    "volume": 3,
    "cutting": 0,
    "warmth": 10,
    "phase": "solid",
    "enviromental_protection": 0,
    "rarity": 80,
    "encumberance": 1,
    "bashing": 0,
    "flags": [ "VARSIZE" ],
    "coverage": 80,
    "material_thickness": 1
  },
  {
    "type": "ARMOR",
    "id": "polo_shirt",
    "name": { "str": "polo shirt" },
    "weight": "2 g",
    "color": "light_red",
    "covers": [ "TORSO" ],
    "to_hit": 0,
    "storage": 0,
    "symbol": "[",
    "description": "A short-sleeved cotton shirt, slightly thicker than a t-shirt.",
    "price": 95,
    "material": [ "cotton" ],
    "volume": 3,
    "cutting": 0,
    "warmth": 20,
    "phase": "solid",
    "enviromental_protection": 0,
    "rarity": 65,
    "encumberance": 1,
    "bashing": 0,
    "flags": [ "VARSIZE" ],
    "coverage": 85,
    "material_thickness": 2
  },
  {
    "type": "ARMOR",
    "id": "dress_shirt",
    "name": { "str": "dress shirt" },
    "weight": "3 g",
    "color": "light_red",
    "covers": [ "TORSO", "ARMS" ],
    "to_hit": 0,
    "storage": 1,
    "symbol": "[",
    "description": "A white button-down shirt with long sleeves.  Looks professional!",
    "price": 115,
    "material": [ "cotton" ],
    "volume": 3,
    "cutting": 0,
    "warmth": 10,
    "phase": "solid",
    "enviromental_protection": 0,
    "rarity": 60,
    "encumberance": 1,
    "bashing": 0,
    "flags": [ "VARSIZE" ],
    "coverage": 90,
    "material_thickness": 1
  },
  {
    "type": "ARMOR",
    "id": "tank_top",
    "name": { "str": "tank top" },
    "weight": "1 g",
    "color": "light_red",
    "covers": [ "TORSO" ],
    "to_hit": 0,
    "storage": 0,
    "symbol": "[",
    "description": "A sleeveless cotton shirt.  Very easy to move in.",
    "price": 75,
    "material": [ "cotton" ],
    "volume": 1,
    "cutting": 0,
    "warmth": 0,
    "phase": "solid",
    "enviromental_protection": 0,
    "rarity": 50,
    "encumberance": 0,
    "bashing": 0,
    "flags": [ "VARSIZE" ],
    "coverage": 60,
    "material_thickness": 1
  },
  {
    "type": "ARMOR",
    "id": "sweatshirt",
    "name": { "str": "sweatshirt" },
    "weight": "5 g",
    "color": "light_red",
    "covers": [ "TORSO", "ARMS" ],
    "to_hit": 0,
    "storage": 0,
    "symbol": "[",
    "description": "A thick cotton shirt.  Provides warmth and a bit of padding.",
    "price": 110,
    "material": [ "cotton" ],
    "volume": 9,
    "cutting": 0,
    "warmth": 30,
    "phase": "solid",
    "enviromental_protection": 0,
    "rarity": 75,
    "encumberance": 1,
    "bashing": 0,
    "flags": [ "VARSIZE" ],
    "coverage": 95,
    "material_thickness": 3
  },
  {
    "type": "ARMOR",
    "id": "sweater",
    "name": { "str": "sweater" },
    "weight": "5 g",
    "color": "light_red",
    "covers": [ "TORSO", "ARMS" ],
    "to_hit": 0,
    "storage": 0,
    "symbol": "[",
    "description": "A wool shirt.  Provides warmth.",
    "price": 105,
    "material": [ "wool" ],
    "volume": 8,
    "cutting": 0,
    "warmth": 40,
    "phase": "solid",
    "enviromental_protection": 0,
    "rarity": 75,
    "encumberance": 1,
    "bashing": 0,
    "flags": [ "VARSIZE" ],
    "coverage": 95,
    "material_thickness": 3
  },
  {
    "type": "ARMOR",
    "id": "hoodie",
    "name": { "str": "hoodie" },
    "weight": "5 g",
    "color": "light_red",
    "covers": [ "TORSO", "ARMS" ],
    "to_hit": 0,
    "storage": 9,
    "symbol": "[",
    "description": "A sweatshirt with a hood and a \"kangaroo pocket\" in front for storage.",
    "price": 130,
    "material": [ "cotton" ],
    "volume": 10,
    "cutting": 0,
    "warmth": 30,
    "phase": "solid",
    "enviromental_protection": 0,
    "rarity": 65,
    "encumberance": 1,
    "bashing": 0,
    "flags": [ "VARSIZE", "POCKETS" ],
    "coverage": 95,
    "material_thickness": 3
  },
  {
    "type": "ARMOR",
    "id": "under_armor",
    "name": { "str": "under armor" },
    "weight": "2 g",
    "color": "light_red",
    "covers": [ "TORSO" ],
    "to_hit": 0,
    "storage": 0,
    "symbol": "[",
    "description": "Sports wear that clings to your chest to maintain body temperature.",
    "price": 200,
    "material": [ "cotton", "plastic" ],
    "volume": 2,
    "cutting": 0,
    "warmth": 20,
    "phase": "solid",
    "enviromental_protection": 0,
    "rarity": 20,
    "encumberance": 0,
    "bashing": 0,
    "flags": [ "VARSIZE" ],
    "coverage": 95,
    "material_thickness": 1
  },
  {
    "type": "ARMOR",
    "id": "jacket_light",
    "name": { "str": "light jacket" },
    "weight": "4 g",
    "color": "light_red",
    "covers": [ "TORSO", "ARMS" ],
    "to_hit": 0,
    "storage": 4,
    "symbol": "[",
    "description": "A thin cotton jacket.  Good for brisk weather.",
    "price": 105,
    "material": [ "cotton" ],
    "volume": 6,
    "cutting": 0,
    "warmth": 20,
    "phase": "solid",
    "enviromental_protection": 0,
    "rarity": 50,
    "encumberance": 1,
    "bashing": 0,
    "flags": [ "VARSIZE", "POCKETS" ],
    "coverage": 95,
    "material_thickness": 3
  },
  {
    "type": "ARMOR",
    "id": "jacket_jean",
    "name": { "str": "jean jacket" },
    "weight": "5 g",
    "color": "light_red",
    "covers": [ "TORSO", "ARMS" ],
    "to_hit": 0,
    "storage": 3,
    "symbol": "[",
    "description": "A jacket made from denim.  Provides decent protection from cuts.",
    "price": 120,
    "material": [ "cotton" ],
    "volume": 7,
    "cutting": 0,
    "warmth": 20,
    "phase": "solid",
    "enviromental_protection": 0,
    "rarity": 35,
    "encumberance": 1,
    "bashing": 0,
    "flags": [ "VARSIZE", "POCKETS" ],
    "coverage": 95,
    "material_thickness": 4
  },
  {
    "type": "ARMOR",
    "id": "blazer",
    "name": { "str": "blazer" },
    "weight": "6 g",
    "color": "light_red",
    "covers": [ "TORSO", "ARMS" ],
    "to_hit": 0,
    "storage": 2,
    "symbol": "[",
    "description": "A professional-looking wool blazer.  Quite cumbersome.",
    "price": 120,
    "material": [ "wool" ],
    "volume": 10,
    "cutting": 0,
    "warmth": 30,
    "phase": "solid",
    "enviromental_protection": 0,
    "rarity": 35,
    "encumberance": 2,
    "bashing": 0,
    "flags": [ "VARSIZE" ],
    "coverage": 95,
    "material_thickness": 4
  },
  {
    "type": "ARMOR",
    "id": "jacket_leather",
    "name": { "str": "leather jacket" },
    "weight": "14 g",
    "color": "light_red",
    "covers": [ "TORSO", "ARMS" ],
    "to_hit": 1,
    "storage": 4,
    "symbol": "[",
    "description": "A jacket made from thick leather.  Cumbersome, but offers excellent protection from cuts.",
    "price": 150,
    "material": [ "leather" ],
    "volume": 14,
    "cutting": 0,
    "warmth": 40,
    "phase": "solid",
    "enviromental_protection": 1,
    "rarity": 30,
    "encumberance": 2,
    "bashing": 0,
    "flags": [ "VARSIZE" ],
    "coverage": 95,
    "material_thickness": 4
  },
  {
    "type": "ARMOR",
    "id": "kevlar",
    "name": { "str": "kevlar vest" },
    "weight": "24 g",
    "color": "light_red",
    "covers": [ "TORSO" ],
    "to_hit": -3,
    "storage": 4,
    "symbol": "[",
    "description": "A heavy bulletproof vest.  The best protection from cuts and bullets.",
    "price": 800,
    "material": [ "kevlar" ],
    "volume": 24,
    "cutting": 0,
    "warmth": 20,
    "phase": "solid",
    "enviromental_protection": 0,
    "rarity": 30,
    "encumberance": 2,
    "bashing": 6,
    "flags": [ "VARSIZE" ],
    "coverage": 80,
    "material_thickness": 5
  },
  {
    "type": "ARMOR",
    "id": "coat_rain",
    "name": { "str": "rain coat" },
    "weight": "8 g",
    "color": "light_red",
    "covers": [ "TORSO", "ARMS" ],
    "to_hit": 0,
    "storage": 7,
    "symbol": "[",
    "description": "A plastic coat with two very large pockets.  Provides protection from rain and some protection from acid rain.",
    "price": 100,
    "material": [ "plastic" ],
    "volume": 9,
    "cutting": 0,
    "warmth": 20,
    "phase": "solid",
    "enviromental_protection": 1,
    "rarity": 50,
    "encumberance": 2,
    "bashing": 0,
    "flags": [ "VARSIZE" ],
    "coverage": 95,
    "material_thickness": 3
  },
  {
    "type": "ARMOR",
    "id": "poncho",
    "name": { "str": "wool poncho" },
    "weight": "3 g",
    "color": "light_red",
    "covers": [ "TORSO" ],
    "to_hit": -1,
    "storage": 0,
    "symbol": "[",
    "description": "A simple wool garment worn over the torso.  Provides a bit of protection.",
    "price": 120,
    "material": [ "wool" ],
    "volume": 7,
    "cutting": 0,
    "warmth": 35,
    "phase": "solid",
    "enviromental_protection": 1,
    "rarity": 15,
    "encumberance": 0,
    "bashing": 0,
    "flags": [ "VARSIZE" ],
    "coverage": 95,
    "material_thickness": 2
  },
  {
    "type": "ARMOR",
    "id": "trenchcoat",
    "name": { "str": "trenchcoat" },
    "weight": "6 g",
    "color": "light_red",
    "covers": [ "TORSO", "ARMS" ],
    "to_hit": -1,
    "storage": 24,
    "symbol": "[",
    "description": "A thin cotton trenchcoat, lined with pockets.  Great for storage.",
    "price": 225,
    "material": [ "cotton" ],
    "volume": 10,
    "cutting": 0,
    "warmth": 20,
    "phase": "solid",
    "enviromental_protection": 1,
    "rarity": 25,
    "encumberance": 1,
    "bashing": 0,
    "flags": [ "VARSIZE", "POCKETS" ],
    "coverage": 95,
    "material_thickness": 3
  },
  {
    "type": "ARMOR",
    "id": "floatation_vest",
    "name": { "str": "floataion vest" },
    "weight": "8 g",
    "color": "cyan",
    "covers": [ "TORSO" ],
    "to_hit": -3,
    "storage": 0,
    "symbol": "[",
    "description": "A brightly-colored vest designed to keep you upright and floating in water.",
    "price": 100,
    "material": [ "plastic", "cotton" ],
    "volume": 20,
    "cutting": 0,
    "warmth": 5,
    "phase": "solid",
    "enviromental_protection": 0,
    "rarity": 30,
    "encumberance": 1,
    "bashing": 2,
    "flags": [ "FLOATATION" ],
    "coverage": 40,
    "material_thickness": 5
  },
  {
    "type": "ARMOR",
    "id": "trenchcoat_leather",
    "name": { "str": "leather trenchcoat" },
    "weight": "10 g",
    "color": "light_red",
    "covers": [ "TORSO", "ARMS" ],
    "to_hit": -1,
    "storage": 24,
    "symbol": "[",
    "description": "A thick leather trenchcoat, lined with pockets.  Great for storage.",
    "price": 225,
    "material": [ "leather" ],
    "volume": 16,
    "cutting": 0,
    "warmth": 50,
    "phase": "solid",
    "enviromental_protection": 1,
    "rarity": 25,
    "encumberance": 2,
    "bashing": 0,
    "flags": [ "VARSIZE", "POCKETS" ],
    "coverage": 95,
    "material_thickness": 4
  },
  {
    "type": "ARMOR",
    "id": "trenchcoat_fur",
    "name": { "str": "fur trenchcoat" },
    "weight": "10 g",
    "color": "light_red",
    "covers": [ "TORSO", "ARMS" ],
    "to_hit": -1,
    "storage": 24,
    "symbol": "[",
    "description": "A thick fur trenchcoat, lined with pockets.  Great for storage.",
    "price": 225,
    "material": [ "fur" ],
    "volume": 16,
    "cutting": 0,
    "warmth": 50,
    "phase": "solid",
    "enviromental_protection": 1,
    "rarity": 25,
    "encumberance": 2,
    "bashing": 0,
    "flags": [ "VARSIZE", "POCKETS" ],
    "coverage": 95,
    "material_thickness": 6
  },
  {
    "type": "ARMOR",
    "id": "coat_winter",
    "name": { "str": "winter coat" },
    "weight": "6 g",
    "color": "light_red",
    "covers": [ "TORSO", "ARMS" ],
    "to_hit": -2,
    "storage": 12,
    "symbol": "[",
    "description": "A padded coat with deep pockets.  Very warm.",
    "price": 160,
    "material": [ "cotton" ],
    "volume": 12,
    "cutting": 0,
    "warmth": 70,
    "phase": "solid",
    "enviromental_protection": 1,
    "rarity": 50,
    "encumberance": 3,
    "bashing": 0,
    "flags": [ "VARSIZE", "POCKETS" ],
    "coverage": 95,
    "material_thickness": 8
  },
  {
    "type": "ARMOR",
    "id": "coat_fur",
    "name": { "str": "fur coat" },
    "weight": "12 g",
    "color": "light_red",
    "covers": [ "TORSO", "ARMS" ],
    "to_hit": -5,
    "storage": 4,
    "symbol": "[",
    "description": "A fur coat with a couple small pockets.  Extremely warm.",
    "price": 550,
    "material": [ "fur", "leather" ],
    "volume": 18,
    "cutting": 0,
    "warmth": 80,
    "phase": "solid",
    "enviromental_protection": 2,
    "rarity": 5,
    "encumberance": 2,
    "bashing": 0,
    "flags": [ "VARSIZE", "POCKETS" ],
    "coverage": 95,
    "material_thickness": 8
  },
  {
    "type": "ARMOR",
    "id": "peacoat",
    "name": { "str": "peacoat" },
    "weight": "10 g",
    "color": "light_red",
    "covers": [ "TORSO", "ARMS" ],
    "to_hit": -3,
    "storage": 10,
    "symbol": "[",
    "description": "A heavy cotton coat.  Cumbersome, but warm and with deep pockets.",
    "price": 180,
    "material": [ "cotton" ],
    "volume": 16,
    "cutting": 0,
    "warmth": 70,
    "phase": "solid",
    "enviromental_protection": 0,
    "rarity": 30,
    "encumberance": 2,
    "bashing": 0,
    "flags": [ "VARSIZE", "POCKETS" ],
    "coverage": 95,
    "material_thickness": 8
  },
  {
    "type": "ARMOR",
    "id": "vest",
    "name": { "str": "utility vest" },
    "weight": "3 g",
    "color": "light_red",
    "covers": [ "TORSO" ],
    "to_hit": 0,
    "storage": 14,
    "symbol": "[",
    "description": "A light vest covered in pockets and straps for storage.",
    "price": 200,
    "material": [ "cotton" ],
    "volume": 4,
    "cutting": 0,
    "warmth": 5,
    "phase": "solid",
    "enviromental_protection": 0,
    "rarity": 15,
    "encumberance": 0,
    "bashing": 0,
    "coverage": 70,
    "material_thickness": 2
  },
  {
    "type": "ARMOR",
    "id": "vest_leather",
    "name": { "str": "leather vest" },
    "weight": "10 g",
    "color": "light_red",
    "covers": [ "TORSO" ],
    "to_hit": 1,
    "storage": 4,
    "symbol": "[",
    "description": "A vest made from thick leather.  Offers excellent protection from cuts.",
    "price": 100,
    "material": [ "leather" ],
    "volume": 10,
    "cutting": 0,
    "warmth": 30,
    "phase": "solid",
    "enviromental_protection": 1,
    "rarity": 30,
    "encumberance": 1,
    "bashing": 0,
    "flags": [ "VARSIZE" ],
    "coverage": 95,
    "material_thickness": 4
  },
  {
    "type": "ARMOR",
    "id": "beltrig",
    "name": { "str": "belt rig" },
    "weight": "4 g",
    "color": "light_red",
    "covers": [ "TORSO" ],
    "to_hit": 0,
    "storage": 18,
    "symbol": "[",
    "description": "A light vest covered in webbing, pockets and straps.  This variety is favoured by the military.",
    "price": 200,
    "material": [ "cotton" ],
    "volume": 4,
    "cutting": 0,
    "warmth": 5,
    "phase": "solid",
    "enviromental_protection": 0,
    "rarity": 10,
    "encumberance": 0,
    "bashing": 0,
    "coverage": 70,
    "material_thickness": 2
  },
  {
    "type": "ARMOR",
    "id": "coat_lab",
    "name": { "str": "lab coat" },
    "weight": "7 g",
    "color": "light_red",
    "covers": [ "TORSO", "ARMS" ],
    "to_hit": -2,
    "storage": 14,
    "symbol": "[",
    "description": "A long white coat with several large pockets.",
    "price": 155,
    "material": [ "cotton" ],
    "volume": 11,
    "cutting": 0,
    "warmth": 10,
    "phase": "solid",
    "enviromental_protection": 0,
    "rarity": 20,
    "encumberance": 1,
    "bashing": 0,
    "flags": [ "VARSIZE" ],
    "coverage": 95,
    "material_thickness": 2
  },
  {
    "type": "ARMOR",
    "id": "armguard_soft",
    "name": { "str": "soft arm sleeves" },
    "weight": "0 g",
    "color": "blue",
    "covers": [ "ARMS" ],
    "to_hit": 1,
    "storage": 0,
    "symbol": "[",
    "description": "A pair of soft neoprene arm sleeves, often used in contact sports.",
    "price": 65,
    "material": [ "plastic" ],
    "volume": 0,
    "cutting": 0,
    "warmth": 30,
    "phase": "solid",
    "enviromental_protection": 1,
    "rarity": 40,
    "encumberance": 0,
    "bashing": 0,
    "coverage": 50,
    "material_thickness": 1
  },
  {
    "type": "ARMOR",
    "id": "armguard_hard",
    "name": { "str": "hard arm guards" },
    "weight": "0 g",
    "color": "blue",
    "covers": [ "ARMS" ],
    "to_hit": 1,
    "storage": 0,
    "symbol": "[",
    "description": "A pair of neoprene arm sleeves covered with molded plastic sheaths.",
    "price": 130,
    "material": [ "plastic", "cotton" ],
    "volume": 1,
    "cutting": 0,
    "warmth": 20,
    "phase": "solid",
    "enviromental_protection": 1,
    "rarity": 20,
    "encumberance": 1,
    "bashing": 0,
    "coverage": 50,
    "material_thickness": 3
  },
  {
    "type": "ARMOR",
    "id": "armguard_chitin",
    "name": { "str": "chitin arm guards" },
    "weight": "0 g",
    "color": "blue",
    "covers": [ "ARMS" ],
    "to_hit": 1,
    "storage": 0,
    "symbol": "[",
    "description": "A pair of arm guards made from the exoskeletons of insects.  Light and durable.",
    "price": 200,
    "material": [ "chitin" ],
    "volume": 2,
    "cutting": 0,
    "warmth": 10,
    "phase": "solid",
    "enviromental_protection": 2,
    "rarity": 10,
    "encumberance": 1,
    "bashing": 0,
    "coverage": 50,
    "material_thickness": 5
  },
  {
    "type": "ARMOR",
    "id": "armguard_metal",
    "name": { "str": "metal arm guards" },
    "weight": "1 g",
    "color": "blue",
    "covers": [ "ARMS" ],
    "to_hit": 1,
    "storage": 0,
    "symbol": "[",
    "description": "A pair of arm guards hammered out from metal.  Very stylish.",
    "price": 400,
    "material": [ "iron" ],
    "volume": 1,
    "cutting": 0,
    "warmth": 0,
    "phase": "solid",
    "enviromental_protection": 1,
    "rarity": 10,
    "encumberance": 1,
    "bashing": 0,
    "coverage": 50,
    "material_thickness": 3
  },
  {
    "type": "ARMOR",
    "id": "gloves_liner",
    "name": { "str": "glove liners" },
    "weight": "0 g",
    "color": "light_blue",
    "covers": [ "HANDS" ],
    "to_hit": 1,
    "storage": 0,
    "symbol": "[",
    "description": "A pair of thin cotton gloves.  Often used as a liner beneath other gloves.",
    "price": 100,
    "material": [ "cotton" ],
    "volume": 0,
    "cutting": 0,
    "warmth": 10,
    "phase": "solid",
    "enviromental_protection": 0,
    "rarity": 25,
    "encumberance": 0,
    "bashing": 0,
    "flags": [ "VARSIZE" ],
    "coverage": 75,
    "material_thickness": 1
  },
  {
    "type": "ARMOR",
    "id": "gloves_light",
    "name": { "str": "light gloves" },
    "weight": "0 g",
    "color": "light_blue",
    "covers": [ "HANDS" ],
    "to_hit": 1,
    "storage": 0,
    "symbol": "[",
    "description": "A pair of cotton gloves.",
    "price": 65,
    "material": [ "cotton" ],
    "volume": 1,
    "cutting": 0,
    "warmth": 30,
    "phase": "solid",
    "enviromental_protection": 0,
    "rarity": 35,
    "encumberance": 1,
    "bashing": 0,
    "coverage": 75,
    "material_thickness": 2
  },
  {
    "type": "ARMOR",
    "id": "mittens",
    "name": { "str": "mittens" },
    "weight": "0 g",
    "color": "light_blue",
    "covers": [ "HANDS" ],
    "to_hit": 1,
    "storage": 0,
    "symbol": "[",
    "description": "A pair of warm mittens.  They are extremely cumbersome.",
    "price": 40,
    "material": [ "wool" ],
    "volume": 2,
    "cutting": 0,
    "warmth": 90,
    "phase": "solid",
    "enviromental_protection": 0,
    "rarity": 30,
    "encumberance": 8,
    "bashing": 0,
    "coverage": 75,
    "material_thickness": 3
  },
  {
    "type": "ARMOR",
    "id": "gloves_fur",
    "name": { "str": "fur gloves" },
    "weight": "0 g",
    "color": "light_blue",
    "covers": [ "HANDS" ],
    "to_hit": 1,
    "storage": 0,
    "symbol": "[",
    "description": "A pair of warm fur gloves.  They are somewhat cumbersome.",
    "price": 40,
    "material": [ "fur" ],
    "volume": 2,
    "cutting": 0,
    "warmth": 70,
    "phase": "solid",
    "enviromental_protection": 0,
    "rarity": 30,
    "encumberance": 3,
    "bashing": 0,
    "coverage": 75,
    "material_thickness": 4
  },
  {
    "type": "ARMOR",
    "id": "gloves_wool",
    "name": { "str": "wool gloves" },
    "weight": "0 g",
    "color": "light_blue",
    "covers": [ "HANDS" ],
    "to_hit": 1,
    "storage": 0,
    "symbol": "[",
    "description": "A thick pair of wool gloves.  Cumbersome but warm.",
    "price": 50,
    "material": [ "wool" ],
    "volume": 1,
    "cutting": 0,
    "warmth": 60,
    "phase": "solid",
    "enviromental_protection": 0,
    "rarity": 33,
    "encumberance": 3,
    "bashing": 0,
    "coverage": 75,
    "material_thickness": 3
  },
  {
    "type": "ARMOR",
    "id": "gloves_winter",
    "name": { "str": "winter gloves" },
    "weight": "0 g",
    "color": "light_blue",
    "covers": [ "HANDS" ],
    "to_hit": 1,
    "storage": 0,
    "symbol": "[",
    "description": "A pair of padded gloves.  Cumbersome but warm.",
    "price": 65,
    "material": [ "cotton" ],
    "volume": 2,
    "cutting": 0,
    "warmth": 70,
    "phase": "solid",
    "enviromental_protection": 0,
    "rarity": 40,
    "encumberance": 5,
    "bashing": 0,
    "coverage": 85,
    "material_thickness": 5
  },
  {
    "type": "ARMOR",
    "id": "gloves_leather",
    "name": { "str": "leather gloves" },
    "weight": "1 g",
    "color": "light_blue",
    "covers": [ "HANDS" ],
    "to_hit": 2,
    "storage": 0,
    "symbol": "[",
    "description": "A thin pair of leather gloves.  Good for doing manual labor.",
    "price": 85,
    "material": [ "leather" ],
    "volume": 1,
    "cutting": 0,
    "warmth": 40,
    "phase": "solid",
    "enviromental_protection": 0,
    "rarity": 45,
    "encumberance": 1,
    "bashing": 0,
    "coverage": 75,
    "material_thickness": 2
  },
  {
    "type": "ARMOR",
    "id": "gloves_fingerless",
    "name": { "str": "fingerless gloves" },
    "weight": "0 g",
    "color": "light_blue",
    "covers": [ "HANDS" ],
    "to_hit": 2,
    "storage": 0,
    "symbol": "[",
    "description": "A pair of leather gloves with no fingers, allowing greater manual dexterity.",
    "price": 90,
    "material": [ "leather" ],
    "volume": 1,
    "cutting": 0,
    "warmth": 5,
    "phase": "solid",
    "enviromental_protection": 0,
    "rarity": 20,
    "encumberance": 0,
    "bashing": 0,
    "coverage": 40,
    "material_thickness": 1
  },
  {
    "type": "ARMOR",
    "id": "gloves_rubber",
    "name": { "str": "rubber gloves" },
    "weight": "1 g",
    "color": "light_blue",
    "covers": [ "HANDS" ],
    "to_hit": 2,
    "storage": 0,
    "symbol": "[",
    "description": "A pair of rubber gloves, often used while cleaning with caustic materials.",
    "price": 30,
    "material": [ "plastic" ],
    "volume": 1,
    "cutting": 0,
    "warmth": 5,
    "phase": "solid",
    "enviromental_protection": 2,
    "rarity": 20,
    "encumberance": 3,
    "bashing": 0,
    "coverage": 95,
    "material_thickness": 2
  },
  {
    "type": "ARMOR",
    "id": "gloves_medical",
    "name": { "str": "medical gloves" },
    "weight": "0 g",
    "color": "light_blue",
    "covers": [ "HANDS" ],
    "to_hit": 1,
    "storage": 0,
    "symbol": "[",
    "description": "A pair of thin latex gloves, designed to limit the spread of disease.",
    "price": 10,
    "material": [ "plastic" ],
    "volume": 0,
    "cutting": 0,
    "warmth": 0,
    "phase": "solid",
    "enviromental_protection": 1,
    "rarity": 70,
    "encumberance": 0,
    "bashing": 0,
    "coverage": 75,
    "material_thickness": 1
  },
  {
    "type": "ARMOR",
    "id": "fire_gauntlets",
    "name": { "str": "fire gauntlets" },
    "weight": "5 g",
    "color": "light_blue",
    "covers": [ "HANDS" ],
    "to_hit": 2,
    "storage": 0,
    "symbol": "[",
    "description": "A heavy pair of leather gloves, used by firefighters for heat protection.",
    "price": 95,
    "material": [ "leather" ],
    "volume": 3,
    "cutting": 0,
    "warmth": 40,
    "phase": "solid",
    "enviromental_protection": 5,
    "rarity": 5,
    "encumberance": 6,
    "bashing": 0,
    "coverage": 95,
    "material_thickness": 5
  },
  {
    "type": "ARMOR",
    "id": "gauntlets_chitin",
    "name": { "str": "chitinous gauntlets" },
    "weight": "1 g",
    "color": "light_blue",
    "covers": [ "HANDS" ],
    "to_hit": -2,
    "storage": 0,
    "symbol": "[",
    "description": "Gauntlets made from the exoskeletons of insects.  Very light and durable.",
    "price": 380,
    "material": [ "chitin" ],
    "volume": 4,
    "cutting": 0,
    "warmth": 20,
    "phase": "solid",
    "enviromental_protection": 4,
    "rarity": 1,
    "encumberance": 1,
    "bashing": 2,
    "coverage": 95,
    "material_thickness": 5
  },
  {
    "type": "ARMOR",
    "id": "mask_dust",
    "name": { "str": "dust mask" },
    "weight": "0 g",
    "color": "white",
    "covers": [ "MOUTH" ],
    "to_hit": -3,
    "storage": 0,
    "symbol": "[",
    "description": "A simple piece of cotton that straps over the mouth.  Provides a small amount of protection from air-borne illness and dust.",
    "price": 20,
    "material": [ "cotton", "iron" ],
    "volume": 0,
    "cutting": 0,
    "warmth": 10,
    "phase": "solid",
    "enviromental_protection": 2,
    "rarity": 65,
    "encumberance": 1,
    "bashing": 0,
    "coverage": 50,
    "material_thickness": 1
  },
  {
    "type": "ARMOR",
    "id": "bandana",
    "name": { "str": "bandana" },
    "weight": "0 g",
    "color": "white",
    "covers": [ "MOUTH" ],
    "to_hit": -1,
    "storage": 0,
    "symbol": "[",
    "description": "A cotton bandana, worn over the mouth for warmth and minor protection from dust and other contaminants.",
    "price": 28,
    "material": [ "cotton" ],
    "volume": 1,
    "cutting": 0,
    "warmth": 30,
    "phase": "solid",
    "enviromental_protection": 1,
    "rarity": 35,
    "encumberance": 0,
    "bashing": 0,
    "coverage": 60,
    "material_thickness": 1
  },
  {
    "type": "ARMOR",
    "id": "scarf",
    "name": { "str": "scarf" },
    "weight": "3 g",
    "color": "white",
    "covers": [ "MOUTH" ],
    "to_hit": -3,
    "storage": 0,
    "symbol": "[",
    "description": "A long wool scarf, worn over the mouth for warmth.",
    "price": 40,
    "material": [ "wool" ],
    "volume": 2,
    "cutting": 0,
    "warmth": 60,
    "phase": "solid",
    "enviromental_protection": 2,
    "rarity": 45,
    "encumberance": 1,
    "bashing": 0,
    "coverage": 85,
    "material_thickness": 2
  },
  {
    "type": "ARMOR",
    "id": "scarf_fur",
    "name": { "str": "scarf" },
    "weight": "3 g",
    "color": "white",
    "covers": [ "MOUTH" ],
    "to_hit": -3,
    "storage": 0,
    "symbol": "[",
    "description": "A long fur scarf, worn over the mouth for warmth.",
    "price": 40,
    "material": [ "fur" ],
    "volume": 2,
    "cutting": 0,
    "warmth": 60,
    "phase": "solid",
    "enviromental_protection": 2,
    "rarity": 45,
    "encumberance": 1,
    "bashing": 0,
    "coverage": 85,
    "material_thickness": 3
  },
  {
    "type": "ARMOR",
    "id": "mask_filter",
    "name": { "str": "filter mask" },
    "weight": "6 g",
    "color": "white",
    "covers": [ "MOUTH" ],
    "to_hit": 1,
    "storage": 0,
    "symbol": "[",
    "description": "A mask that straps over your mouth and nose and filters air.  Protects from smoke, dust, and other contaminants quite well.",
    "price": 80,
    "material": [ "plastic" ],
    "volume": 3,
    "cutting": 0,
    "warmth": 20,
    "phase": "solid",
    "enviromental_protection": 7,
    "rarity": 30,
    "encumberance": 2,
    "bashing": 1,
    "coverage": 85,
    "material_thickness": 3
  },
  {
    "type": "ARMOR",
    "id": "mask_gas",
    "name": { "str": "gas mask" },
    "weight": "8 g",
    "color": "white",
    "covers": [ "MOUTH", "EYES" ],
    "to_hit": -3,
    "storage": 0,
    "symbol": "[",
    "description": "A full gas mask that covers the face and eyes.  Provides excellent protection from smoke, teargas, and other contaminants.",
    "price": 240,
    "material": [ "plastic" ],
    "volume": 6,
    "cutting": 0,
    "warmth": 40,
    "phase": "solid",
    "enviromental_protection": 16,
    "rarity": 10,
    "encumberance": 4,
    "bashing": 0,
    "coverage": 95,
    "material_thickness": 4
  },
  {
    "type": "ARMOR",
    "id": "glasses_eye",
    "name": { "str": "eyeglasses" },
    "weight": "0 g",
    "color": "cyan",
    "covers": [ "EYES" ],
    "to_hit": -2,
    "storage": 0,
    "symbol": "[",
    "description": "A pair of glasses for the near-sighted.  Useless for anyone else.",
    "price": 150,
    "material": [ "glass", "plastic" ],
    "volume": 1,
    "cutting": 0,
    "warmth": 0,
    "phase": "solid",
    "enviromental_protection": 1,
    "rarity": 90,
    "encumberance": 0,
    "bashing": 0,
    "coverage": 75,
    "material_thickness": 2
  },
  {
    "type": "ARMOR",
    "id": "glasses_reading",
    "name": { "str": "reading glasses" },
    "weight": "0 g",
    "color": "cyan",
    "covers": [ "EYES" ],
    "to_hit": -2,
    "storage": 0,
    "symbol": "[",
    "description": "A pair of glasses for the far-sighted.  Useless for anyone else.",
    "price": 80,
    "material": [ "glass", "plastic" ],
    "volume": 1,
    "cutting": 0,
    "warmth": 0,
    "phase": "solid",
    "enviromental_protection": 1,
    "rarity": 90,
    "encumberance": 0,
    "bashing": 0,
    "coverage": 75,
    "material_thickness": 2
  },
  {
    "type": "ARMOR",
    "id": "glasses_bifocal",
    "name": { "str": "bifocal glasses" },
    "weight": "0 g",
    "color": "cyan",
    "covers": [ "EYES" ],
    "to_hit": -2,
    "storage": 0,
    "symbol": "[",
    "bashing_protection": 0,
    "description": "A pair of bifocal glasses for those who are both near-sighted and far-sighted.",
    "price": 200,
    "material": [ "glass", "plastic" ],
    "volume": 1,
    "cutting": 0,
    "warmth": 0,
    "phase": "solid",
    "enviromental_protection": 1,
    "rarity": 90,
    "encumberance": 0,
    "bashing": 0,
    "coverage": 75,
    "material_thickness": 2
  },
  {
    "type": "ARMOR",
    "id": "glasses_safety",
    "name": { "str": "safety glasses" },
    "weight": "0 g",
    "color": "cyan",
    "covers": [ "EYES" ],
    "to_hit": -2,
    "storage": 0,
    "symbol": "[",
    "description": "A pair of plastic glasses, used in workshops, sports, chemistry labs, and many other places.  Provides great protection from damage.",
    "price": 100,
    "material": [ "plastic" ],
    "volume": 1,
    "cutting": 0,
    "warmth": 0,
    "phase": "solid",
    "enviromental_protection": 1,
    "rarity": 40,
    "encumberance": 0,
    "bashing": 0,
    "coverage": 75,
    "material_thickness": 3
  },
  {
    "type": "ARMOR",
    "id": "goggles_swim",
    "name": { "str": "swim goggles" },
    "weight": "0 g",
    "color": "cyan",
    "covers": [ "EYES" ],
    "to_hit": -2,
    "storage": 0,
    "symbol": "[",
    "description": "A small pair of goggles.  Distorts vision above water, but allows you to see much further under water.",
    "price": 110,
    "material": [ "plastic" ],
    "volume": 1,
    "cutting": 0,
    "warmth": 10,
    "phase": "solid",
    "enviromental_protection": 4,
    "rarity": 50,
    "encumberance": 2,
    "bashing": 0,
    "coverage": 85,
    "material_thickness": 2
  },
  {
    "type": "ARMOR",
    "id": "goggles_ski",
    "name": { "str": "ski goggles" },
    "weight": "1 g",
    "color": "cyan",
    "covers": [ "EYES" ],
    "to_hit": -2,
    "storage": 0,
    "symbol": "[",
    "description": "A large pair of goggles that completely seal off your eyes.  Excellent protection from environmental dangers.",
    "price": 175,
    "material": [ "plastic" ],
    "volume": 2,
    "cutting": 0,
    "warmth": 60,
    "phase": "solid",
    "enviromental_protection": 6,
    "rarity": 30,
    "encumberance": 1,
    "bashing": 0,
    "coverage": 95,
    "material_thickness": 2
  },
  {
    "type": "ARMOR",
    "id": "goggles_welding",
    "name": { "str": "welding goggles" },
    "weight": "4 g",
    "color": "cyan",
    "covers": [ "EYES" ],
    "to_hit": -3,
    "storage": 0,
    "symbol": "[",
    "description": "A dark pair of goggles.  They make seeing very difficult, but protect you from bright flashes.",
    "price": 240,
    "material": [ "glass", "steel" ],
    "volume": 2,
    "cutting": 0,
    "warmth": 10,
    "phase": "solid",
    "enviromental_protection": 6,
    "rarity": 70,
    "encumberance": 6,
    "bashing": 0,
    "coverage": 95,
    "material_thickness": 2
  },
  {
    "type": "ARMOR",
    "id": "goggles_nv",
    "name": { "str": "light amp goggles" },
    "weight": "6 g",
    "color": "cyan",
    "covers": [ "EYES" ],
    "to_hit": -2,
    "storage": 0,
    "symbol": "[",
    "description": "A pair of goggles that amplify ambient light, allowing you to see in the dark.  You must be carrying a powered-on unified power supply, or UPS, to use them.",
    "price": 920,
    "material": [ "steel", "glass" ],
    "volume": 3,
    "cutting": 0,
    "warmth": 20,
    "phase": "solid",
    "enviromental_protection": 6,
    "rarity": 1,
    "encumberance": 2,
    "bashing": 1,
    "coverage": 95,
    "material_thickness": 2
  },
  {
    "type": "ARMOR",
    "id": "glasses_monocle",
    "name": { "str": "monocle" },
    "weight": "0 g",
    "color": "cyan",
    "covers": [ "EYES" ],
    "to_hit": -2,
    "storage": 0,
    "symbol": "[",
    "description": "An essential article of the gentleman's apparel.  Also negates near-sight.",
    "price": 200,
    "material": [ "glass", "plastic" ],
    "volume": 1,
    "cutting": 0,
    "warmth": 0,
    "phase": "solid",
    "enviromental_protection": 1,
    "rarity": 2,
    "encumberance": 0,
    "bashing": 0,
    "coverage": 40,
    "material_thickness": 2
  },
  {
    "type": "ARMOR",
    "id": "sunglasses",
    "name": { "str": "sunglasses" },
    "weight": "0 g",
    "color": "cyan",
    "covers": [ "EYES" ],
    "to_hit": -2,
    "storage": 0,
    "symbol": "[",
    "description": "A pair of sunglasses, good for keeping the glare out of your eyes.",
    "price": 150,
    "material": [ "glass", "plastic" ],
    "volume": 1,
    "cutting": 0,
    "warmth": 0,
    "phase": "solid",
    "enviromental_protection": 1,
    "rarity": 90,
    "encumberance": 0,
    "bashing": 0,
    "coverage": 75,
    "material_thickness": 1
  },
  {
    "type": "ARMOR",
    "id": "hat_ball",
    "name": { "str": "baseball cap" },
    "weight": "1 g",
    "color": "dark_gray",
    "covers": [ "HEAD" ],
    "to_hit": 0,
    "storage": 0,
    "symbol": "[",
    "description": "A Red Sox cap.  It provides a little bit of warmth.",
    "price": 35,
    "material": [ "cotton" ],
    "volume": 2,
    "cutting": 0,
    "warmth": 10,
    "phase": "solid",
    "enviromental_protection": 2,
    "rarity": 30,
    "encumberance": 0,
    "bashing": 0,
    "coverage": 60,
    "material_thickness": 2
  },
  {
    "type": "ARMOR",
    "id": "hat_boonie",
    "name": { "str": "boonie hat" },
    "weight": "1 g",
    "color": "dark_gray",
    "covers": [ "HEAD" ],
    "to_hit": 0,
    "storage": 0,
    "symbol": "[",
    "description": "Also called a \"bucket hat.\" Often used in the military.",
    "price": 55,
    "material": [ "cotton" ],
    "volume": 2,
    "cutting": 0,
    "warmth": 20,
    "phase": "solid",
    "enviromental_protection": 2,
    "rarity": 10,
    "encumberance": 0,
    "bashing": 0,
    "coverage": 75,
    "material_thickness": 2
  },
  {
    "type": "ARMOR",
    "id": "hat_cotton",
    "name": { "str": "cotton hat" },
    "weight": "1 g",
    "color": "dark_gray",
    "covers": [ "HEAD" ],
    "to_hit": 0,
    "storage": 0,
    "symbol": "[",
    "description": "A snug-fitting cotton hat.  Quite warm.",
    "price": 40,
    "material": [ "cotton" ],
    "volume": 2,
    "cutting": 0,
    "warmth": 30,
    "phase": "solid",
    "enviromental_protection": 0,
    "rarity": 45,
    "encumberance": 0,
    "bashing": 0,
    "coverage": 75,
    "material_thickness": 2
  },
  {
    "type": "ARMOR",
    "id": "hat_knit",
    "name": { "str": "knit hat" },
    "weight": "1 g",
    "color": "dark_gray",
    "covers": [ "HEAD" ],
    "to_hit": 0,
    "storage": 0,
    "symbol": "[",
    "description": "A snug-fitting wool hat.  Very warm.",
    "price": 50,
    "material": [ "wool" ],
    "volume": 2,
    "cutting": 0,
    "warmth": 40,
    "phase": "solid",
    "enviromental_protection": 0,
    "rarity": 25,
    "encumberance": 0,
    "bashing": 0,
    "coverage": 65,
    "material_thickness": 3
  },
  {
    "type": "ARMOR",
    "id": "hat_hunting",
    "name": { "str": "hunting cap" },
    "weight": "2 g",
    "color": "dark_gray",
    "covers": [ "HEAD" ],
    "to_hit": 0,
    "storage": 0,
    "symbol": "[",
    "description": "A red plaid hunting cap with ear flaps.  Notably warm.",
    "price": 80,
    "material": [ "wool" ],
    "volume": 3,
    "cutting": 0,
    "warmth": 60,
    "phase": "solid",
    "enviromental_protection": 2,
    "rarity": 20,
    "encumberance": 0,
    "bashing": 0,
    "coverage": 85,
    "material_thickness": 3
  },
  {
    "type": "ARMOR",
    "id": "hat_fur",
    "name": { "str": "fur hat" },
    "weight": "2 g",
    "color": "dark_gray",
    "covers": [ "HEAD" ],
    "to_hit": 0,
    "storage": 0,
    "symbol": "[",
    "description": "A hat made from the pelts of animals.  Extremely warm.",
    "price": 120,
    "material": [ "fur", "leather" ],
    "volume": 4,
    "cutting": 0,
    "warmth": 80,
    "phase": "solid",
    "enviromental_protection": 0,
    "rarity": 15,
    "encumberance": 1,
    "bashing": 0,
    "coverage": 85,
    "material_thickness": 3
  },
  {
    "type": "ARMOR",
    "id": "balclava",
    "name": { "str": "balaclava" },
    "weight": "2 g",
    "color": "dark_gray",
    "covers": [ "HEAD", "MOUTH" ],
    "to_hit": 0,
    "storage": 0,
    "symbol": "[",
    "description": "A warm covering that protects the head and face from cold.",
    "price": 100,
    "material": [ "cotton" ],
    "volume": 4,
    "cutting": 0,
    "warmth": 30,
    "phase": "solid",
    "enviromental_protection": 0,
    "rarity": 15,
    "encumberance": 0,
    "bashing": 0,
    "coverage": 95,
    "material_thickness": 2
  },
  {
    "type": "ARMOR",
    "id": "hat_hard",
    "name": { "str": "hard hat" },
    "weight": "4 g",
    "color": "dark_gray",
    "covers": [ "HEAD" ],
    "techniques": [ "WBLOCK_1" ],
    "to_hit": 0,
    "storage": 0,
    "symbol": "[",
    "description": "A hard plastic hat worn in constructions sites.  Excellent protection from cuts and percussion.",
    "price": 125,
    "material": [ "plastic" ],
    "volume": 8,
    "cutting": 0,
    "warmth": 10,
    "phase": "solid",
    "enviromental_protection": 0,
    "rarity": 50,
    "encumberance": 1,
    "bashing": 6,
    "coverage": 70,
    "material_thickness": 3
  },
  {
    "type": "ARMOR",
    "id": "pickelhaube",
    "name": { "str": "pickelhaube" },
    "weight": "8 g",
    "color": "dark_gray",
    "covers": [ "HEAD" ],
    "to_hit": 1,
    "storage": 0,
    "symbol": "[",
    "description": "A spiked helmet once worn by German military officers.  The spike is very sharp.",
    "price": 240,
    "material": [ "iron" ],
    "volume": 8,
    "cutting": 0,
    "warmth": 10,
    "phase": "solid",
    "enviromental_protection": 0,
    "rarity": 50,
    "encumberance": 1,
    "bashing": 10,
    "coverage": 70,
    "material_thickness": 3
  },
  {
    "type": "ARMOR",
    "id": "beret",
    "name": { "str": "beret" },
    "weight": "1 g",
    "color": "dark_gray",
    "covers": [ "HEAD" ],
    "to_hit": 0,
    "storage": 0,
    "symbol": "[",
    "description": "A soft cotton hat commonly worn by armed forces and existentialists.",
    "price": 125,
    "material": [ "cotton" ],
    "volume": 2,
    "cutting": 0,
    "warmth": 20,
    "phase": "solid",
    "enviromental_protection": 0,
    "rarity": 50,
    "encumberance": 0,
    "bashing": 0,
    "coverage": 60,
    "material_thickness": 2
  },
  {
    "type": "ARMOR",
    "id": "helmet_bike",
    "name": { "str": "bike helmet" },
    "weight": "2 g",
    "color": "dark_gray",
    "covers": [ "HEAD" ],
    "techniques": [ "WBLOCK_1" ],
    "to_hit": 0,
    "storage": 0,
    "symbol": "[",
    "description": "A thick foam helmet.  Designed to protect against concussion.",
    "price": 140,
    "material": [ "plastic" ],
    "volume": 12,
    "cutting": 0,
    "warmth": 20,
    "phase": "solid",
    "enviromental_protection": 0,
    "rarity": 35,
    "encumberance": 1,
    "bashing": 4,
    "coverage": 75,
    "material_thickness": 4
  },
  {
    "type": "ARMOR",
    "id": "helmet_skid",
    "name": { "str": "skid lid" },
    "weight": "5 g",
    "color": "dark_gray",
    "covers": [ "HEAD" ],
    "techniques": [ "WBLOCK_1" ],
    "to_hit": 0,
    "storage": 0,
    "symbol": "[",
    "description": "A small metal helmet that covers the head and protects against cuts and percussion.",
    "price": 190,
    "material": [ "plastic", "iron" ],
    "volume": 10,
    "cutting": 0,
    "warmth": 10,
    "phase": "solid",
    "enviromental_protection": 0,
    "rarity": 30,
    "encumberance": 2,
    "bashing": 8,
    "coverage": 75,
    "material_thickness": 3
  },
  {
    "type": "ARMOR",
    "id": "helmet_ball",
    "name": { "str": "baseball helmet" },
    "weight": "6 g",
    "color": "dark_gray",
    "covers": [ "HEAD" ],
    "techniques": [ "WBLOCK_1" ],
    "to_hit": -1,
    "storage": 0,
    "symbol": "[",
    "description": "A hard plastic helmet that covers the head and ears.  Designed to protect against a baseball to the head.",
    "price": 195,
    "material": [ "plastic", "iron" ],
    "volume": 14,
    "cutting": 0,
    "warmth": 15,
    "phase": "solid",
    "enviromental_protection": 1,
    "rarity": 45,
    "encumberance": 2,
    "bashing": 7,
    "coverage": 80,
    "material_thickness": 3
  },
  {
    "type": "ARMOR",
    "id": "helmet_army",
    "name": { "str": "army helmet" },
    "weight": "8 g",
    "color": "dark_gray",
    "covers": [ "HEAD" ],
    "techniques": [ "WBLOCK_1" ],
    "to_hit": -1,
    "storage": 0,
    "symbol": "[",
    "description": "A heavy helmet that provides excellent protection from all sorts of damage.",
    "price": 480,
    "material": [ "plastic", "iron" ],
    "volume": 16,
    "cutting": 0,
    "warmth": 25,
    "phase": "solid",
    "enviromental_protection": 0,
    "rarity": 40,
    "encumberance": 2,
    "bashing": 10,
    "coverage": 85,
    "material_thickness": 4
  },
  {
    "type": "ARMOR",
    "id": "helmet_riot",
    "name": { "str": "riot helmet" },
    "weight": "7 g",
    "color": "dark_gray",
    "covers": [ "HEAD", "EYES", "MOUTH" ],
    "techniques": [ "WBLOCK_1" ],
    "to_hit": -1,
    "storage": 0,
    "symbol": "[",
    "description": "A helmet with a plastic shield that covers your entire face.",
    "price": 420,
    "material": [ "plastic", "iron" ],
    "volume": 20,
    "cutting": 0,
    "warmth": 20,
    "phase": "solid",
    "enviromental_protection": 2,
    "rarity": 25,
    "encumberance": 2,
    "bashing": 8,
    "coverage": 95,
    "material_thickness": 4
  },
  {
    "type": "ARMOR",
    "id": "helmet_motor",
    "name": { "str": "motorcycle helmet" },
    "weight": "8 g",
    "color": "dark_gray",
    "covers": [ "HEAD", "MOUTH" ],
    "techniques": [ "WBLOCK_1" ],
    "to_hit": -1,
    "storage": 0,
    "symbol": "[",
    "description": "A helmet with covers for your head and chin, leaving space in-between for you to wear goggles.",
    "price": 325,
    "material": [ "plastic", "iron" ],
    "volume": 24,
    "cutting": 0,
    "warmth": 30,
    "phase": "solid",
    "enviromental_protection": 1,
    "rarity": 40,
    "encumberance": 3,
    "bashing": 7,
    "coverage": 95,
    "material_thickness": 5
  },
  {
    "type": "ARMOR",
    "id": "helmet_chitin",
    "name": { "str": "chitinous helmet" },
    "weight": "1 g",
    "color": "dark_gray",
    "covers": [ "HEAD", "EYES", "MOUTH" ],
    "to_hit": -2,
    "storage": 0,
    "symbol": "[",
    "description": "A helmet made from the exoskeletons of insects.  Covers the entire head; very light and durable.",
    "price": 380,
    "material": [ "chitin" ],
    "volume": 22,
    "cutting": 0,
    "warmth": 20,
    "phase": "solid",
    "enviromental_protection": 4,
    "rarity": 1,
    "encumberance": 1,
    "bashing": 2,
    "coverage": 95,
    "material_thickness": 5
  },
  {
    "type": "ARMOR",
    "id": "helmet_plate",
    "name": { "str": "great helm" },
    "weight": "15 g",
    "color": "dark_gray",
    "covers": [ "HEAD", "EYES", "MOUTH" ],
    "techniques": [ "WBLOCK_1" ],
    "to_hit": 0,
    "storage": 0,
    "symbol": "[",
    "description": "A medieval helmet that provides excellent protection to the entire head, at the cost of great encumbrance.",
    "price": 400,
    "material": [ "iron" ],
    "volume": 20,
    "cutting": 0,
    "warmth": 10,
    "phase": "solid",
    "enviromental_protection": 1,
    "rarity": 1,
    "encumberance": 4,
    "bashing": 10,
    "coverage": 95,
    "material_thickness": 5
  },
  {
    "type": "ARMOR",
    "id": "tophat",
    "name": { "str": "top hat" },
    "weight": "1 g",
    "color": "dark_gray",
    "covers": [ "HEAD" ],
    "to_hit": 0,
    "storage": 0,
    "symbol": "[",
    "description": "The only hat for a gentleman.  Look exquisite while laughing in the face of danger!",
    "price": 55,
    "material": [ "cotton" ],
    "volume": 2,
    "cutting": 0,
    "warmth": 10,
    "phase": "solid",
    "enviromental_protection": 1,
    "rarity": 10,
    "encumberance": 0,
    "bashing": 0,
    "coverage": 60,
    "material_thickness": 1
  },
  {
    "type": "ARMOR",
    "id": "backpack",
    "name": { "str": "backpack" },
    "weight": "2 g",
    "color": "green",
    "covers": [ "TORSO" ],
    "to_hit": 0,
    "storage": 40,
    "symbol": "[",
    "description": "A small backpack, good storage for a little encumbrance.",
    "price": 210,
    "material": [ "cotton", "plastic" ],
    "volume": 10,
    "cutting": 0,
    "warmth": 0,
    "phase": "solid",
    "enviromental_protection": 0,
    "rarity": 38,
    "encumberance": 1,
    "bashing": 0,
    "coverage": 50,
    "material_thickness": 2
  },
  {
    "type": "ARMOR",
    "id": "rucksack",
    "name": { "str": "military rucksack" },
    "weight": "3 g",
    "color": "green",
    "covers": [ "TORSO" ],
    "to_hit": 0,
    "storage": 80,
    "symbol": "[",
    "description": "A huge military rucksack, provides a lot of storage.",
    "price": 210,
    "material": [ "plastic" ],
    "volume": 14,
    "cutting": 0,
    "warmth": 0,
    "phase": "solid",
    "enviromental_protection": 0,
    "rarity": 20,
    "encumberance": 2,
    "bashing": 0,
    "coverage": 50,
    "material_thickness": 3
  },
  {
    "type": "ARMOR",
    "id": "purse",
    "name": { "str": "purse" },
    "weight": "3 g",
    "color": "green",
    "covers": [ "TORSO" ],
    "to_hit": 2,
    "storage": 20,
    "symbol": "[",
    "description": "A bit cumbersome to wear, but provides some storage",
    "price": 75,
    "material": [ "leather" ],
    "volume": 10,
    "cutting": 0,
    "warmth": 0,
    "phase": "solid",
    "enviromental_protection": 0,
    "rarity": 40,
    "encumberance": 1,
    "bashing": 2,
    "coverage": 30,
    "material_thickness": 2
  },
  {
    "type": "ARMOR",
    "id": "mbag",
    "name": { "str": "messenger bag" },
    "weight": "2 g",
    "color": "green",
    "covers": [ "TORSO" ],
    "to_hit": 1,
    "storage": 20,
    "symbol": "[",
    "description": "Light and easy to wear, but doesn't offer much storage.",
    "price": 110,
    "material": [ "cotton", "plastic" ],
    "volume": 8,
    "cutting": 0,
    "warmth": 0,
    "phase": "solid",
    "enviromental_protection": 0,
    "rarity": 20,
    "encumberance": 0,
    "bashing": 1,
    "coverage": 40,
    "material_thickness": 2
  },
  {
    "type": "ARMOR",
    "id": "fanny",
    "name": { "str": "fanny pack" },
    "volume": 3,
    "material_thickness": 0,
    "storage": 6,
    "description": "Provides a bit of extra storage without encumbering you at all.",
    "weight": "1 g",
    "to_hit": 2,
    "color": "green",
    "encumberance": 0,
    "price": 100,
    "material": [ "cotton", "plastic" ],
    "coverage": 0,
    "rarity": 10,
    "symbol": "[",
    "bashing": 1,
    "cutting": 0,
    "warmth": 0,
    "enviromental_protection": 0,
    "phase": "solid"
  },
  {
    "type": "ARMOR",
    "id": "holster",
    "name": { "str": "holster" },
    "volume": 2,
    "material_thickness": 0,
    "storage": 3,
    "description": "Provides a bit of extra storage without encumbering you at all.",
    "weight": "2 g",
    "to_hit": -1,
    "color": "green",
    "encumberance": 0,
    "price": 90,
    "material": [ "leather" ],
    "coverage": 0,
    "rarity": 8,
    "symbol": "[",
    "bashing": 2,
    "cutting": 0,
    "warmth": 0,
    "enviromental_protection": 0,
    "phase": "solid"
  },
  {
    "type": "ARMOR",
    "id": "bootstrap",
    "name": { "str": "bootstrap" },
    "weight": "1 g",
    "color": "green",
    "covers": [ "LEGS" ],
    "to_hit": -1,
    "storage": 2,
    "symbol": "[",
    "description": "A small holster worn on the ankle.",
    "price": 80,
    "material": [ "leather" ],
    "volume": 1,
    "cutting": 0,
    "warmth": 1,
    "phase": "solid",
    "enviromental_protection": 0,
    "rarity": 3,
    "encumberance": 0,
    "bashing": 0,
    "coverage": 30,
    "material_thickness": 2
  },
  {
    "type": "ARMOR",
    "id": "ragpouch",
    "name": { "str": "pouch" },
    "weight": "2 g",
    "color": "green",
    "covers": [ "TORSO" ],
    "to_hit": 1,
    "storage": 12,
    "symbol": "[",
    "description": "A makeshift bag, cobbled together from rags.  Really gets in the way, but provides a decent amount of storage.",
    "price": 110,
    "material": [ "cotton" ],
    "volume": 5,
    "cutting": 0,
    "warmth": 0,
    "phase": "solid",
    "enviromental_protection": 0,
    "rarity": 20,
    "encumberance": 1,
    "bashing": 1,
    "coverage": 20,
    "material_thickness": 1
  },
  {
    "type": "ARMOR",
    "id": "leather_pouch",
    "name": { "str": "leather pouch" },
    "weight": "2 g",
    "color": "green",
    "covers": [ "TORSO" ],
    "to_hit": 1,
    "storage": 12,
    "symbol": "[",
    "description": "A bag stitched together from leather scraps.  Doesn't hold an awful lot but is easy to wear.",
    "price": 110,
    "material": [ "leather" ],
    "volume": 5,
    "cutting": 0,
    "warmth": 0,
    "phase": "solid",
    "enviromental_protection": 0,
    "rarity": 20,
    "encumberance": 0,
    "bashing": 1,
    "coverage": 20,
    "material_thickness": 1
  },
  {
    "type": "ARMOR",
    "id": "ring",
    "name": { "str": "gold ring" },
    "volume": 0,
    "material_thickness": 0,
    "storage": 0,
    "description": "A flashy gold ring.  You can wear it if you like, but it won't provide any effects.",
    "weight": "0 g",
    "to_hit": 0,
    "color": "light_green",
    "encumberance": 0,
    "price": 600,
    "material": [ "silver" ],
    "coverage": 0,
    "rarity": 12,
    "symbol": "[",
    "bashing": 0,
    "cutting": 0,
    "warmth": 0,
    "enviromental_protection": 0,
    "phase": "solid"
  },
  {
    "type": "ARMOR",
    "id": "necklace",
    "name": { "str": "silver necklace" },
    "volume": 0,
    "material_thickness": 0,
    "storage": 0,
    "description": "A nice silver necklace.  You can wear it if you like, but it won't provide any effects.",
    "weight": "0 g",
    "to_hit": 0,
    "color": "light_green",
    "encumberance": 0,
    "price": 500,
    "material": [ "silver" ],
    "coverage": 0,
    "rarity": 14,
    "symbol": "[",
    "bashing": 0,
    "cutting": 0,
    "warmth": 0,
    "enviromental_protection": 0,
    "phase": "solid"
  },
  {
    "type": "ARMOR",
    "id": "small_relic",
    "name": { "str": "small relic" },
    "volume": 0,
    "material_thickness": 0,
    "storage": 0,
    "description": "A small relic from a forgotten saint.  As extraordinary as the world has become it may have some power yet.",
    "weight": "0 g",
    "to_hit": 0,
    "color": "light_green",
    "encumberance": 0,
    "price": 10,
    "material": [ "silver" ],
    "coverage": 0,
    "rarity": 14,
    "symbol": "[",
    "bashing": 0,
    "cutting": 0,
    "warmth": 0,
    "enviromental_protection": 0,
    "phase": "solid"
  },
  {
    "type": "ARMOR",
    "id": "rad_badge",
    "name": { "str": "radiation badge" },
    "volume": 0,
    "material_thickness": 0,
    "storage": 0,
    "description": "A plastic badge with an embedded film strip.  The film strip changes color as it it is exposed to radiation.  Wear on your lapel so you can notice if it changes.",
    "weight": "0 g",
    "to_hit": 0,
    "color": "light_blue",
    "encumberance": 0,
    "price": 1000,
    "material": [ "plastic" ],
    "coverage": 0,
    "rarity": 10,
    "symbol": "[",
    "bashing": 0,
    "cutting": 0,
    "warmth": 0,
    "enviromental_protection": 0,
    "phase": "solid"
  },
  {
    "type": "ARMOR",
    "id": "badge_deputy",
    "name": { "str": "deputy badge" },
    "volume": 0,
    "material_thickness": 0,
    "storage": 0,
    "description": "A tarnished gold star gives an air of authority to the wearer.",
    "weight": "0 g",
    "to_hit": 0,
    "color": "yellow",
    "encumberance": 0,
    "price": 500,
    "material": [ "silver" ],
    "coverage": 0,
    "bashing_protection": 0,
    "rarity": 14,
    "symbol": "[",
    "bashing": 0,
    "cutting": 0,
    "warmth": 0,
    "enviromental_protection": 0,
    "phase": "solid"
  },
  {
    "type": "ARMOR",
    "id": "american_flag",
    "name": { "str": "american flag" },
    "weight": "3 g",
    "color": "light_red",
    "covers": [ "TORSO", "ARMS", "HANDS", "LEGS", "FEET" ],
    "to_hit": -1,
    "storage": 0,
    "symbol": "[",
    "coverage": 60,
    "description": "A large American flag made to fly in even the worst conditions.",
    "price": 500,
    "material": [ "cotton" ],
    "volume": 3,
    "cutting": 0,
    "warmth": 10,
    "phase": "solid",
    "enviromental_protection": 1,
    "rarity": 20,
    "encumberance": 0,
    "bashing": 0,
    "flags": [ "OVERSIZE" ],
    "material_thickness": 1
  },
  {
    "type": "ARMOR",
    "id": "blanket",
    "name": { "str": "blanket" },
    "weight": "3 g",
    "color": "light_red",
    "covers": [ "TORSO", "ARMS", "HANDS", "LEGS", "FEET" ],
    "to_hit": -1,
    "storage": 0,
    "symbol": "[",
    "description": "Hiding under here will not protect you from the monsters.",
    "price": 225,
    "material": [ "cotton" ],
    "volume": 10,
    "cutting": 0,
    "warmth": 60,
    "phase": "solid",
    "enviromental_protection": 1,
    "rarity": 20,
    "encumberance": 5,
    "bashing": 0,
    "coverage": 100,
    "flags": [ "OVERSIZE" ],
    "material_thickness": 3
  },
  {
    "type": "ARMOR",
    "id": "fur_blanket",
    "name": { "str": "fur blanket" },
    "weight": "10 g",
    "color": "light_red",
    "covers": [ "TORSO", "ARMS", "HANDS", "LEGS", "FEET" ],
    "to_hit": -1,
    "storage": 0,
    "symbol": "[",
    "description": "A heavy fur blanket that covers most of your body.",
    "price": 225,
    "material": [ "cotton", "fur" ],
    "volume": 10,
    "cutting": 0,
    "warmth": 80,
    "phase": "solid",
    "enviromental_protection": 1,
    "rarity": 20,
    "encumberance": 5,
    "bashing": 0,
    "coverage": 100,
    "flags": [ "OVERSIZE" ],
    "material_thickness": 4
  },
  {
    "type": "ARMOR",
    "id": "emer_blanket",
    "name": { "str": "emergency blanket" },
    "weight": "2 g",
    "color": "light_red",
    "covers": [ "TORSO", "ARMS", "LEGS" ],
    "to_hit": -1,
    "storage": 0,
    "symbol": "[",
    "description": "A compact wool blanket that covers your most important body parts.",
    "price": 225,
    "material": [ "wool" ],
    "volume": 4,
    "cutting": 0,
    "warmth": 50,
    "phase": "solid",
    "enviromental_protection": 1,
    "rarity": 20,
    "encumberance": 5,
    "bashing": 0,
    "coverage": 100,
    "flags": [ "OVERSIZE" ],
    "material_thickness": 4
  },
  {
    "type": "ARMOR",
    "id": "sleeping_bag",
    "name": { "str": "sleeping bag" },
    "weight": "5 g",
    "color": "light_red",
    "covers": [ "TORSO", "HEAD", "MOUTH", "ARMS", "HANDS", "LEGS", "FEET" ],
    "to_hit": -1,
    "storage": 0,
    "symbol": "[",
    "description": "A large sleeping bag that covers you head to toe.",
    "price": 225,
    "material": [ "cotton" ],
    "volume": 10,
    "cutting": 0,
    "warmth": 80,
    "phase": "solid",
    "enviromental_protection": 1,
    "rarity": 10,
    "encumberance": 5,
    "bashing": 0,
    "coverage": 100,
    "flags": [ "OVERSIZE" ],
    "material_thickness": 4
  },
  {
    "type": "ARMOR",
    "id": "sleeping_bag_fur",
    "name": { "str": "fur sleeping bag" },
    "weight": "5 g",
    "color": "light_red",
    "covers": [ "TORSO", "HEAD", "MOUTH", "ARMS", "HANDS", "LEGS", "FEET" ],
    "to_hit": -1,
    "storage": 0,
    "symbol": "[",
    "description": "A large sleeping bag lined with fur.  Who needs a tent?",
    "price": 225,
    "material": [ "cotton", "fur" ],
    "volume": 10,
    "cutting": 0,
    "warmth": 100,
    "phase": "solid",
    "enviromental_protection": 1,
    "rarity": 10,
    "encumberance": 5,
    "bashing": 0,
    "coverage": 100,
    "flags": [ "OVERSIZE" ],
    "material_thickness": 6
  },
  {
    "type": "ARMOR",
    "id": "house_coat",
    "name": { "str": "house coat" },
    "weight": "6 g",
    "color": "light_red",
    "covers": [ "TORSO", "ARMS", "LEGS" ],
    "to_hit": -1,
    "storage": 6,
    "symbol": "[",
    "description": "Makes you wish you had running water to take a shower.",
    "price": 225,
    "material": [ "cotton" ],
    "volume": 10,
    "cutting": 0,
    "warmth": 40,
    "phase": "solid",
    "enviromental_protection": 1,
    "rarity": 25,
    "encumberance": 1,
    "bashing": 0,
    "coverage": 95,
    "flags": [ "OVERSIZE" ],
    "material_thickness": 4
  },
  {
    "type": "ARMOR",
    "id": "snuggie",
    "name": { "str": "snuggie" },
    "weight": "6 g",
    "color": "light_red",
    "covers": [ "TORSO", "ARMS", "LEGS" ],
    "to_hit": -1,
    "storage": 0,
    "symbol": "[",
    "description": "Perfect for reading all those books you stole.",
    "price": 225,
    "material": [ "cotton" ],
    "volume": 10,
    "cutting": 0,
    "warmth": 50,
    "phase": "solid",
    "enviromental_protection": 1,
    "rarity": 5,
    "encumberance": 2,
    "bashing": 0,
    "coverage": 95,
    "flags": [ "OVERSIZE" ],
    "material_thickness": 4
  },
  {
    "type": "ARMOR",
    "id": "cloak",
    "name": { "str": "cloak" },
    "weight": "15 g",
    "color": "light_red",
    "covers": [ "TORSO", "HEAD", "ARMS", "LEGS" ],
    "to_hit": -1,
    "storage": 0,
    "symbol": "[",
    "description": "A heavy cloak that is thrown over your body.",
    "price": 225,
    "material": [ "cotton" ],
    "volume": 10,
    "cutting": 0,
    "warmth": 40,
    "phase": "solid",
    "enviromental_protection": 3,
    "rarity": 5,
    "encumberance": 1,
    "bashing": 0,
    "coverage": 95,
    "flags": [ "OVERSIZE" ],
    "material_thickness": 3
  },
  {
    "type": "ARMOR",
    "id": "cloak_fur",
    "name": { "str": "fur cloak" },
    "weight": "15 g",
    "color": "light_red",
    "covers": [ "TORSO", "HEAD", "ARMS", "LEGS" ],
    "to_hit": -1,
    "storage": 0,
    "symbol": "[",
    "description": "A heavy fur cloak that is thrown over your body.",
    "price": 225,
    "material": [ "fur" ],
    "volume": 10,
    "cutting": 0,
    "warmth": 70,
    "phase": "solid",
    "enviromental_protection": 3,
    "rarity": 5,
    "encumberance": 1,
    "bashing": 0,
    "coverage": 95,
    "flags": [ "OVERSIZE" ],
    "material_thickness": 4
  },
  {
    "type": "ARMOR",
    "id": "cloak_leather",
    "name": { "str": "leather cloak" },
    "weight": "25 g",
    "color": "light_red",
    "covers": [ "TORSO", "HEAD", "ARMS", "LEGS" ],
    "to_hit": -1,
    "storage": 0,
    "symbol": "[",
    "description": "A heavy leather cloak that is thrown over your body.  Provides decent protection",
    "price": 225,
    "material": [ "leather" ],
    "volume": 10,
    "cutting": 0,
    "warmth": 40,
    "phase": "solid",
    "enviromental_protection": 3,
    "rarity": 5,
    "encumberance": 1,
    "bashing": 0,
    "coverage": 95,
    "flags": [ "OVERSIZE" ],
    "material_thickness": 4
  },
  {
    "type": "ARMOR",
    "id": "jedi_cloak",
    "name": { "str": "jedi cloak" },
    "weight": "14 g",
    "color": "light_red",
    "covers": [ "TORSO", "HEAD", "ARMS", "HANDS", "LEGS" ],
    "to_hit": -1,
    "storage": 0,
    "symbol": "[",
    "description": "Stylish cloak.",
    "price": 225,
    "material": [ "cotton" ],
    "volume": 10,
    "cutting": 0,
    "warmth": 50,
    "phase": "solid",
    "enviromental_protection": 5,
    "rarity": 1,
    "encumberance": 0,
    "bashing": 0,
    "coverage": 95,
    "flags": [ "OVERSIZE" ],
    "material_thickness": 4
  },
  {
    "type": "ARMOR",
    "id": "power_armor_basic",
    "name": { "str": "basic power armor" },
    "description": "The DoubleTech Power Armor, Mk.  I: A heavy suit of basic power armor, offering very good protection against attacks, but hard to move in.",
    "weight": "60 g",
    "enviromental_protection": 10,
    "color": "yellow",
    "symbol": "[",
    "material": [ "steel" ],
    "covers": [ "TORSO", "ARMS", "HANDS", "LEGS", "FEET" ],
    "price": 1000,
    "cutting": 0,
    "phase": "solid",
    "rarity": 5,
    "volume": 40,
    "to_hit": 1,
    "power_armor": true,
    "storage": 0,
    "warmth": 90,
    "encumberance": 5,
    "bashing": 1,
    "coverage": 100,
    "material_thickness": 10
  },
  {
    "type": "ARMOR",
    "id": "power_armor_helmet_basic",
    "name": { "str": "basic power armor helmet" },
    "description": "A basic helmet, designed for use with the DOubleTech Power Armor, Mk.  I.  Offers excellent protection from both attacks and environmental hazards.",
    "weight": "18 g",
    "enviromental_protection": 10,
    "color": "dark_gray",
    "symbol": "[",
    "material": [ "steel" ],
    "covers": [ "HEAD", "EYES", "MOUTH" ],
    "price": 500,
    "cutting": 0,
    "phase": "solid",
    "rarity": 6,
    "volume": 10,
    "to_hit": 1,
    "power_armor": true,
    "storage": 0,
    "warmth": 90,
    "encumberance": 5,
    "bashing": 1,
    "coverage": 100,
    "material_thickness": 10
  },
  {
    "type": "ARMOR",
    "id": "power_armor_light",
    "name": { "str": "light power armor" },
    "description": "A suit of DoubleTech Power Armor, Mk.  II-L.  This model offers several improvements over the Mk.  I, most notably the weight.",
    "weight": "35 g",
    "enviromental_protection": 8,
    "color": "yellow",
    "symbol": "[",
    "material": [ "steel", "plastic" ],
    "covers": [ "TORSO", "ARMS", "HANDS", "LEGS", "FEET" ],
    "price": 1500,
    "cutting": 0,
    "phase": "solid",
    "rarity": 3,
    "volume": 40,
    "to_hit": 1,
    "power_armor": true,
    "storage": 16,
    "warmth": 60,
    "encumberance": 4,
    "bashing": 1,
    "coverage": 100,
    "material_thickness": 9
  },
  {
    "type": "ARMOR",
    "id": "power_armor_helmet_light",
    "name": { "str": "light power armor helmet" },
    "description": "A power armor helmet designed for use with the DoubleTech Power Armor, Mk.  II-L.  This improved design is lighter and cooler than the Mk.  I helmet.",
    "weight": "12 g",
    "enviromental_protection": 8,
    "color": "dark_gray",
    "symbol": "[",
    "material": [ "steel", "plastic" ],
    "covers": [ "HEAD", "EYES", "MOUTH" ],
    "price": 750,
    "cutting": 0,
    "phase": "solid",
    "rarity": 3,
    "volume": 10,
    "to_hit": 1,
    "power_armor": true,
    "storage": 0,
    "warmth": 60,
    "encumberance": 4,
    "bashing": 1,
    "coverage": 100,
    "material_thickness": 9
  },
  {
    "type": "ARMOR",
    "id": "power_armor_heavy",
    "name": { "str": "heavy power armor" },
    "description": "A suit of DoubleTech Power Armor, Mk.  II-H.  This model offers several improvements over the Mk.  I, most notably the its environmental protection.",
    "weight": "90 g",
    "enviromental_protection": 16,
    "color": "yellow",
    "symbol": "[",
    "material": [ "steel" ],
    "covers": [ "TORSO", "ARMS", "HANDS", "LEGS", "FEET" ],
    "price": 1500,
    "cutting": 0,
    "phase": "solid",
    "rarity": 3,
    "volume": 50,
    "to_hit": 1,
    "power_armor": true,
    "storage": 16,
    "warmth": 60,
    "encumberance": 5,
    "bashing": 1,
    "coverage": 100,
    "material_thickness": 13
  },
  {
    "type": "ARMOR",
    "id": "power_armor_helmet_heavy",
    "name": { "str": "heavy power armor helmet" },
    "description": "A power armor helmet designed for use with the DoubleTech Power Armor, Mk.  II-H.  This improved design is heavier than the Mk.  I helmet, but cooler, and offers better environmental protection.",
    "weight": "27 g",
    "enviromental_protection": 16,
    "color": "dark_gray",
    "symbol": "[",
    "material": [ "steel" ],
    "covers": [ "HEAD", "EYES", "MOUTH" ],
    "price": 750,
    "cutting": 0,
    "phase": "solid",
    "rarity": 3,
    "volume": 24,
    "to_hit": 1,
    "power_armor": true,
    "storage": 0,
    "warmth": 60,
    "encumberance": 5,
    "bashing": 1,
    "coverage": 100,
    "material_thickness": 13
  },
  {
    "type": "ARMOR",
    "id": "power_armor_frame",
    "name": { "str": "power armor hauling frame" },
    "description": "A heavy duty hauling frame designed to interface with power armor.",
    "weight": "12 g",
    "color": "green",
    "price": 1000,
    "material": [ "steel" ],
    "volume": 8,
    "cutting": 0,
    "warmth": 0,
    "phase": "solid",
    "enviromental_protection": 0,
    "to_hit": 1,
    "power_armor": true,
    "storage": 120,
    "rarity": 4,
    "encumberance": 4,
    "bashing": 1,
    "symbol": "[",
    "coverage": 100,
    "material_thickness": 10
  },
  {
    "type": "ARMOR",
    "id": "arm_splint",
    "name": { "str": "arm splint" },
    "description": "A tool to help set bones and hold them in place",
    "weight": "10 g",
    "color": "light_red",
    "covers": [ "ARMS" ],
    "price": 200,
    "material": [ "wood", "cotton" ],
    "volume": 20,
    "cutting": 0,
    "warmth": 10,
    "phase": "solid",
    "enviromental_protection": 0,
    "to_hit": 0,
    "storage": 0,
    "rarity": 50,
    "encumberance": 7,
    "bashing": 0,
    "symbol": "[",
    "coverage": 75,
    "material_thickness": 2
  },
  {
    "type": "ARMOR",
    "id": "leg_splint",
    "name": { "str": "leg splint" },
    "description": "A tool to help set bones and hold them in place",
    "weight": "10 g",
    "color": "light_red",
    "covers": [ "LEGS" ],
    "price": 200,
    "material": [ "wood", "cotton" ],
    "volume": 20,
    "cutting": 0,
    "warmth": 10,
    "phase": "solid",
    "enviromental_protection": 0,
    "to_hit": 0,
    "storage": 0,
    "rarity": 50,
    "encumberance": 7,
    "bashing": 0,
    "symbol": "[",
    "coverage": 75,
    "material_thickness": 2
  },
  {
    "type": "ARMOR",
    "id": "legguard_hard",
    "name": { "str": "hard leg guards" },
    "weight": "4 g",
    "color": "blue",
    "covers": [ "LEGS" ],
    "to_hit": 1,
    "storage": 0,
    "symbol": "[",
    "description": "A pair of polyurethane leg guards with neoprene backing.",
    "price": 130,
    "material": [ "plastic", "cotton" ],
    "volume": 8,
    "cutting": 0,
    "warmth": 20,
    "phase": "solid",
    "enviromental_protection": 1,
    "rarity": 15,
    "encumberance": 1,
    "bashing": 0,
    "coverage": 65,
    "material_thickness": 4
  },
  {
    "type": "ARMOR",
    "id": "legguard_metal",
    "name": { "str": "metal leg guards" },
    "weight": "8 g",
    "color": "blue",
    "covers": [ "LEGS" ],
    "to_hit": 1,
    "storage": 0,
    "symbol": "[",
    "description": "A pair of leg guards hammered out from metal.  Very stylish.",
    "price": 400,
    "material": [ "iron" ],
    "volume": 10,
    "cutting": 0,
    "warmth": 10,
    "phase": "solid",
    "enviromental_protection": 1,
    "rarity": 10,
    "encumberance": 2,
    "bashing": 0,
    "coverage": 70,
    "material_thickness": 4
  },
  {
    "type": "ARMOR",
    "id": "wristwatch",
    "name": { "str": "wrist watch" },
    "volume": 0,
    "material_thickness": 0,
    "storage": 0,
    "description": "A simple wristwatch.",
    "weight": "0 g",
    "to_hit": -1,
    "color": "white",
    "encumberance": 0,
    "price": 50,
    "material": [ "plastic", "steel" ],
    "flags": [ "WATCH", "ALARM" ],
    "coverage": 1,
    "rarity": 5,
    "symbol": "[",
    "bashing": 0,
    "cutting": 0,
    "warmth": 0,
    "enviromental_protection": 0,
    "phase": "solid"
  },
  {
    "type": "ARMOR",
    "id": "blackcap",
    "name": { "str": "black knit cap" },
    "weight": "1 g",
    "color": "dark_gray",
    "covers": [ "HEAD" ],
    "to_hit": 0,
    "storage": 0,
    "symbol": "[",
    "description": "A snug-fitting black knit cap.  Quite warm.  Not very effective at hiding your idity, but nice try.",
    "price": 40,
    "material": [ "cotton" ],
    "volume": 2,
    "cutting": 0,
    "warmth": 30,
    "phase": "solid",
    "enviromental_protection": 0,
    "rarity": 45,
    "encumberance": 0,
    "bashing": 0,
    "coverage": 75,
    "material_thickness": 2
  },
  {
    "type": "ARMOR",
    "id": "panamahat",
    "name": { "str": "panama hat" },
    "weight": "1 g",
    "color": "dark_gray",
    "covers": [ "HEAD" ],
    "to_hit": 0,
    "storage": 10,
    "symbol": "[",
    "description": "A tan hat, bleached by the desert sun.  The hat of a genuine freak, never intended for mass production.",
    "price": 40,
    "material": [ "cotton" ],
    "volume": 2,
    "cutting": 10,
    "warmth": 30,
    "phase": "solid",
    "enviromental_protection": 0,
    "rarity": 45,
    "encumberance": 0,
    "bashing": 0,
    "coverage": 75,
    "material_thickness": 2
  },
  {
    "type": "ARMOR",
    "id": "briefcase",
    "name": { "str": "Well Worn Briefcase" },
    "volume": 3,
    "material_thickness": 3,
    "storage": 20,
    "description": "This thing looks like it's been around since atleast the sixties.  It looks bleached by the desert sun, and smells of strange and exotic narcotics..",
    "weight": "4 g",
    "to_hit": 5,
    "color": "green",
    "encumberance": 0,
    "price": 100,
    "material": [ "leather", "plastic" ],
    "coverage": 0,
    "rarity": 10,
    "symbol": "[",
    "bashing": 10,
    "cutting": 0,
    "warmth": 0,
    "enviromental_protection": 0,
    "phase": "solid"
  },
  {
    "type": "ARMOR",
    "id": "nicolesring",
    "name": { "str": "Nicole's wedding ring" },
    "volume": 0,
    "material_thickness": 0,
    "storage": 0,
    "description": "That whore.  Tried to take everything I had.  But I taught her and that lawyer.  They're both dead! I got my ring back from her corpse.",
    "weight": "0 g",
    "to_hit": 0,
    "color": "light_green",
    "encumberance": 0,
    "price": 600,
    "material": [ "silver" ],
    "coverage": 0,
    "rarity": 12,
    "symbol": "[",
    "bashing": 0,
    "cutting": 0,
    "warmth": 0,
    "enviromental_protection": 0,
    "phase": "solid"
  },
  {
    "type": "ARMOR",
    "id": "footballjersey",
    "name": { "str": "Football Jersey" },
    "weight": "3 g",
    "color": "light_red",
    "covers": [ "TORSO", "ARMS", "LEGS" ],
    "to_hit": -1,
    "storage": 6,
    "symbol": "[",
    "description": "A Jersey for the Buffalo Bills.  Number 32.  Has mysterious red specks on it.",
    "price": 225,
    "material": [ "cotton" ],
    "volume": 5,
    "cutting": 0,
    "warmth": 40,
    "phase": "solid",
    "enviromental_protection": 1,
    "rarity": 25,
    "encumberance": 0,
    "bashing": 5,
    "coverage": 95,
    "flags": [ "OVERSIZE" ],
    "material_thickness": 4
  },
  {
    "type": "ARMOR",
    "id": "womansuit",
    "name": { "str": "Woman Suit" },
    "weight": "19 g",
    "color": "yellow",
    "covers": [ "LEGS", "TORSO", "ARMS", "HANDS", "HEAD", "FEET", "MOUTH", "EYES" ],
    "to_hit": -3,
    "storage": 10,
    "symbol": "[",
    "description": "Would you fuck me? I'd fuck me.  I'd fuck me hard...",
    "price": 200,
    "material": [ "leather" ],
    "volume": 18,
    "cutting": 0,
    "warmth": 50,
    "phase": "solid",
    "enviromental_protection": 2,
    "rarity": 4,
    "encumberance": 1,
    "bashing": 0,
    "coverage": 100,
    "material_thickness": 10
  },
  {
    "type": "ARMOR",
    "id": "Acapulcoshirt",
    "name": { "str": "Acapulco Shirt" },
    "weight": "2 g",
    "color": "light_red",
    "covers": [ "TORSO" ],
    "to_hit": 0,
    "storage": 10,
    "symbol": "[",
    "description": "But first we need the car.  And after that the cocaine.  And then the tape recorder, for special music, and some Acapulco shirts.",
    "price": 80,
    "material": [ "cotton" ],
    "volume": 3,
    "cutting": 5,
    "warmth": 10,
    "phase": "solid",
    "enviromental_protection": 0,
    "rarity": 80,
    "encumberance": -2,
    "bashing": 10,
    "flags": [ "VARSIZE" ],
    "coverage": 80,
    "material_thickness": 1
  },
  {
    "type": "ARMOR",
    "id": "bloodygloves",
    "name": { "str": "bloody gloves" },
    "weight": "1 g",
    "color": "light_blue",
    "covers": [ "HANDS" ],
    "to_hit": 2,
    "storage": 0,
    "symbol": "[",
    "description": "A thin pair of leather gloves covered in blood.  Good for doing in the ex-wife and her lover.  You'll be damned if she inherits your estate.",
    "price": 85,
    "material": [ "leather" ],
    "volume": 1,
    "cutting": 0,
    "warmth": 40,
    "phase": "solid",
    "enviromental_protection": 3,
    "rarity": 45,
    "encumberance": 1,
    "bashing": 0,
    "coverage": 75,
    "material_thickness": 2
  },
  {
    "type": "ARMOR",
    "id": "aviatorglasses",
    "name": { "str": "Aviator T-Shades" },
    "weight": "0 g",
    "color": "cyan",
    "covers": [ "EYES" ],
    "to_hit": 9,
    "storage": 2,
    "symbol": "[",
    "description": "Know your Dope Fiend! You will not be able to see his eyes because of T-Shades, but inside, he is white with inner tension.",
    "price": 150,
    "material": [ "glass", "plastic" ],
    "volume": 1,
    "cutting": 10,
    "warmth": 0,
    "phase": "solid",
    "enviromental_protection": 10,
    "rarity": 90,
    "encumberance": 0,
    "bashing": 0,
    "coverage": 75,
    "material_thickness": 1
  },
  {
    "type": "ARMOR",
    "id": "naziuniform",
    "name": { "str": "Nazi Uniform" },
    "weight": "6 g",
    "color": "dark_gray",
    "covers": [ "LEGS", "TORSO" ],
    "to_hit": 4,
    "storage": 25,
    "symbol": "[",
    "description": "An authoritarian outfit.  Looks like something a Fascist would wear.",
    "price": 200,
    "material": [ "cotton" ],
    "volume": 6,
    "cutting": 10,
    "warmth": 10,
    "phase": "solid",
    "enviromental_protection": 10,
    "rarity": 20,
    "encumberance": 0,
    "bashing": 0,
    "flags": [ "VARSIZE" ],
    "coverage": 95,
    "material_thickness": 2
  },
  {
    "type": "ARMOR",
    "id": "jorts",
    "name": { "str": "Jorts" },
    "weight": "6 g",
    "color": "brown",
    "covers": [ "LEGS" ],
    "to_hit": 0,
    "storage": 12,
    "symbol": "[",
    "description": "Jean shorts.  A key component of neckbeard attire.",
    "price": 280,
    "material": [ "cotton" ],
    "volume": 6,
    "cutting": 0,
    "warmth": 20,
    "phase": "solid",
    "enviromental_protection": 0,
    "rarity": 70,
    "encumberance": 1,
    "bashing": 0,
    "flags": [ "VARSIZE" ],
    "coverage": 95,
    "material_thickness": 4
  },
  {
    "type": "ARMOR",
    "id": "elvisoutfit",
    "name": { "str": "Rhinestone Jumpsuit" },
    "weight": "6 g",
    "color": "yellow",
    "covers": [ "LEGS", "TORSO" ],
    "to_hit": 3,
    "storage": 8,
    "symbol": "[",
    "description": "An outfit fit for the King...",
    "price": 200,
    "material": [ "cotton", "plastic" ],
    "volume": 6,
    "cutting": 10,
    "warmth": 10,
    "phase": "solid",
    "enviromental_protection": 2,
    "rarity": 20,
    "encumberance": 0,
    "bashing": 0,
    "flags": [ "VARSIZE" ],
    "coverage": 95,
    "material_thickness": 5
  },
  {
    "type": "ARMOR",
    "id": "fedora",
    "name": { "str": "Fedora" },
    "weight": "1 g",
    "color": "dark_gray",
    "covers": [ "HEAD" ],
    "to_hit": 0,
    "storage": 10,
    "symbol": "[",
    "description": "A fedora is a felt hat originally designed for a woman but is now most commonly worn by men.  Goony men.",
    "price": 40,
    "material": [ "cotton" ],
    "volume": 2,
    "cutting": 10,
    "warmth": 30,
    "phase": "solid",
    "enviromental_protection": 0,
    "rarity": 45,
    "encumberance": 0,
    "bashing": 0,
    "coverage": 75,
    "material_thickness": 2
  }
]
