[
  {
    "abstract": "bio_template",
    "name": { "str": "template_bionics" },
    "cost": 0,
    "time": 0,
    "description": "If you're seeing this, it's a bug."
  },
  {
    "id": "bio_batteries",
    "name": { "str": "Battery System" },
    "cost": 0,
    "time": 0,
    "flags": [ "POWER" ],
    "description": "You have a battery draining attachment, and thus can make use of the energy contained in normal, everyday batteries.  Use 'E' to consume batteries."
  },
  {
    "id": "bio_metabolics",
    "name": { "str": "Metabolic Interchange" },
    "cost": 0,
    "time": 100,
    "flags": [ "POWER", "ACTIVE" ],
    "description": "Your digestive system and power supply are interconnected.  Any drain on energy instead increases your hunger."
  },
  {
    "id": "bio_solar",
    "name": { "str": "Solar Panels" },
    "cost": 0,
    "time": 0,
    "flags": [ "POWER" ],
    "description": "You have a few solar panels installed.  While in direct sunlight, your power level will slowly recharge."
  },
  {
    "id": "bio_torsionratchet",
    "name": { "str": "Joint Torsion Ratchet" },
    "cost": 0,
    "time": 0,
    "flags": [ "POWER" ],
    "description": "Your joints have been equipped with torsion ratchets that generate power slowly when you move."
  },
  {
    "id": "bio_furnace",
    "name": { "str": "Internal Furnace" },
    "cost": 0,
    "time": 0,
    "flags": [ "POWER" ],
    "description": "You can burn nearly any organic material as fuel (use 'E'), recharging your power level.  Some materials will burn better than others."
  },
  {
    "id": "bio_ethanol",
    "name": { "str": "Ethanol Burner" },
    "cost": 0,
    "time": 0,
    "flags": [ "POWER" ],
    "description": "You burn alcohol as fuel in an extremely efficient reaction.  However, you will still suffer the inebriating effects of the substance."
  },
  {
    "id": "bio_memory",
    "name": { "str": "Enhanced Memory Banks" },
    "cost": 1,
    "time": 0,
    "description": "Your memory has been enhanced with small quantum storage drives.  Any time you start to forget a skill, you have a chance at retaining all knowledge, at the cost of a small amount of poweron."
  },
  {
    "id": "bio_ears",
    "name": { "str": "Enhanced Hearing" },
    "cost": 0,
    "time": 0,
    "description": "Your hearing has been drastically improved, allowing you to hear ten times better than the average person.  Additionally, high-intensity sounds will be automatically dampened before they can damage your hearing."
  },
  {
    "id": "bio_eye_enhancer",
    "name": { "str": "Diamond Cornea" },
    "cost": 0,
    "time": 0,
    "description": "Your vision is greatly enhanced, giving you a +2 bonus to perception."
  },
  {
    "id": "bio_membrane",
    "name": { "str": "Nictating Membrane" },
    "cost": 0,
    "time": 0,
    "description": "Your eyes have a thin membrane that closes over your eyes while underwater, negating any vision penalties."
  },
  {
    "id": "bio_targeting",
    "name": { "str": "Targeting System" },
    "cost": 0,
    "time": 0,
    "description": "Your eyes are equipped with range finders, and their movement is synced with that of your arms, to a degree.  Shots you fire will be much more accurate, particularly at long range."
  },
  {
    "id": "bio_gills",
    "name": { "str": "Membrane Oxygenator" },
    "cost": 1,
    "time": 0,
    "description": "An oxygen interchange system automatically switches on while underwater, slowly draining your energy reserves but providing oxygen."
  },
  {
    "id": "bio_purifier",
    "name": { "str": "Air Filtration System" },
    "cost": 1,
    "time": 0,
    "description": "Implanted in your trachea is an advanced filtration system.  If toxins find their way into your windpipe, the filter will attempt to remove them."
  },
  {
    "id": "bio_climate",
    "name": { "str": "Internal Climate Control" },
    "cost": 1,
    "time": 30,
    "flags": [ "ACTIVE" ],
    "description": "Throughout your body lies a network of thermal piping which eases the effects of high and low ambient temperatures."
  },
  {
    "id": "bio_storage",
    "name": { "str": "Internal Storage" },
    "cost": 0,
    "time": 0,
    "description": "Space inside your chest cavity has been converted into a storage area.  You may carry an extra 8 units of volume."
  },
  {
    "id": "bio_recycler",
    "name": { "str": "Recycler Unit" },
    "cost": 0,
    "time": 0,
    "description": "Your digestive system has been outfitted with a series of filters and processors, allowing you to reclaim waste liquid and, to a lesser degree, nutrients.  The net effect is a greatly reduced need to eat and drink."
  },
  {
    "id": "bio_digestion",
    "name": { "str": "Expanded Digestive System" },
    "cost": 0,
    "time": 0,
    "description": "You have been outfitted with three synthetic stomachs and industrial-grade intestines.  Not only can you extract much more nutrition from food, but you are highly resistant to foodborne illness, and can sometimes eat rotten food."
  },
  {
    "id": "bio_tools",
    "name": { "str": "Integrated Toolset" },
    "cost": 0,
    "time": 0,
    "description": "Implanted in your hands and fingers is a complete tool set - screwdriver, hammer, wrench, and heating elements.  You can use this in place of many tools when crafting."
  },
  {
    "id": "bio_shock",
    "name": { "str": "Electroshock Unit" },
    "cost": 1,
    "time": 0,
    "description": "While fighting unarmed, or with a weapon that conducts electricity, there is a chance that a successful hit will shock your opponent, inflicting extra damage and disabling them temporarily at the cost of some energy."
  },
  {
    "id": "bio_heat_absorb",
    "name": { "str": "Heat Drain" },
    "cost": 1,
    "time": 0,
    "description": "While fighting unarmed against a warm-blooded opponent, there is a chance that a successful hit will drain body heat, inflicting a small amount of extra damage, and increasing your power reserves slightly."
  },
  {
    "id": "bio_carbon",
    "name": { "str": "Subdermal Carbon Filament" },
    "cost": 0,
    "time": 0,
    "description": "Lying just beneath your skin is a thin armor made of carbon nanotubes.  This reduces bashing damage by 2 and cutting damage by 4."
  },
  {
    "id": "bio_armor_head",
    "name": { "str": "Alloy Plating - Head" },
    "cost": 0,
    "time": 0,
    "description": "The flesh on your head has been replaced by a strong armor, protecting both your head and jaw regions."
  },
  {
    "id": "bio_armor_torso",
    "name": { "str": "Alloy Plating - Torso" },
    "cost": 0,
    "time": 0,
    "description": "The flesh on your torso has been replaced by a strong armor, protecting you greatly."
  },
  {
    "id": "bio_armor_arms",
    "name": { "str": "Alloy Plating - Arms" },
    "cost": 0,
    "time": 0,
    "description": "The flesh on your arms has been replaced by a strong armor, protecting you greatly."
  },
  {
    "id": "bio_armor_legs",
    "name": { "str": "Alloy Plating - Legs" },
    "cost": 0,
    "time": 0,
    "description": "The flesh on your legs has been replaced by a strong armor, protecting you greatly."
  },
  {
    "id": "bio_flashlight",
    "name": { "str": "Cranial Flashlight" },
    "cost": 1,
    "time": 30,
    "flags": [ "ACTIVE" ],
    "description": "Mounted between your eyes is a small but powerful LED flashlight."
  },
  {
    "id": "bio_night_vision",
    "name": { "str": "Implanted Night Vision" },
    "cost": 1,
    "time": 20,
    "flags": [ "ACTIVE" ],
    "description": "Your eyes have been modified to amplify existing light, allowing you to see in the dark."
  },
  {
    "id": "bio_infrared",
    "name": { "str": "Infrared Vision" },
    "cost": 1,
    "time": 4,
    "flags": [ "ACTIVE" ],
    "description": "Your range of vision extends into the infrared, allowing you to see warm- blooded creatures in the dark, and even through walls."
  },
  {
    "id": "bio_face_mask",
    "name": { "str": "Facial Distortion" },
    "cost": 1,
    "time": 10,
    "flags": [ "ACTIVE" ],
    "description": "Your face is actually made of a compound which may be molded by electrical impulses, making you impossible to recognize.  While not powered, however, the compound reverts to its default shape."
  },
  {
    "id": "bio_ads",
    "name": { "str": "Active Defense System" },
    "cost": 1,
    "time": 7,
    "flags": [ "ACTIVE" ],
    "description": "A thin forcefield surrounds your body, continually draining power.  Anything attempting to penetrate this field has a chance of being deflected at the cost of more energy.  Melee attacks will be stopped more often than bullets."
  },
  {
    "id": "bio_ods",
    "name": { "str": "Offensive Defense System" },
    "cost": 1,
    "time": 6,
    "flags": [ "ACTIVE" ],
    "description": "A thin forcefield surrounds your body, continually draining power.  This field does not deflect penetration, but rather delivers a very strong shock, damaging unarmed attackers and those with a conductive weapon."
  },
  {
    "id": "bio_scent_mask",
    "name": { "str": "Olfactory Mask" },
    "cost": 1,
    "time": 8,
    "flags": [ "ACTIVE" ],
    "description": "While this system is powered, your body will produce very little odor, making it nearly impossible for creatures to track you by scent."
  },
  {
    "id": "bio_scent_vision",
    "name": { "str": "Scent Vision" },
    "cost": 1,
    "time": 30,
    "flags": [ "ACTIVE" ],
    "description": "While this system is powered, you're able to visually sense your own scent, making it possible for you to recognize your surroundings even if you can't see it."
  },
  {
    "id": "bio_cloak",
    "name": { "str": "Cloaking System" },
    "cost": 2,
    "time": 1,
    "flags": [ "ACTIVE" ],
    "description": "This high-power system uses a set of cameras and LEDs to make you blend into your background, rendering you fully invisible to normal vision.  However, you may be detected by infrared, sonar, etc."
  },
  {
    "id": "bio_painkiller",
    "name": { "str": "Sensory Dulling" },
    "cost": 2,
    "time": 0,
    "flags": [ "ACTIVE" ],
    "description": "Your nervous system is wired to allow you to inhibit the signals of pain, allowing you to dull your senses at will.  However, the use of this system may cause delayed reaction time and drowsiness."
  },
  {
    "id": "bio_nanobots",
    "name": { "str": "Repair Nanobots" },
    "cost": 5,
    "time": 0,
    "flags": [ "ACTIVE" ],
    "description": "Inside your body is a fleet of tiny dormant robots.  Once charged from your energy banks, they will flit about your body, repairing any damage."
  },
  {
    "id": "bio_heatsink",
    "name": { "str": "Thermal Dissipation" },
    "cost": 1,
    "time": 6,
    "flags": [ "ACTIVE" ],
    "description": "Powerful heatsinks supermaterials are woven into your flesh.  While powered, this system will prevent heat damage up to 2000 degrees fahrenheit.  Note that this does not affect your internal temperature."
  },
  {
    "id": "bio_resonator",
    "name": { "str": "Sonic Resonator" },
    "cost": 4,
    "time": 0,
    "flags": [ "ACTIVE" ],
    "description": "Your entire body may resonate at very high power, creating a short-range shockwave.  While it will not to much damage to flexible creatures, stiff items such as walls, doors, and even robots will be severely damaged."
  },
  {
    "id": "bio_time_freeze",
    "name": { "str": "Time Dilation" },
    "cost": 3,
    "time": 0,
    "flags": [ "ACTIVE" ],
    "description": "At an immense cost of power, you may increase your body speed and reactions dramatically, essentially freezing time.  You are still delicate, however, and violent or rapid movements may damage you due to friction."
  },
  {
    "id": "bio_teleport",
    "name": { "str": "Teleportation Unit" },
    "cost": 10,
    "time": 0,
    "flags": [ "ACTIVE" ],
    "description": "This highly experimental unit folds space over short distances, instantly transporting your body up to 25 feet at the cost of much power.  Note that prolonged or frequent use may have dangerous side effects."
  },
  {
    "id": "bio_blood_anal",
    "name": { "str": "Blood Analysis" },
    "cost": 1,
    "time": 0,
    "flags": [ "ACTIVE" ],
    "description": "Small sensors have been implanted in your heart, allowing you to analyse your blood.  This will detect many illnesses, drugs, and other conditions."
  },
  {
    "id": "bio_blood_filter",
    "name": { "str": "Blood Filter" },
    "cost": 3,
    "time": 0,
    "flags": [ "ACTIVE" ],
    "description": "A filtration system in your heart allows you to actively filter out chemical impurities, primarily drugs.  It will have limited impact on viruses.  Note that it is not a targeted filter; ALL drugs in your system will be affected."
  },
  {
    "id": "bio_alarm",
    "name": { "str": "Alarm System" },
    "cost": 1,
    "time": 400,
    "flags": [ "ACTIVE" ],
    "description": "A motion-detecting alarm system will notice almost all movement within a fifteen-foot radius, and will silently alert you.  This is very useful during sleep, or if you suspect a cloaked pursuer."
  },
  {
    "id": "bio_evap",
    "name": { "str": "Aero-Evaporator" },
    "cost": 8,
    "time": 0,
    "flags": [ "ACTIVE" ],
    "description": "This unit draws moisture from the surrounding air, which then is poured from a fingertip in the form of water.  It may fail in very dry environments."
  },
  {
    "id": "bio_lighter",
    "name": { "str": "Mini-Flamethrower" },
    "cost": 3,
    "time": 0,
    "flags": [ "ACTIVE" ],
    "description": "The index fingers of both hands have powerful fire starters which extend from the tip."
  },
  {
    "id": "bio_claws",
    "name": { "str": "Adamantium Claws" },
    "cost": 3,
    "time": 0,
    "flags": [ "ACTIVE" ],
    "description": "Your fingers can withdraw into your hands, allowing a set of vicious claws to extend.  These do considerable cutting damage, but prevent you from holding anything else."
  },
  {
    "id": "bio_blaster",
    "name": { "str": "Fusion Blaster Arm" },
    "cost": 2,
    "time": 0,
    "flags": [ "ACTIVE" ],
    "description": "Your left arm has been replaced by a heavy-duty fusion blaster!  You may use your energy banks to fire a damaging heat ray; however, you are unable to use or carry two-handed items, and may only fire handguns."
  },
  {
    "id": "bio_laser",
    "name": { "str": "Finger-Mounted Laser" },
    "cost": 2,
    "time": 0,
    "flags": [ "ACTIVE" ],
    "description": "One of your fingers has a small high-powered laser embedded in it.  This long range weapon is not incredibly damaging, but is very accurate, and has the potential to start fires."
  },
  {
    "id": "bio_emp",
    "name": { "str": "Directional EMP" },
    "cost": 4,
    "time": 0,
    "flags": [ "ACTIVE" ],
    "description": "Mounted in the palms of your hand are small parabolic EMP field generators.  You may use power to fire a short-ranged blast which will disable electronics and robots."
  },
  {
    "id": "bio_hydraulics",
    "name": { "str": "Hydraulic Muscles" },
    "cost": 1,
    "time": 3,
    "flags": [ "ACTIVE" ],
    "description": "While activated, the muscles in your arms will be greatly enchanced, increasing your strength by 20."
  },
  {
    "id": "bio_water_extractor",
    "name": { "str": "Water Extraction Unit" },
    "cost": 2,
    "time": 0,
    "flags": [ "ACTIVE" ],
    "description": "Nanotubes embedded in the palm of your hand will pump any available fluid out of a dead body, cleanse it of impurities and convert it into drinkable water.  You must, however, have a container to store the water in."
  },
  {
    "id": "bio_magnet",
    "name": { "str": "Electromagnetic Unit" },
    "cost": 2,
    "time": 0,
    "flags": [ "ACTIVE" ],
    "description": "Embedded in your hand is a powerful electromagnet, allowing you to pull items made of iron over short distances."
  },
  {
    "id": "bio_fingerhack",
    "name": { "str": "Fingerhack" },
    "cost": 1,
    "time": 0,
    "flags": [ "ACTIVE" ],
    "description": "One of your fingers has an electrohack embedded in it; an all-purpose hacking unit used to override control panels and the like (but not computers).  Skill in computers is important, and a failed use may damage your circuits."
  },
  {
    "id": "bio_lockpick",
    "name": { "str": "Fingerpick" },
    "cost": 1,
    "time": 0,
    "flags": [ "ACTIVE" ],
    "description": "One of your fingers has an electronic lockpick embedded in it.  This auto- matic system will quickly unlock all but the most advanced key locks without any skill required on the part of the user."
  },
  {
    "id": "bio_ground_sonar",
    "name": { "str": "Terranian Sonar" },
    "cost": 1,
    "time": 5,
    "flags": [ "ACTIVE" ],
    "description": "Your feet are equipped with precision sonar equipment, allowing you to detect the movements of creatures below the ground."
  },
  {
    "id": "bio_power_armor_interface",
    "name": { "str": "Power Armor Interface" },
    "cost": 1,
    "time": 10,
    "flags": [ "ACTIVE" ],
    "description": "Interfaces your power system with the internal charging port on suits of power armor."
  },
  {
    "id": "bio_power_armor_interface_mkII",
    "name": { "str": "Power Armor Interface Mk.  II" },
    "cost": 1,
    "time": 50,
    "flags": [ "ACTIVE" ],
    "description": "Interfaces your power system with the internal charging port on suits of power armor.  The Mk.  II was designed by DoubleTech Inc., to meet the popularity of the Mk.  II power armor series."
  },
  {
    "id": "bio_flashbang",
    "name": { "str": "Flashbang Generator" },
    "cost": 5,
    "time": 0,
    "flags": [ "ACTIVE" ],
    "description": "Light emitting diodes integrated into your skin can release a flash comparable to a flashbang grenade, blinding nearby enemies.  Speakers integrated into your body mimic the loud sound, deafening those nearby."
  },
  {
    "id": "bio_railgun",
    "name": { "str": "Railgun" },
    "cost": 1,
    "time": 100,
    "flags": [ "ACTIVE" ],
    "description": "EM field generators in your arms double the range and damage of thrown iron and steel objects at a cost of 1 power per throw, causing them to leave a trail of electricity that can cause additional damage."
  },
  {
    "id": "bio_probability_travel",
    "name": { "str": "Probability Travel" },
    "cost": 1,
    "time": 100,
    "flags": [ "ACTIVE" ],
    "description": "Increases your body's wavelength, allowing you to quantum tunnel through walls, reappearing on the other side.  Power drain in standby is minimal, but each tile tunneled through costs 10 bionic power."
  },
  {
    "id": "bio_shockwave",
    "name": { "str": "Shockwave Generator" },
    "cost": 10,
    "time": 0,
    "flags": [ "ACTIVE" ],
    "description": "You generate a powerful shockwave, knocking back all nearby creatures.  Targets are stunned briefly, take damage and additional stun upon impact with impassable terrain, and knockback any creatures they collide with."
  },
  {
    "id": "bio_chain_lightning",
    "name": { "str": "Chain Lightning" },
    "cost": 5,
    "time": 0,
    "flags": [ "ACTIVE" ],
    "description": "Your body is equipped with a chain lightning generator, allowing you to  emit a blast of lightning at a target, leaving a trail of lightning in  its wake, jumping to additional targets within 4 tiles of the previous target."
  },
  {
    "id": "bio_night",
    "name": { "str": "Artificial Night Generator" },
    "cost": 1,
    "time": 2,
    "flags": [ "ACTIVE" ],
    "description": "Destructive interference eliminates all light within a 15 tile radius."
  },
  {
    "id": "bio_dis_shock",
    "name": { "str": "Electrical Discharge" },
    "cost": 0,
    "time": 0,
    "flags": [ "FAULTY" ],
    "description": "A malfunctioning bionic which occasionally discharges electricity through your body, causing pain and brief paralysis but no damage."
  },
  {
    "id": "bio_dis_acid",
    "name": { "str": "Acidic Discharge" },
    "cost": 0,
    "time": 0,
    "flags": [ "FAULTY" ],
    "description": "A malfunctioning bionic which occasionally discharges acid into your muscles, causing sharp pain and minor damage."
  },
  {
    "id": "bio_drain",
    "name": { "str": "Electrical Drain" },
    "cost": 0,
    "time": 0,
    "flags": [ "FAULTY" ],
    "description": "A malfunctioning bionic.  It doesn't perform any useful function, but will occasionally draw power from your batteries."
  },
  {
    "id": "bio_noise",
    "name": { "str": "Noisemaker" },
    "cost": 0,
    "time": 0,
    "flags": [ "FAULTY" ],
    "description": "A malfunctioning bionic.  It will occasionally emit a loud burst of noise."
  },
  {
    "id": "bio_power_weakness",
    "name": { "str": "Power Overload" },
    "cost": 0,
    "time": 0,
    "flags": [ "FAULTY" ],
    "description": "Damaged power circuits cause short-circuiting inside your muscles when your batteries are above 75% capacity, causing greatly reduced strength.  This has no effect if you have no internal batteries."
  },
  {
    "id": "bio_stiff",
    "name": { "str": "Wire-induced Stiffness" },
    "cost": 0,
    "time": 0,
    "flags": [ "FAULTY" ],
    "description": "Improperly installed wires cause a physical stiffness in most of your body, causing increased encumberance."
  }
]
