[
  {
    "type": "BOOK",
    "id": "mag_porn",
    "name": { "str": "Playboy" },
    "max_level": 0,
    "description": "You can read it for the articles.  Or not.",
    "weight": "1 g",
    "to_hit": 1,
    "color": "pink",
    "intelligence": 0,
    "symbol": "?",
    "material": [ "paper", "null" ],
    "volume": 1,
    "bashing": 0,
    "cutting": 0,
    "time": 10,
    "fun": 1,
    "skill": "none",
    "rarity": 20,
    "price": 30,
    "required_level": 0
  },
  {
    "type": "BOOK",
    "id": "mag_tv",
    "name": { "str": "US Weekly" },
    "max_level": 1,
    "description": "Weekly news about a bunch of famous people who're all (un)dead now.",
    "weight": "1 g",
    "to_hit": 1,
    "color": "pink",
    "intelligence": 3,
    "symbol": "?",
    "material": [ "paper", "null" ],
    "volume": 1,
    "bashing": 0,
    "cutting": 0,
    "time": 8,
    "fun": 1,
    "skill": "speech",
    "rarity": 40,
    "price": 40,
    "required_level": 0
  },
  {
    "type": "BOOK",
    "id": "mag_turner",
    "name": { "str": "What's Love Got To Do With It?" },
    "max_level": 1,
    "description": "Fuck Tina.  I didn't hit her! I DID NOT! ALL LIES.  That's the biggest lie in the world.  I love her, but I don't like her at all.",
    "weight": "1 g",
    "to_hit": 1,
    "color": "pink",
    "intelligence": 3,
    "symbol": "?",
    "material": [ "paper", "null" ],
    "volume": 1,
    "bashing": 0,
    "cutting": 0,
    "time": 8,
    "fun": -10,
    "skill": "none",
    "rarity": 40,
    "price": 40,
    "required_level": 0
  },
  {
    "type": "BOOK",
    "id": "mag_news",
    "name": { "str": "TIME magazine" },
    "max_level": 0,
    "description": "Current events concerning a bunch of people who're all (un)dead now.",
    "weight": "1 g",
    "to_hit": 1,
    "color": "pink",
    "intelligence": 7,
    "symbol": "?",
    "material": [ "paper", "null" ],
    "volume": 1,
    "bashing": 0,
    "cutting": 0,
    "time": 10,
    "fun": 2,
    "skill": "none",
    "rarity": 35,
    "price": 40,
    "required_level": 0
  },
  {
    "type": "BOOK",
    "id": "mag_cars",
    "name": { "str": "Top Gear magazine" },
    "max_level": 1,
    "description": "Lots of articles about cars and driving techniques.",
    "weight": "1 g",
    "to_hit": 1,
    "color": "pink",
    "intelligence": 2,
    "symbol": "?",
    "material": [ "paper", "null" ],
    "volume": 1,
    "bashing": 0,
    "cutting": 0,
    "time": 8,
    "fun": 1,
    "skill": "driving",
    "rarity": 40,
    "price": 45,
    "required_level": 0
  },
  {
    "type": "BOOK",
    "id": "mag_cooking",
    "name": { "str": "Bon Appetit" },
    "max_level": 1,
    "description": "Exciting recipes and restaurant reviews.  Full of handy tips about cooking.",
    "weight": "1 g",
    "to_hit": 1,
    "color": "pink",
    "intelligence": 5,
    "symbol": "?",
    "material": [ "paper", "null" ],
    "volume": 1,
    "bashing": 0,
    "cutting": 0,
    "time": 8,
    "fun": 1,
    "skill": "cooking",
    "rarity": 30,
    "price": 45,
    "required_level": 0
  },
  {
    "type": "BOOK",
    "id": "mag_carpentry",
    "name": { "str": "Birdhouse Monthly" },
    "max_level": 1,
    "description": "A riveting periodical all about birdhouses and their construction.",
    "weight": "1 g",
    "to_hit": 1,
    "color": "pink",
    "intelligence": 5,
    "symbol": "?",
    "material": [ "paper", "null" ],
    "volume": 1,
    "bashing": 0,
    "cutting": 0,
    "time": 8,
    "fun": 1,
    "skill": "carpentry",
    "rarity": 30,
    "price": 45,
    "required_level": 0
  },
  {
    "type": "BOOK",
    "id": "mag_guns",
    "name": { "str": "Guns n Ammo" },
    "max_level": 1,
    "description": "Reviews of firearms, and various useful tips about their use.",
    "weight": "1 g",
    "to_hit": 1,
    "color": "pink",
    "intelligence": 2,
    "symbol": "?",
    "material": [ "paper", "null" ],
    "volume": 1,
    "bashing": 0,
    "cutting": 0,
    "time": 7,
    "fun": 1,
    "skill": "gun",
    "rarity": 20,
    "price": 48,
    "required_level": 0
  },
  {
    "type": "BOOK",
    "id": "mag_archery",
    "name": { "str": "Archery for Kids" },
    "max_level": 1,
    "description": "Will you be able to place the arrow right into bull's eye? It is not that easy, but once you know how it's done, you will have a lot of fun with archery.",
    "weight": "1 g",
    "to_hit": 1,
    "color": "pink",
    "intelligence": 2,
    "symbol": "?",
    "material": [ "paper", "null" ],
    "volume": 1,
    "bashing": 0,
    "cutting": 0,
    "time": 7,
    "fun": 1,
    "skill": "archery",
    "rarity": 20,
    "price": 48,
    "required_level": 0
  },
  {
    "type": "BOOK",
    "id": "mag_gaming",
    "name": { "str": "Computer Gaming" },
    "max_level": 0,
    "description": "Reviews of recently released computer games and previews of upcoming titles.",
    "weight": "1 g",
    "to_hit": 1,
    "color": "pink",
    "intelligence": 7,
    "symbol": "?",
    "material": [ "paper", "null" ],
    "volume": 1,
    "bashing": 0,
    "cutting": 0,
    "time": 8,
    "fun": 2,
    "skill": "none",
    "rarity": 20,
    "price": 30,
    "required_level": 0
  },
  {
    "type": "BOOK",
    "id": "mag_comic",
    "name": { "str": "comic book" },
    "max_level": 0,
    "description": "A super-hero comic.",
    "weight": "1 g",
    "to_hit": 1,
    "color": "pink",
    "intelligence": 0,
    "symbol": "?",
    "material": [ "paper", "null" ],
    "volume": 1,
    "bashing": 0,
    "cutting": 0,
    "time": 7,
    "fun": 2,
    "skill": "none",
    "rarity": 20,
    "price": 30,
    "required_level": 0
  },
  {
    "type": "BOOK",
    "id": "mag_firstaid",
    "name": { "str": "Paramedics" },
    "max_level": 1,
    "description": "An educational magazine for EMTs.",
    "weight": "1 g",
    "to_hit": 1,
    "color": "pink",
    "intelligence": 1,
    "symbol": "?",
    "material": [ "paper", "null" ],
    "volume": 1,
    "bashing": 0,
    "cutting": 0,
    "time": 8,
    "fun": 1,
    "skill": "firstaid",
    "rarity": 15,
    "price": 48,
    "required_level": 0
  },
  {
    "type": "BOOK",
    "id": "mag_dodge",
    "name": { "str": "Dance Dance Dance!" },
    "max_level": 1,
    "description": "Learn the moves of the trendiest dances right now.",
    "weight": "1 g",
    "to_hit": 1,
    "color": "pink",
    "intelligence": 2,
    "symbol": "?",
    "material": [ "paper", "null" ],
    "volume": 1,
    "bashing": 0,
    "cutting": 0,
    "time": 8,
    "fun": 1,
    "skill": "dodge",
    "rarity": 20,
    "price": 48,
    "required_level": 0
  },
  {
    "type": "BOOK",
    "id": "mag_throwing",
    "name": { "str": "Diskobolus" },
    "max_level": 1,
    "description": "A biannual magazine devoted to discus throw.",
    "weight": "1 g",
    "to_hit": 1,
    "color": "pink",
    "intelligence": 1,
    "symbol": "?",
    "material": [ "paper", "null" ],
    "volume": 1,
    "bashing": 0,
    "cutting": 0,
    "time": 8,
    "fun": 1,
    "skill": "throw",
    "rarity": 20,
    "price": 48,
    "required_level": 0
  },
  {
    "type": "BOOK",
    "id": "mag_swimming",
    "name": { "str": "Swim Planet" },
    "max_level": 1,
    "description": "The world's leading resource about aquatic sports.",
    "weight": "1 g",
    "to_hit": 1,
    "color": "pink",
    "intelligence": 1,
    "symbol": "?",
    "material": [ "paper", "null" ],
    "volume": 1,
    "bashing": 0,
    "cutting": 0,
    "time": 8,
    "fun": 1,
    "skill": "swimming",
    "rarity": 20,
    "price": 48,
    "required_level": 0
  },
  {
    "type": "BOOK",
    "id": "novel_romance",
    "name": { "str": "romance novel" },
    "max_level": 0,
    "description": "Drama and mild smut.",
    "weight": "1 g",
    "to_hit": 0,
    "color": "light_blue",
    "intelligence": 4,
    "symbol": "?",
    "material": [ "paper", "null" ],
    "volume": 4,
    "bashing": 0,
    "cutting": 0,
    "time": 15,
    "fun": 2,
    "skill": "none",
    "rarity": 30,
    "price": 55,
    "required_level": 0
  },
  {
    "type": "BOOK",
    "id": "novel_spy",
    "name": { "str": "spy novel" },
    "max_level": 0,
    "description": "A tale of intrigue and espionage amongst Nazis, no, Commies, no, Iraqis!",
    "weight": "1 g",
    "to_hit": 0,
    "color": "light_blue",
    "intelligence": 5,
    "symbol": "?",
    "material": [ "paper", "null" ],
    "volume": 4,
    "bashing": 0,
    "cutting": 0,
    "time": 18,
    "fun": 3,
    "skill": "none",
    "rarity": 28,
    "price": 55,
    "required_level": 0
  },
  {
    "type": "BOOK",
    "id": "novel_scifi",
    "name": { "str": "scifi novel" },
    "max_level": 0,
    "description": "Aliens, ray guns, and space ships.",
    "weight": "1 g",
    "to_hit": 0,
    "color": "light_blue",
    "intelligence": 6,
    "symbol": "?",
    "material": [ "paper", "null" ],
    "volume": 3,
    "bashing": 0,
    "cutting": 0,
    "time": 20,
    "fun": 3,
    "skill": "none",
    "rarity": 20,
    "price": 55,
    "required_level": 0
  },
  {
    "type": "BOOK",
    "id": "novel_drama",
    "name": { "str": "drama novel" },
    "max_level": 0,
    "description": "A real book for real adults.",
    "weight": "1 g",
    "to_hit": 0,
    "color": "light_blue",
    "intelligence": 7,
    "symbol": "?",
    "material": [ "paper", "null" ],
    "volume": 4,
    "bashing": 0,
    "cutting": 0,
    "time": 25,
    "fun": 4,
    "skill": "none",
    "rarity": 40,
    "price": 55,
    "required_level": 0
  },
  {
    "type": "BOOK",
    "id": "novel_fantasy",
    "name": { "str": "fantasy novel" },
    "max_level": 0,
    "description": "Basic Sword & Sorcery.",
    "weight": "1 g",
    "to_hit": 0,
    "color": "light_blue",
    "intelligence": 7,
    "symbol": "?",
    "material": [ "paper", "null" ],
    "volume": 4,
    "bashing": 0,
    "cutting": 0,
    "time": 20,
    "fun": 4,
    "skill": "none",
    "rarity": 20,
    "price": 55,
    "required_level": 0
  },
  {
    "type": "BOOK",
    "id": "novel_mystery",
    "name": { "str": "mystery novel" },
    "max_level": 0,
    "description": "A detective investigates an unusual murder in a secluded location.",
    "weight": "1 g",
    "to_hit": 0,
    "color": "light_blue",
    "intelligence": 7,
    "symbol": "?",
    "material": [ "paper", "null" ],
    "volume": 4,
    "bashing": 0,
    "cutting": 0,
    "time": 18,
    "fun": 4,
    "skill": "none",
    "rarity": 25,
    "price": 55,
    "required_level": 0
  },
  {
    "type": "BOOK",
    "id": "novel_horror",
    "name": { "str": "horror novel" },
    "max_level": 0,
    "description": "Maybe not the best reading material considering the situation.",
    "weight": "1 g",
    "to_hit": 0,
    "color": "light_blue",
    "intelligence": 7,
    "symbol": "?",
    "material": [ "paper", "null" ],
    "volume": 4,
    "bashing": 0,
    "cutting": 0,
    "time": 18,
    "fun": 1,
    "skill": "none",
    "rarity": 18,
    "price": 55,
    "required_level": 0
  },
  {
    "type": "BOOK",
    "id": "manual_brawl",
    "name": { "str": "101 Wrestling Moves" },
    "max_level": 3,
    "description": "It seems to be a wrestling manual, poorly photocopied and released on spiral- bound paper.  Still, there are lots of useful tips for unarmed combat.",
    "weight": "1 g",
    "to_hit": 0,
    "color": "green",
    "intelligence": 3,
    "symbol": "?",
    "material": [ "paper", "null" ],
    "volume": 2,
    "bashing": 0,
    "cutting": 0,
    "time": 15,
    "fun": 0,
    "skill": "unarmed",
    "rarity": 30,
    "price": 180,
    "required_level": 0
  },
  {
    "type": "BOOK",
    "id": "manual_knives",
    "name": { "str": "Spetsnaz Knife Techniques" },
    "max_level": 4,
    "description": "A classic Soviet text on the art of attacking with a blade.",
    "weight": "1 g",
    "to_hit": 0,
    "color": "green",
    "intelligence": 4,
    "symbol": "?",
    "material": [ "paper", "null" ],
    "volume": 1,
    "bashing": 0,
    "cutting": 0,
    "time": 18,
    "fun": 0,
    "skill": "cutting",
    "rarity": 12,
    "price": 200,
    "required_level": 1
  },
  {
    "type": "BOOK",
    "id": "manual_mechanics",
    "name": { "str": "Under the Hood" },
    "max_level": 3,
    "description": "An advanced mechanics manual, covering all sorts of topics.",
    "weight": "1 g",
    "to_hit": 0,
    "color": "green",
    "intelligence": 5,
    "symbol": "?",
    "material": [ "paper", "null" ],
    "volume": 3,
    "bashing": 0,
    "cutting": 0,
    "time": 18,
    "fun": 0,
    "skill": "mechanics",
    "rarity": 35,
    "price": 190,
    "required_level": 0
  },
  {
    "type": "BOOK",
    "id": "manual_survival",
    "name": { "str": "Pitching a Tent" },
    "max_level": 3,
    "description": "A guide detailing the basics of woodsmanship and outdoor survival.",
    "weight": "1 g",
    "to_hit": 0,
    "color": "green",
    "intelligence": 4,
    "symbol": "?",
    "material": [ "paper", "null" ],
    "volume": 3,
    "bashing": 0,
    "cutting": 0,
    "time": 18,
    "fun": 0,
    "skill": "survival",
    "rarity": 20,
    "price": 200,
    "required_level": 0
  },
  {
    "type": "BOOK",
    "id": "manual_speech",
    "name": { "str": "Self-Esteem for Dummies" },
    "max_level": 3,
    "description": "Full of useful tips for showing confidence in your speech.",
    "weight": "1 g",
    "to_hit": 0,
    "color": "green",
    "intelligence": 5,
    "symbol": "?",
    "material": [ "paper", "null" ],
    "volume": 3,
    "bashing": 0,
    "cutting": 0,
    "time": 20,
    "fun": 0,
    "skill": "speech",
    "rarity": 50,
    "price": 160,
    "required_level": 0
  },
  {
    "type": "BOOK",
    "id": "manual_business",
    "name": { "str": "How to Succeed in Business" },
    "max_level": 3,
    "description": "Useful if you want to get a good deal when purchasing goods.",
    "weight": "1 g",
    "to_hit": 0,
    "color": "green",
    "intelligence": 6,
    "symbol": "?",
    "material": [ "paper", "null" ],
    "volume": 3,
    "bashing": 0,
    "cutting": 0,
    "time": 25,
    "fun": -1,
    "skill": "barter",
    "rarity": 40,
    "price": 180,
    "required_level": 0
  },
  {
    "type": "BOOK",
    "id": "manual_first_aid",
    "name": { "str": "The Big Book of First Aid" },
    "max_level": 3,
    "description": "It's big and heavy, but full of great information about first aid.",
    "weight": "2 g",
    "to_hit": 0,
    "color": "green",
    "intelligence": 7,
    "symbol": "?",
    "material": [ "paper", "null" ],
    "volume": 5,
    "bashing": 0,
    "cutting": 0,
    "time": 20,
    "fun": 0,
    "skill": "firstaid",
    "rarity": 40,
    "price": 200,
    "required_level": 0
  },
  {
    "type": "BOOK",
    "id": "manual_computers",
    "name": { "str": "How to Browse the Web" },
    "max_level": 2,
    "description": "Very beginner-level information about computers.",
    "weight": "1 g",
    "to_hit": 0,
    "color": "green",
    "intelligence": 5,
    "symbol": "?",
    "material": [ "paper", "null" ],
    "volume": 3,
    "bashing": 0,
    "cutting": 0,
    "time": 15,
    "fun": 0,
    "skill": "computer",
    "rarity": 20,
    "price": 170,
    "required_level": 0
  },
  {
    "type": "BOOK",
    "id": "cookbook",
    "name": { "str": "Cooking on a Budget" },
    "max_level": 3,
    "description": "A nice cook book that goes beyond recipes and into the chemistry of food.",
    "weight": "1 g",
    "to_hit": 0,
    "color": "green",
    "intelligence": 4,
    "symbol": "?",
    "material": [ "paper", "null" ],
    "volume": 4,
    "bashing": 0,
    "cutting": 0,
    "time": 10,
    "fun": 0,
    "skill": "cooking",
    "rarity": 35,
    "price": 160,
    "required_level": 0
  },
  {
    "type": "BOOK",
    "id": "cookbook_human",
    "name": { "str": "To Serve Man" },
    "max_level": 4,
    "description": "It's...  it's a cookbook!",
    "weight": "1 g",
    "to_hit": 0,
    "color": "green",
    "intelligence": 4,
    "symbol": "?",
    "material": [ "paper", "null" ],
    "volume": 4,
    "bashing": 0,
    "cutting": 0,
    "time": 10,
    "fun": -5,
    "skill": "cooking",
    "rarity": 1,
    "price": 400,
    "required_level": 2
  },
  {
    "type": "BOOK",
    "id": "cookbook_italian",
    "name": { "str": "Cucina Italiana" },
    "max_level": 4,
    "description": "This cookbook is written in Italian, but handily illustrated with step by step photo instructions.",
    "weight": "1 g",
    "to_hit": 0,
    "color": "green",
    "intelligence": 6,
    "symbol": "?",
    "material": [ "paper", "null" ],
    "volume": 4,
    "bashing": 0,
    "cutting": 0,
    "time": 10,
    "fun": 0,
    "skill": "cooking",
    "rarity": 25,
    "price": 200,
    "required_level": 3
  },
  {
    "type": "BOOK",
    "id": "manual_electronics",
    "name": { "str": "What's a Transistor?" },
    "max_level": 3,
    "description": "A basic manual of electronics and circuit design.",
    "weight": "1 g",
    "to_hit": 0,
    "color": "green",
    "intelligence": 7,
    "symbol": "?",
    "material": [ "paper", "null" ],
    "volume": 3,
    "bashing": 0,
    "cutting": 0,
    "time": 20,
    "fun": 0,
    "skill": "electronics",
    "rarity": 20,
    "price": 200,
    "required_level": 0
  },
  {
    "type": "BOOK",
    "id": "manual_tailor",
    "name": { "str": "Sew What?  Clothing!" },
    "max_level": 3,
    "description": "A colorful book about tailoring.",
    "weight": "1 g",
    "to_hit": 0,
    "color": "green",
    "intelligence": 4,
    "symbol": "?",
    "material": [ "paper", "null" ],
    "volume": 3,
    "bashing": 0,
    "cutting": 0,
    "time": 18,
    "fun": 0,
    "skill": "tailor",
    "rarity": 15,
    "price": 190,
    "required_level": 0
  },
  {
    "type": "BOOK",
    "id": "manual_traps",
    "name": { "str": "How to Trap Anything" },
    "max_level": 4,
    "description": "A worn manual that describes how to set and disarm a wide variety of traps.",
    "weight": "1 g",
    "to_hit": 0,
    "color": "green",
    "intelligence": 4,
    "symbol": "?",
    "material": [ "paper", "null" ],
    "volume": 2,
    "bashing": 0,
    "cutting": 0,
    "time": 20,
    "fun": 0,
    "skill": "traps",
    "rarity": 12,
    "price": 240,
    "required_level": 0
  },
  {
    "type": "BOOK",
    "id": "manual_carpentry",
    "name": { "str": "Building for Beginners" },
    "max_level": 3,
    "description": "A large, paperback book detailing several beginner's projects in construction.",
    "weight": "1 g",
    "to_hit": 0,
    "color": "green",
    "intelligence": 5,
    "symbol": "?",
    "material": [ "paper", "null" ],
    "volume": 2,
    "bashing": 0,
    "cutting": 0,
    "time": 16,
    "fun": 0,
    "skill": "carpentry",
    "rarity": 10,
    "price": 220,
    "required_level": 0
  },
  {
    "type": "BOOK",
    "id": "textbook_computers",
    "name": { "str": "Computer Science 301" },
    "max_level": 5,
    "description": "A college textbook on computer science.",
    "weight": "4 g",
    "to_hit": 1,
    "color": "blue",
    "intelligence": 11,
    "symbol": "?",
    "material": [ "paper", "null" ],
    "volume": 7,
    "bashing": 5,
    "cutting": 0,
    "time": 35,
    "fun": -2,
    "skill": "computer",
    "rarity": 8,
    "price": 500,
    "required_level": 2
  },
  {
    "type": "BOOK",
    "id": "textbook_electronics",
    "name": { "str": "Advanced Electronics" },
    "max_level": 5,
    "description": "A college textbook on circuit design.",
    "weight": "5 g",
    "to_hit": 1,
    "color": "blue",
    "intelligence": 11,
    "symbol": "?",
    "material": [ "paper", "null" ],
    "volume": 7,
    "bashing": 5,
    "cutting": 0,
    "time": 35,
    "fun": -1,
    "skill": "electronics",
    "rarity": 6,
    "price": 520,
    "required_level": 2
  },
  {
    "type": "BOOK",
    "id": "textbook_business",
    "name": { "str": "Advanced Economics" },
    "max_level": 5,
    "description": "A college textbook on economics.",
    "weight": "4 g",
    "to_hit": 1,
    "color": "blue",
    "intelligence": 9,
    "symbol": "?",
    "material": [ "paper", "null" ],
    "volume": 7,
    "bashing": 5,
    "cutting": 0,
    "time": 30,
    "fun": -1,
    "skill": "barter",
    "rarity": 12,
    "price": 480,
    "required_level": 3
  },
  {
    "type": "BOOK",
    "id": "textbook_mechanics",
    "name": { "str": "Mechanical Mastery" },
    "max_level": 6,
    "description": "An advanced guide on mechanics and welding, covering topics like \"Grinding off rust\" and \"Making cursive E's\".",
    "weight": "3 g",
    "to_hit": 1,
    "color": "blue",
    "intelligence": 6,
    "symbol": "?",
    "material": [ "paper", "null" ],
    "volume": 6,
    "bashing": 4,
    "cutting": 0,
    "time": 30,
    "fun": -1,
    "skill": "mechanics",
    "rarity": 12,
    "price": 495,
    "required_level": 3
  },
  {
    "type": "BOOK",
    "id": "textbook_chemistry",
    "name": { "str": "Chemistry Textbook" },
    "max_level": 6,
    "description": "A college textbook on chemistry.",
    "weight": "6 g",
    "to_hit": 1,
    "color": "blue",
    "intelligence": 12,
    "symbol": "?",
    "material": [ "paper", "null" ],
    "volume": 8,
    "bashing": 5,
    "cutting": 0,
    "time": 35,
    "fun": -1,
    "skill": "cooking",
    "rarity": 11,
    "price": 495,
    "required_level": 3
  },
  {
    "type": "BOOK",
    "id": "textbook_carpentry",
    "name": { "str": "Engineering 301" },
    "max_level": 6,
    "description": "A textbook on civil engineering and construction.",
    "weight": "3 g",
    "to_hit": 1,
    "color": "blue",
    "intelligence": 8,
    "symbol": "?",
    "material": [ "paper", "null" ],
    "volume": 6,
    "bashing": 4,
    "cutting": 0,
    "time": 30,
    "fun": -1,
    "skill": "carpentry",
    "rarity": 6,
    "price": 550,
    "required_level": 3
  },
  {
    "type": "BOOK",
    "id": "SICP",
    "name": { "str": "SICP" },
    "max_level": 8,
    "description": "A classic text, \"The Structure and Interpretation of Computer Programs.\" Written with examples in LISP, but applicable to any language.",
    "weight": "5 g",
    "to_hit": 0,
    "color": "blue",
    "intelligence": 13,
    "symbol": "?",
    "material": [ "paper", "null" ],
    "volume": 6,
    "bashing": 6,
    "cutting": 0,
    "time": 50,
    "fun": -1,
    "skill": "computer",
    "rarity": 3,
    "price": 780,
    "required_level": 4
  },
  {
    "type": "BOOK",
    "id": "textbook_robots",
    "name": { "str": "Robots for Fun & Profit" },
    "max_level": 10,
    "description": "A rare book on the design of robots, with lots of helpful step-by-step guides.",
    "weight": "8 g",
    "to_hit": 1,
    "color": "blue",
    "intelligence": 14,
    "symbol": "?",
    "material": [ "paper", "null" ],
    "volume": 8,
    "bashing": 8,
    "cutting": 0,
    "time": 55,
    "fun": -1,
    "skill": "electronics",
    "rarity": 1,
    "price": 920,
    "required_level": 5
  },
  {
    "type": "BOOK",
    "id": "record_weather",
    "name": { "str": "National Weather Transcripts" },
    "max_level": 0,
    "description": "Old weather records are about as interesting as a rock.",
    "weight": "7 g",
    "to_hit": 1,
    "color": "blue",
    "intelligence": 0,
    "symbol": "?",
    "material": [ "paper", "null" ],
    "volume": 7,
    "bashing": 7,
    "cutting": 0,
    "time": 30,
    "fun": -1,
    "skill": "none",
    "rarity": 20,
    "price": 5,
    "required_level": 0
  },
  {
    "type": "BOOK",
    "id": "record_patient",
    "name": { "str": "Patient Treatment Records" },
    "max_level": 0,
    "description": "A massive stack of medical records that contain every gory detail.",
    "weight": "6 g",
    "to_hit": 1,
    "color": "blue",
    "intelligence": 0,
    "symbol": "?",
    "material": [ "paper", "null" ],
    "volume": 6,
    "bashing": 6,
    "cutting": 0,
    "time": 30,
    "fun": -1,
    "skill": "none",
    "rarity": 20,
    "price": 5,
    "required_level": 0
  },
  {
    "type": "BOOK",
    "id": "record_accounting",
    "name": { "str": "Corporate Accounting Ledger" },
    "max_level": 0,
    "description": "If you knew what to look for something might stand out...",
    "weight": "5 g",
    "to_hit": 1,
    "color": "blue",
    "intelligence": 0,
    "symbol": "?",
    "material": [ "paper", "null" ],
    "volume": 5,
    "bashing": 5,
    "cutting": 0,
    "time": 30,
    "fun": -1,
    "skill": "none",
    "rarity": 20,
    "price": 100,
    "required_level": 0
  },
  {
    "type": "BOOK",
    "id": "black_box_transcript",
    "name": { "str": "black box transcript" },
    "max_level": 0,
    "description": "A full flight log for a military aircraft.  Nothing of interest stands out.",
    "weight": "5 g",
    "to_hit": 1,
    "color": "blue",
    "intelligence": 0,
    "symbol": "?",
    "material": [ "paper", "null" ],
    "volume": 5,
    "bashing": 5,
    "cutting": 0,
    "time": 30,
    "fun": -1,
    "skill": "none",
    "rarity": 0,
    "price": 500,
    "required_level": 0
  },
  {
    "type": "BOOK",
    "id": "priest_diary",
    "name": { "str": "Priest's Diary" },
    "max_level": 0,
    "description": "A small book filled with journal entries in Latin.",
    "weight": "3 g",
    "to_hit": 1,
    "color": "blue",
    "intelligence": 0,
    "symbol": "?",
    "material": [ "paper", "null" ],
    "volume": 3,
    "bashing": 3,
    "cutting": 0,
    "time": 30,
    "fun": -1,
    "skill": "none",
    "rarity": 0,
    "price": 500,
    "required_level": 0
  },
  {
    "type": "BOOK",
    "id": "visions_solitude",
    "name": { "str": "Visions in Solitude" },
    "max_level": 0,
    "description": "A small book detailing 'visions' a prisoner had on death row.",
    "weight": "1 g",
    "to_hit": 1,
    "color": "blue",
    "intelligence": 0,
    "symbol": "?",
    "material": [ "paper", "null" ],
    "volume": 3,
    "bashing": 3,
    "cutting": 0,
    "time": 30,
    "fun": 2,
    "skill": "none",
    "rarity": 0,
    "price": 900,
    "required_level": 0
  },
  {
    "type": "BOOK",
    "id": "novel_gov",
    "name": { "str": "The Government Will Protect You" },
    "max_level": 0,
    "description": "A book about how following government procedure during quarantine will save your life.  Yeah, right.  You found this next to a corpse, if that's any indication.",
    "weight": "1 g",
    "to_hit": 1,
    "color": "blue",
    "intelligence": 0,
    "symbol": "?",
    "material": [ "paper", "null" ],
    "volume": 3,
    "bashing": 3,
    "cutting": 0,
    "time": 30,
    "fun": 2,
    "skill": "none",
    "rarity": 0,
    "price": 900,
    "required_level": 0
  },
  {
    "type": "BOOK",
    "id": "novel_lovecunt",
    "name": { "str": "Love-Cunt, The Shadow Over Incest" },
    "max_level": 0,
    "description": "A nudie mag about incestous fish people.  Thanks a lot, H.P.",
    "weight": "1 g",
    "to_hit": 1,
    "color": "blue",
    "intelligence": 0,
    "symbol": "?",
    "material": [ "paper", "null" ],
    "volume": 3,
    "bashing": 3,
    "cutting": 0,
    "time": 30,
    "fun": 2,
    "skill": "none",
    "rarity": 0,
    "price": 900,
    "required_level": 0
  },
  {
    "type": "BOOK",
    "id": "novel_busey",
    "name": { "str": "A Practical Guide to Sanity" },
    "max_level": 0,
    "description": "Written by Gary Busey.  Contains such gems of wisdom as To remain sane, take the forest mushrooms.  They'll guide you to your spirit guardian.  Not so useful..",
    "weight": "1 g",
    "to_hit": 1,
    "color": "blue",
    "intelligence": 0,
    "symbol": "?",
    "material": [ "paper", "null" ],
    "volume": 3,
    "bashing": 3,
    "cutting": 0,
    "time": 30,
    "fun": 2,
    "skill": "none",
    "rarity": 0,
    "price": 900,
    "required_level": 0
  },
  {
    "type": "BOOK",
    "id": "novel_hansen",
    "name": { "str": "To Catch A Predator The Book" },
    "max_level": 0,
    "description": "A written transcript of a popular TV series.  Why don't you take a seat?",
    "weight": "1 g",
    "to_hit": 1,
    "color": "blue",
    "intelligence": 0,
    "symbol": "?",
    "material": [ "paper", "null" ],
    "volume": 3,
    "bashing": 3,
    "cutting": 0,
    "time": 30,
    "fun": 5,
    "skill": "none",
    "rarity": 0,
    "price": 900,
    "required_level": 0
  },
  {
    "type": "BOOK",
    "id": "novel_burroughs",
    "name": { "str": "Naked Lunch" },
    "max_level": 0,
    "description": "A twisted, confusing novel about drug use.  Written by William S.  Burroughs.",
    "weight": "1 g",
    "to_hit": 1,
    "color": "blue",
    "intelligence": 0,
    "symbol": "?",
    "material": [ "paper", "null" ],
    "volume": 3,
    "bashing": 3,
    "cutting": 0,
    "time": 30,
    "fun": 5,
    "skill": "none",
    "rarity": 0,
    "price": 900,
    "required_level": 0
  },
  {
    "type": "BOOK",
    "id": "novel_jugs",
    "name": { "str": "Zero G Jugs" },
    "max_level": 0,
    "description": "Tits in Space.",
    "weight": "1 g",
    "to_hit": 1,
    "color": "blue",
    "intelligence": 0,
    "symbol": "?",
    "material": [ "paper", "null" ],
    "volume": 3,
    "bashing": 3,
    "cutting": 0,
    "time": 30,
    "fun": 5,
    "skill": "none",
    "rarity": 0,
    "price": 900,
    "required_level": 0
  },
  {
    "type": "BOOK",
    "id": "novel_gein",
    "name": { "str": "Practical Guide To Woman Suits" },
    "max_level": 3,
    "description": "Written by Ed Gein..",
    "weight": "1 g",
    "to_hit": 1,
    "color": "blue",
    "intelligence": 0,
    "symbol": "?",
    "material": [ "paper", "null" ],
    "volume": 3,
    "bashing": 3,
    "cutting": 0,
    "time": 30,
    "fun": 5,
    "skill": "tailor",
    "rarity": 0,
    "price": 900,
    "required_level": 0
  },
  {
    "type": "BOOK",
    "id": "novel_wifebeating",
    "name": { "str": "How To Beat Your Wife" },
    "max_level": 3,
    "description": "A book written by Ike Turner..",
    "weight": "1 g",
    "to_hit": 1,
    "color": "blue",
    "intelligence": 0,
    "symbol": "?",
    "material": [ "paper", "null" ],
    "volume": 3,
    "bashing": 3,
    "cutting": 0,
    "time": 30,
    "fun": 5,
    "skill": "melee",
    "rarity": 0,
    "price": 900,
    "required_level": 0
  },
  {
    "type": "BOOK",
    "id": "novel_wwz",
    "name": { "str": "World War Z" },
    "max_level": 3,
    "description": "By Max Brooks.  Never realized just how relevant this book would be, did you?",
    "weight": "1 g",
    "to_hit": 1,
    "color": "blue",
    "intelligence": 0,
    "symbol": "?",
    "material": [ "paper", "null" ],
    "volume": 3,
    "bashing": 3,
    "cutting": 0,
    "time": 30,
    "fun": 5,
    "skill": "survival",
    "rarity": 0,
    "price": 900,
    "required_level": 0
  },
  {
    "type": "BOOK",
    "id": "novel_urbanlegends",
    "name": { "str": "Eight Spiders A Year" },
    "max_level": 0,
    "description": "Did you know you swallow eight spiders a year? This, and other urban legends...",
    "weight": "1 g",
    "to_hit": 1,
    "color": "blue",
    "intelligence": 0,
    "symbol": "?",
    "material": [ "paper", "null" ],
    "volume": 3,
    "bashing": 3,
    "cutting": 0,
    "time": 30,
    "fun": 5,
    "skill": "none",
    "rarity": 0,
    "price": 900,
    "required_level": 0
  },
  {
    "type": "BOOK",
    "id": "novel_herpes",
    "name": { "str": "Herpes? Smerpes!" },
    "max_level": 0,
    "description": "You can't catch herpes.  The woman down at the club is just trying to tear our marriage apart, dear...",
    "weight": "1 g",
    "to_hit": 1,
    "color": "blue",
    "intelligence": 0,
    "symbol": "?",
    "material": [ "paper", "null" ],
    "volume": 3,
    "bashing": 3,
    "cutting": 0,
    "time": 30,
    "fun": 5,
    "skill": "none",
    "rarity": 0,
    "price": 900,
    "required_level": 0
  },
  {
    "type": "BOOK",
    "id": "novel_majortom",
    "name": { "str": "Ground Control To Major Tom" },
    "max_level": 0,
    "description": "A biography of a popular musician, detailing his addictions and rise to fame.",
    "weight": "1 g",
    "to_hit": 1,
    "color": "blue",
    "intelligence": 0,
    "symbol": "?",
    "material": [ "paper", "null" ],
    "volume": 3,
    "bashing": 3,
    "cutting": 0,
    "time": 30,
    "fun": 5,
    "skill": "none",
    "rarity": 0,
    "price": 900,
    "required_level": 0
  },
  {
    "type": "BOOK",
    "id": "novel_fuhrer",
    "name": { "str": "The Fuhrer Lives!" },
    "max_level": 0,
    "description": "A book claiming that a certain German dictator escaped from Germany in 1945.  It goes on to claim that he fled to Argentina.  Dubious.",
    "weight": "1 g",
    "to_hit": 1,
    "color": "blue",
    "intelligence": 0,
    "symbol": "?",
    "material": [ "paper", "null" ],
    "volume": 3,
    "bashing": 3,
    "cutting": 0,
    "time": 30,
    "fun": 5,
    "skill": "none",
    "rarity": 0,
    "price": 900,
    "required_level": 0
  },
  {
    "type": "BOOK",
    "id": "novel_die",
    "name": { "str": "You Will Die" },
    "max_level": 0,
    "description": "You're going to die.  From zombies, or something.  But this book can help you.  A hundred and one ways you might die.  ",
    "weight": "1 g",
    "to_hit": 1,
    "color": "blue",
    "intelligence": 0,
    "symbol": "?",
    "material": [ "paper", "null" ],
    "volume": 3,
    "bashing": 3,
    "cutting": 0,
    "time": 30,
    "fun": -5,
    "skill": "survival",
    "rarity": 0,
    "price": 900,
    "required_level": 0
  },
  {
    "type": "BOOK",
    "id": "novel_thompson",
    "name": { "str": "Fear And Loathing In Las Vegas" },
    "max_level": 0,
    "description": "A novel by the late great Hunter S.  Thompson.",
    "weight": "1 g",
    "to_hit": 0,
    "color": "light_blue",
    "intelligence": 5,
    "symbol": "?",
    "material": [ "paper", "null" ],
    "volume": 4,
    "bashing": 0,
    "cutting": 0,
    "time": 18,
    "fun": 8,
    "skill": "none",
    "rarity": 28,
    "price": 55,
    "required_level": 0
  }
]
