[
  {
    "id": "bag_plastic",
    "type": "CONTAINER",
    "symbol": ")",
    "color": "light_gray",
    "name": { "str": "plastic bag" },
    "description": "A small, open plastic bag.  Essentially trash.",
    "rarity": 90,
    "price": 1,
    "weight": "0 g",
    "volume": 1,
    "bashing": 0,
    "cutting": 0,
    "to_hit": -8,
    "contains": 24,
    "material": "plastic"
  },
  {
    "id": "bottle_plastic",
    "type": "CONTAINER",
    "symbol": ")",
    "color": "light_cyan",
    "name": { "str": "plastic bottle" },
    "description": "A resealable plastic bottle, holds 500mls of liquid.",
    "rarity": 90,
    "price": 8,
    "weight": "0 g",
    "volume": 2,
    "bashing": 0,
    "cutting": 0,
    "to_hit": 1,
    "material": "plastic",
    "contains": 2,
    "flags": [ "RIGID", "WATERTIGHT", "SEALS" ]
  },
  {
    "id": "saltshaker",
    "type": "CONTAINER",
    "symbol": ")",
    "color": "light_cyan",
    "name": { "str": "salt shaker" },
    "description": "A salt shaker...",
    "rarity": 1,
    "price": 8,
    "weight": "0 g",
    "volume": 2,
    "bashing": 0,
    "cutting": 0,
    "to_hit": 1,
    "material": "plastic",
    "contains": 2,
    "flags": [ "RIGID", "WATERTIGHT", "SEALS" ]
  },
  {
    "id": "bottle_glass",
    "type": "CONTAINER",
    "symbol": ")",
    "color": "cyan",
    "name": { "str": "glass bottle" },
    "description": "A resealable glass bottle, holds 750mls of liquid.",
    "rarity": 90,
    "price": 1,
    "weight": "2 g",
    "volume": 3,
    "bashing": 0,
    "cutting": 0,
    "to_hit": 1,
    "material": "glass",
    "contains": 3,
    "flags": [ "RIGID", "WATERTIGHT", "SEALS" ]
  },
  {
    "id": "can_drink",
    "type": "CONTAINER",
    "symbol": ")",
    "color": "light_blue",
    "name": { "str": "aluminum can" },
    "description": "An aluminum can, like what soda comes in.",
    "rarity": 70,
    "price": 1,
    "weight": "0 g",
    "volume": 1,
    "bashing": 0,
    "cutting": 0,
    "to_hit": 0,
    "material": "steel",
    "contains": 1,
    "flags": [ "RIGID", "WATERTIGHT" ]
  },
  {
    "id": "can_food",
    "type": "CONTAINER",
    "symbol": ")",
    "color": "blue",
    "name": { "str": "tin can" },
    "description": "A tin can, like what beans come in.",
    "rarity": 65,
    "price": 2,
    "weight": "0 g",
    "volume": 1,
    "bashing": 0,
    "cutting": 0,
    "to_hit": 1,
    "material": "iron",
    "contains": 1,
    "flags": [ "RIGID", "WATERTIGHT" ]
  },
  {
    "id": "box_small",
    "type": "CONTAINER",
    "symbol": ")",
    "color": "brown",
    "name": { "str": "sm.  cardboard box" },
    "description": "A small cardboard box.  No bigger than a foot in dimension.",
    "rarity": 50,
    "price": 0,
    "weight": "0 g",
    "volume": 4,
    "bashing": 0,
    "cutting": 0,
    "to_hit": 1,
    "material": "paper",
    "contains": 4,
    "flags": [ "RIGID" ]
  },
  {
    "id": "canteen",
    "type": "CONTAINER",
    "symbol": ")",
    "color": "green",
    "name": { "str": "plastic canteen" },
    "description": "A large military-style water canteen, with a 1.5 liter capacity and strap.",
    "rarity": 20,
    "price": 1000,
    "weight": "2 g",
    "volume": 6,
    "bashing": 0,
    "cutting": 0,
    "to_hit": 1,
    "material": "plastic",
    "contains": 6,
    "flags": [ "RIGID", "SEALS", "WATERTIGHT" ]
  },
  {
    "id": "jerrycan",
    "type": "CONTAINER",
    "symbol": ")",
    "color": "green",
    "name": { "str": "plastic jerrycan" },
    "description": "A bulky plastic jerrycan, meant to carry fuel, but can carry other liquids\nin a pinch.  It has a capacity of 10 liters.",
    "rarity": 10,
    "price": 2500,
    "weight": "4 g",
    "volume": 40,
    "bashing": 0,
    "cutting": 0,
    "to_hit": -2,
    "material": "plastic",
    "contains": 40,
    "flags": [ "RIGID", "SEALS", "WATERTIGHT" ]
  },
  {
    "id": "jug_plastic",
    "type": "CONTAINER",
    "symbol": ")",
    "color": "light_cyan",
    "name": { "str": "gallon jug" },
    "description": "A standard plastic jug used for household cleaning chemicals.",
    "rarity": 10,
    "price": 2500,
    "weight": "2 g",
    "volume": 10,
    "bashing": 0,
    "cutting": 0,
    "to_hit": 1,
    "material": "plastic",
    "contains": 10,
    "flags": [ "RIGID", "SEALS", "WATERTIGHT" ]
  },
  {
    "id": "flask_glass",
    "type": "CONTAINER",
    "symbol": ")",
    "color": "light_cyan",
    "name": { "str": "glass flask" },
    "description": "A 250 ml laboratory conical flask, with a rubber bung.",
    "rarity": 10,
    "price": 2500,
    "weight": "0 g",
    "volume": 1,
    "bashing": 8,
    "cutting": 0,
    "to_hit": 1,
    "material": "glass",
    "contains": 1,
    "flags": [ "RIGID", "SEALS", "WATERTIGHT" ]
  },
  {
    "id": "waterskin",
    "type": "CONTAINER",
    "symbol": ")",
    "color": "brown",
    "name": { "str": "waterskin" },
    "description": "A watertight leather bag, can hold 1.5 liters of water.",
    "rarity": 0,
    "price": 0,
    "weight": "4 g",
    "volume": 6,
    "bashing": 0,
    "cutting": 0,
    "to_hit": -5,
    "material": "leather",
    "contains": 6,
    "flags": [ "SEALS", "WATERTIGHT" ]
  },
  {
    "id": "jerrycan_big",
    "type": "CONTAINER",
    "symbol": ")",
    "color": "green",
    "name": { "str": "steel jerrycan" },
    "description": "A steel jerrycan, meant to carry fuel, but can carry other liquids\nin a pinch.  It has a capacity of 25 liters.",
    "rarity": 20,
    "price": 5000,
    "weight": "7 g",
    "volume": 100,
    "bashing": 0,
    "cutting": 0,
    "to_hit": -3,
    "material": "steel",
    "contains": 100,
    "flags": [ "RIGID", "SEALS", "WATERTIGHT" ]
  },
  {
    "id": "keg",
    "type": "CONTAINER",
    "symbol": ")",
    "color": "light_cyan",
    "name": { "str": "aluminum keg" },
    "description": "A reusable aluminum keg, used for shipping beer.\nIt has a capacity of 50 liters.",
    "rarity": 20,
    "price": 6000,
    "weight": "12 g",
    "volume": 200,
    "bashing": 0,
    "cutting": 0,
    "to_hit": -4,
    "material": "steel",
    "contains": 200,
    "flags": [ "RIGID", "SEALS", "WATERTIGHT" ]
  },
  {
    "id": "jar_glass",
    "type": "CONTAINER",
    "symbol": ")",
    "color": "light_cyan",
    "name": { "str": "glass jar" },
    "description": "A half-litre glass jar with a metal screw top lid, used for canning.",
    "rarity": 50,
    "price": 2500,
    "weight": "1 g",
    "volume": 1,
    "bashing": 8,
    "cutting": 0,
    "to_hit": 1,
    "material": "glass",
    "contains": 1,
    "flags": [ "RIGID", "SEALS", "WATERTIGHT" ]
  }
]
