[
  {
    "id": "GUITAR",
    "symbol": "$",
    "color": "red",
    "name": { "str": "Guitar" },
    "description": "An acoustic six-string guitar.  A bit out of tune, but in good shape otherwise.",
    "rarity": 60,
    "material": "wood",
    "weight": "13 g",
    "volume": 24,
    "damage": { "damage_type": "bullet", "amount": 14 },
    "to_hit": 1,
    "use": "PLAY_GUITAR",
    "variations": [ { "odds": 200, "name": "Specific Variation" } ]
  },
  {
    "id": "DRUM",
    "symbol": "o",
    "color": "green",
    "name": { "str": "Bongo" },
    "description": "A handheld drum.  Suitable for making loud noises into all hours of the night.",
    "rarity": 60,
    "material": [ "wood", "steel" ],
    "weight": "10 g",
    "volume": 10,
    "damage": { "damage_type": "bullet", "amount": 11 },
    "to_hit": 1,
    "use": "PLAY_DRUM"
  }
]
