[
  {
    "id": "null",
    "name": { "str": "Null" },
    "bash_resist": 0,
    "cut_resist": 0,
    "bash_dmg_verb": "damaged",
    "cut_dmg_verb": "damaged",
    "dmg_adj": [ "lightly damaged", "damaged", "very damaged", "thoroughly damaged" ],
    "acid_resist": 0,
    "elec_resist": 0,
    "fire_resist": 0,
    "density": 1
  },
  {
    "id": "veggy",
    "name": { "str": "Plant Matter" },
    "bash_resist": 1,
    "cut_resist": 1,
    "bash_dmg_verb": "ripped",
    "cut_dmg_verb": "cut",
    "dmg_adj": [ "lightly damaged", "damaged", "very damaged", "thoroughly damaged" ],
    "acid_resist": 1,
    "elec_resist": 1,
    "fire_resist": 0,
    "density": 4
  },
  {
    "id": "flesh",
    "name": { "str": "Flesh" },
    "bash_resist": 1,
    "cut_resist": 1,
    "bash_dmg_verb": "bruised",
    "cut_dmg_verb": "sliced",
    "dmg_adj": [ "bruised", "mutilated", "badly mutilated", "thoroughly mutilated" ],
    "acid_resist": 1,
    "elec_resist": 1,
    "fire_resist": 0,
    "density": 5
  },
  {
    "id": "powder",
    "name": { "str": "Powder" },
    "bash_resist": 1,
    "cut_resist": 1,
    "bash_dmg_verb": "damaged",
    "cut_dmg_verb": "damaged",
    "dmg_adj": [ "lightly damaged", "damaged", "very damaged", "thoroughly damaged" ],
    "acid_resist": 0,
    "elec_resist": 2,
    "fire_resist": 0,
    "density": 1
  },
  {
    "id": "hflesh",
    "name": { "str": "Human Flesh" },
    "bash_resist": 1,
    "cut_resist": 1,
    "bash_dmg_verb": "bruised",
    "cut_dmg_verb": "sliced",
    "dmg_adj": [ "bruised", "mutilated", "badly mutilated", "thoroughly mutilated" ],
    "acid_resist": 1,
    "elec_resist": 1,
    "fire_resist": 0,
    "density": 5
  },
  {
    "id": "cotton",
    "name": { "str": "Cotton" },
    "bash_resist": 1,
    "cut_resist": 1,
    "bash_dmg_verb": "ripped",
    "cut_dmg_verb": "cut",
    "dmg_adj": [ "ripped", "torn", "shredded", "tattered" ],
    "acid_resist": 1,
    "elec_resist": 2,
    "fire_resist": 0,
    "density": 3
  },
  {
    "id": "wool",
    "name": { "str": "Wool" },
    "bash_resist": 1,
    "cut_resist": 1,
    "bash_dmg_verb": "torn",
    "cut_dmg_verb": "cut",
    "dmg_adj": [ "ripped", "torn", "shredded", "tattered" ],
    "acid_resist": 1,
    "elec_resist": 2,
    "fire_resist": 0,
    "density": 9
  },
  {
    "id": "leather",
    "name": { "str": "Leather" },
    "bash_resist": 2,
    "cut_resist": 2,
    "bash_dmg_verb": "ripped",
    "cut_dmg_verb": "sliced",
    "dmg_adj": [ "scratched", "cut", "shredded", "tattered" ],
    "acid_resist": 1,
    "elec_resist": 2,
    "fire_resist": 1,
    "density": 6
  },
  {
    "id": "kevlar",
    "name": { "str": "Kevlar" },
    "bash_resist": 2,
    "cut_resist": 4,
    "bash_dmg_verb": "ripped",
    "cut_dmg_verb": "cut",
    "dmg_adj": [ "marked", "dented", "scarred", "broken" ],
    "acid_resist": 2,
    "elec_resist": 2,
    "fire_resist": 1,
    "density": 10
  },
  {
    "id": "fur",
    "name": { "str": "Fur" },
    "bash_resist": 2,
    "cut_resist": 2,
    "bash_dmg_verb": "ripped",
    "cut_dmg_verb": "sliced",
    "dmg_adj": [ "ripped", "torn", "shredded", "tattered" ],
    "acid_resist": 1,
    "elec_resist": 2,
    "fire_resist": 0,
    "density": 9
  },
  {
    "id": "chitin",
    "name": { "str": "Chitin" },
    "bash_resist": 3,
    "cut_resist": 4,
    "bash_dmg_verb": "cracked",
    "cut_dmg_verb": "chipped",
    "dmg_adj": [ "scratched", "cut", "cracked", "shattered" ],
    "acid_resist": 1,
    "elec_resist": 2,
    "fire_resist": 2,
    "density": 10
  },
  {
    "id": "bone",
    "name": { "str": "Bone" },
    "bash_resist": 2,
    "cut_resist": 3,
    "bash_dmg_verb": "cracked",
    "cut_dmg_verb": "chipped",
    "dmg_adj": [ "scratched", "cut", "cracked", "shattered" ],
    "acid_resist": 1,
    "elec_resist": 2,
    "fire_resist": 4,
    "density": 7
  },
  {
    "id": "stone",
    "name": { "str": "Stone" },
    "bash_resist": 6,
    "cut_resist": 6,
    "bash_dmg_verb": "cracked",
    "cut_dmg_verb": "chipped",
    "dmg_adj": [ "scratched", "cut", "cracked", "shattered" ],
    "acid_resist": 3,
    "elec_resist": 2,
    "fire_resist": 2,
    "density": 17
  },
  {
    "id": "paper",
    "name": { "str": "Paper" },
    "bash_resist": 1,
    "cut_resist": 1,
    "bash_dmg_verb": "ripped",
    "cut_dmg_verb": "cut",
    "dmg_adj": [ "ripped", "torn", "shredded", "tattered" ],
    "acid_resist": 1,
    "elec_resist": 2,
    "fire_resist": 0,
    "density": 4
  },
  {
    "id": "wood",
    "name": { "str": "Wood" },
    "bash_resist": 3,
    "cut_resist": 2,
    "bash_dmg_verb": "splintered",
    "cut_dmg_verb": "gouged",
    "dmg_adj": [ "scratched", "chipped", "cracked", "splintered" ],
    "acid_resist": 2,
    "elec_resist": 2,
    "fire_resist": 0,
    "density": 4
  },
  {
    "id": "plastic",
    "name": { "str": "Plastic" },
    "bash_resist": 2,
    "cut_resist": 2,
    "bash_dmg_verb": "dented",
    "cut_dmg_verb": "gouged",
    "dmg_adj": [ "scratched", "cut", "cracked", "shattered" ],
    "acid_resist": 2,
    "elec_resist": 2,
    "fire_resist": 0,
    "density": 8
  },
  {
    "id": "glass",
    "name": { "str": "Glass" },
    "bash_resist": 3,
    "cut_resist": 4,
    "bash_dmg_verb": "cracked",
    "cut_dmg_verb": "scratched",
    "dmg_adj": [ "scratched", "cut", "cracked", "shattered" ],
    "acid_resist": 3,
    "elec_resist": 2,
    "fire_resist": 2,
    "density": 14
  },
  {
    "id": "iron",
    "name": { "str": "Iron" },
    "bash_resist": 4,
    "cut_resist": 4,
    "bash_dmg_verb": "dented",
    "cut_dmg_verb": "scratched",
    "dmg_adj": [ "marked", "dented", "smashed", "shattered" ],
    "acid_resist": 0,
    "elec_resist": 0,
    "fire_resist": 2,
    "density": 52
  },
  {
    "id": "steel",
    "name": { "str": "Steel" },
    "bash_resist": 6,
    "cut_resist": 6,
    "bash_dmg_verb": "dented",
    "cut_dmg_verb": "scratched",
    "dmg_adj": [ "marked", "dented", "smashed", "shattered" ],
    "acid_resist": 0,
    "elec_resist": 0,
    "fire_resist": 2,
    "density": 52
  },
  {
    "id": "silver",
    "name": { "str": "Silver" },
    "bash_resist": 2,
    "cut_resist": 3,
    "bash_dmg_verb": "dented",
    "cut_dmg_verb": "scratched",
    "dmg_adj": [ "marked", "dented", "smashed", "shattered" ],
    "acid_resist": 2,
    "elec_resist": 0,
    "fire_resist": 2,
    "density": 70
  }
]
