[
  {
    "id": "wrapper",
    "symbol": ",",
    "color": "light_gray",
    "name": { "str": "paper wrapper" },
    "description": "Just a piece of butcher's paper.  Good for starting fires.",
    "rarity": 50,
    "price": 1,
    "material": "paper",
    "weight": "0 g",
    "volume": 1,
    "bashing": 0,
    "cutting": 0,
    "to_hit": -2
  },
  {
    "id": "withered",
    "symbol": "t",
    "color": "light_gray",
    "name": { "str": "withered plant" },
    "description": "A dead plant.  Good for starting fires.",
    "rarity": 70,
    "price": 1,
    "material": "paper",
    "weight": "0 g",
    "volume": 1,
    "bashing": 0,
    "cutting": 0,
    "to_hit": -2
  },
  {
    "id": "fur",
    "symbol": ",",
    "color": "brown",
    "name": { "str": "fur pelt" },
    "description": "A small bolt of fur from an animal.  Can be made into warm clothing.",
    "rarity": 0,
    "price": 10,
    "material": [ "fur", "leather" ],
    "weight": "1 g",
    "volume": 1,
    "bashing": 0,
    "cutting": 0,
    "to_hit": 0
  },
  {
    "id": "leather",
    "symbol": ",",
    "color": "red",
    "name": { "str": "leather patch" },
    "description": "A smallish patch of leather, could be used to make tough clothing.",
    "rarity": 0,
    "price": 20,
    "material": [ "leather", "flesh" ],
    "weight": "1 g",
    "volume": 2,
    "bashing": 0,
    "cutting": 0,
    "to_hit": -1
  },
  {
    "id": "superglue",
    "symbol": ",",
    "color": "white",
    "name": { "str": "superglue" },
    "description": "A tube of strong glue.  Used in many crafting recipes.",
    "rarity": 30,
    "price": 18,
    "material": "plastic",
    "weight": "0 g",
    "volume": 1,
    "bashing": 0,
    "cutting": 0,
    "to_hit": -2
  },
  {
    "id": "id_science",
    "symbol": ",",
    "color": "pink",
    "name": { "str": "science ID card" },
    "description": "This ID card once belonged to a scientist of some sort.  It has a magnetic stripe on the back; perhaps it can be used on a control panel.",
    "rarity": 2,
    "price": 600,
    "material": "plastic",
    "weight": "0 g",
    "volume": 0,
    "bashing": 0,
    "cutting": 0,
    "to_hit": -3
  },
  {
    "id": "id_military",
    "symbol": ",",
    "color": "pink",
    "name": { "str": "military ID card" },
    "description": "This ID card once belonged to a military officer with high-level clearance.  It has a magnetic stripe on the back; perhaps it can be used on a control panel.",
    "rarity": 3,
    "price": 1200,
    "material": "plastic",
    "weight": "0 g",
    "volume": 0,
    "bashing": 0,
    "cutting": 0,
    "to_hit": -3
  },
  {
    "id": "electrohack",
    "symbol": ",",
    "color": "green",
    "name": { "str": "electrohack" },
    "description": "This device has many ports attached, allowing to to connect to almost any control panel or other electronic machine (but not computers).  With a little skill, it can be used to crack passwords and more.",
    "rarity": 3,
    "price": 400,
    "material": [ "plastic", "steel" ],
    "weight": "2 g",
    "volume": 2,
    "bashing": 5,
    "cutting": 0,
    "to_hit": 1
  },
  {
    "id": "string_6",
    "symbol": ",",
    "color": "light_gray",
    "name": { "str": "string - 6 in" },
    "description": "A small piece of cotton string.",
    "rarity": 2,
    "price": 5,
    "material": "cotton",
    "weight": "0 g",
    "volume": 0,
    "bashing": 0,
    "cutting": 0,
    "to_hit": 1
  },
  {
    "id": "string_36",
    "symbol": ",",
    "color": "light_gray",
    "name": { "str": "string - 3 ft" },
    "description": "A long piece of cotton string.  Use scissors on it to cut it into smaller pieces.",
    "rarity": 40,
    "price": 30,
    "material": "cotton",
    "weight": "0 g",
    "volume": 1,
    "bashing": 0,
    "cutting": 0,
    "to_hit": 1
  },
  {
    "id": "rope_30",
    "symbol": ",",
    "color": "yellow",
    "name": { "str": "rope - 30 ft" },
    "description": "A long nylon rope.  Useful for keeping yourself safe from falls.",
    "rarity": 35,
    "price": 100,
    "material": "wood",
    "weight": "20 g",
    "volume": 10,
    "bashing": 1,
    "cutting": 0,
    "to_hit": -10
  },
  {
    "id": "processor",
    "symbol": ",",
    "color": "light_cyan",
    "name": { "str": "processor board" },
    "description": "A central processor unit, useful in advanced electronics crafting.",
    "rarity": 15,
    "price": 120,
    "material": [ "iron", "plastic" ],
    "weight": "0 g",
    "volume": 1,
    "bashing": 0,
    "cutting": 0,
    "to_hit": -1
  },
  {
    "id": "RAM",
    "symbol": ",",
    "color": "light_cyan",
    "name": { "str": "RAM" },
    "description": "A stick of memory.  Useful in advanced electronics crafting.",
    "rarity": 22,
    "price": 90,
    "material": [ "iron", "plastic" ],
    "weight": "0 g",
    "volume": 1,
    "bashing": 0,
    "cutting": 0,
    "to_hit": -1
  },
  {
    "id": "power_supply",
    "symbol": ",",
    "color": "light_cyan",
    "name": { "str": "power converter" },
    "description": "A power supply unit.  Useful in lots of electronics recipes.",
    "rarity": 16,
    "price": 170,
    "material": [ "iron", "plastic" ],
    "weight": "2 g",
    "volume": 4,
    "bashing": 5,
    "cutting": 0,
    "to_hit": -1
  },
  {
    "id": "amplifier",
    "symbol": ",",
    "color": "light_cyan",
    "name": { "str": "amplifier circuit" },
    "description": "A circuit designed to amplify the strength of a signal.  Useful in lots of electronics recipes.",
    "rarity": 8,
    "price": 200,
    "material": [ "iron", "plastic" ],
    "weight": "0 g",
    "volume": 1,
    "bashing": 0,
    "cutting": 0,
    "to_hit": -1
  },
  {
    "id": "transponder",
    "symbol": ",",
    "color": "light_cyan",
    "name": { "str": "transponder circuit" },
    "description": "A circuit designed to repeat a signal.  Useful for crafting communications equipment.",
    "rarity": 5,
    "price": 240,
    "material": [ "iron", "plastic" ],
    "weight": "0 g",
    "volume": 1,
    "bashing": 0,
    "cutting": 0,
    "to_hit": -1
  },
  {
    "id": "receiver",
    "symbol": ",",
    "color": "light_cyan",
    "name": { "str": "signal receiver" },
    "description": "A module designed to receive many forms of signals.  Useful for crafting communications equipment.",
    "rarity": 10,
    "price": 135,
    "material": [ "iron", "plastic" ],
    "weight": "0 g",
    "volume": 1,
    "bashing": 0,
    "cutting": 0,
    "to_hit": -1
  },
  {
    "id": "lens",
    "symbol": ".",
    "color": "light_cyan",
    "name": { "str": "high-quality lens" },
    "description": "A high-quality lens, useful for focusing or diffusing light.",
    "rarity": 1,
    "price": 1200,
    "material": "glass",
    "weight": "0 g",
    "volume": 0,
    "bashing": 0,
    "cutting": 0,
    "to_hit": -3
  },
  {
    "id": "burnt_out_bionic",
    "symbol": ",",
    "color": "light_red",
    "name": { "str": "burnt out bionic" },
    "description": "Once a valuable bionic implant, it's not held up well under repeated use.  This object has been destroyed by excessive electric current and is now useless.",
    "rarity": 10,
    "price": 135,
    "material": [ "steel", "plastic" ],
    "weight": "0 g",
    "volume": 1,
    "bashing": 0,
    "cutting": 0,
    "to_hit": -1
  },
  {
    "id": "antenna",
    "symbol": ",",
    "color": "light_cyan",
    "name": { "str": "antenna" },
    "description": "A simple thin aluminum shaft.  Useful in lots of electronics recipes.",
    "rarity": 18,
    "price": 80,
    "material": "steel",
    "weight": "0 g",
    "volume": 1,
    "bashing": 0,
    "cutting": 0,
    "to_hit": 2
  },
  {
    "id": "steel_chunk",
    "symbol": ",",
    "color": "light_blue",
    "name": { "str": "chunk of steel" },
    "description": "A misshapen chunk of steel.  Makes a decent weapon in a pinch, and is also useful for some crafting recipes.",
    "rarity": 30,
    "price": 10,
    "material": "steel",
    "weight": "6 g",
    "volume": 2,
    "bashing": 12,
    "cutting": 0,
    "to_hit": -2
  },
  {
    "id": "steel_lump",
    "symbol": ",",
    "color": "light_blue",
    "name": { "str": "lump of steel" },
    "description": "A misshapen heavy piece of steel.  Useful for some crafting recipes.",
    "rarity": 30,
    "price": 20,
    "material": "steel",
    "weight": "80 g",
    "volume": 2,
    "bashing": 18,
    "cutting": 0,
    "to_hit": -4
  },
  {
    "id": "scrap",
    "symbol": ",",
    "color": "light_blue",
    "name": { "str": "scrap metal" },
    "description": "An assortment of small bits of metal and scrap useful in all kinds of crafting",
    "rarity": 30,
    "price": 10,
    "material": "steel",
    "weight": "1 g",
    "volume": 1,
    "bashing": 0,
    "cutting": 0,
    "to_hit": -2
  },
  {
    "id": "glass_sheet",
    "symbol": "]",
    "color": "light_cyan",
    "name": { "str": "sheet of glass" },
    "description": "A large sheet of glass.  Easily shattered.  Useful for re-paning windows.",
    "rarity": 5,
    "price": 135,
    "material": "glass",
    "weight": "20 g",
    "volume": 50,
    "bashing": 16,
    "cutting": 0,
    "to_hit": -5
  },
  {
    "id": "manhole_cover",
    "symbol": "]",
    "color": "dark_gray",
    "name": { "str": "manhole cover" },
    "description": "A heavy iron disc that typically covers a ladder into the sewers.  Lifting it from the manhole is impossible without a crowbar.",
    "rarity": 1,
    "price": 20,
    "material": "iron",
    "weight": "250 g",
    "volume": 45,
    "bashing": 20,
    "cutting": 0,
    "to_hit": -10
  },
  {
    "id": "stick",
    "symbol": "/",
    "color": "brown",
    "name": { "str": "heavy stick" },
    "description": "A sturdy, heavy stick.  Makes a decent melee weapon, and can be cut into two by fours for crafting.",
    "rarity": 95,
    "price": 0,
    "material": "wood",
    "weight": "10 g",
    "volume": 6,
    "bashing": 12,
    "cutting": 0,
    "to_hit": 3
  },
  {
    "id": "hatchet",
    "symbol": ";",
    "color": "light_gray",
    "name": { "str": "hatchet" },
    "description": "A one-handed hatchet.  Makes a great melee weapon, and is useful both for cutting wood, and for use as a hammer.",
    "rarity": 10,
    "price": 95,
    "material": [ "iron", "wood" ],
    "weight": "7 g",
    "volume": 6,
    "bashing": 12,
    "cutting": 12,
    "flags": [ "CHOP" ],
    "to_hit": 1
  },
  {
    "id": "pot",
    "symbol": ")",
    "color": "light_gray",
    "name": { "str": "pot" },
    "description": "Useful for boiling water when cooking spaghetti and more.",
    "rarity": 25,
    "price": 45,
    "material": "iron",
    "weight": "6 g",
    "volume": 8,
    "bashing": 9,
    "cutting": 0,
    "to_hit": 1
  },
  {
    "id": "pan",
    "symbol": ")",
    "color": "light_gray",
    "name": { "str": "frying pan" },
    "description": "A cast-iron pan.  Makes a decent melee weapon, and is used for cooking.",
    "rarity": 25,
    "price": 50,
    "material": "iron",
    "weight": "6 g",
    "volume": 6,
    "bashing": 14,
    "cutting": 0,
    "to_hit": 2
  },
  {
    "id": "knife_butter",
    "symbol": ";",
    "color": "light_cyan",
    "name": { "str": "butter knife" },
    "description": "A dull knife, absolutely worthless in combat.",
    "rarity": 90,
    "price": 15,
    "material": "steel",
    "weight": "2 g",
    "volume": 1,
    "bashing": 2,
    "cutting": 1,
    "flags": [ "STAB" ],
    "to_hit": -2
  },
  {
    "id": "chitin_piece",
    "symbol": ",",
    "color": "red",
    "name": { "str": "chunk of chitin" },
    "description": "A piece of an insect's exoskeleton.  It is light and very durable.",
    "rarity": 10,
    "price": 15,
    "material": "flesh",
    "weight": "0 g",
    "volume": 1,
    "bashing": 1,
    "cutting": 0,
    "to_hit": -2
  },
  {
    "id": "biollante_bud",
    "symbol": ",",
    "color": "magenta",
    "name": { "str": "biollante bud" },
    "description": "An unopened biollante flower, brilliant purple in color.  It may still have its sap-producing organ intact.",
    "rarity": 1,
    "price": 400,
    "material": "veggy",
    "weight": "0 g",
    "volume": 1,
    "bashing": 0,
    "cutting": 0,
    "to_hit": -3
  },
  {
    "id": "canister_empty",
    "symbol": "*",
    "color": "light_gray",
    "name": { "str": "empty canister" },
    "description": "An empty canister, which may have once held tear gas or other substances.",
    "rarity": 5,
    "price": 20,
    "material": "steel",
    "weight": "1 g",
    "volume": 1,
    "bashing": 2,
    "cutting": 0,
    "to_hit": -1
  },
  {
    "id": "gold",
    "symbol": "/",
    "color": "yellow",
    "name": { "str": "gold bar" },
    "description": "A large bar of gold.  Before the apocalypse, this would've been worth a small fortune; now its value is greatly diminished.",
    "rarity": 10,
    "price": 3000,
    "material": "steel",
    "weight": "60 g",
    "volume": 2,
    "bashing": 14,
    "cutting": 0,
    "to_hit": -1
  },
  {
    "id": "coal",
    "symbol": "/",
    "color": "dark_gray",
    "name": { "str": "coal pallet" },
    "description": "A large block of semi-processed coal.",
    "rarity": 20,
    "price": 600,
    "material": "stone",
    "weight": "100 g",
    "volume": 72,
    "bashing": 8,
    "cutting": 0,
    "to_hit": -5
  },
  {
    "id": "petrified_eye",
    "symbol": "*",
    "color": "dark_gray",
    "name": { "str": "petrified eye" },
    "description": "A fist-sized eyeball with a cross-shaped pupil.  It seems to be made of stone, but doesn't look like it was carved.",
    "rarity": 1,
    "price": 2000,
    "material": "stone",
    "weight": "8 g",
    "volume": 2,
    "bashing": 10,
    "cutting": 0,
    "to_hit": -1
  },
  {
    "id": "spiral_stone",
    "symbol": "*",
    "color": "pink",
    "name": { "str": "spiral stone" },
    "description": "A rock the size of your fist.  It is covered with intricate spirals; it is impossible to tell whether they are carved, naturally formed, or some kind of fossil.",
    "rarity": 20,
    "price": 200,
    "material": "stone",
    "weight": "3 g",
    "volume": 1,
    "bashing": 14,
    "cutting": 0,
    "to_hit": -1
  },
  {
    "id": "binoculars",
    "symbol": ";",
    "color": "light_gray",
    "name": { "str": "binoculars" },
    "description": "A tool useful for seeing long distances.  Simply carrying this item in your inventory will double the distance that is mapped around you during your travels.",
    "rarity": 20,
    "price": 300,
    "material": [ "plastic", "glass" ],
    "weight": "3 g",
    "volume": 2,
    "bashing": 6,
    "cutting": 0,
    "to_hit": -1
  },
  {
    "id": "usb_drive",
    "symbol": ",",
    "color": "white",
    "name": { "str": "USB drive" },
    "description": "A USB thumb drive.  Useful for holding software.",
    "rarity": 5,
    "price": 100,
    "material": "plastic",
    "weight": "0 g",
    "volume": 0,
    "bashing": 0,
    "cutting": 0,
    "to_hit": 0
  },
  {
    "id": "pool_ball",
    "symbol": "*",
    "color": "blue",
    "name": { "str": "pool ball" },
    "description": "A colorful, hard ball.  Essentially a rock.",
    "rarity": 40,
    "price": 30,
    "material": "stone",
    "weight": "3 g",
    "volume": 1,
    "bashing": 12,
    "cutting": 0,
    "to_hit": -3
  },
  {
    "id": "candlestick",
    "symbol": "/",
    "color": "yellow",
    "name": { "str": "candlestick" },
    "description": "A gold candlestick.",
    "rarity": 20,
    "price": 100,
    "material": "silver",
    "weight": "5 g",
    "volume": 1,
    "bashing": 12,
    "cutting": 0,
    "to_hit": 1
  },
  {
    "id": "blade",
    "symbol": "/",
    "color": "blue",
    "name": { "str": "blade" },
    "description": "A large, relatively sharp blade.  Could be used to make bladed weaponry, or attached to a car.",
    "rarity": 5,
    "price": 280,
    "material": "iron",
    "weight": "10 g",
    "volume": 8,
    "bashing": 6,
    "cutting": 10,
    "to_hit": -2
  },
  {
    "id": "wire",
    "symbol": ";",
    "color": "blue",
    "name": { "str": "wire" },
    "description": "A length of thin, relatively stiff, steel wire.  Like the sort you find in wire fences.",
    "rarity": 50,
    "price": 200,
    "material": "steel",
    "weight": "2 g",
    "volume": 4,
    "bashing": 0,
    "cutting": 0,
    "to_hit": -2
  },
  {
    "id": "wire_barbed",
    "symbol": ";",
    "color": "blue",
    "name": { "str": "barbed wire" },
    "description": "A length of stiff wire, covered in sharp barbs.",
    "rarity": 20,
    "price": 200,
    "material": "steel",
    "weight": "2 g",
    "volume": 4,
    "bashing": 0,
    "cutting": 0,
    "to_hit": -2
  },
  {
    "id": "rebar",
    "symbol": "/",
    "color": "light_red",
    "name": { "str": "rebar" },
    "description": "A length of rebar, makes a nice melee weapon, and could be handy in constructing tougher walls and such.",
    "rarity": 20,
    "price": 75,
    "material": "iron",
    "weight": "10 g",
    "volume": 6,
    "bashing": 13,
    "cutting": 0,
    "to_hit": 2
  },
  {
    "id": "log",
    "symbol": "/",
    "color": "brown",
    "name": { "str": "log" },
    "description": "A large log, cut from a tree.  (a)ctivate a wood ax or wood saw to cut it into planks",
    "rarity": 20,
    "price": 100,
    "material": "wood",
    "weight": "20 g",
    "volume": 40,
    "bashing": 10,
    "cutting": 0,
    "to_hit": -10
  },
  {
    "id": "splinter",
    "symbol": "/",
    "color": "light_red",
    "name": { "str": "splintered wood" },
    "description": "A splintered piece of wood, useless as anything but kindling",
    "rarity": 60,
    "price": 80,
    "material": "wood",
    "weight": "6 g",
    "volume": 6,
    "bashing": 9,
    "cutting": 0,
    "to_hit": 1
  },
  {
    "id": "skewer",
    "symbol": ",",
    "color": "brown",
    "name": { "str": "skewer" },
    "description": "A thin wooden skewer.  Squirrel on a stick, anyone?",
    "rarity": 10,
    "price": 10,
    "material": "wood",
    "weight": "0 g",
    "volume": 0,
    "bashing": 0,
    "cutting": 0,
    "to_hit": -10
  },
  {
    "id": "crackpipe",
    "symbol": ",",
    "color": "light_cyan",
    "name": { "str": "crack pipe" },
    "description": "A fine glass pipe, with a bulb on the end, used for partaking of certain illicit substances.",
    "rarity": 37,
    "price": 35,
    "material": "glass",
    "weight": "1 g",
    "volume": 1,
    "bashing": 0,
    "cutting": 0,
    "to_hit": -10
  },
  {
    "id": "torch_done",
    "symbol": "/",
    "color": "brown",
    "name": { "str": "burnt out torch" },
    "description": "A torch that has consumed all its fuel; it can be recrafted into another torch",
    "rarity": 95,
    "price": 0,
    "material": "wood",
    "weight": "10 g",
    "volume": 6,
    "bashing": 12,
    "cutting": 0,
    "to_hit": 3
  },
  {
    "id": "spring",
    "symbol": ",",
    "color": "light_gray",
    "name": { "str": "spring" },
    "description": "A large, heavy-duty spring.  Expands with significant force when compressed.",
    "rarity": 50,
    "price": 10,
    "material": "steel",
    "weight": "0 g",
    "volume": 3,
    "bashing": 0,
    "cutting": 0,
    "to_hit": 0
  },
  {
    "id": "lawnmower",
    "symbol": ";",
    "color": "red",
    "name": { "str": "lawnmower" },
    "description": "A motorized pushmower that seems to be broken.  You could take it apart if you had a wrench.",
    "rarity": 25,
    "price": 100,
    "material": [ "steel", "iron" ],
    "weight": "40 g",
    "volume": 25,
    "bashing": 0,
    "cutting": 10,
    "to_hit": 0
  },
  {
    "id": "sheet",
    "symbol": ";",
    "color": "dark_gray",
    "name": { "str": "sheet" },
    "description": "A large fabric sheet, could be used as a curtain or bedsheets; or cut up for a bunch of rags.",
    "rarity": 0,
    "price": 100,
    "material": "cotton",
    "weight": "2 g",
    "volume": 20,
    "bashing": 0,
    "cutting": 0,
    "to_hit": -1
  },
  {
    "id": "broketent",
    "symbol": ";",
    "color": "green",
    "name": { "str": "damaged tent" },
    "description": "A small tent, just big enough to fit a person comfortably.  This tent is broken and cannot be deployed",
    "rarity": 17,
    "price": 65,
    "material": "iron",
    "weight": "20 g",
    "volume": 10,
    "bashing": 4,
    "cutting": 0,
    "to_hit": -3
  },
  {
    "id": "element",
    "symbol": ",",
    "color": "cyan",
    "name": { "str": "heating element" },
    "description": "A heating element, like the ones used in hotplates or kettles.",
    "rarity": 20,
    "price": 10,
    "material": "iron",
    "weight": "1 g",
    "volume": 0,
    "bashing": 0,
    "cutting": 0,
    "to_hit": 0
  },
  {
    "id": "television",
    "symbol": ";",
    "color": "dark_gray",
    "name": { "str": "television" },
    "description": "A large cathode ray tube television, full of delicious electronics.",
    "rarity": 40,
    "price": 0,
    "material": [ "plastic", "glass" ],
    "weight": "12 g",
    "volume": 10,
    "bashing": 5,
    "cutting": 0,
    "to_hit": -5
  },
  {
    "id": "pilot_light",
    "symbol": ",",
    "color": "cyan",
    "name": { "str": "pilot light" },
    "description": "A pilot light from a gas-burning device, this particular one is a simple piezo electric igniter.",
    "rarity": 20,
    "price": 10,
    "material": [ "iron", "plastic" ],
    "weight": "1 g",
    "volume": 0,
    "bashing": 0,
    "cutting": 0,
    "to_hit": 0
  },
  {
    "id": "toaster",
    "symbol": ",",
    "color": "cyan",
    "name": { "str": "toaster" },
    "description": "A small two slice toaster, not much use as anything but spare parts",
    "rarity": 50,
    "price": 10,
    "material": [ "iron", "plastic" ],
    "weight": "1 g",
    "volume": 2,
    "bashing": 0,
    "cutting": 0,
    "to_hit": 0
  },
  {
    "id": "microwave",
    "symbol": ",",
    "color": "cyan",
    "name": { "str": "microwave" },
    "description": "A home microwave, has probably seen its share of baked beans.  Good for scrap parts.",
    "rarity": 50,
    "price": 10,
    "material": [ "iron", "plastic" ],
    "weight": "5 g",
    "volume": 8,
    "bashing": 0,
    "cutting": 0,
    "to_hit": 0
  },
  {
    "id": "laptop",
    "symbol": ",",
    "color": "cyan",
    "name": { "str": "laptop computer" },
    "description": "A broken laptop, basically a paperweight now",
    "rarity": 50,
    "price": 10,
    "material": [ "iron", "plastic" ],
    "weight": "2 g",
    "volume": 3,
    "bashing": 0,
    "cutting": 0,
    "to_hit": 0
  },
  {
    "id": "fan",
    "symbol": ",",
    "color": "cyan",
    "name": { "str": "desk fan" },
    "description": "A small fan, used to propel air around a room.",
    "rarity": 50,
    "price": 10,
    "material": [ "iron", "plastic" ],
    "weight": "1 g",
    "volume": 4,
    "bashing": 0,
    "cutting": 0,
    "to_hit": 0
  },
  {
    "id": "ceramic_plate",
    "symbol": ",",
    "color": "cyan",
    "name": { "str": "ceramic plate" },
    "description": "A ceramic dinner plate, you could probably play frisbee with it",
    "rarity": 50,
    "price": 10,
    "material": "glass",
    "weight": "1 g",
    "volume": 1,
    "bashing": 1,
    "cutting": 0,
    "to_hit": 0
  },
  {
    "id": "ceramic_bowl",
    "symbol": ",",
    "color": "cyan",
    "name": { "str": "ceramic bowl" },
    "description": "A shallow dessert bowl, not a lot of use for it really.",
    "rarity": 50,
    "price": 10,
    "material": "glass",
    "weight": "1 g",
    "volume": 1,
    "bashing": 1,
    "cutting": 0,
    "to_hit": 0
  },
  {
    "id": "ceramic_cup",
    "symbol": ",",
    "color": "cyan",
    "name": { "str": "ceramic cup" },
    "description": "A ceramic teacup, pinky out!",
    "rarity": 50,
    "price": 10,
    "material": "glass",
    "weight": "1 g",
    "volume": 1,
    "bashing": 1,
    "cutting": 0,
    "to_hit": 0
  },
  {
    "id": "glass_plate",
    "symbol": ",",
    "color": "cyan",
    "name": { "str": "glass plate" },
    "description": "A glass dinner plate, you could probably play frisbee with it",
    "rarity": 50,
    "price": 10,
    "material": "glass",
    "weight": "1 g",
    "volume": 1,
    "bashing": 1,
    "cutting": 0,
    "to_hit": 0
  },
  {
    "id": "glass_bowl",
    "symbol": ",",
    "color": "cyan",
    "name": { "str": "glass bowl" },
    "description": "A glass dessert bowl, not a lot of use for it really.",
    "rarity": 50,
    "price": 10,
    "material": "glass",
    "weight": "1 g",
    "volume": 1,
    "bashing": 1,
    "cutting": 0,
    "to_hit": 0
  },
  {
    "id": "glass",
    "symbol": ",",
    "color": "cyan",
    "name": { "str": "glass" },
    "description": "A tall glass, just begging for a frosty one!",
    "rarity": 50,
    "price": 10,
    "material": "glass",
    "weight": "1 g",
    "volume": 1,
    "bashing": 1,
    "cutting": 0,
    "to_hit": 0
  },
  {
    "id": "tin_plate",
    "symbol": ",",
    "color": "cyan",
    "name": { "str": "tin plate" },
    "description": "A tin dinner plate, you could probably play frisbee with it",
    "rarity": 50,
    "price": 10,
    "material": "steel",
    "weight": "0 g",
    "volume": 1,
    "bashing": 0,
    "cutting": 0,
    "to_hit": 0
  },
  {
    "id": "fork",
    "symbol": ";",
    "color": "light_cyan",
    "name": { "str": "fork" },
    "description": "A fork, if you stab something with it you eat it right away.  Wait..  nevermind.",
    "rarity": 90,
    "price": 15,
    "material": "steel",
    "weight": "2 g",
    "volume": 1,
    "bashing": 2,
    "cutting": 1,
    "flags": [ "STAB" ],
    "to_hit": -2
  },
  {
    "id": "spork",
    "symbol": ";",
    "color": "light_cyan",
    "name": { "str": "spork" },
    "description": "Foons are for scrubs, real men use sporks.",
    "rarity": 90,
    "price": 15,
    "material": "steel",
    "weight": "2 g",
    "volume": 1,
    "bashing": 2,
    "cutting": 1,
    "flags": [ "STAB" ],
    "to_hit": -2
  },
  {
    "id": "foon",
    "symbol": ";",
    "color": "light_cyan",
    "name": { "str": "foon" },
    "description": "Clearly the superior instrument.  Sporks are just imitators.",
    "rarity": 90,
    "price": 15,
    "material": "steel",
    "weight": "2 g",
    "volume": 1,
    "bashing": 2,
    "cutting": 1,
    "flags": [ "STAB" ],
    "to_hit": -2
  },
  {
    "id": "rag_bloody",
    "symbol": ",",
    "color": "red",
    "name": { "str": "blood soaked rag" },
    "description": "A large rag, drenched in blood.  It could be cleaned with boiling water.",
    "rarity": 1,
    "price": 0,
    "material": "cotton",
    "weight": "0 g",
    "volume": 0,
    "bashing": 0,
    "cutting": 0,
    "to_hit": 0
  },
  {
    "id": "clock",
    "symbol": ";",
    "color": "light_cyan",
    "name": { "str": "clock" },
    "description": "A small mechanical clock, it's stopped at 10:10.",
    "rarity": 60,
    "price": 0,
    "material": [ "plastic", "iron" ],
    "weight": "2 g",
    "volume": 1,
    "bashing": 0,
    "cutting": 0,
    "to_hit": 0
  },
  {
    "id": "clockworks",
    "symbol": ";",
    "color": "light_cyan",
    "name": { "str": "clockworks" },
    "description": "A small assortment of gears and other clockwork gubbins.",
    "rarity": 30,
    "price": 0,
    "material": "iron",
    "weight": "1 g",
    "volume": 1,
    "bashing": 0,
    "cutting": 0,
    "to_hit": 0
  },
  {
    "id": "rock_pot",
    "symbol": ";",
    "color": "dark_gray",
    "name": { "str": "stone pot" },
    "description": "A large stone, roughly hollowed out into a pot.",
    "rarity": 0,
    "price": 0,
    "material": "stone",
    "weight": "3 g",
    "volume": 9,
    "bashing": 4,
    "cutting": 0,
    "to_hit": -1
  },
  {
    "id": "rock",
    "symbol": "*",
    "color": "light_gray",
    "name": { "str": "rock" },
    "description": "A rock the size of a baseball.  Makes a decent melee weapon, and is also good for throwing at enemies.",
    "rarity": 40,
    "price": 0,
    "material": "stone",
    "weight": "3 g",
    "volume": 1,
    "bashing": 12,
    "cutting": 0,
    "to_hit": -2,
    "tool": [ [ "HAMMER", 1 ] ]
  },
  {
    "id": "syringe",
    "symbol": ",",
    "color": "light_cyan",
    "name": { "str": "syringe" },
    "description": "A medical syringe.  Used for administering heroin and other drugs.",
    "material": "plastic",
    "rarity": 8,
    "price": 25,
    "volume": 1,
    "weight": "0 g",
    "bashing": 0,
    "cutting": 6,
    "to_hit": -2,
    "flags": "SPEAR"
  },
  {
    "id": "pointy_stick",
    "symbol": "/",
    "color": "light_red",
    "name": { "str": "pointy stick" },
    "description": "A simple wood pole with one end sharpened.",
    "material": "wood",
    "rarity": 5,
    "price": 0,
    "volume": 5,
    "weight": "3 g",
    "bashing": 4,
    "cutting": 10,
    "to_hit": 1,
    "flags": "SPEAR",
    "techniques": [ "WBLOCK_1" ]
  },
  {
    "id": "rope_6",
    "name": { "str": "rope - 6 ft" },
    "description": "A short piece of nylon rope.  Too small to be of much use.",
    "weight": "4 g",
    "to_hit": 1,
    "color": "yellow",
    "symbol": ",",
    "material": [ "wood" ],
    "volume": 2,
    "bashing": 1,
    "cutting": 0,
    "flags": [ "WRAP" ],
    "rarity": 4,
    "price": 45
  },
  {
    "id": "chain",
    "name": { "str": "steel chain" },
    "description": "A heavy steel chain.  Useful as a weapon, or for crafting.  It has a chance to wrap around your target, allowing for a bonus unarmed attack.",
    "weight": "8 g",
    "to_hit": 2,
    "color": "cyan",
    "symbol": "/",
    "material": [ "steel", "null" ],
    "techniques": [ "GRAB" ],
    "volume": 4,
    "bashing": 12,
    "cutting": 0,
    "flags": [ "WRAP" ],
    "rarity": 20,
    "price": 80
  },
  {
    "id": "broom",
    "name": { "str": "broom" },
    "description": "A long-handled broom.  Makes a terrible weapon unless you're chasing cats.",
    "weight": "8 g",
    "to_hit": 1,
    "color": "blue",
    "symbol": "/",
    "material": [ "plastic", "null" ],
    "techniques": [ "WBLOCK_1" ],
    "volume": 10,
    "bashing": 6,
    "cutting": 0,
    "rarity": 30,
    "price": 24
  },
  {
    "id": "hammer_sledge",
    "name": { "str": "sledge hammer" },
    "description": "A large, heavy hammer.  Makes a good melee weapon for the very strong, but is nearly useless in the hands of the weak.",
    "weight": "38 g",
    "to_hit": 0,
    "color": "brown",
    "symbol": "/",
    "material": [ "wood", "iron" ],
    "techniques": [ "BRUTAL", "WIDE" ],
    "volume": 18,
    "bashing": 40,
    "cutting": 0,
    "rarity": 6,
    "price": 120
  },
  {
    "id": "nailboard",
    "name": { "str": "nail board" },
    "description": "A long piece of wood with several nails through one end; essentially a simple mace.  Makes a great melee weapon.",
    "weight": "6 g",
    "to_hit": 1,
    "color": "light_red",
    "symbol": "/",
    "material": [ "wood", "null" ],
    "techniques": [ "WBLOCK_1" ],
    "volume": 6,
    "bashing": 16,
    "cutting": 6,
    "flags": [ "STAB" ],
    "rarity": 5,
    "price": 80
  },
  {
    "id": "nailbat",
    "name": { "str": "nail bat" },
    "description": "A baseball bat with several nails driven through it, an excellent melee weapon.",
    "weight": "10 g",
    "to_hit": 3,
    "color": "light_red",
    "symbol": "/",
    "material": [ "wood", "null" ],
    "techniques": [ "WBLOCK_1" ],
    "volume": 12,
    "bashing": 28,
    "cutting": 6,
    "flags": [ "STAB" ],
    "rarity": 60,
    "price": 160
  },
  {
    "id": "2x4",
    "name": { "str": "two by four" },
    "description": "A plank of wood.  Makes a decent melee weapon, and can be used to board up doors and windows if you have a hammer and nails.",
    "weight": "6 g",
    "to_hit": 1,
    "color": "light_red",
    "symbol": "/",
    "material": [ "wood", "null" ],
    "techniques": [ "WBLOCK_1" ],
    "volume": 6,
    "bashing": 14,
    "cutting": 0,
    "rarity": 60,
    "price": 80
  },
  {
    "id": "muffler",
    "name": { "str": "muffler" },
    "description": "A muffler from a car.  Very unwieldy as a weapon.  Useful in a few crafting recipes.",
    "weight": "20 g",
    "to_hit": -3,
    "color": "light_gray",
    "symbol": "/",
    "material": [ "iron", "null" ],
    "techniques": [ "WBLOCK_2" ],
    "volume": 20,
    "bashing": 19,
    "cutting": 0,
    "rarity": 30,
    "price": 30
  },
  {
    "id": "pipe",
    "name": { "str": "pipe" },
    "description": "A steel pipe, makes a good melee weapon.  Useful in a few crafting recipes.",
    "weight": "10 g",
    "to_hit": 3,
    "color": "dark_gray",
    "symbol": "/",
    "material": [ "steel", "null" ],
    "techniques": [ "WBLOCK_1" ],
    "volume": 4,
    "bashing": 13,
    "cutting": 0,
    "rarity": 20,
    "price": 75
  },
  {
    "id": "bat",
    "name": { "str": "baseball bat" },
    "description": "A sturdy wood bat.  Makes a great melee weapon.",
    "weight": "10 g",
    "to_hit": 3,
    "color": "light_red",
    "symbol": "/",
    "material": [ "wood", "null" ],
    "techniques": [ "WBLOCK_1" ],
    "volume": 12,
    "bashing": 28,
    "cutting": 0,
    "rarity": 60,
    "price": 160
  },
  {
    "id": "bat_metal",
    "name": { "str": "aluminium bat" },
    "description": "An aluminium baseball bat, smaller and lighter than a wooden bat and a little less damaging as a result.",
    "weight": "6 g",
    "to_hit": 3,
    "color": "light_red",
    "symbol": "/",
    "material": [ "steel", "null" ],
    "techniques": [ "WBLOCK_1" ],
    "volume": 10,
    "bashing": 24,
    "cutting": 0,
    "rarity": 60,
    "price": 160
  },
  {
    "id": "spear_wood",
    "name": { "str": "wood spear" },
    "description": "A stout pole with an improvised grip and a fire-hardened point.",
    "weight": "3 g",
    "to_hit": 1,
    "color": "light_red",
    "symbol": "/",
    "material": [ "wood", "null" ],
    "techniques": [ "WBLOCK_1", "RAPID" ],
    "volume": 5,
    "bashing": 4,
    "cutting": 18,
    "flags": [ "SPEAR" ],
    "rarity": 5,
    "price": 40
  },
  {
    "id": "baton",
    "name": { "str": "expandable baton" },
    "description": "A telescoping baton that collapses for easy storage.  Makes an excellent melee weapon.",
    "weight": "4 g",
    "to_hit": 2,
    "color": "blue",
    "symbol": "/",
    "material": [ "steel", "null" ],
    "techniques": [ "WBLOCK_1" ],
    "volume": 1,
    "bashing": 12,
    "cutting": 0,
    "rarity": 8,
    "price": 175
  },
  {
    "id": "bee_sting",
    "name": { "str": "bee sting" },
    "description": "A six-inch stinger from a giant bee.  Makes a good melee weapon.",
    "weight": "0 g",
    "to_hit": -1,
    "color": "dark_gray",
    "symbol": ",",
    "material": [ "flesh", "null" ],
    "techniques": [ "PRECISE" ],
    "volume": 1,
    "bashing": 0,
    "cutting": 18,
    "flags": [ "SPEAR" ],
    "rarity": 5,
    "price": 70
  },
  {
    "id": "wasp_sting",
    "name": { "str": "wasp sting" },
    "description": "A six-inch stinger from a giant wasp.  Makes a good melee weapon.",
    "weight": "0 g",
    "to_hit": -1,
    "color": "dark_gray",
    "symbol": ",",
    "material": [ "flesh", "null" ],
    "techniques": [ "PRECISE" ],
    "volume": 1,
    "bashing": 0,
    "cutting": 22,
    "flags": [ "SPEAR" ],
    "rarity": 5,
    "price": 90
  },
  {
    "id": "cane",
    "name": { "str": "walking cane" },
    "description": "Handicapped or not, you always walk in style.  Consisting of a metal headpiece and a wooden body, this makes a great bashing weapon in a pinch.",
    "weight": "7 g",
    "to_hit": 2,
    "color": "light_red",
    "symbol": "/",
    "material": [ "wood", "null" ],
    "techniques": [ "WBLOCK_1" ],
    "volume": 8,
    "bashing": 10,
    "cutting": 0,
    "rarity": 10,
    "price": 160
  },
  {
    "id": "mace",
    "name": { "str": "mace" },
    "description": "A medieval weapon consisting of a wood handle with a heavy iron end.  It is heavy and slow, but its crushing damage is devastating.",
    "weight": "18 g",
    "to_hit": 1,
    "color": "dark_gray",
    "symbol": "/",
    "material": [ "iron", "wood" ],
    "techniques": [ "SWEEP" ],
    "volume": 10,
    "bashing": 36,
    "cutting": 0,
    "rarity": 20,
    "price": 1000
  },
  {
    "id": "morningstar",
    "name": { "str": "morningstar" },
    "description": "A medieval weapon consisting of a wood handle with a heavy, spiked iron ball on the end.  It deals devastating crushing damage, with a small amount of piercing to boot.",
    "weight": "20 g",
    "to_hit": 1,
    "color": "dark_gray",
    "symbol": "/",
    "material": [ "iron", "wood" ],
    "techniques": [ "SWEEP" ],
    "volume": 11,
    "bashing": 32,
    "cutting": 4,
    "flags": [ "SPEAR" ],
    "rarity": 10,
    "price": 1200
  },
  {
    "id": "pool_cue",
    "name": { "str": "pool cue" },
    "description": "A hard-wood stick designed for hitting colorful balls around a felt table.  Truly, the coolest of sports.",
    "weight": "5 g",
    "to_hit": 3,
    "color": "red",
    "symbol": "/",
    "material": [ "wood", "null" ],
    "techniques": [ "WBLOCK_1" ],
    "volume": 14,
    "bashing": 12,
    "cutting": 0,
    "rarity": 4,
    "price": 80
  },
  {
    "id": "spike",
    "name": { "str": "spike" },
    "description": "A large and slightly misshapen spike, could do some damage mounted on a vehicle.",
    "weight": "2 g",
    "to_hit": -2,
    "color": "cyan",
    "symbol": ";",
    "material": [ "steel", "null" ],
    "volume": 2,
    "bashing": 2,
    "cutting": 10,
    "flags": [ "STAB" ],
    "rarity": 0,
    "price": 0
  },
  {
    "id": "javelin",
    "name": { "str": "wooden javelin" },
    "description": "A wooden spear, honed to a sharper point and fire hardened for toughness.  The grip area has also be carved and covered for better grip.",
    "weight": "3 g",
    "to_hit": 2,
    "color": "light_red",
    "symbol": "/",
    "material": [ "wood", "null" ],
    "techniques": [ "WBLOCK_1", "RAPID" ],
    "volume": 5,
    "bashing": 6,
    "cutting": 22,
    "flags": [ "SPEAR" ],
    "rarity": 5,
    "price": 40
  },
  {
    "id": "frame",
    "name": { "str": "steel frame" },
    "description": "A large frame made of steel.  Useful for crafting.",
    "weight": "240 g",
    "to_hit": -5,
    "color": "cyan",
    "symbol": "]",
    "material": [ "steel", "null" ],
    "techniques": [ "DEF_DISARM" ],
    "volume": 60,
    "bashing": 20,
    "cutting": 0,
    "rarity": 20,
    "price": 55
  },
  {
    "id": "seat",
    "name": { "str": "seat" },
    "description": "A soft car seat covered with leather.",
    "weight": "80 g",
    "to_hit": -4,
    "color": "red",
    "symbol": "0",
    "material": [ "plastic", "null" ],
    "volume": 30,
    "bashing": 4,
    "cutting": 0,
    "rarity": 8,
    "price": 250
  },
  {
    "id": "saddle",
    "name": { "str": "saddle" },
    "description": "A leather-covered seat designed to be straddled.",
    "weight": "10 g",
    "to_hit": -4,
    "color": "red",
    "symbol": "0",
    "material": [ "plastic", "null" ],
    "volume": 5,
    "bashing": 2,
    "cutting": 0,
    "rarity": 8,
    "price": 25
  },
  {
    "id": "vehicle_controls",
    "name": { "str": "vehicle controls" },
    "description": "A set of various vehicle controls.  Useful for crafting.",
    "weight": "30 g",
    "to_hit": -4,
    "color": "light_cyan",
    "symbol": "$",
    "material": [ "plastic", "steel" ],
    "volume": 12,
    "bashing": 2,
    "cutting": 0,
    "rarity": 3,
    "price": 400
  },
  {
    "id": "motor",
    "name": { "str": "electric motor" },
    "description": "A powerful electric motor.  Useful for crafting.",
    "weight": "80 g",
    "to_hit": 0,
    "color": "light_cyan",
    "symbol": ",",
    "material": [ "iron", "null" ],
    "volume": 6,
    "bashing": 4,
    "cutting": 0,
    "rarity": 2,
    "price": 120
  },
  {
    "id": "motor_large",
    "name": { "str": "large electric motor" },
    "description": "A large and very powerful electric motor.  Useful for crafting.",
    "weight": "650 g",
    "to_hit": -3,
    "color": "light_cyan",
    "symbol": ":",
    "material": [ "iron", "null" ],
    "volume": 15,
    "bashing": 9,
    "cutting": 0,
    "rarity": 1,
    "price": 220
  },
  {
    "id": "plasma_engine",
    "name": { "str": "plasma engine" },
    "description": "High technology engine, working on hydrgen fuel.",
    "weight": "350 g",
    "to_hit": -2,
    "color": "light_cyan",
    "symbol": ":",
    "material": [ "steel", "null" ],
    "volume": 12,
    "bashing": 7,
    "cutting": 0,
    "rarity": 1,
    "price": 900
  },
  {
    "id": "foot_crank",
    "name": { "str": "foot crank" },
    "description": "The pedal and gear assembly from a bicycle.",
    "weight": "10 g",
    "to_hit": -1,
    "color": "light_gray",
    "symbol": ":",
    "material": [ "iron", "null" ],
    "volume": 2,
    "bashing": 10,
    "cutting": 0,
    "rarity": 10,
    "price": 90
  },
  {
    "id": "metal_tank",
    "name": { "str": "metal tank" },
    "description": "A metal tank for holding liquids.  Useful for crafting.",
    "weight": "25 g",
    "to_hit": -2,
    "color": "light_cyan",
    "symbol": "}",
    "material": [ "steel", "null" ],
    "volume": 18,
    "bashing": 3,
    "cutting": 0,
    "rarity": 10,
    "price": 40
  },
  {
    "id": "storage_battery",
    "name": { "str": "storage battery" },
    "description": "A large storage battery.  Useful for crafting.",
    "weight": "220 g",
    "to_hit": -2,
    "color": "light_cyan",
    "symbol": ":",
    "material": [ "iron", "null" ],
    "volume": 8,
    "bashing": 6,
    "cutting": 0,
    "rarity": 6,
    "price": 80
  },
  {
    "id": "minireactor",
    "name": { "str": "minireactor" },
    "description": "A small portable plutonium reactor.  Handle with great care!",
    "weight": "250 g",
    "to_hit": -4,
    "color": "light_cyan",
    "symbol": ":",
    "material": [ "steel", "null" ],
    "volume": 6,
    "bashing": 11,
    "cutting": 0,
    "rarity": 1,
    "price": 900
  },
  {
    "id": "solar_panel",
    "name": { "str": "solar panel" },
    "description": "Electronic device that can convert solar radiation into electric power.  Useful for crafting.",
    "weight": "4 g",
    "to_hit": -4,
    "color": "yellow",
    "symbol": "]",
    "material": [ "glass", "null" ],
    "volume": 12,
    "bashing": 1,
    "cutting": 0,
    "rarity": 3,
    "price": 900
  },
  {
    "id": "solar_cell",
    "name": { "str": "solar cell" },
    "description": "A small electronic device that can convert solar radiation into electric power.  Useful for crafting.",
    "weight": "0 g",
    "to_hit": -4,
    "color": "yellow",
    "symbol": ";",
    "material": [ "glass", "null" ],
    "volume": 1,
    "bashing": 1,
    "cutting": 0,
    "rarity": 5,
    "price": 50
  },
  {
    "id": "sheet_metal",
    "name": { "str": "sheet metal" },
    "description": "A thin sheet of metal.",
    "weight": "20 g",
    "to_hit": -2,
    "color": "light_cyan",
    "symbol": "]",
    "material": [ "steel", "null" ],
    "volume": 4,
    "bashing": 5,
    "cutting": 0,
    "rarity": 30,
    "price": 60
  },
  {
    "id": "steel_plate",
    "name": { "str": "steel plating" },
    "description": "A piece of armor plating made of steel.",
    "weight": "600 g",
    "to_hit": -1,
    "color": "light_cyan",
    "symbol": "]",
    "material": [ "steel", "null" ],
    "volume": 12,
    "bashing": 6,
    "cutting": 0,
    "rarity": 30,
    "price": 120
  },
  {
    "id": "alloy_plate",
    "name": { "str": "superalloy plating" },
    "description": "A piece of armor plating made of sturdy superalloy.",
    "weight": "350 g",
    "to_hit": -1,
    "color": "light_cyan",
    "symbol": "]",
    "material": [ "steel", "null" ],
    "volume": 12,
    "bashing": 6,
    "cutting": 0,
    "rarity": 10,
    "price": 185
  },
  {
    "id": "alloy_sheet",
    "name": { "str": "superalloy sheet" },
    "description": "A sheet sturdy superalloy, incredibly hard, yet incredibly malleable.",
    "weight": "50 g",
    "to_hit": -2,
    "color": "light_cyan",
    "symbol": ",",
    "material": [ "steel", "null" ],
    "volume": 2,
    "bashing": 0,
    "cutting": 0,
    "rarity": 20,
    "price": 85
  },
  {
    "id": "spiked_plate",
    "name": { "str": "spiked plating" },
    "description": "A piece of armor plating made of steel.  It is covered by menacing spikes.",
    "weight": "600 g",
    "to_hit": -1,
    "color": "light_cyan",
    "symbol": "]",
    "material": [ "steel", "null" ],
    "volume": 14,
    "bashing": 6,
    "cutting": 3,
    "flags": [ "STAB" ],
    "rarity": 15,
    "price": 185
  },
  {
    "id": "hard_plate",
    "name": { "str": "hard plating" },
    "description": "A piece of very thick armor plating made of steel.",
    "weight": "1800 g",
    "to_hit": -1,
    "color": "light_cyan",
    "symbol": "]",
    "material": [ "steel", "null" ],
    "volume": 12,
    "bashing": 6,
    "cutting": 0,
    "rarity": 30,
    "price": 160
  },
  {
    "id": "kitchen_unit",
    "name": { "str": "RV kitchen unit" },
    "description": "A vehicle mountable electric range and sink unit with integrated tool storage for cooking utensils.",
    "weight": "900 g",
    "to_hit": -2,
    "color": "light_cyan",
    "symbol": "&",
    "material": [ "steel", "null" ],
    "volume": 80,
    "bashing": 0,
    "cutting": 0,
    "rarity": 20,
    "price": 400
  },
  {
    "id": "poppy_flower",
    "name": { "str": "poppy flower" },
    "description": "A poppy stalk with some petals.",
    "weight": "0 g",
    "to_hit": -3,
    "color": "magenta",
    "symbol": ",",
    "material": [ "veggy", "null" ],
    "volume": 1,
    "bashing": 0,
    "cutting": 0,
    "rarity": 1,
    "price": 400
  },
  {
    "id": "poppy_bud",
    "name": { "str": "a poppy bud" },
    "description": "Contains some substances commonly produced by mutated poppy flower",
    "weight": "0 g",
    "to_hit": -3,
    "color": "magenta",
    "symbol": ",",
    "material": [ "veggy", "null" ],
    "volume": 1,
    "bashing": 0,
    "cutting": 0,
    "rarity": 1,
    "price": 400
  },
  {
    "id": "bio_claws_weapon",
    "name": { "str": "adamantite claws" },
    "description": "Short and sharp claws made from a high-tech metal.",
    "weight": "0 g",
    "to_hit": 4,
    "color": "pink",
    "symbol": "{",
    "material": [ "steel", "null" ],
    "volume": 2,
    "bashing": 8,
    "cutting": 16,
    "flags": [ "STAB", "UNARMED_WEAPON", "NO_UNWIELD" ],
    "rarity": 0,
    "price": 0
  },
  {
    "id": "bag_bundle_10",
    "symbol": ",",
    "color": "light_gray",
    "name": { "str": "10 plastic bags" },
    "description": "10 plastic bags, folded smooth and wrapped tightly together with a string.",
    "rarity": 2,
    "price": 5,
    "material": "plastic",
    "weight": "0 g",
    "volume": 5,
    "bashing": 0,
    "cutting": 0,
    "to_hit": 1
  },
  {
    "id": "money_bundle",
    "name": { "str": "money bundle" },
    "description": "A bundle holding many 20 dollar bills, pretty useless now though",
    "weight": "3 g",
    "to_hit": -3,
    "color": "green",
    "symbol": ",",
    "material": [ "paper", "null" ],
    "volume": 3,
    "bashing": 0,
    "cutting": -3,
    "max_charges": 20,
    "initial_charges": 20,
    "charges_per_use": 1,
    "turns_per_charge": 0,
    "cutting": 0,
    "rarity": 50,
    "price": 0
  },
  {
    "id": "cell_phone",
    "name": { "str": "cell phone" },
    "description": "A broken cell phone only useful for parts now.",
    "weight": "0 g",
    "to_hit": -3,
    "color": "light_gray",
    "symbol": ",",
    "material": [ "plastic", "steel" ],
    "volume": 1,
    "bashing": 0,
    "cutting": 0,
    "rarity": 50,
    "price": 100
  }
]
