[
  {
    "id": "retool_45",
    "type": "GUNMOD",
    "symbol": ":",
    "color": "green",
    "name": { "str": ".45 caliber retool" },
    "description": "Replacing several key parts of a 9mm, .38, .40 or .44 firearm converts it to a .45 firearm.  The conversion results in reduced accuracy and increased recoil.",
    "rarity": 3,
    "price": 480,
    "material": "steel",
    "weight": "2 g",
    "volume": 2,
    "bashing": 3,
    "cutting": 0,
    "to_hit": -1,
    "dispersion_modifier": 2,
    "damage_modifier": 0,
    "loudness_modifier": 0,
    "ammo_modifier": "45",
    "recoil_modifier": 2,
    "burst_modifier": 0,
    "clip_size_modifier": 0,
    "mod_targets": [ "pistol", "smg" ],
    "acceptable_ammo": [ "9mm", "38", "40", "44" ]
  },
  {
    "type": "GUNMOD",
    "id": "suppressor",
    "name": { "str": "suppressor" },
    "clip_size_modifier": 0,
    "dispersion_modifier": 1,
    "damage_modifier": -4,
    "ammo_modifier": "NULL",
    "description": "Using a suppressor is almost an imperative in zombie-infested regions.  Gunfire is very noisy, and will attract predators.  Its only drawback is a reduced muzzle velocity, resulting in less accuracy and damage.",
    "weight": "1 g",
    "to_hit": 2,
    "color": "dark_gray",
    "symbol": ":",
    "material": [ "steel", "plastic" ],
    "mod_targets": [ "pistol", "smg", "rifle", "shotgun" ],
    "volume": 2,
    "bashing": 3,
    "cutting": 0,
    "burst_modifier": 0,
    "recoil_modifier": 0,
    "rarity": 15,
    "price": 480,
    "loudness_modifier": -25
  },
  {
    "type": "GUNMOD",
    "id": "grip",
    "name": { "str": "enhanced grip" },
    "clip_size_modifier": 0,
    "dispersion_modifier": -2,
    "damage_modifier": 0,
    "ammo_modifier": "NULL",
    "description": "A grip placed forward on the barrel allows for greater control and accuracy.  Aside from increased weight, there are no drawbacks.",
    "weight": "1 g",
    "to_hit": -1,
    "color": "brown",
    "symbol": ":",
    "material": [ "steel", "plastic" ],
    "mod_targets": [ "shotgun", "smg", "rifle", "pistol" ],
    "volume": 1,
    "bashing": 0,
    "cutting": 0,
    "burst_modifier": 0,
    "recoil_modifier": -2,
    "rarity": 12,
    "price": 280,
    "loudness_modifier": 0
  },
  {
    "type": "GUNMOD",
    "id": "barrel_big",
    "name": { "str": "barrel extension" },
    "clip_size_modifier": 0,
    "dispersion_modifier": -6,
    "damage_modifier": 1,
    "ammo_modifier": "NULL",
    "description": "A longer barrel increases the muzzle velocity of a firearm, contributing to both accuracy and damage.  However, the longer barrel tends to vibrate after firing, greatly increasing recoil.",
    "weight": "1 g",
    "to_hit": 2,
    "color": "light_gray",
    "symbol": ":",
    "material": [ "steel", "null" ],
    "mod_targets": [ "smg", "rifle", "shotgun" ],
    "volume": 4,
    "bashing": 5,
    "cutting": 0,
    "burst_modifier": 0,
    "recoil_modifier": 5,
    "rarity": 10,
    "price": 400,
    "loudness_modifier": 0
  },
  {
    "type": "GUNMOD",
    "id": "barrel_small",
    "name": { "str": "shortened barrel" },
    "clip_size_modifier": 0,
    "dispersion_modifier": 5,
    "damage_modifier": 0,
    "ammo_modifier": "NULL",
    "description": "A shortened barrel results in markedly reduced accuracy, and a minor increase in noise, but also reduces recoil greatly as a result of the improved managability of the firearm.",
    "weight": "1 g",
    "to_hit": -1,
    "color": "light_gray",
    "symbol": ":",
    "material": [ "steel", "null" ],
    "mod_targets": [ "smg", "rifle" ],
    "volume": 1,
    "bashing": 0,
    "cutting": 0,
    "burst_modifier": 0,
    "recoil_modifier": -6,
    "rarity": 6,
    "price": 320,
    "loudness_modifier": 2
  },
  {
    "type": "GUNMOD",
    "id": "barrel_rifled",
    "name": { "str": "rifled barrel" },
    "clip_size_modifier": 0,
    "dispersion_modifier": -10,
    "damage_modifier": -20,
    "ammo_modifier": "NULL",
    "description": "Rifling a shotgun barrel is mainly done in order to improve its accuracy when firing slugs.  The rifling makes the gun less suitable for shot, however.",
    "weight": "1 g",
    "to_hit": 1,
    "color": "light_gray",
    "symbol": ":",
    "material": [ "steel", "null" ],
    "mod_targets": [ "shotgun" ],
    "volume": 2,
    "bashing": 3,
    "cutting": 0,
    "burst_modifier": -1,
    "recoil_modifier": 0,
    "rarity": 5,
    "price": 220,
    "loudness_modifier": 0
  },
  {
    "type": "GUNMOD",
    "id": "clip",
    "name": { "str": "extended magazine" },
    "clip_size_modifier": 50,
    "dispersion_modifier": 1,
    "damage_modifier": 0,
    "ammo_modifier": "NULL",
    "description": "Increases the ammunition capacity of your firearm by 50%, but the added bulk reduces accuracy slightly.",
    "weight": "1 g",
    "to_hit": -1,
    "color": "light_gray",
    "symbol": ":",
    "material": [ "steel", "plastic" ],
    "mod_targets": [ "pistol", "shotgun", "smg", "rifle" ],
    "volume": 1,
    "bashing": 0,
    "cutting": 0,
    "burst_modifier": 0,
    "recoil_modifier": 0,
    "rarity": 8,
    "price": 560,
    "loudness_modifier": 0
  },
  {
    "type": "GUNMOD",
    "id": "clip2",
    "name": { "str": "double magazine" },
    "clip_size_modifier": 100,
    "dispersion_modifier": 2,
    "damage_modifier": 0,
    "ammo_modifier": "NULL",
    "description": "Completely doubles the ammunition capacity of your firearm, but the added bulk reduces accuracy and increases recoil.",
    "weight": "2 g",
    "to_hit": 0,
    "color": "light_gray",
    "symbol": ":",
    "material": [ "steel", "plastic" ],
    "mod_targets": [ "shotgun", "smg", "rifle", "pistol" ],
    "volume": 2,
    "bashing": 0,
    "cutting": 0,
    "burst_modifier": 0,
    "recoil_modifier": 2,
    "rarity": 4,
    "price": 720,
    "loudness_modifier": 0
  },
  {
    "type": "GUNMOD",
    "id": "spare_mag",
    "name": { "str": "spare magazine" },
    "clip_size_modifier": 0,
    "dispersion_modifier": 0,
    "damage_modifier": 0,
    "ammo_modifier": "NULL",
    "description": "A spare magazine you can keep on hand to make reloads faster, but must itself  be reloaded before it can be used again.",
    "weight": "1 g",
    "to_hit": 0,
    "color": "light_gray",
    "symbol": ":",
    "material": [ "steel", "plastic" ],
    "mod_targets": [ "pistol", "shotgun", "smg", "rifle" ],
    "volume": 1,
    "bashing": 0,
    "cutting": 0,
    "burst_modifier": 0,
    "recoil_modifier": 0,
    "rarity": 15,
    "price": 200,
    "loudness_modifier": 0
  },
  {
    "type": "GUNMOD",
    "id": "brass_catcher",
    "name": { "str": "brass catcher" },
    "clip_size_modifier": 0,
    "dispersion_modifier": 0,
    "damage_modifier": 0,
    "ammo_modifier": "NULL",
    "description": "A bag that hangs off the side of your gun and catches ejected casings so you don't have to pick them up.",
    "weight": "1 g",
    "to_hit": 0,
    "color": "light_gray",
    "symbol": ":",
    "material": [ "cotton", "null" ],
    "mod_targets": [ "shotgun", "smg", "rifle", "pistol" ],
    "volume": 1,
    "bashing": 0,
    "cutting": 0,
    "burst_modifier": 0,
    "recoil_modifier": 0,
    "rarity": 15,
    "price": 200,
    "loudness_modifier": 0
  },
  {
    "type": "GUNMOD",
    "id": "stabilizer",
    "name": { "str": "gyroscopic stabilizer" },
    "clip_size_modifier": -10,
    "dispersion_modifier": -2,
    "damage_modifier": -2,
    "ammo_modifier": "NULL",
    "description": "An advanced unit that straps onto the side of your firearm and reduces vibration, greatly reducing recoil and increasing accuracy.  However, it also takes up space in the magazine slot, reducing ammo capacity.",
    "weight": "2 g",
    "to_hit": -3,
    "color": "blue",
    "symbol": ":",
    "material": [ "steel", "plastic" ],
    "mod_targets": [ "smg", "rifle", "shotgun", "pistol" ],
    "volume": 3,
    "bashing": 0,
    "cutting": 0,
    "burst_modifier": 0,
    "recoil_modifier": -8,
    "rarity": 4,
    "price": 680,
    "loudness_modifier": 0
  },
  {
    "type": "GUNMOD",
    "id": "blowback",
    "name": { "str": "rapid blowback" },
    "clip_size_modifier": 0,
    "dispersion_modifier": 3,
    "damage_modifier": 0,
    "ammo_modifier": "NULL",
    "description": "An improved blowback mechanism makes your firearm's automatic fire faster, at the cost of reduced accuracy and increased noise.",
    "weight": "1 g",
    "to_hit": 0,
    "color": "red",
    "symbol": ":",
    "material": [ "steel", "plastic" ],
    "mod_targets": [ "smg", "rifle", "shotgun", "pistol" ],
    "volume": 0,
    "bashing": 0,
    "cutting": 0,
    "burst_modifier": 6,
    "recoil_modifier": 0,
    "rarity": 3,
    "price": 700,
    "loudness_modifier": 4
  },
  {
    "type": "GUNMOD",
    "id": "autofire",
    "name": { "str": "auto-fire mechanism" },
    "weight": "2 g",
    "color": "red",
    "burst_modifier": 3,
    "loudness_modifier": 2,
    "to_hit": -1,
    "dispersion_modifier": 2,
    "price": 650,
    "clip_size_modifier": 0,
    "description": "A simple mechanism that converts a pistol to a fully-automatic weapon, with a burst size of three rounds.  However, it reduces accuracy, and increases noise and recoil.",
    "symbol": ":",
    "material": [ "steel", "plastic" ],
    "volume": 1,
    "cutting": 0,
    "recoil_modifier": 2,
    "damage_modifier": 0,
    "acceptable_ammo": [ "22", "9mm", "38", "40", "57", "46" ],
    "mod_targets": [ "pistol", "shotgun", "rifle", "smg" ],
    "rarity": 2,
    "bashing": 2,
    "ammo_modifier": "NULL"
  },
  {
    "type": "GUNMOD",
    "id": "retool_9mm",
    "name": { "str": "9mm caliber retool" },
    "weight": "1 g",
    "color": "green",
    "burst_modifier": 0,
    "loudness_modifier": 0,
    "to_hit": -1,
    "dispersion_modifier": 1,
    "price": 420,
    "clip_size_modifier": 0,
    "description": "Replacing several key parts of a .38, .40, .44 or .45 firearm converts it to a 9mm firearm.  The conversion results in a slight reduction in accuracy.",
    "symbol": ":",
    "material": [ "steel", "null" ],
    "volume": 1,
    "cutting": 0,
    "recoil_modifier": 0,
    "damage_modifier": 0,
    "acceptable_ammo": [ "38", "40", "44", "45" ],
    "mod_targets": [ "pistol", "smg" ],
    "rarity": 3,
    "bashing": 0,
    "ammo_modifier": "9mm"
  },
  {
    "type": "GUNMOD",
    "id": "retool_22",
    "name": { "str": ".22 caliber retool" },
    "weight": "1 g",
    "color": "green",
    "burst_modifier": 0,
    "loudness_modifier": 0,
    "to_hit": -1,
    "dispersion_modifier": 1,
    "price": 320,
    "clip_size_modifier": 0,
    "description": "Replacing several key parts of a 9mm, .38, .40, 5.7mm, 4.6mm, 7.62mm or .223 firearm converts it to a .22 firearm.  The conversion results in a slight reduction in accuracy.",
    "symbol": ":",
    "material": [ "steel", "null" ],
    "volume": 1,
    "cutting": 0,
    "recoil_modifier": 0,
    "damage_modifier": 0,
    "acceptable_ammo": [ "9mm", "38", "40", "57", "46", "762", "223" ],
    "mod_targets": [ "pistol", "smg", "rifle" ],
    "rarity": 2,
    "bashing": 0,
    "ammo_modifier": "22"
  },
  {
    "type": "GUNMOD",
    "id": "retool_57",
    "name": { "str": "5.7mm caliber retool" },
    "weight": "1 g",
    "color": "green",
    "burst_modifier": 0,
    "loudness_modifier": 0,
    "to_hit": -1,
    "dispersion_modifier": 1,
    "price": 460,
    "clip_size_modifier": 0,
    "description": "FN Hestal sells a conversion kit, used to convert .22, 9mm, or .38 firearms to their proprietary 5.7x28mm, a round designed for accuracy and armor penetration.",
    "symbol": ":",
    "material": [ "steel", "null" ],
    "volume": 1,
    "cutting": 0,
    "recoil_modifier": 0,
    "damage_modifier": 0,
    "acceptable_ammo": [ "22", "9mm", "38" ],
    "mod_targets": [ "pistol", "smg" ],
    "rarity": 1,
    "bashing": 0,
    "ammo_modifier": "57"
  },
  {
    "type": "GUNMOD",
    "id": "retool_46",
    "name": { "str": "4.6mm caliber retool" },
    "weight": "1 g",
    "color": "green",
    "burst_modifier": 0,
    "loudness_modifier": 0,
    "to_hit": -1,
    "dispersion_modifier": 1,
    "price": 460,
    "clip_size_modifier": 0,
    "description": "Heckler and Koch sells a conversion kit, used to convert .22, 9mm, or .38 firearms to their proprietary 4.6x30mm, a round designed for accuracy and armor penetration.",
    "symbol": ":",
    "material": [ "steel", "null" ],
    "volume": 1,
    "cutting": 0,
    "recoil_modifier": 0,
    "damage_modifier": 0,
    "acceptable_ammo": [ "22", "9mm", "38" ],
    "mod_targets": [ "pistol", "smg" ],
    "rarity": 1,
    "bashing": 0,
    "ammo_modifier": "46"
  },
  {
    "type": "GUNMOD",
    "id": "retool_308",
    "name": { "str": ".308 caliber retool" },
    "weight": "1 g",
    "color": "green",
    "burst_modifier": 0,
    "loudness_modifier": 0,
    "to_hit": 1,
    "dispersion_modifier": 2,
    "price": 520,
    "clip_size_modifier": -20,
    "description": "This kit is used to convert a shotgun or 7.62mm, .223 or .30-06 rifle to the popular and powerful .308 caliber.  The conversion results in reduced ammo capacity and a slight reduction in accuracy.",
    "symbol": ":",
    "material": [ "steel", "null" ],
    "volume": 2,
    "cutting": 0,
    "recoil_modifier": 0,
    "damage_modifier": 0,
    "acceptable_ammo": [ "shot", "9mm", "762", "223", "3006", "22", "38" ],
    "mod_targets": [ "shotgun", "rifle", "pistol" ],
    "rarity": 2,
    "bashing": 4,
    "ammo_modifier": "308"
  },
  {
    "type": "GUNMOD",
    "id": "retool_223",
    "name": { "str": ".223 caliber retool" },
    "weight": "1 g",
    "color": "green",
    "burst_modifier": 0,
    "loudness_modifier": 0,
    "to_hit": 1,
    "dispersion_modifier": 2,
    "price": 500,
    "clip_size_modifier": -10,
    "description": "This kit is used to convert a shotgun or 7.62mm, .30-06, or .308 rifle to the popular, accurate, and damaging .223 caliber.  The conversion results in slight reductions in both accuracy and ammo capacity.",
    "symbol": ":",
    "material": [ "steel", "null" ],
    "volume": 2,
    "cutting": 0,
    "recoil_modifier": 0,
    "damage_modifier": 0,
    "acceptable_ammo": [ "shot", "762", "3006", "308" ],
    "mod_targets": [ "shotgun", "rifle", "smg", "pistol" ],
    "rarity": 2,
    "bashing": 4,
    "ammo_modifier": "223"
  },
  {
    "type": "GUNMOD",
    "id": "conversion_battle",
    "name": { "str": "battle rifle conversion" },
    "clip_size_modifier": 20,
    "dispersion_modifier": 6,
    "damage_modifier": 6,
    "ammo_modifier": "NULL",
    "description": "This is a complete conversion kit, designed to turn a rifle into a powerful battle rifle.  It reduces accuracy, and increases noise and recoil, but also increases damage, ammo capacity, and fire rate.",
    "weight": "3 g",
    "to_hit": -1,
    "color": "magenta",
    "symbol": ":",
    "material": [ "steel", "null" ],
    "mod_targets": [ "rifle" ],
    "volume": 4,
    "bashing": 6,
    "cutting": 0,
    "burst_modifier": 4,
    "recoil_modifier": 4,
    "rarity": 1,
    "price": 680,
    "loudness_modifier": 4
  },
  {
    "type": "GUNMOD",
    "id": "conversion_sniper",
    "name": { "str": "sniper conversion" },
    "clip_size_modifier": -15,
    "dispersion_modifier": -10,
    "damage_modifier": 8,
    "ammo_modifier": "NULL",
    "description": "This is a complete conversion kit, designed to turn a rifle into a deadly sniper rifle.  It decreases ammo capacity, and removes any automatic fire capabilities, but also increases accuracy and damage.",
    "weight": "2 g",
    "to_hit": -1,
    "color": "green",
    "symbol": ":",
    "material": [ "steel", "null" ],
    "mod_targets": [ "rifle" ],
    "volume": 1,
    "bashing": 0,
    "cutting": 0,
    "burst_modifier": -99,
    "recoil_modifier": 0,
    "rarity": 1,
    "price": 660,
    "loudness_modifier": 3
  },
  {
    "type": "GUNMOD",
    "id": "m203",
    "name": { "str": "M203" },
    "weight": "1 g",
    "color": "light_red",
    "burst_modifier": 0,
    "loudness_modifier": 0,
    "to_hit": -1,
    "dispersion_modifier": 2,
    "price": 650,
    "clip_size_modifier": 1,
    "description": "The M203 was originally designed for use with M16 variants but today can be attached to almost any rifle.  It allows a single 40mm grenade to be loaded and fired.",
    "symbol": ":",
    "material": [ "steel", "null" ],
    "volume": 2,
    "cutting": 0,
    "recoil_modifier": 0,
    "damage_modifier": 0,
    "mod_targets": [ "rifle" ],
    "rarity": 2,
    "bashing": 2,
    "flags": [ "MODE_AUX" ],
    "ammo_modifier": "40mm"
  },
  {
    "type": "GUNMOD",
    "id": "bayonet",
    "name": { "str": "bayonet" },
    "weight": "2 g",
    "color": "light_cyan",
    "burst_modifier": 0,
    "loudness_modifier": 0,
    "to_hit": -3,
    "dispersion_modifier": 0,
    "price": 400,
    "clip_size_modifier": 0,
    "description": "A bayonet is a stabbing weapon that can be attached to the front of a shotgun, sub-machinegun or rifle, allowing a melee attack to deal piercing damage.  The added length increases recoil slightly.",
    "symbol": ":",
    "material": [ "steel", "null" ],
    "volume": 2,
    "cutting": 16,
    "recoil_modifier": 3,
    "damage_modifier": 0,
    "mod_targets": [ "shotgun", "smg", "rifle" ],
    "rarity": 6,
    "bashing": 0,
    "flags": [ "STAB" ],
    "ammo_modifier": "NULL"
  },
  {
    "type": "GUNMOD",
    "id": "u_shotgun",
    "name": { "str": "underslung shotgun" },
    "weight": "1 g",
    "color": "light_red",
    "burst_modifier": 0,
    "loudness_modifier": 0,
    "to_hit": -1,
    "dispersion_modifier": 2,
    "price": 650,
    "clip_size_modifier": 2,
    "description": "A miniaturized shotgun with 2 barrels, which can be mounted under the barrel of many rifles.  It allows two shotgun shells to be loaded and fired.",
    "symbol": ":",
    "material": [ "steel", "null" ],
    "volume": 2,
    "cutting": 0,
    "recoil_modifier": 0,
    "damage_modifier": 0,
    "mod_targets": [ "rifle" ],
    "rarity": 2,
    "bashing": 2,
    "flags": [ "MODE_AUX" ],
    "ammo_modifier": "shot"
  },
  {
    "type": "GUNMOD",
    "id": "gun_crossbow",
    "name": { "str": "rail-mounted crossbow" },
    "weight": "1 g",
    "color": "light_red",
    "burst_modifier": 0,
    "loudness_modifier": 0,
    "to_hit": -1,
    "dispersion_modifier": 0,
    "price": 500,
    "clip_size_modifier": 1,
    "description": "A kit to attach a pair of crossbow arms and a firing rail to the barrel of a long firearm.  It allows crossbow bolts to be fired.",
    "symbol": ":",
    "material": [ "steel", "wood" ],
    "volume": 2,
    "cutting": 0,
    "recoil_modifier": 0,
    "damage_modifier": 0,
    "mod_targets": [ "shotgun", "rifle" ],
    "rarity": 2,
    "bashing": 2,
    "flags": [ "MODE_AUX", "STR_RELOAD" ],
    "ammo_modifier": "bolt"
  }
]
