[
  {
    "type": "mod_tileset",
    "compatibility": [
      "Chibi_Ultica",
      "UltimateCataclysm",
      "MshockXottoplus",
      "UNDEAD_PEOPLE",
      "UNDEAD_PEOPLE_BASE",
      "UNDEAD_PEOPLE_LEGACY",
      "UlticaShell",
      "MshockXottoplus12",
      "MSX++DEAD_PEOPLE",
      "MXplus12_for_cosmetics"
    ],
    "tiles-new": [
      {
        "file": "mod_tileset/Salvaged_Robots_10511_normal.png",
        "tiles": [
          { "id": "bg_book_adv", "fg": 1, "rotates": false },
          { "id": "bg_shaddow_custom5", "fg": 2, "rotates": false },
          { "id": "bg_shadow_normal", "fg": 3, "rotates": false },
          { "id": "broken_advbot_bitter", "fg": 4, "rotates": true },
          { "id": "broken_advbot_emp", "fg": 5, "rotates": true },
          { "id": "broken_advbot_glitter", "fg": 6, "rotates": true },
          { "id": "broken_advbot_laser", "fg": 7, "rotates": true },
          { "id": "broken_advbot_lightning", "fg": 8, "rotates": true },
          { "id": "broken_advbot_plasma", "fg": 9, "rotates": true },
          { "id": "broken_advbot_rail", "fg": 10, "rotates": true },
          { "id": "broken_arson_hack", "fg": 11, "rotates": true },
          { "id": "broken_autoarmor_basic", "fg": 12, "rotates": true },
          { "id": "broken_autoarmor_heavy", "fg": 13, "rotates": true },
          { "id": "broken_autoarmor_light", "fg": 14, "rotates": true },
          { "id": "broken_broken_cyborg", "fg": 15, "rotates": true },
          { "id": "broken_craftbuddy", "fg": 16, "rotates": true },
          { "id": "broken_cyborg_necro", "fg": 17, "rotates": true },
          { "id": "broken_defbot_9mm", "fg": 18, "rotates": true },
          { "id": "broken_defbot_cowboy", "fg": 19, "rotates": true },
          { "id": "broken_defbot_paladin", "fg": 20, "rotates": true },
          { "id": "broken_defbot_samurai", "fg": 21, "rotates": true },
          { "id": "broken_defbot_shot", "fg": 22, "rotates": true },
          { "id": "broken_distract_hack", "fg": 23, "rotates": true },
          { "id": "broken_eyebot_burn", "fg": 24, "rotates": true },
          { "id": "broken_eyebot_furnace", "fg": 25, "rotates": true },
          { "id": "broken_eyebot_heater", "fg": 26, "rotates": true },
          { "id": "broken_light_hack", "fg": 27, "rotates": true },
          { "id": "broken_medibot", "fg": 28, "rotates": true },
          { "id": "broken_medibot_assassin", "fg": 29, "rotates": true },
          { "id": "broken_medibot_elixir", "fg": 30, "rotates": true },
          { "id": "broken_medibot_party", "fg": 31, "rotates": true },
          { "id": "broken_milbot_308", "fg": 32, "rotates": true },
          { "id": "broken_milbot_40mm", "fg": 33, "rotates": true },
          { "id": "broken_milbot_50bmg", "fg": 34, "rotates": true },
          { "id": "broken_milbot_556", "fg": 35, "rotates": true },
          { "id": "broken_milbot_8x40mm", "fg": 36, "rotates": true },
          { "id": "broken_milbot_defender", "fg": 37, "rotates": true },
          { "id": "broken_milbot_deluxe", "fg": 38, "rotates": true },
          { "id": "broken_milbot_flame", "fg": 39, "rotates": true },
          { "id": "broken_milbot_gaurdian", "fg": 40, "rotates": true },
          { "id": "broken_milbot_needle", "fg": 41, "rotates": true },
          { "id": "broken_milbot_protector", "fg": 42, "rotates": true },
          { "id": "broken_milbot_trainer", "fg": 43, "rotates": true },
          { "id": "broken_skitterbot_grab", "fg": 44, "rotates": true },
          { "id": "broken_skitterbot_hunter", "fg": 45, "rotates": true },
          { "id": "broken_skitterbot_rat", "fg": 46, "rotates": true },
          { "id": "broken_spore_hack", "fg": 47, "rotates": true },
          { "id": "broken_tripod", "fg": 48, "rotates": false },
          { "id": "broken_turret_water", "fg": 49, "rotates": true },
          { "id": "broken_utilibot_beehive", "fg": 50, "rotates": true },
          { "id": "broken_utilibot_blob", "fg": 51, "rotates": true },
          { "id": "broken_utilibot_digester", "fg": 52, "rotates": true },
          { "id": "broken_utilibot_slimespring", "fg": 53, "rotates": true },
          { "id": "bot_advbot_bitter", "fg": 54, "rotates": true },
          { "id": "bot_advbot_glitter", "fg": 55, "rotates": true },
          { "id": "bot_arson_hack", "fg": 56, "rotates": true },
          { "id": "bot_autoarmor_basic", "fg": 57, "rotates": true },
          { "id": "bot_autoarmor_heavy", "fg": 58, "rotates": true },
          { "id": "bot_autoarmor_light", "fg": 59, "rotates": true },
          { "id": "bot_craftbuddy", "fg": 60, "rotates": true },
          { "id": "bot_cyborg_necro", "fg": 61, "rotates": true },
          { "id": "bot_defbot_cowboy", "fg": 62, "rotates": true },
          { "id": "bot_defbot_paladin", "fg": 63, "rotates": true },
          { "id": "bot_defbot_samurai", "fg": 64, "rotates": true },
          { "id": "bot_distract_hack", "fg": 65, "rotates": true },
          { "id": "bot_eyebot_burn", "fg": 66, "rotates": true },
          { "id": "bot_eyebot_furnace", "fg": 67, "rotates": true },
          { "id": "bot_eyebot_heater", "fg": 68, "rotates": true },
          { "id": "bot_light_hack", "fg": 69, "rotates": true },
          { "id": "bot_medibot_assassin", "fg": 70, "rotates": true },
          { "id": "bot_medibot_elixir", "fg": 71, "rotates": true },
          { "id": "bot_medibot_party", "fg": 72, "rotates": true },
          { "id": "bot_milbot_308", "fg": 73, "rotates": true },
          { "id": "bot_milbot_defender", "fg": 74, "rotates": true },
          { "id": "bot_milbot_deluxe", "fg": 75, "rotates": true },
          { "id": "bot_milbot_gaurdian", "fg": 76, "rotates": true },
          { "id": "bot_milbot_protector", "fg": 77, "rotates": true },
          { "id": "bot_skitterbot_grab", "fg": 78, "rotates": true },
          { "id": "bot_skitterbot_hunter", "fg": 79, "rotates": true },
          { "id": "bot_skitterbot_rat", "fg": 80, "rotates": true },
          { "id": "bot_spore_hack", "fg": 81, "rotates": true },
          { "id": "bot_turret_water", "fg": 82, "rotates": true },
          { "id": "bot_utilibot_beehive", "fg": 83, "rotates": true },
          { "id": "bot_utilibot_blob", "fg": 84, "rotates": true },
          { "id": "bot_utilibot_digester", "fg": 85, "rotates": true },
          { "id": "bot_utilibot_slimespring", "fg": 86, "rotates": true },
          { "id": "textbook_robots", "fg": 87, "bg": 1, "rotates": false },
          { "id": "overlay_wielded_textbook_robots", "fg": 88 },
          { "id": "mon_advbot_bitter", "fg": 89, "bg": 3, "rotates": true },
          { "id": "mon_advbot_emp", "fg": 90, "bg": 3, "rotates": true },
          { "id": "mon_advbot_glitter", "fg": 91, "bg": 3, "rotates": true },
          { "id": "mon_advbot_laser", "fg": 92, "bg": 3, "rotates": true },
          { "id": "mon_advbot_lightning", "fg": 93, "bg": 3, "rotates": true },
          { "id": "mon_advbot_plasma", "fg": 94, "bg": 3, "rotates": true },
          { "id": "mon_advbot_rail", "fg": 95, "bg": 3, "rotates": true },
          { "id": "mon_arson_hack", "fg": 96, "bg": 3, "rotates": true },
          { "id": "mon_autoarmor_base", "fg": 97, "bg": 3, "rotates": true },
          { "id": "mon_autoarmor_basic", "fg": 98, "bg": 3, "rotates": true },
          { "id": "mon_autoarmor_heavy", "fg": 99, "bg": 3, "rotates": true },
          { "id": "mon_autoarmor_light", "fg": 100, "bg": 3, "rotates": true },
          { "id": "mon_craftbuddy", "fg": 101, "bg": 3, "rotates": true },
          { "id": "mon_cyborg_necro", "fg": 102, "bg": 3, "rotates": true },
          { "id": "mon_defbot_cowboy", "fg": 103, "bg": 3, "rotates": true },
          { "id": "mon_defbot_paladin", "fg": 104, "bg": 3, "rotates": true },
          { "id": "mon_defbot_samurai", "fg": 105, "bg": 3, "rotates": true },
          { "id": "mon_defbot_shot", "fg": 106, "bg": 3, "rotates": true },
          { "id": "mon_distract_hack", "fg": 107, "bg": 3, "rotates": true },
          { "id": "mon_eyebot_burn", "fg": 108, "bg": 3, "rotates": true },
          { "id": "mon_eyebot_furnace", "fg": 109, "bg": 3, "rotates": true },
          { "id": "mon_eyebot_heater", "fg": 110, "bg": 3, "rotates": true },
          { "id": "mon_light_hack", "fg": 111, "bg": 3, "rotates": true },
          { "id": "mon_medibot", "fg": 112, "bg": 3, "rotates": true },
          { "id": "mon_medibot_assassin", "fg": 113, "bg": 3, "rotates": true },
          { "id": "mon_medibot_elixir", "fg": 114, "bg": 3, "rotates": true },
          { "id": "mon_medibot_party", "fg": 115, "bg": 3, "rotates": true },
          { "id": "mon_milbot_308", "fg": 116, "bg": 3, "rotates": true },
          { "id": "mon_milbot_40mm", "fg": 117, "bg": 3, "rotates": true },
          { "id": "mon_milbot_50bmg", "fg": 118, "bg": 3, "rotates": true },
          { "id": "mon_milbot_556", "fg": 119, "bg": 3, "rotates": true },
          { "id": "mon_milbot_8x40mm", "fg": 120, "bg": 3, "rotates": true },
          { "id": "mon_milbot_defender", "fg": 121, "bg": 3, "rotates": true },
          { "id": "mon_milbot_deluxe", "fg": 122, "bg": 3, "rotates": true },
          { "id": "mon_milbot_flame", "fg": 123, "bg": 3, "rotates": true },
          { "id": "mon_milbot_gaurdian", "fg": 124, "bg": 3, "rotates": true },
          { "id": "mon_milbot_needle", "fg": 125, "bg": 3, "rotates": true },
          { "id": "mon_milbot_protector", "fg": 126, "bg": 3, "rotates": true },
          { "id": "mon_milbot_trainer", "fg": 127, "bg": 3, "rotates": true },
          { "id": "mon_skitterbot_grab", "fg": 128, "bg": 3, "rotates": true },
          { "id": "mon_skitterbot_hunter", "fg": 129, "bg": 3, "rotates": true },
          { "id": "mon_skitterbot_rat", "fg": 130, "bg": 3, "rotates": true },
          { "id": "mon_spore_hack", "fg": 131, "bg": 3, "rotates": true },
          { "id": "mon_turret_water", "fg": 132, "bg": 2, "rotates": true },
          { "id": "mon_utilibot_beehive", "fg": 133, "bg": 3, "rotates": true },
          { "id": "mon_utilibot_blob", "fg": 134, "bg": 3, "rotates": true },
          { "id": "mon_utilibot_digester", "fg": 135, "bg": 3, "rotates": true },
          { "id": "mon_utilibot_slimespring", "fg": 136, "bg": 3, "rotates": true }
        ],
        "//": "range 1 to 144",
        "sprite_width": 32,
        "sprite_height": 32,
        "sprite_offset_x": 0,
        "sprite_offset_y": 0
      }
    ]
  }
]
