[
  {
    "id": "40mm_emp",
    "type": "AMMO",
    "name": { "str": "40mm EMP grenade" },
    "description": "A 40mm grenade with an EMP charge.  It will release an electromagnetic pulse capable of damaging robots and some equipment.",
    "weight": "230 g",
    "volume": "250 ml",
    "price": 40000,
    "material": [ "steel", "powder" ],
    "symbol": "=",
    "color": "yellow",
    "count": 4,
    "stack_size": 4,
    "ammo_type": "40x46mm",
    "casing": "40x46mm_m118_casing",
    "range": 40,
    "damage": { "damage_type": "stab", "amount": 5 },
    "dispersion": 30,
    "recoil": 225,
    "drop": "40mmEMP_act",
    "effects": [ "COOKOFF", "NEVER_MISFIRES", "NO_EMBED" ]
  },
  {
    "id": "40mmEMP_act",
    "type": "TOOL",
    "category": "weapons",
    "name": { "str": "active EMP grenade" },
    "description": "This EMP grenade is active, and will shortly detonate, creating a large EMP field that damages robots and drains bionic energy.  You may not want to be holding it much longer.",
    "weight": "400 g",
    "volume": "250 ml",
    "price": 0,
    "to_hit": -1,
    "bashing": 5,
    "material": [ "steel", "plastic" ],
    "symbol": "*",
    "color": "cyan",
    "initial_charges": 0,
    "max_charges": 0,
    "turns_per_charge": 1,
    "use_action": {
      "type": "explosion",
      "draw_explosion_radius": 8,
      "draw_explosion_color": "light_blue",
      "emp_blast_radius": 8,
      "sound_volume": 0
    },
    "flags": [ "TRADER_AVOID" ]
  }
]
