[
  {
    "id": "robot_carrier",
    "type": "GENERIC",
    "name": { "str": "robot carrier" },
    "description": "A heavy frame outfitted with tie-downs and attachment points for carrying cargo, with additional railings to keep a large machine in place.  It is meant to hold large drones and robots for transport.  Use it on a suitable robot to capture, use it on an empty tile to release.",
    "weight": "96 kg",
    "volume": "62500 ml",
    "price": 48000,
    "category": "veh_parts",
    "material": [ "steel", "plastic" ],
    "symbol": "]",
    "color": "light_gray",
    "looks_like": "cargo_rack",
    "properties": [ [ "monster_size_capacity", "LARGE" ] ],
    "use_action": "CAPTURE_MONSTER_VEH",
    "flags": [ "TRADER_AVOID" ]
  },
  {
    "type": "TOOL",
    "category": "weapons",
    "id": "glowball_act",
    "price": 0,
    "name": { "str": "active glowball" },
    "symbol": "*",
    "color": "pink",
    "description": "A small plastic ball filled with glowing chemicals.",
    "material": [ "plastic" ],
    "volume": "250 ml",
    "weight": "1 g",
    "to_hit": -3,
    "bashing": 1,
    "initial_charges": 40,
    "max_charges": 40,
    "turns_per_charge": 1,
    "revert_to": "plastic_chunk",
    "use_action": { "target": "plastic_chunk", "msg": "The glowball goes dim.", "type": "transform" },
    "flags": [ "LIGHT_10", "TRADER_AVOID" ]
  }
]
