[
  {
    "type": "AMMO",
    "id": "glowball",
    "price": 500,
    "name": { "str": "glowball" },
    "symbol": "=",
    "color": "pink",
    "description": "A tube of small glowballs taken off the market due to hazardous chemicals.  They deal virtually no damage, but light up on impact.  Useful for illuminating an area without lighting up yourself in the process.",
    "material": [ "plastic" ],
    "volume": "250 ml",
    "weight": "1 g",
    "ammo_type": "paintball",
    "damage": { "damage_type": "stab", "amount": 2 },
    "dispersion": 100,
    "count": 100,
    "stack_size": 100,
    "loudness": 9,
    "drop": "glowball_act",
    "effects": [ "NOGIB", "NEVER_MISFIRES" ]
  }
]
