[
  {
    "type": "palette",
    "id": "robot_dispatch",
    "terrain": {
      ".": "t_thconc_floor",
      " ": "t_thconc_floor",
      "-": "t_concrete_wall",
      "|": "t_concrete_wall",
      "+": "t_door_c",
      "<": "t_stairs_up",
      ">": "t_stairs_down",
      "]": "t_door_metal_locked",
      "[": "t_door_metal_locked",
      "=": "t_door_metal_locked",
      "*": "t_bars",
      "!": "t_door_metal_c",
      "_": "t_metal_floor",
      "~": "t_water_sh",
      "1": "t_column",
      "2": "t_machinery_light",
      "3": "t_machinery_heavy",
      "4": "t_machinery_electronic",
      "6": "t_console_broken",
      "7": "t_gates_mech_control",
      "e": "t_elevator",
      "E": "t_elevator_control_off",
      "f": "t_chainfence_h",
      "F": "t_chainfence_v",
      "g": "t_wall_glass",
      "G": "t_reinforced_glass",
      "M": "t_wall_metal",
      "w": "t_sidewalk"
    },
    "furniture": {
      "$": "f_safe_l",
      "%": "f_robotic_arm",
      "a": "f_armchair",
      "A": "f_sofa",
      "b": "f_bookcase",
      "B": "f_bed",
      "c": "f_chair",
      "C": "f_counter",
      "d": "f_dresser",
      "D": "f_desk",
      "l": "f_locker",
      "L": "f_rack",
      "n": "f_bench",
      "p": "f_indoor_plant",
      "R": "f_glass_fridge",
      "s": "f_sink",
      "S": "f_shower",
      "T": "f_standing_tank",
      "U": "f_cupboard",
      "x": "f_crate_o",
      "X": "f_crate_c"
    },
    "toilets": { "&": { "amount": [ 0, 50 ] } },
    "items": {
      "C": { "item": "mechanics", "chance": 30 },
      "d": { "item": "dresser", "chance": 90 },
      "D": { "item": "office", "chance": 80 },
      "l": { "item": "mechanics", "chance": 80 },
      "s": { "item": "cleaning", "chance": 25 },
      "S": { "item": "cleaning", "chance": 25 }
    }
  }
]
