[
  {
    "type": "vehicle_part",
    "id": "robot_cargo",
    "name": { "str": "robot_carrier" },
    "symbol": "=",
    "color": "light_gray",
    "looks_like": "cargo_space",
    "broken_symbol": "#",
    "broken_color": "dark_gray",
    "durability": 250,
    "description": "A cargo space for carrying robots.  'e'xamine it to capture a robot next to you, or to release the robot currently contained.  When selecting a robot to capture, choose its tile relative to you, not the part.",
    "size": 800,
    "item": "robot_carrier",
    "location": "center",
    "requirements": {
      "install": { "skills": [ [ "mechanics", 1 ] ], "time": "60 m", "using": [ [ "welding_standard", 5 ] ] },
      "removal": { "skills": [ [ "mechanics", 2 ] ], "time": "30 m", "using": [ [ "vehicle_weld_removal", 1 ] ] },
      "repair": { "skills": [ [ "mechanics", 2 ] ], "time": "60 m", "using": [ [ "welding_standard", 5 ] ] }
    },
    "flags": [ "BOARDABLE", "CARGO", "COVERED", "CAPTURE_MONSTER_VEH" ],
    "breaks_into": [
      { "item": "steel_lump", "count": [ 6, 8 ] },
      { "item": "steel_chunk", "count": [ 6, 8 ] },
      { "item": "scrap", "count": [ 6, 8 ] }
    ]
  }
]
