[
  {
    "id": "robotic_taxi",
    "type": "vehicle",
    "name": "Robotic Taxi",
    "blueprint": [
      [ "''''''" ],
      [ "+#='R'" ],
      [ "+##'''" ],
      [ "'++'-o" ]
    ],
    "parts": [
      { "x": -4, "y": -1, "parts": [ "frame_vertical", "windshield", "wheel_mount_medium", "wheel" ] },
      { "x": -4, "y": 0, "parts": [ "frame_vertical", "door" ] },
      { "x": -4, "y": 1, "parts": [ "frame_vertical", "door" ] },
      { "x": -4, "y": 2, "parts": [ "frame_vertical", "windshield", "wheel_mount_medium", "wheel" ] },
      { "x": -3, "y": -1, "parts": [ "frame_vertical", "windshield" ] },
      { "x": -3, "y": 0, "parts": [ "frame_vertical", "seat", "seatbelt", "roof" ] },
      { "x": -3, "y": 1, "parts": [ "frame_vertical", "seat", "seatbelt", "roof" ] },
      { "x": -3, "y": 2, "parts": [ "frame_vertical", "door" ] },
      { "x": -2, "y": -1, "parts": [ "frame_vertical", "windshield" ] },
      { "x": -2, "y": 0, "parts": [ "frame_vertical", "box", "dashboard", "stereo", "roof" ] },
      { "x": -2, "y": 1, "parts": [ "frame_vertical", "seat", "seatbelt", "roof" ] },
      { "x": -2, "y": 2, "parts": [ "frame_vertical", "door" ] },
      { "x": -1, "y": -1, "parts": [ "frame_vertical", "windshield" ] },
      { "x": -1, "y": 0, "parts": [ "frame_vertical", "windshield" ] },
      { "x": -1, "y": 1, "parts": [ "frame_vertical", "windshield", "headlight" ] },
      { "x": -1, "y": 2, "parts": [ "frame_vertical", "windshield" ] },
      { "x": 0, "y": -1, "parts": [ "frame_vertical", "windshield" ] },
      { "x": 0, "y": 0, "parts": [ "frame_vertical", "robot_controls", "roof" ] },
      { "x": 0, "y": 1, "parts": [ "frame_vertical", "windshield", "engine_electric_large" ] },
      { "x": 0, "y": 2, "parts": [ "frame_vertical", "halfboard_vertical", "storage_battery_mount", "storage_battery_removable" ] },
      { "x": 1, "y": -1, "parts": [ "frame_vertical", "windshield", "wheel_mount_medium_steerable", "wheel" ] },
      { "x": 1, "y": 0, "parts": [ "frame_vertical", "windshield", "headlight" ] },
      { "x": 1, "y": 1, "parts": [ "frame_vertical", "windshield" ] },
      { "x": 1, "y": 2, "parts": [ "frame_vertical", "halfboard_vertical", "storage_battery_mount", "storage_battery_removable", "wheel_mount_medium_steerable", "wheel" ]
      }
    ]
  },
  {
    "id": "armored_robot_carrier",
    "type": "vehicle",
    "name": "Armored Robot Carrier",
    "parts": [
      { "x": -2, "y": -2, "parts": [ "hdframe_sw", "hdboard_sw", "muffler", "plating_military" ] },
      { "x": -2, "y": -1, "parts": [ "hdframe_horizontal", "hdboard_horizontal", "plating_military" ] },
      { "x": -2, "y": 0, "parts": [ "hdframe_horizontal", "hddoor_opaque", "omnicam", "plating_military" ] },
      { "x": -2, "y": 1, "parts": [ "hdframe_horizontal", "hdboard_horizontal", "plating_military" ] },
      { "x": -2, "y": 2, "parts": [ "hdframe_se", "hdboard_se", "muffler", "plating_military" ] },
      { "x": -1, "y": -2, "parts": [ "hdframe_vertical", "hddoor_opaque", "plating_military" ] },
      { "x": -1, "y": -1, "parts": [ "hdframe_vertical_2", "robot_cargo", "hdroof" ] },
      { "x": -1, "y": 0, "parts": [ "hdframe_vertical_2", "aisle_horizontal", "hdroof" ] },
      { "x": -1, "y": 1, "parts": [ "hdframe_vertical_2", "robot_cargo", "hdroof" ] },
      { "x": -1, "y": 2, "parts": [ "hdframe_vertical", "hddoor_opaque", "plating_military" ] },
      { "x": 0, "y": -2, "parts": [ "hdframe_vertical", "hddoor_opaque", "wheel_mount_heavy", "wheel_armor", "plating_military" ] },
      { "x": 0, "y": -1, "parts": [ "hdframe_vertical_2", "robot_cargo", "hdroof" ] },
      { "x": 0, "y": 0, "parts": [ "hdframe_vertical_2", "aisle_horizontal", "hdroof" ] },
      { "x": 0, "y": 1, "parts": [ "hdframe_vertical_2", "robot_cargo", "hdroof" ] },
      { "x": 0, "y": 2, "parts": [ "hdframe_vertical", "wheel_mount_heavy", "wheel_armor", "hddoor_opaque", "plating_military" ] },
      { "x": 1, "y": -2, "parts": [ "hdframe_vertical", "hddoor_opaque", "wheel_mount_heavy", "wheel_armor", "plating_military" ] },
      { "x": 1, "y": -1, "parts": [ "hdframe_vertical_2", "robot_cargo", "hdroof" ] },
      { "x": 1, "y": 0, "parts": [ "hdframe_vertical_2", "aisle_horizontal", "hdroof" ] },
      { "x": 1, "y": 1, "parts": [ "hdframe_vertical_2", "robot_cargo", "hdroof" ] },
      { "x": 1, "y": 2, "parts": [ "hdframe_vertical", "wheel_mount_heavy", "wheel_armor", "hddoor_opaque", "plating_military" ] },
      { "x": 2, "y": -2, "parts": [ "hdframe_vertical", "hddoor_opaque", "wheel_mount_heavy", "wheel_armor", "plating_military" ] },
      { "x": 2, "y": -1, "parts": [ "hdframe_vertical_2", "robot_cargo", "hdroof" ] },
      { "x": 2, "y": 0, "parts": [ "hdframe_vertical_2", "aisle_horizontal", "hdroof" ] },
      { "x": 2, "y": 1, "parts": [ "hdframe_vertical_2", "robot_cargo", "hdroof" ] },
      { "x": 2, "y": 2, "parts": [ "hdframe_vertical", "wheel_mount_heavy", "wheel_armor", "hddoor_opaque", "plating_military" ] },
      { "x": 3, "y": -2, "parts": [ "hdframe_vertical", "wheel_mount_heavy_steerable", "wheel_armor", "hdboard_vertical", "omnicam", "plating_military" ] },
      { "x": 3, "y": -1, "parts": [ "hdframe_vertical_2", "seat", "controls", "dashboard", "cam_control", "vehicle_clock", "seatbelt_heavyduty", "hdroof" ] },
      { "x": 3, "y": 0, "parts": [ "hdframe_vertical_2", "stowboard_vertical", "hdroof", "diesel_engine_v6", "battery_car", "alternator_truck", "plating_military" ] },
      { "x": 3, "y": 1, "parts": [ "hdframe_vertical_2", "cam_control", "plating_military", "seat", "seatbelt_heavyduty", "turret_mount", "mounted_browning" ] },
      { "x": 3, "y": 2, "parts": [ "hdframe_vertical", "wheel_mount_heavy_steerable", "wheel_armor", "hdboard_vertical", "omnicam", "plating_military" ] },
      { "x": 4, "y": -2, "parts": [ "hdframe_nw", "hdboard_nw", "plating_military" ] },
      { "x": 4, "y": -1, "parts": [ "hdframe_horizontal", "reinforced_windshield", "headlight_reinforced", "plating_military" ] },
      { "x": 4, "y": 0, "parts": [ "hdframe_horizontal", "hdboard_ne", "plating_military" ] },
      { "x": 4, "y": 1, "parts": [ "hdframe_horizontal", "hdboard_horizontal", "headlight_reinforced", "plating_military" ] },
      { "x": 4, "y": 2, "parts": [ "hdframe_ne", "hdboard_ne", "plating_military" ] },
      { "x": 5, "y": -2, "parts": [ "hdframe_nw", "hdhalfboard_nw", "plating_military" ] },
      { "x": 5, "y": -1, "parts": [ "hdframe_horizontal", "hdhalfboard_horizontal", "plating_military" ] },
      { "x": 5, "y": 0, "parts": [ "hdframe_horizontal", "hdhalfboard_horizontal", "horn_big", "plating_military" ] },
      { "x": 5, "y": 1, "parts": [ "hdframe_horizontal", "hdhalfboard_horizontal", "plating_military" ] },
      { "x": 5, "y": 2, "parts": [ "hdframe_ne", "hdhalfboard_ne", "plating_military" ] }
    ]
  },
  {
    "id": "humvee_gl",
    "type": "vehicle",
    "name": "Humvee",
    "blueprint": [
      [ "O-++-OH" ],
      [ "|H##'|H" ],
      [ "t###'|H" ],
      [ "|H##'|H" ],
      [ "O-++-OH" ]
    ],
    "parts": [
      { "x": -3, "y": -1, "parts": [ "hdframe_sw", "hdboard_sw", "plating_military", "wheel_mount_heavy", "wheel_armor" ] },
      { "x": -3, "y": 0, "parts": [ "hdframe_horizontal", "hddoor_trunk", "muffler", "plating_military" ] },
      { "x": -3, "y": 1, "parts": [ "hdframe_horizontal", "hddoor_trunk", "plating_military" ] },
      { "x": -3, "y": 2, "parts": [ "hdframe_horizontal", "hddoor_trunk", "plating_military" ] },
      { "x": -3, "y": 3, "parts": [ "hdframe_se", "hdboard_se", "plating_military", "wheel_mount_heavy", "wheel_armor" ] },
      { "x": -2, "y": -1, "parts": [ "hdframe_vertical", "hdboard_vertical", "plating_military" ] },
      { "x": -2, "y": 0, "parts": [ "hdframe_horizontal_2", "trunk", "hdroof" ] },
      { "x": -2, "y": 1, "parts": [ "hdframe_horizontal_2", "trunk", "roof" ] },
      { "x": -2, "y": 2, "parts": [ "hdframe_horizontal_2", "trunk", "hdroof" ] },
      { "x": -2, "y": 3, "parts": [ "hdframe_vertical", "hdboard_vertical", "plating_military" ] },
      { "x": -1, "y": -1, "parts": [ "hdframe_vertical", "hddoor" ] },
      { "x": -1, "y": 0, "parts": [ "hdframe_horizontal_2", "seat", "seatbelt", "hdroof" ] },
      { "x": -1, "y": 1, "parts": [ "hdframe_horizontal_2", "aisle_horizontal", "roof", "turret_mount", "mounted_mk19" ] },
      { "x": -1, "y": 2, "parts": [ "hdframe_horizontal_2", "seat", "seatbelt", "hdroof" ] },
      { "x": -1, "y": 3, "parts": [ "hdframe_vertical", "hddoor" ] },
      { "x": 0, "y": -1, "parts": [ "hdframe_vertical", "hddoor" ] },
      { "x": 0, "y": 0, "parts": [ "hdframe_vertical_2", "controls", "dashboard", "vehicle_clock", "horn_big", "seat", "seatbelt", "hdroof" ] },
      { "x": 0, "y": 1, "parts": [ "hdframe_vertical_2", "box", "recharge_station", "hdroof" ] },
      { "x": 0, "y": 2, "parts": [ "hdframe_vertical_2", "seat", "seatbelt", "hdroof" ] },
      { "x": 0, "y": 3, "parts": [ "hdframe_vertical", "hddoor" ] },
      { "x": 1, "y": -1, "parts": [ "hdframe_vertical", "reinforced_windshield" ] },
      { "x": 1, "y": 0, "parts": [ "hdframe_horizontal", "reinforced_windshield", "headlight_reinforced" ] },
      { "x": 1, "y": 1, "parts": [ "hdframe_horizontal", "reinforced_windshield" ] },
      { "x": 1, "y": 2, "parts": [ "hdframe_horizontal", "reinforced_windshield" ] },
      { "x": 1, "y": 3, "parts": [ "hdframe_vertical", "reinforced_windshield" ] },
      { "x": 2, "y": -1, "parts": [ "hdframe_nw", "hdhalfboard_nw", "plating_military", "wheel_mount_heavy_steerable", "wheel_armor" ] },
      { "x": 2, "y": 0, "parts": [ "hdframe_horizontal", "hdhalfboard_horizontal", "plating_military", "headlight_reinforced" ] },
      { "x": 2, "y": 1, "parts": [ "hdframe_horizontal", "hdhalfboard_horizontal", "diesel_engine_v8", "alternator_truck", "battery_car", "plating_military" ] },
      { "x": 2, "y": 2, "parts": [ "hdframe_horizontal", "hdhalfboard_horizontal", "plating_military", "headlight_reinforced" ] },
      { "x": 2, "y": 3, "parts": [ "hdframe_ne", "hdhalfboard_ne", "plating_military", "wheel_mount_heavy_steerable", "wheel_armor" ] },
      { "x": 3, "y": -1, "parts": [ "hdframe_horizontal", "plating_military" ] },
      { "x": 3, "y": 0, "parts": [ "hdframe_horizontal_2", "plating_military" ] },
      { "x": 3, "y": 1, "parts": [ "hdframe_horizontal_2", "plating_military" ] },
      { "x": 3, "y": 2, "parts": [ "hdframe_horizontal_2", "plating_military" ] },
      { "x": 3, "y": 3, "parts": [ "hdframe_horizontal", "plating_military" ] }
    ],
    "items": [
      { "x": 0, "y": 0, "chance": 5, "items": [ "id_military" ] },
      { "x": -2, "y": 0, "chance": 5, "item_groups": [ "fuel_diesel" ] }
    ]
  }
]
