[
  {
    "type": "COMESTIBLE",
    "id": "necro_head",
    "category": "other",
    "name": { "str": "necrotic head" },
    "weight": "760 g",
    "color": "dark_gray",
    "looks_like": "etched_skull",
    "spoils_in": "24 hours",
    "flags": [ "TRADER_AVOID" ],
    "comestible_type": "FOOD",
    "symbol": "%",
    "healthy": -50,
    "nutrition": 1,
    "description": "The severed head of a zombie necromancer.  Its eyes still roll in its head and its jaws snap menacingly.",
    "material": [ "hflesh" ],
    "volume": "2500 ml",
    "price": 0,
    "price_postapoc": 0,
    "fun": -150
  },
  {
    "type": "COMESTIBLE",
    "id": "elixir",
    "name": { "str": "mutagenic glob" },
    "description": "A gelatinous glob of mutagen.",
    "category": "mutagen",
    "comestible_type": "FOOD",
    "price": 10000,
    "price_postapoc": 10000,
    "weight": "250 g",
    "volume": "250 ml",
    "symbol": "%",
    "color": "light_green",
    "use_action": { "type": "mutagen" },
    "healthy": 1,
    "addiction_potential": 6,
    "addiction_type": "mutagen"
  },
  {
    "id": "honey",
    "type": "COMESTIBLE",
    "//": "uncontained so it can bleed to the ground.",
    "symbol": "~",
    "color": "yellow",
    "name": { "str_sp": "honey" },
    "description": "Honey, that stuff bees make.",
    "price": 800,
    "material": [ "honey" ],
    "weight": "63 g",
    "volume": "250 ml",
    "comestible_type": "DRINK",
    "quench": 2,
    "calories": 61,
    "charges": 5,
    "healthy": 1,
    "fun": 3,
    "phase": "liquid"
  },
  {
    "id": "textbook_robots",
    "type": "BOOK",
    "name": { "str": "Hacking Robots for Fun & Profit", "str_pl": "copies of Hacking Robots for Fun & Profit" },
    "description": "A book on illegally obtaining, reprogramming, and modifying robots.  It has lots of helpful step-by-step guides and example blueprints.",
    "weight": "2063 g",
    "volume": "2 L",
    "price": 1000,
    "price_postapoc": 1000,
    "bashing": 8,
    "material": [ "paper" ],
    "symbol": "?",
    "color": "blue",
    "skill": "electronics",
    "required_level": 6,
    "max_level": 10,
    "intelligence": 13,
    "time": 55,
    "fun": 0
  },
  {
    "id": "mag_robotics",
    "type": "BOOK",
    "name": { "str": "Popular Robotics", "str_pl": "issues of Popular Robotics" },
    "description": "A magazine about building and altering your own robots.",
    "weight": "45 g",
    "volume": "250 ml",
    "price": 450,
    "price_postapoc": 100,
    "material": [ "paper" ],
    "symbol": "?",
    "color": "pink",
    "skill": "electronics",
    "max_level": 1,
    "intelligence": 5,
    "time": 8,
    "fun": 1
  },
  {
    "id": "robopart_ai_core",
    "type": "GENERIC",
    "copy-from": "robopart_base",
    "name": { "str": "AI core" },
    "description": "A computer module for controlling robots.",
    "color": "white"
  },
  {
    "id": "robopart_surgery",
    "type": "GENERIC",
    "copy-from": "robopart_base",
    "name": { "str": "surgery module" },
    "description": "A microsurgery module for a medical robot.",
    "color": "light_blue"
  },
  {
    "id": "robopart_pharma",
    "type": "GENERIC",
    "copy-from": "robopart_base",
    "name": { "str": "pharmaceutical module" },
    "description": "A pharmaceutical fabricating module for a medical robot.",
    "color": "pink"
  },
  {
    "id": "robopart_paintball",
    "type": "GENERIC",
    "copy-from": "robopart_base",
    "name": { "str": "integral paintball gun" },
    "description": "A high-powered paintball module used for safely testing robots or training soldiers.",
    "color": "light_gray"
  },
  {
    "type": "TOOL",
    "id": "bot_craftbuddy",
    "symbol": ";",
    "color": "light_gray",
    "looks_like": "mon_tripod",
    "name": { "str": "inactive craftbuddy", "str_pl": "inactive craftbuddies" },
    "category": "other",
    "description": "A robot crafting assistant.  Useable in its current state as a portable workbench, or deployable as a traveling companion.",
    "price": 1000000,
    "price_postapoc": 1000000,
    "material": [ "superalloy", "plastic" ],
    "weight": "19310 g",
    "volume": "55 L",
    "bashing": 8,
    "to_hit": -3,
    "ammo": [ "battery" ],
    "qualities": [
      [ "CONTAIN", 1 ],
      [ "BUTCHER", 10 ],
      [ "BOIL", 2 ],
      [ "COOK", 3 ],
      [ "CHEM", 3 ],
      [ "DISTILL", 1 ],
      [ "WELD", 2 ],
      [ "CUT", 1 ],
      [ "CUT_FINE", 1 ],
      [ "SMOOTH", 1 ],
      [ "SAW_W", 2 ],
      [ "SAW_M", 2 ],
      [ "SAW_M_FINE", 1 ],
      [ "HAMMER", 3 ],
      [ "HAMMER_FINE", 1 ],
      [ "WRENCH", 2 ],
      [ "WRENCH_FINE", 1 ],
      [ "SCREW", 1 ],
      [ "SCREW_FINE", 1 ],
      [ "DRILL", 3 ],
      [ "CHISEL", 3 ],
      [ "PULL", 1 ],
      [ "PRY", 2 ],
      [ "ANVIL", 3 ]
    ],
    "use_action": [
      { "type": "HAMMER" },
      { "type": "BOLTCUTTERS" },
      { "type": "HOTPLATE" },
      { "type": "WATER_PURIFIER" },
      { "type": "GUN_REPAIR" },
      { "type": "firestarter" },
      {
        "type": "repair_item",
        "item_action_type": "repair_metal",
        "materials": [ "kevlar", "plastic", "iron", "steel", "hardsteel", "aluminum", "copper", "silver", "gold" ],
        "skill": "mechanics",
        "tool_quality": 10,
        "cost_scaling": 0.1,
        "move_cost": 1000
      },
      { "type": "place_monster", "monster_id": "mon_craftbuddy", "moves": 100 }
    ],
    "pocket_data": [
      {
        "magazine_well": "250 ml",
        "pocket_type": "MAGAZINE_WELL",
        "holster": true,
        "max_contains_volume": "20 L",
        "max_contains_weight": "20 kg",
        "item_restriction": [ "medium_battery_cell", "medium_plus_battery_cell", "medium_atomic_battery_cell", "medium_disposable_cell" ]
      }
    ]
  },
  {
    "type": "TOOL",
    "id": "bot_autoarmor_light",
    "symbol": ";",
    "color": "light_gray",
    "looks_like": "power_armor_light",
    "name": { "str": "light auto armor" },
    "category": "other",
    "description": "A set of light power armor fitted with an AI core for automated use.  Activate it to deploy the robot or disassemble it to use as armor.",
    "price": 0,
    "price_postapoc": 0,
    "material": [ "superalloy", "plastic" ],
    "weight": "9310 g",
    "volume": "55 L",
    "bashing": 6,
    "cutting": 6,
    "to_hit": -3,
    "use_action": { "type": "place_monster", "monster_id": "mon_autoarmor_light", "moves": 100 }
  },
  {
    "type": "TOOL",
    "id": "bot_autoarmor_basic",
    "copy-from": "bot_autoarmor_light",
    "looks_like": "power_armor_basic",
    "name": { "str": "basic auto armor" },
    "description": "A set of light power armor fitted with an AI core for automated use.  Activate it to deploy the robot or disassemble it to use as armor.",
    "weight": "28010 g",
    "volume": "75 L",
    "use_action": { "type": "place_monster", "monster_id": "mon_autoarmor_basic", "moves": 100 }
  },
  {
    "type": "TOOL",
    "id": "bot_autoarmor_heavy",
    "copy-from": "bot_autoarmor_light",
    "looks_like": "power_armor_heavy",
    "name": { "str": "heavy auto armor" },
    "category": "other",
    "description": "A set of light power armor fitted with an AI core for automated use.  Activate it to deploy the robot or disassemble it to use as armor.",
    "weight": "30650 g",
    "volume": "87500 ml",
    "use_action": { "type": "place_monster", "monster_id": "mon_autoarmor_light", "moves": 100 }
  },
  {
    "abstract": "bot_hack_base",
    "type": "TOOL",
    "name": { "str": "inactive hack" },
    "description": "This is an inactive manhack.  Manhacks are fist-sized robots that fly through the air.  They are covered with whirring blades and attack by throwing themselves against their target.  Use this item to reprogram and activate the manhack.  Electronics and computer skill determines if the targeting matrix is reprogrammed successfully.",
    "weight": "5400 g",
    "volume": "750 ml",
    "price": 10000,
    "price_postapoc": 10000,
    "to_hit": -3,
    "bashing": 4,
    "cutting": 4,
    "material": [ "aluminum", "plastic" ],
    "symbol": ";",
    "color": "light_green"
  },
  {
    "id": "bot_light_hack",
    "type": "TOOL",
    "copy-from": "bot_hack_base",
    "name": { "str": "inactive floating lantern" },
    "description": "An inactive floating lantern, a fist-sized robots that flies through the air and illuminates its surroundings with bright LEDs.  The lantern is non aggressive and has no means of attack.  Activate this item to deploy the salvaged robot.",
    "color": "yellow",
    "looks_like": "bot_manhack",
    "use_action": {
      "type": "place_monster",
      "monster_id": "mon_light_hack",
      "friendly_msg": "The floating lantern flies from your hand and lights up the area!",
      "hostile_msg": "You misprogram the lantern.",
      "difficulty": 1,
      "moves": 60,
      "place_randomly": true,
      "skills": [ "electronics", "computer" ]
    }
  },
  {
    "id": "bot_distract_hack",
    "type": "TOOL",
    "copy-from": "bot_hack_base",
    "name": { "str": "inactive distract-o-hack" },
    "description": "An inactive distract-o-hack, a fist-sized robot that flies through the air emitting noise, smoke, and sparks.  The salvaged robot has no weapons, but will harass hostile targets to draw their attention.  Activate this item to deploy the robot.  It cannot be recovered once activated.",
    "color": "magenta",
    "looks_like": "bot_manhack",
    "use_action": {
      "type": "place_monster",
      "monster_id": "mon_distract_hack",
      "friendly_msg": "The distract-o-hack flies from your hand and begins sparking!",
      "hostile_msg": "You misprogram the distract-o-hack!",
      "difficulty": 1,
      "moves": 60,
      "place_randomly": true,
      "skills": [ "electronics", "computer" ]
    }
  },
  {
    "id": "bot_arson_hack",
    "type": "TOOL",
    "copy-from": "bot_hack_base",
    "name": { "str": "inactive arson hack" },
    "description": "An inactive arson hack, a fist-sized robot that flies through the air chaotically spreading deadly fires.  The salvaged robot has no weapons, but will emit intermittent bursts of flame as it moves toward hostile targets.  Activate this item to deploy the robot.  It cannot be recovered once activated.",
    "color": "red",
    "looks_like": "bot_manhack",
    "use_action": {
      "type": "place_monster",
      "monster_id": "mon_arson_hack",
      "friendly_msg": "The arson hack flies from your hand!  Get clear!",
      "hostile_msg": "You misprogram the arson hack!  Run!",
      "difficulty": 1,
      "moves": 60,
      "place_randomly": true,
      "skills": [ "electronics", "computer" ]
    }
  },
  {
    "id": "bot_spore_hack",
    "type": "TOOL",
    "copy-from": "bot_hack_base",
    "name": { "str": "inactive spore hack" },
    "description": "An inactive spore hack, a fist-sized robot that flies through the air spreading alien contaminants.  The robot will dust hostile targets, and intermittently cover the terrain with puffs of fungal spores.  Activate this item to deploy the robot.",
    "color": "light_gray",
    "looks_like": "bot_manhack",
    "use_action": {
      "type": "place_monster",
      "monster_id": "mon_spore_hack",
      "friendly_msg": "The spore hack flies from your hand!",
      "hostile_msg": "You misprogram the spore hack!",
      "difficulty": 1,
      "moves": 60,
      "place_randomly": true,
      "skills": [ "electronics", "computer" ]
    }
  },
  {
    "id": "bot_turret_water",
    "type": "TOOL",
    "copy-from": "bot_turret_base",
    "name": { "str": "inactive water turret" },
    "description": "An inactive watercannon defense turret.  Up to 1000 units of water will be automatically loaded from your inventory into the turret upon activation.  Place the turret and it will ID you as friendly with its advanced IFF software.  There is no safety manual.",
    "color": "light_blue",
    "price": 10000,
    "use_action": {
      "type": "place_monster",
      "monster_id": "mon_turret_water",
      "difficulty": 4,
      "moves": 100,
      "skills": [ "electronics", "computer" ]
    }
  },
  {
    "abstract": "bot_eyebot_base",
    "type": "TOOL",
    "name": { "str": "inactive eyebot" },
    "looks_like": "broken_eyebot",
    "price": 10000,
    "price_postapoc": 10000,
    "material": [ "steel", "plastic" ],
    "weight": "62650 g",
    "volume": "30 L",
    "bashing": 4,
    "cutting": 4,
    "to_hit": -3,
    "symbol": ";",
    "color": "light_green",
    "flags": [ "LEAK_DAM", "RADIOACTIVE", "TRADER_AVOID" ]
  },
  {
    "id": "bot_eyebot_heater",
    "type": "TOOL",
    "copy-from": "bot_eyebot_base",
    "name": { "str": "inactive floating heater" },
    "description": "A salvaged eyebot repurposed into a floating space heater.  It emits a constant jet of warm air to heat an enclosed space.  It is non-aggressive and has no weapons systems.  Activate this item to deploy the robot.",
    "color": "pink",
    "use_action": {
      "type": "place_monster",
      "monster_id": "mon_eyebot_heater",
      "difficulty": 1,
      "moves": 100,
      "skills": [ "electronics", "computer" ]
    }
  },
  {
    "id": "bot_eyebot_furnace",
    "type": "TOOL",
    "copy-from": "bot_eyebot_base",
    "name": { "str": "inactive floating furnace" },
    "description": "A salvaged eyebot repurposed into a floating space heater.  It emits a constant jet of dangerously hot air to heat an enclosed space.  It is non-aggressive and has no weapons systems.  Activate this item to deploy the robot.",
    "color": "red",
    "use_action": {
      "type": "place_monster",
      "monster_id": "mon_eyebot_furnace",
      "difficulty": 1,
      "moves": 100,
      "skills": [ "electronics", "computer" ]
    }
  },
  {
    "id": "bot_eyebot_burn",
    "type": "TOOL",
    "copy-from": "bot_eyebot_base",
    "name": { "str": "inactive burning eye" },
    "description": "A salvaged eyebot refitted with a laser weapon which it will use on hostile targets.  Activate this item to deploy the robot.",
    "color": "yellow",
    "use_action": {
      "type": "place_monster",
      "monster_id": "mon_eyebot_burn",
      "difficulty": 1,
      "moves": 100,
      "skills": [ "electronics", "computer" ]
    }
  },
  {
    "abstract": "bot_utilibot_base",
    "type": "TOOL",
    "name": { "str": "inactive utilibot" },
    "looks_like": "mon_cleanerbot",
    "price": 10000,
    "price_postapoc": 10000,
    "weight": "140 kg",
    "volume": "62500 ml",
    "to_hit": -3,
    "bashing": 8,
    "material": [ "steel", "aluminum" ],
    "symbol": ";",
    "color": "dark_gray",
    "flags": [ "LEAK_DAM", "RADIOACTIVE", "TRADER_AVOID" ]
  },
  {
    "id": "bot_utilibot_blob",
    "type": "TOOL",
    "copy-from": "bot_utilibot_base",
    "name": { "str": "inactive blob breeder" },
    "description": "A salvaged utility robot converted into a mobile incubator for the alien blob.  It is non aggressive and has no weapon systems.  You can activate this item to deploy the robot and begin the incubation process, but you probably shouldn't.",
    "color": "dark_gray",
    "use_action": {
      "type": "place_monster",
      "monster_id": "mon_utilibot_blob",
      "difficulty": 1,
      "moves": 100,
      "skills": [ "electronics", "computer" ]
    }
  },
  {
    "id": "bot_utilibot_slimespring",
    "type": "TOOL",
    "copy-from": "bot_utilibot_base",
    "name": { "str": "inactive slime breeder" },
    "description": "A salvaged utility robot converted into a mobile incubator for the alien blob, and upgraded to only produce friendly slimes.  It is non aggressive and has no weapon systems.  You can activate this item to deploy the robot and begin the incubation process.",
    "color": "dark_gray",
    "use_action": {
      "type": "place_monster",
      "monster_id": "mon_utilibot_slimespring",
      "difficulty": 1,
      "moves": 100,
      "skills": [ "electronics", "computer" ]
    }
  },
  {
    "id": "bot_utilibot_digester",
    "type": "TOOL",
    "copy-from": "bot_utilibot_base",
    "name": { "str": "inactive digestron" },
    "description": "A salvaged utility robot converted into an automated vacuum cleaner.  It will suck stray items off the ground and dissolve them with its internal acid reserves.  It is non aggressive and has no weapon systems.  Activate this item to deploy the robot.",
    "color": "light_green",
    "use_action": {
      "type": "place_monster",
      "monster_id": "mon_utilibot_digester",
      "difficulty": 1,
      "moves": 100,
      "skills": [ "electronics", "computer" ]
    }
  },
  {
    "id": "bot_utilibot_beehive",
    "type": "TOOL",
    "copy-from": "bot_utilibot_base",
    "name": { "str": "inactive bee-bot" },
    "description": "A salvaged utility robot converted into an ambulatory bee hive that periodically removes and delivers segments of fresh honey comb.  It protects the insect colony with a mechanical crossbow mounted to its chassis.  Activate this item, with wooden bolts in your inventory, to load and deploy the robot.",
    "color": "yellow",
    "use_action": {
      "type": "place_monster",
      "monster_id": "mon_utilibot_beehive",
      "difficulty": 1,
      "moves": 100,
      "skills": [ "electronics", "computer" ]
    }
  },
  {
    "abstract": "bot_medibot_base",
    "type": "TOOL",
    "looks_like": "mon_tripod",
    "name": { "str": "inactive medibot" },
    "material": [ "steel", "plastic" ],
    "weight": "70 kg",
    "volume": "50 L",
    "price": 10000,
    "price_postapoc": 10000,
    "to_hit": -3,
    "bashing": 6,
    "symbol": ";",
    "color": "dark_gray",
    "flags": [ "LEAK_DAM", "RADIOACTIVE", "TRADER_AVOID" ]
  },
  {
    "id": "bot_medibot_assassin",
    "type": "TOOL",
    "copy-from": "bot_medibot_base",
    "name": { "str": "inactive assassin robot" },
    "description": "A salvaged medical robot repurposed into a murder machine.  It will attack hostile targets with a set of blades and a toxic needle.  Activate this item to deploy the robot.",
    "color": "red",
    "use_action": {
      "type": "place_monster",
      "monster_id": "mon_medibot_assassin",
      "difficulty": 1,
      "moves": 100,
      "skills": [ "electronics", "computer" ]
    }
  },
  {
    "id": "bot_medibot_elixir",
    "type": "TOOL",
    "copy-from": "bot_medibot_base",
    "name": { "str": "inactive elixirator" },
    "description": "A salvaged medibot with its internal pharma-fabricators repurposed to produce mutagen.  Activate this item to deploy the robot.",
    "color": "light_green",
    "use_action": {
      "type": "place_monster",
      "monster_id": "mon_medibot_elixir",
      "difficulty": 1,
      "moves": 100,
      "skills": [ "electronics", "computer" ]
    }
  },
  {
    "id": "bot_medibot_party",
    "type": "TOOL",
    "copy-from": "bot_medibot_base",
    "name": { "str": "inactive party bot" },
    "description": "A salvaged medibot stuffed with marijuana, covered in multicolored blinking lights, and programmed to dance.  Activate this item to get the party started.",
    "color": "yellow",
    "qualities": [ [ "SMOKE_PIPE", 1 ] ],
    "use_action": {
      "type": "place_monster",
      "monster_id": "mon_medibot_party",
      "difficulty": 1,
      "moves": 100,
      "skills": [ "electronics", "computer" ]
    }
  },
  {
    "abstract": "bot_skitterbot_base",
    "type": "TOOL",
    "name": { "str": "inactive skitterbot" },
    "looks_like": "broken_skitterbot",
    "material": [ "steel", "plastic" ],
    "weight": "62650 g",
    "volume": "30 L",
    "price": 10000,
    "price_postapoc": 10000,
    "to_hit": -3,
    "bashing": 6,
    "symbol": ";",
    "color": "dark_gray",
    "flags": [ "LEAK_DAM", "RADIOACTIVE", "TRADER_AVOID" ]
  },
  {
    "id": "bot_skitterbot_rat",
    "type": "TOOL",
    "copy-from": "bot_skitterbot_base",
    "name": { "str": "inactive rat snatcher" },
    "description": "A salvaged skitterbot repurposed for hunting small game.  It attacks targets with pincers and an integrated tazer.  Activate this item to deploy the robot.",
    "color": "dark_gray",
    "use_action": {
      "type": "place_monster",
      "monster_id": "mon_skitterbot_rat",
      "difficulty": 1,
      "moves": 100,
      "skills": [ "electronics", "computer" ]
    }
  },
  {
    "id": "bot_skitterbot_grab",
    "type": "TOOL",
    "copy-from": "bot_skitterbot_base",
    "name": { "str": "inactive grab-bot" },
    "description": "A salvaged skitterbot repurposed to grab onto and immobilize enemies.  Activate this item to deploy the robot.",
    "color": "green",
    "use_action": {
      "type": "place_monster",
      "monster_id": "mon_skitterbot_grab",
      "difficulty": 1,
      "moves": 100,
      "skills": [ "electronics", "computer" ]
    }
  },
  {
    "id": "bot_skitterbot_hunter",
    "type": "TOOL",
    "copy-from": "bot_skitterbot_base",
    "name": { "str": "inactive pest hunter" },
    "description": "A salvaged skitterbot refitted with an 8mm integrated firearm.  Activate this item, with ammo in your inventory, to load and deploy the robot.",
    "color": "dark_gray",
    "use_action": {
      "type": "place_monster",
      "monster_id": "mon_skitterbot_hunter",
      "difficulty": 1,
      "moves": 100,
      "skills": [ "electronics", "computer" ]
    }
  },
  {
    "abstract": "bot_cyborg_base",
    "type": "TOOL",
    "name": { "str": "inactive cyborg" },
    "material": [ "steel", "plastic" ],
    "weight": "140 kg",
    "volume": "62500 ml",
    "price": 10000,
    "price_postapoc": 10000,
    "to_hit": -3,
    "bashing": 8,
    "symbol": ";",
    "color": "dark_gray",
    "flags": [ "LEAK_DAM", "RADIOACTIVE", "TRADER_AVOID" ]
  },
  {
    "id": "bot_cyborg_necro",
    "type": "TOOL",
    "copy-from": "bot_cyborg_base",
    "name": { "str": "inactive necrotic cyborg" },
    "description": "A salvaged cyborg refitted with the head of a zombie necromancer.  The animate head retains some of its ability to revive zombies.  Activate this item to deploy the robot.",
    "color": "dark_gray",
    "use_action": {
      "type": "place_monster",
      "monster_id": "mon_cyborg_necro",
      "difficulty": 7,
      "moves": 100,
      "skills": [ "electronics", "computer" ]
    }
  },
  {
    "abstract": "bot_defbot_base",
    "type": "TOOL",
    "name": { "str": "inactive defense robot" },
    "looks_like": "mon_riotbot",
    "material": [ "steel", "plastic" ],
    "weight": "140 kg",
    "volume": "62500 ml",
    "price": 10000,
    "price_postapoc": 10000,
    "to_hit": -3,
    "bashing": 8,
    "symbol": ";",
    "color": "light_gray",
    "flags": [ "LEAK_DAM", "RADIOACTIVE", "TRADER_AVOID" ]
  },
  {
    "id": "bot_defbot_cowboy",
    "type": "TOOL",
    "copy-from": "bot_defbot_base",
    "name": { "str": "inactive junkyard cowboy" },
    "description": "A salvaged defense robot refitted with a shotgun and two circular buzzsaws.  Activate this item, with ammo in your inventory, to load and deploy the robot.",
    "color": "brown",
    "use_action": {
      "type": "place_monster",
      "monster_id": "mon_defbot_cowboy",
      "difficulty": 1,
      "moves": 100,
      "skills": [ "electronics", "computer" ]
    }
  },
  {
    "id": "bot_defbot_samurai",
    "type": "TOOL",
    "copy-from": "bot_defbot_base",
    "name": { "str": "inactive shortcircuit samurai" },
    "description": "A salvaged defense robot refitted with an integrated tazer and two electrified blades.  Activate this item to deploy the robot.",
    "color": "cyan",
    "use_action": {
      "type": "place_monster",
      "monster_id": "mon_defbot_samurai",
      "difficulty": 1,
      "moves": 100,
      "skills": [ "electronics", "computer" ]
    }
  },
  {
    "id": "bot_defbot_paladin",
    "type": "TOOL",
    "copy-from": "bot_defbot_base",
    "name": { "str": "inactive slapdash paladin" },
    "description": "A salvaged defense robot refitted with a homemade flamethrower and two searing hot blades.  Activate this item, with gasoline in your inventory, to load and deploy the robot… preferably far from anything flammable",
    "color": "red",
    "use_action": {
      "type": "place_monster",
      "monster_id": "mon_defbot_paladin",
      "difficulty": 1,
      "moves": 100,
      "skills": [ "electronics", "computer" ]
    }
  },
  {
    "abstract": "bot_milbot_base",
    "type": "TOOL",
    "name": { "str": "inactive military robot" },
    "looks_like": "mon_secubot",
    "material": [ "steel", "kevlar" ],
    "weight": "140 kg",
    "volume": "62500 ml",
    "price": 10000,
    "price_postapoc": 10000,
    "to_hit": -3,
    "bashing": 8,
    "symbol": ";",
    "color": "light_gray",
    "flags": [ "LEAK_DAM", "RADIOACTIVE", "TRADER_AVOID" ]
  },
  {
    "id": "bot_milbot_308",
    "type": "TOOL",
    "copy-from": "bot_milbot_base",
    "name": { "str": "inactive military robot" },
    "description": "An unpowered military robot fitted with an integrated 7.62 firearm and electric prod.  Activate this item, with ammo in your inventory, to load and deploy the robot.",
    "color": "green",
    "use_action": {
      "type": "place_monster",
      "monster_id": "mon_milbot_308",
      "difficulty": 0,
      "moves": 100,
      "skills": [ "electronics", "computer" ]
    }
  },
  {
    "id": "bot_milbot_gaurdian",
    "type": "TOOL",
    "copy-from": "bot_milbot_base",
    "name": { "str": "inactive robo-guardian" },
    "description": "A salvaged military robot refitted with a pair of integrated 9mm firearms.  Activate this item, with ammo in your inventory, to load and deploy the robot.",
    "color": "green",
    "use_action": {
      "type": "place_monster",
      "monster_id": "mon_milbot_gaurdian",
      "difficulty": 1,
      "moves": 100,
      "skills": [ "electronics", "computer" ]
    }
  },
  {
    "id": "bot_milbot_deluxe",
    "type": "TOOL",
    "copy-from": "bot_milbot_base",
    "name": { "str": "inactive robote deluxe" },
    "//": "the extra E makes it European.",
    "description": "A diamond-studded gold-plated robot armed with a pair of integrated 9mm firearms.  An opulent luxury-bot suitable for those who wish to survive the apocalypse in style.  Activate this item, with ammo in your inventory, to load and deploy the robot.",
    "color": "yellow",
    "use_action": {
      "type": "place_monster",
      "monster_id": "mon_milbot_deluxe",
      "difficulty": 1,
      "moves": 100,
      "skills": [ "electronics", "computer" ]
    }
  },
  {
    "id": "bot_milbot_protector",
    "type": "TOOL",
    "copy-from": "bot_milbot_base",
    "name": { "str": "inactive robo-protector" },
    "description": "A salvaged military robot refitted with an integrated 5.56mm rifle.  Activate this item, with ammo in your inventory, to load and deploy the robot.",
    "color": "green",
    "use_action": {
      "type": "place_monster",
      "monster_id": "mon_milbot_protector",
      "difficulty": 1,
      "moves": 100,
      "skills": [ "electronics", "computer" ]
    }
  },
  {
    "id": "bot_milbot_defender",
    "type": "TOOL",
    "copy-from": "bot_milbot_base",
    "name": { "str": "inactive robo-defender" },
    "description": "A salvaged military robot refitted with an integrated 50bmg rifle.  Activate this item, with ammo in your inventory, to load and deploy the robot.",
    "color": "green",
    "use_action": {
      "type": "place_monster",
      "monster_id": "mon_milbot_defender",
      "difficulty": 1,
      "moves": 100,
      "skills": [ "electronics", "computer" ]
    }
  },
  {
    "abstract": "bot_advbot_base",
    "type": "TOOL",
    "name": { "str": "inactive advanced robot" },
    "looks_like": "mon_copbot",
    "material": [ "superalloy", "plastic" ],
    "weight": "120 kg",
    "volume": "62500 ml",
    "price": 10000,
    "price_postapoc": 10000,
    "to_hit": -3,
    "bashing": 8,
    "symbol": ";",
    "color": "light_gray"
  },
  {
    "id": "bot_advbot_glitter",
    "type": "TOOL",
    "copy-from": "bot_advbot_base",
    "name": { "str": "inactive glittering lady", "str_pl": "inactive glittering ladies" },
    "description": "A salvaged advanced robot transformed into a luminous beacon of destruction.  It attacks hostile targets with its two integral lasers and blinding flashes.  Activate this item to deploy the robot.",
    "color": "yellow",
    "use_action": {
      "type": "place_monster",
      "monster_id": "mon_advbot_glitter",
      "difficulty": 1,
      "moves": 100,
      "skills": [ "electronics", "computer" ]
    }
  },
  {
    "id": "bot_advbot_bitter",
    "type": "TOOL",
    "copy-from": "bot_advbot_base",
    "name": { "str": "inactive bitter spinster" },
    "description": "A salvaged military robot transformed into a caustic monster.  An internal acid fermenter feeds a ranged glob spitter and sprayer.  Activate this item to deploy the robot.",
    "color": "light_green",
    "use_action": {
      "type": "place_monster",
      "monster_id": "mon_advbot_bitter",
      "difficulty": 1,
      "moves": 100,
      "skills": [ "electronics", "computer" ]
    }
  },
  {
    "abstract": "bot_ckickenbot_base",
    "type": "TOOL",
    "name": { "str": "inactive chickenwalker" },
    "looks_like": "mon_chickenbot",
    "material": [ "steel", "kevlar" ],
    "weight": "140 kg",
    "volume": "62500 ml",
    "price": 10000,
    "price_postapoc": 10000,
    "to_hit": -3,
    "bashing": 8,
    "symbol": ";",
    "color": "red",
    "flags": [ "LEAK_DAM", "RADIOACTIVE", "TRADER_AVOID" ]
  },
  {
    "id": "bot_chickenbot_horror",
    "type": "TOOL",
    "copy-from": "bot_ckickenbot_base",
    "name": { "str": "inactive chainsaw horror" },
    "description": "A salvaged chickenwalker modified into a horrific monster adorned with skulls and spikes.  It attacks hostile targets with a pair of whirring chainsaws and a deafening sound system.  Activate this item to deploy the robot.",
    "color": "red",
    "use_action": {
      "type": "place_monster",
      "monster_id": "mon_chickenbot_horror",
      "difficulty": 1,
      "moves": 100,
      "skills": [ "electronics", "computer" ]
    }
  },
  {
    "id": "bot_chickenbot_terror",
    "type": "TOOL",
    "copy-from": "bot_ckickenbot_base",
    "name": { "str": "inactive screeching terror" },
    "description": "A salvaged chickenwalker modified into a horrific monster adorned with skulls and spikes.  It attacks hostile targets with a pair of piston-driven lances and a deafening sound system.  Activate this item to deploy the robot.",
    "color": "red",
    "use_action": {
      "type": "place_monster",
      "monster_id": "mon_chickenbot_terror",
      "difficulty": 1,
      "moves": 100,
      "skills": [ "electronics", "computer" ]
    }
  },
  {
    "id": "bot_chickenbot_nightmare",
    "type": "TOOL",
    "copy-from": "bot_ckickenbot_base",
    "name": { "str": "inactive hooked nightmare" },
    "description": "A salvaged chickenwalker modified into a horrific monster adorned with skulls and spikes.  It attacks hostile targets with a pair of spinning hooks on chains and a deafening sound system.  Activate this item to deploy the robot.",
    "color": "red",
    "use_action": {
      "type": "place_monster",
      "monster_id": "mon_chickenbot_nightmare",
      "difficulty": 1,
      "moves": 100,
      "skills": [ "electronics", "computer" ]
    }
  },
  {
    "abstract": "bot_tankbot_base",
    "type": "TOOL",
    "name": { "str": "inactive tankbot" },
    "looks_like": "mon_tankbot",
    "material": [ "steel", "kevlar" ],
    "weight": "120 kg",
    "volume": "62500 ml",
    "price": 10000,
    "price_postapoc": 10000,
    "to_hit": -3,
    "bashing": 8,
    "symbol": ";",
    "color": "light_gray",
    "flags": [ "LEAK_DAM", "RADIOACTIVE", "TRADER_AVOID" ]
  },
  {
    "id": "bot_tankbot_king",
    "type": "TOOL",
    "copy-from": "bot_tankbot_base",
    "name": { "str": "inactive fist king" },
    "description": "A salvaged tankbot refitted with a pair of powerful pneumatic hammers which it uses to crush anything in its way, including buildings.  Activate this item to deploy the robot.",
    "color": "pink",
    "use_action": {
      "type": "place_monster",
      "monster_id": "mon_tankbot_king",
      "difficulty": 1,
      "moves": 100,
      "skills": [ "electronics", "computer" ]
    }
  },
  {
    "id": "bot_tankbot_sultan",
    "type": "TOOL",
    "copy-from": "bot_tankbot_base",
    "name": { "str": "inactive atomic sultan" },
    "description": "A salvaged tankbot refitted with a pair of powerful pneumatic hammers which it uses to crush anything in its way, including buildings.  Activate this item to deploy the robot.",
    "color": "pink",
    "use_action": {
      "type": "place_monster",
      "monster_id": "mon_tankbot_sultan",
      "difficulty": 1,
      "moves": 100,
      "skills": [ "electronics", "computer" ]
    }
  }
]
