[
  {
    "id": "mon_zombie_necro",
    "type": "MONSTER",
    "copy-from": "mon_zombie_necro",
    "harvest": "mon_zombie_necro"
  },
  {
    "id": "mon_craftbuddy",
    "type": "MONSTER",
    "name": { "str": "craftbuddy", "str_pl": "craftbuddies" },
    "description": "A mobile crafting station used by workers in mines, on oil rigs, and in other remote locales.  In it's active state, the craftbuddy merely follows its user.  In it's deactivated state, the craft buddy is useable as a toolbench and multipurpose workstation.",
    "default_faction": "utility_bot",
    "species": [ "ROBOT" ],
    "volume": "30000 ml",
    "weight": "40750 g",
    "hp": 150,
    "armor_fire": 6,
    "armor_acid": 6,
    "speed": 130,
    "material": [ "steel", "aluminum" ],
    "looks_like": "mon_tripod",
    "symbol": "R",
    "color": "white",
    "aggression": -10,
    "morale": 0,
    "vision_night": 20,
    "vision_day": 50,
    "dodge": 4,
    "starting_ammo": { "battery": 1000 },
    "special_when_hit": [ "ZAPBACK", 100 ],
    "special_attacks": [ [ "PARROT", 500 ] ],
    "revert_to_itype": "bot_craftbuddy",
    "death_function": [ "BROKEN" ],
    "death_drops": { "groups": [ [ "broken_robots", 3 ] ] },
    "flags": [ "GUILT", "SEES", "HEARS", "ELECTRONIC", "NO_BREATHE", "PRIORITIZE_TARGETS", "PATH_AVOID_DANGER_1" ]
  },
  {
    "id": "mon_autoarmor_base",
    "type": "MONSTER",
    "name": { "str": "automated armor" },
    "description": "A suit of power armor temporarily controlled by an attached AI-core.  Originally intended as a way to retrieve dead or wounded operators from combat, it was more commonly used for transporting the suit itself.  The AI is limited, and makes a poor combatant.",
    "default_faction": "military",
    "species": [ "ROBOT" ],
    "diff": 10,
    "volume": "92500 ml",
    "weight": "120 kg",
    "hp": 120,
    "speed": 100,
    "material": [ "superalloy", "plastic" ],
    "symbol": "A",
    "color": "pink_green",
    "aggression": 5,
    "morale": 100,
    "melee_skill": 1,
    "melee_dice": 3,
    "melee_dice_sides": 4,
    "melee_cut": 0,
    "armor_bash": 14,
    "armor_cut": 14,
    "armor_fire": 10,
    "armor_acid": 10,
    "vision_day": 20,
    "vision_night": 10,
    "path_settings": { "max_dist": 10 },
    "death_drops": { "groups": [ [ "broken_robots", 2 ] ] },
    "death_function": [ "BROKEN" ],
    "flags": [ "SEES", "HEARS", "NOHEAD", "NO_BREATHE", "ELECTRONIC", "PATH_AVOID_DANGER_1" ]
  },
  {
    "id": "mon_autoarmor_light",
    "type": "MONSTER",
    "copy-from": "mon_autoarmor_base",
    "looks_like": "power_armor_light",
    "name": { "str": "light auto armor" },
    "hp": 120,
    "armor_bash": 14,
    "armor_cut": 14,
    "armor_stab": 10,
    "armor_acid": 10,
    "armor_fire": 10,
    "revert_to_itype": "bot_autoarmor_light"
  },
  {
    "id": "mon_autoarmor_basic",
    "type": "MONSTER",
    "copy-from": "mon_autoarmor_base",
    "looks_like": "power_armor_basic",
    "name": { "str": "auto armor" },
    "hp": 120,
    "armor_bash": 16,
    "armor_cut": 16,
    "armor_stab": 10,
    "armor_acid": 10,
    "armor_fire": 10,
    "revert_to_itype": "bot_autoarmor_basic"
  },
  {
    "id": "mon_autoarmor_heavy",
    "type": "MONSTER",
    "copy-from": "mon_autoarmor_base",
    "looks_like": "power_armor_heavy",
    "name": { "str": "heavy auto armor" },
    "hp": 120,
    "armor_bash": 18,
    "armor_cut": 18,
    "armor_stab": 12,
    "armor_acid": 10,
    "armor_fire": 10,
    "revert_to_itype": "bot_autoarmor_heavy"
  },
  {
    "id": "mon_light_hack",
    "copy-from": "base_drone",
    "type": "MONSTER",
    "name": { "str": "floating lantern" },
    "looks_like": "bot_manhack",
    "description": "A salvaged drone repurposed into a mobile lightsource.",
    "speed": 250,
    "color": "yellow",
    "luminance": 100,
    "aggression": 0,
    "morale": 50,
    "dodge": 8,
    "armor_cut": 4,
    "revert_to_itype": "bot_light_hack",
    "extend": { "flags": [ "STUMBLES", "HARDTOSHOOT" ] }
  },
  {
    "id": "mon_distract_hack",
    "copy-from": "base_drone",
    "type": "MONSTER",
    "name": { "str": "distract-o-hack" },
    "looks_like": "bot_manhack",
    "description": "A salvaged drone repurposed into a makeshift diversion tactic.  Once activated it will light up, produce sound, emit sparks, and move towards hostile targets.  Although fragile, the distract-o-hack's erratic movements make it difficult to hit.",
    "speed": 250,
    "luminance": 10,
    "color": "magenta",
    "aggression": 100,
    "morale": 10,
    "dodge": 8,
    "armor_cut": 4,
    "emit_fields": [ { "emit_id": "emit_sparks", "delay": "1 s" } ],
    "revert_to_itype": "bot_distract_hack",
    "death_function": [ "MELT" ],
    "special_attacks": [ [ "PARROT", 0 ] ],
    "extend": { "flags": [ "STUMBLES", "HIT_AND_RUN", "HARDTOSHOOT", "PET_WONT_FOLLOW", "ELECTRIC" ] }
  },
  {
    "id": "mon_arson_hack",
    "copy-from": "base_drone",
    "type": "MONSTER",
    "name": { "str": "arsonhack" },
    "looks_like": "bot_manhack",
    "description": "A salvaged drone repurposed to spread flame and cause property damage.  It's almost as dangerous to its user as it is to the surroundings.  The arsonhack cannot be recovered once activated.  Only a reckless madman would dare to build this.",
    "diff": 10,
    "speed": 250,
    "luminance": 5,
    "color": "dark_gray_red",
    "aggression": 10,
    "morale": 0,
    "dodge": 4,
    "emit_fields": [ { "emit_id": "emit_fire_plume", "delay": "1 s" } ],
    "death_function": [ "MELT" ],
    "extend": { "flags": [ "STUMBLES", "HARDTOSHOOT", "PET_WONT_FOLLOW", "FIREY" ] }
  },
  {
    "id": "mon_spore_hack",
    "copy-from": "base_drone",
    "type": "MONSTER",
    "name": { "str": "spore hack" },
    "looks_like": "bot_manhack",
    "default_faction": "fungus",
    "description": "A salvaged drone repurposed to spread alien contaminants.  It periodically releases a puff of fungal spores.  Who in their right mind would build such a thing?",
    "diff": 5,
    "speed": 250,
    "color": "light_gray",
    "revert_to_itype": "bot_spore_hack",
    "special_attacks": [ [ "FUNGUS", 50 ] ]
  },
  {
    "id": "mon_turret_water",
    "type": "MONSTER",
    "copy-from": "base_turret",
    "name": { "str": "watercannon turret" },
    "symbol": "t",
    "description": "A turret equipped with a jury-rigged watercannon in place of a proper firearm.  It's highly ineffective but the ammo is cheap.",
    "default_faction": "defense_bot",
    "diff": 2,
    "color": "light_blue",
    "revert_to_itype": "bot_turret_water",
    "starting_ammo": { "water": 1000 },
    "special_attacks": [
      {
        "type": "gun",
        "cooldown": 2,
        "gun_type": "watercannon",
        "ammo_type": "water",
        "fake_skills": [ [ "gun", 2 ], [ "launcher", 2 ] ],
        "fake_dex": 9,
        "no_ammo_sound": "drip.  drip.",
        "ranges": [ [ 0, 10, "BURST" ] ]
      }
    ]
  },
  {
    "id": "mon_eyebot",
    "type": "MONSTER",
    "name": { "str": "eyebot" },
    "looks_like": "mon_eyebot",
    "description": "A small aerial robot equipped with a suite of cameras and armed with a blinding flash.  No longer linked to police or security network, it continues its unending hunt for criminals and tresspassers.",
    "default_faction": "cop_bot",
    "species": [ "ROBOT" ],
    "diff": 2,
    "volume": "30000 ml",
    "weight": "40750 g",
    "hp": 20,
    "speed": 120,
    "material": [ "steel" ],
    "symbol": "e",
    "color": "light_gray",
    "aggression": 40,
    "morale": 80,
    "melee_skill": 6,
    "dodge": 3,
    "armor_bash": 8,
    "armor_cut": 10,
    "armor_fire": 3,
    "armor_acid": 6,
    "death_drops": { "groups": [ [ "broken_robots", 4 ] ] },
    "death_function": [ "BROKEN" ],
    "special_attacks": [ { "id": "flash" } ],
    "flags": [ "SEES", "FLIES", "ELECTRONIC", "NO_BREATHE", "NOHEAD", "PRIORITIZE_TARGETS" ]
  },
  {
    "id": "mon_eyebot_heater",
    "type": "MONSTER",
    "copy-from": "mon_eyebot",
    "name": { "str": "floating heater" },
    "color": "pink",
    "luminance": 8,
    "armor_fire": 10,
    "description": "A salvaged eyebot repurposed into a floating space heater.  It emits a constant jet of warm air to heat an enclosed space.",
    "revert_to_itype": "bot_eyebot_heater",
    "fear_triggers": [ "HURT" ],
    "emit_fields": [ { "emit_id": "emit_hot_air2_stream", "delay": "1 s" } ],
    "extend": { "flags": [ "PET_WONT_FOLLOW", "WARM" ] }
  },
  {
    "id": "mon_eyebot_furnace",
    "type": "MONSTER",
    "copy-from": "mon_eyebot",
    "name": { "str": "floating furnace" },
    "color": "red",
    "luminance": 10,
    "armor_fire": 10,
    "description": "A salvaged eyebot repurposed into a floating space heater.  It emits a constant jet of dangerously hot air to heat an enclosed space.  Warning!  Can result in rapid heatstroke!",
    "revert_to_itype": "bot_eyebot_furnace",
    "fear_triggers": [ "HURT" ],
    "emit_fields": [ "emit_hot_air4_stream" ],
    "death_function": [ "BROKEN", "EXPLODE" ],
    "extend": { "flags": [ "PET_WONT_FOLLOW", "WARM" ] }
  },
  {
    "id": "mon_eyebot_burn",
    "type": "MONSTER",
    "copy-from": "mon_eyebot",
    "name": { "str": "burning eye" },
    "color": "red",
    "armor_fire": 12,
    "description": "A salvaged eyebot refitted with a laser weapon.  The lack of recoil allows the hovering robot to aim and fire without penalty.  It has decent range and damage, but requires an extended recharge time between shots.",
    "revert_to_itype": "bot_eyebot_burn",
    "special_attacks": [
      {
        "type": "gun",
        "cooldown": 20,
        "gun_type": "robogun_laser",
        "fake_skills": [ [ "gun", 6 ], [ "rifle", 6 ] ],
        "fake_dex": 10,
        "ranges": [ [ 0, 30, "DEFAULT" ] ],
        "require_targeting_player": true,
        "require_targeting_npc": true,
        "require_targeting_monster": true,
        "targeting_cost": 1,
        "targeting_sound": "\"Hostile Detected.\"",
        "targeting_volume": 20
      }
    ]
  },
  {
    "id": "mon_utilibot",
    "type": "MONSTER",
    "name": { "str": "utility robot" },
    "looks_like": "mon_hazmatbot",
    "description": "One of the many models of utility robot formerly in use by government agencies, private corporations, and civilians alike.",
    "default_faction": "utility_bot",
    "species": [ "ROBOT" ],
    "volume": "62500 ml",
    "weight": "81500 g",
    "hp": 120,
    "speed": 70,
    "material": [ "steel" ],
    "symbol": "R",
    "color": "green",
    "morale": 80,
    "aggression": 0,
    "anger_triggers": [ "HURT" ],
    "armor_bash": 8,
    "armor_cut": 8,
    "armor_fire": 4,
    "armor_acid": 6,
    "vision_day": 50,
    "death_function": [ "BROKEN" ],
    "death_drops": { "groups": [ [ "broken_robots", 3 ] ] },
    "flags": [ "SEES", "HEARS", "ELECTRONIC", "NO_BREATHE", "PRIORITIZE_TARGETS", "PATH_AVOID_DANGER_1" ]
  },
  {
    "id": "mon_hazmatbot",
    "type": "MONSTER",
    "copy-from": "mon_utilibot",
    "name": { "str": "hazmat bot" },
    "description": "A utility robot designed for cleaning up waste material in hazardous conditions."
  },
  {
    "id": "mon_utilibot_butler",
    "type": "MONSTER",
    "copy-from": "mon_utilibot",
    "name": { "str": "butler-bot" },
    "color": "dark_gray",
    "description": "A luxury model utility robot for domestic use."
  },
  {
    "id": "mon_utilibot_const",
    "type": "MONSTER",
    "copy-from": "mon_utilibot",
    "name": { "str": "construction robot" },
    "description": "One of the many models of construction robot formerly in use by government agencies and private corporations.  It is equipped with an integrated welder, flashlight, nailgun, and jackhammer.",
    "color": "yellow",
    "luminance": 10,
    "melee_skill": 2,
    "melee_dice": 4,
    "melee_dice_sides": 6,
    "melee_cut": 1,
    "special_attacks": [
      {
        "type": "gun",
        "move_cost": 150,
        "require_targeting_player": false,
        "require_targeting_npc": false,
        "require_targeting_monster": false,
        "targeting_cost": 150,
        "gun_type": "robogun_nail",
        "fake_skills": [ [ "gun", 0 ], [ "pistol", 2 ] ],
        "fake_dex": 8,
        "ranges": [ [ 0, 3, "BURST" ] ]
      }
    ]
  },
  {
    "id": "mon_utilibot_fire",
    "type": "MONSTER",
    "copy-from": "mon_utilibot",
    "name": { "str": "firefighter robot" },
    "description": "One of the many models of fire-fighting robot formerly in use by local fire departments and emergency services.  Designed for entering burning buildings and other situations deemed too dangerous for human firefighters.",
    "color": "yellow",
    "luminance": 100,
    "melee_skill": 3,
    "melee_dice": 4,
    "melee_dice_sides": 5,
    "melee_cut": 1,
    "starting_ammo": { "water": 1000 },
    "special_attacks": [
      {
        "type": "gun",
        "move_cost": 100,
        "gun_type": "watercannon",
        "fake_skills": [ [ "gun", 2 ], [ "launcher", 2 ] ],
        "fake_dex": 8,
        "ranges": [ [ 0, 5, "BURST" ] ]
      }
    ],
    "extend": { "flags": [ "FIREPROOF", "BASHES" ] }
  },
  {
    "id": "mon_utilibot_blob",
    "type": "MONSTER",
    "copy-from": "mon_utilibot",
    "name": { "str": "blob breeder" },
    "revert_to_itype": "bot_utilibot_blob",
    "description": "A salvaged utility robot converted into a mobile incubator for the alien blob.  It will intermittently release a group of living blobs.  Why on Earth would you build this?",
    "armor_bash": 12,
    "reproduction": { "baby_monster": "mon_blob", "baby_count": 10, "baby_timer": 1 }
  },
  {
    "id": "mon_utilibot_slimespring",
    "type": "MONSTER",
    "copy-from": "mon_utilibot",
    "name": { "str": "slime breeder" },
    "description": "A salvaged utility robot converted into a mobile incubator for the alien blob.  It will intermittently release a group of friendly blobs.",
    "revert_to_itype": "bot_utilibot_slimespring",
    "armor_bash": 12,
    "reproduction": { "baby_monster": "mon_player_blob", "baby_count": 5, "baby_timer": 1 }
  },
  {
    "id": "mon_utilibot_digester",
    "type": "MONSTER",
    "copy-from": "mon_utilibot",
    "name": { "str": "digestron" },
    "description": "A salvaged utility robot converted into an automated vacuum cleaner.  It will suck stray items off the ground and dissolve them with its internal acid reserves.  A useful helper for keeping your front lawn clean of debris… or corpses.",
    "speed": 100,
    "aggression": 10,
    "morale": 10,
    "fear_triggers": [ "HURT" ],
    "revert_to_itype": "bot_utilibot_digester",
    "emit_fields": [ { "emit_id": "emit_acid_trail", "delay": "1 s" } ],
    "extend": { "flags": [ "STUMBLES", "ABSORBS", "ACIDPROOF" ] }
  },
  {
    "id": "mon_utilibot_beehive",
    "type": "MONSTER",
    "copy-from": "mon_utilibot",
    "name": { "str": "bee bot" },
    "description": "A salvaged utility robot converted into an ambulatory bee hive that periodically removes and delivers honey combs.  It protects the insect colony with a mechanical crossbow mounted to its chassis.",
    "color": "brown",
    "speed": 50,
    "aggression": 10,
    "morale": 20,
    "fear_triggers": [ "HURT" ],
    "revert_to_itype": "bot_utilibot_beehive",
    "reproduction": { "baby_egg": "honeycomb", "baby_count": 50, "baby_timer": 5 },
    "baby_flags": [ "SUMMER" ],
    "//": [ "emit_bee_trail" ],
    "special_attacks": [
      [ "PARROT", 10 ],
      {
        "type": "gun",
        "move_cost": 100,
        "gun_type": "robogun_crossbow",
        "require_targeting_player": false,
        "require_targeting_npc": false,
        "require_targeting_monster": false,
        "targeting_cost": 100,
        "fake_skills": [ [ "gun", 3 ], [ "archery", 3 ] ],
        "fake_dex": 8,
        "ranges": [ [ 0, 10, "DEFAULT" ] ]
      }
    ],
    "death_drops": { "groups": [ [ "broken_robots", 1 ], [ "beehive", 1 ] ] },
    "extend": { "flags": [ "STUMBLES" ] }
  },
  {
    "id": "mon_medibot",
    "type": "MONSTER",
    "name": { "str": "medical robot" },
    "looks_like": "mon_tripod",
    "description": "A free roaming medical robot capable of administering powerful anesthetics and performing complex surgical operations, usually in that order.  Faulty bio-diagnostic programs resulted in numerous lawsuits before the Cataclysm.",
    "default_faction": "utility_bot",
    "species": [ "ROBOT" ],
    "volume": "62500 ml",
    "weight": "81500 g",
    "hp": 70,
    "speed": 80,
    "material": [ "steel", "plastic" ],
    "symbol": "R",
    "color": "white",
    "armor_bash": 6,
    "armor_cut": 6,
    "armor_fire": 2,
    "armor_acid": 6,
    "morale": 100,
    "melee_skill": 8,
    "melee_dice": 1,
    "melee_dice_sides": 2,
    "melee_cut": 5,
    "attack_effs": [ { "id": "bleed", "chance": 20, "duration": 3 } ],
    "vision_day": 50,
    "special_attacks": [ { "id": "hypo_pkill" } ],
    "anger_triggers": [ "FRIEND_ATTACKED", "PLAYER_WEAK", "HURT", "PLAYER_CLOSE" ],
    "death_function": [ "BROKEN" ],
    "death_drops": { "groups": [ [ "broken_robots", 3 ] ] },
    "flags": [ "SEES", "HEARS", "ELECTRONIC", "NO_BREATHE", "PRIORITIZE_TARGETS", "PATH_AVOID_DANGER_1" ]
  },
  {
    "id": "mon_medibot_assassin",
    "type": "MONSTER",
    "copy-from": "mon_medibot",
    "name": { "str": "assassination robot" },
    "description": "A salvaged medical robot repurposed into a murder machine.  Its surgical tools have been replaced with a fearsome set of blades, and its hypodermic needle now delivers powerful toxins.",
    "speed": 120,
    "color": "red",
    "aggression": 100,
    "morale": 100,
    "vision_night": 15,
    "revert_to_itype": "bot_medibot_assassin",
    "melee_cut": 10,
    "attack_effs": [ { "id": "bleed", "chance": 30, "duration": 5 } ],
    "special_attacks": [
      { "id": "hypo_poison" },
      {
        "type": "leap",
        "allow_no_target": true,
        "cooldown": 10,
        "move_cost": 0,
        "max_range": 10,
        "min_consider_range": 3
      }
    ],
    "anger_triggers": [ "PLAYER_WEAK" ],
    "extend": { "flags": [ "HIT_AND_RUN" ] }
  },
  {
    "id": "mon_medibot_elixir",
    "type": "MONSTER",
    "copy-from": "mon_medibot",
    "name": { "str": "elixirator" },
    "description": "This doesn't work yet.  Don't build it… A salvaged medibot with its internal pharma-fabricators repurposed to produce mutagen.",
    "color": "light_green",
    "aggression": 10,
    "morale": 10,
    "melee_skill": 4,
    "melee_dice": 2,
    "melee_dice_sides": 4,
    "attack_effs": [ { "id": "bleed", "chance": 0, "duration": 0 } ],
    "fear_triggers": [ "HURT" ],
    "revert_to_itype": "bot_medibot_elixir",
    "reproduction": { "baby_egg": "elixir", "baby_count": 20, "baby_timer": 1 },
    "baby_flags": [ "SPRING", "SUMMER" ],
    "starting_ammo": { "mutagen": 3 },
    "extend": { "flags": [ "MILKABLE", "PET_WONT_FOLLOW" ] }
  },
  {
    "id": "mon_medibot_party",
    "type": "MONSTER",
    "copy-from": "mon_medibot",
    "name": { "str": "party bot" },
    "description": "A salvaged medibot stuffed with marijuana, covered in multicolored blinking lights, and programmed to dance.  Why on Earth would you build this crazy thing?",
    "color": "yellow",
    "luminance": 100,
    "emit_fields": [ { "emit_id": "emit_weed_puff", "delay": "1 s" } ],
    "melee_skill": 4,
    "melee_dice": 2,
    "melee_dice_sides": 4,
    "attack_effs": [ { "id": "bleed", "chance": 0, "duration": 0 } ],
    "special_attacks": [ [ "DANCE", 1 ] ],
    "revert_to_itype": "bot_medibot_party",
    "extend": { "flags": [ "PET_WONT_FOLLOW" ] }
  },
  {
    "id": "mon_skitterbot",
    "type": "MONSTER",
    "name": { "str": "skitterbot" },
    "looks_like": "mon_skitterbot",
    "description": "An insectoid robot the size of a small dog, designed for home security.  Armed with two close-range tazers, it can skate across the ground with great speed.",
    "default_faction": "defense_bot",
    "species": [ "ROBOT" ],
    "diff": 2,
    "volume": "30000 ml",
    "weight": "40750 g",
    "hp": 40,
    "speed": 130,
    "material": [ "steel" ],
    "symbol": "a",
    "color": "light_blue",
    "aggression": 100,
    "morale": 100,
    "melee_cut": 0,
    "armor_bash": 10,
    "armor_cut": 10,
    "armor_fire": 4,
    "armor_acid": 4,
    "vision_day": 50,
    "path_settings": { "max_dist": 5 },
    "special_attacks": [ [ "TAZER", 5 ] ],
    "death_drops": { "groups": [ [ "broken_robots", 4 ] ] },
    "death_function": [ "BROKEN" ],
    "flags": [ "SEES", "HEARS", "GOODHEARING", "ELECTRONIC", "NO_BREATHE", "PATH_AVOID_DANGER_1" ]
  },
  {
    "id": "mon_skitterbot_rat",
    "type": "MONSTER",
    "copy-from": "mon_skitterbot",
    "name": { "str": "rat snatcher" },
    "description": "A salvaged skitterbot repurposed for hunting small game.  It's faster than the original model but far less sturdy.",
    "color": "light_gray",
    "speed": 250,
    "hp": 30,
    "armor_bash": 8,
    "armor_cut": 8,
    "vision_night": 20,
    "revert_to_itype": "bot_skitterbot_rat",
    "melee_skill": 6,
    "melee_dice": 2,
    "melee_dice_sides": 2,
    "melee_damage": [ { "damage_type": "electric", "amount": 6 } ],
    "special_attacks": [ { "type": "leap", "cooldown": 2, "move_cost": 0, "max_range": 10, "min_consider_range": 3 } ],
    "extend": { "flags": [ "CLIMBS" ] }
  },
  {
    "id": "mon_skitterbot_grab",
    "type": "MONSTER",
    "copy-from": "mon_skitterbot",
    "name": { "str": "grab-bot" },
    "description": "A salvaged skitterbot repurposed to grab onto and immobilize enemies.  It's meant to work in a pack.",
    "aggression": 100,
    "color": "light_green",
    "speed": 200,
    "hp": 30,
    "armor_bash": 8,
    "armor_cut": 8,
    "vision_day": 20,
    "revert_to_itype": "bot_skitterbot_grab",
    "melee_skill": 6,
    "melee_dice": 4,
    "melee_dice_sides": 2,
    "attack_effs": [ { "id": "downed", "chance": 20, "duration": 5 } ],
    "special_attacks": [ [ "GRAB", 1 ] ],
    "extend": { "flags": [ "SWARMS", "GRABS", "GROUP_BASH" ] }
  },
  {
    "id": "mon_skitterbot_hunter",
    "type": "MONSTER",
    "copy-from": "mon_skitterbot",
    "name": { "str": "pest hunter" },
    "description": "A salvaged skitterbot refitted with an 8mm integrated firearm.  The robot's small size precludes rapid fire, due to recoil, and requires the use of lightweight caseless ammo.",
    "color": "dark_gray",
    "aggression": 100,
    "speed": 200,
    "hp": 30,
    "armor_bash": 8,
    "armor_cut": 8,
    "vision_day": 20,
    "revert_to_itype": "bot_skitterbot_hunter",
    "starting_ammo": { "8mm_caseless": 120 },
    "special_attacks": [
      {
        "type": "gun",
        "cooldown": 3,
        "move_cost": 300,
        "gun_type": "robogun_8x40mm",
        "fake_skills": [ [ "gun", 5 ], [ "rifle", 6 ] ],
        "fake_dex": 10,
        "ranges": [ [ 0, 10, "DEFAULT" ] ]
      }
    ],
    "extend": { "flags": [ "DROPS_AMMO" ] }
  },
  {
    "id": "mon_broken_cyborg",
    "type": "MONSTER",
    "name": { "str": "insane cyborg" },
    "description": "A robot body with the head of a human.  All kinds of electronic wires and devices are implanted in its head.  This cyborg moves erratically and has a confused and deranged look in its eyes.",
    "default_faction": "science",
    "species": [ "ROBOT" ],
    "volume": "62500 ml",
    "weight": "81500 g",
    "hp": 60,
    "speed": 90,
    "material": [ "steel" ],
    "symbol": "@",
    "color": "dark_gray",
    "aggression": 100,
    "morale": 100,
    "melee_skill": 2,
    "melee_dice": 2,
    "melee_dice_sides": 2,
    "melee_cut": 0,
    "dodge": 5,
    "armor_bash": 14,
    "armor_cut": 10,
    "armor_fire": 2,
    "armor_acid": 4,
    "vision_day": 50,
    "special_attacks": [ [ "PARROT", 80 ] ],
    "death_function": [ "BROKEN" ],
    "harvest": "mon_broken_cyborg",
    "flags": [ "SEES", "HEARS", "BASHES", "ELECTRONIC", "NO_BREATHE", "WARM", "STUMBLES", "HUMAN", "NO_NECRO" ]
  },
  {
    "id": "mon_cyborg_necro",
    "type": "MONSTER",
    "copy-from": "mon_broken_cyborg",
    "looks_like": "mon_broken_cyborg",
    "name": { "str": "necrotic cyborg" },
    "default_faction": "zombie",
    "symbol": "R",
    "color": "dark_gray",
    "description": "A salvaged cyborg refitted with the head of a zombie necromancer.  The animate head retains some of its ability to revive zombies.  Why on Earth would anyone build such an abomination?",
    "aggression": 5,
    "special_attacks": [ [ "RESURRECT", 1 ] ]
  },
  {
    "id": "mon_defbot_shot",
    "type": "MONSTER",
    "copy-from": "mon_defbot_base",
    "name": { "str": "security robot" },
    "description": "An automated defense robot still active due to its internal power source.  This one is equipped with an electric prod and an integrated shotgun.",
    "melee_damage": [ { "damage_type": "electric", "amount": 6 } ],
    "starting_ammo": { "shot_00": 400 },
    "special_attacks": [
      {
        "type": "gun",
        "move_cost": 150,
        "cooldown": 2,
        "gun_type": "robogun_shot",
        "fake_skills": [ [ "gun", 2 ], [ "shotgun", 2 ] ],
        "fake_dex": 9,
        "ranges": [ [ 0, 8, "DEFAULT" ] ]
      }
    ],
    "extend": { "flags": [ "DROPS_AMMO" ] }
  },
  {
    "abstract": "mon_milbot_base",
    "type": "MONSTER",
    "looks_like": "mon_secubot",
    "name": { "str": "military robot" },
    "description": "A military robot still operating due to its internal power core.  This one is armed with an electric prod and an integrated 5.56mm firearm.",
    "default_faction": "military",
    "species": [ "ROBOT" ],
    "volume": "62500 ml",
    "weight": "81500 g",
    "hp": 80,
    "speed": 100,
    "material": [ "steel" ],
    "symbol": "R",
    "color": "red_green",
    "aggression": 100,
    "morale": 100,
    "melee_skill": 4,
    "melee_dice": 2,
    "melee_dice_sides": 4,
    "dodge": 4,
    "armor_bash": 12,
    "armor_cut": 12,
    "armor_stab": 6,
    "armor_fire": 5,
    "armor_acid": 12,
    "vision_day": 50,
    "path_settings": { "max_dist": 5 },
    "death_drops": { "groups": [ [ "broken_robots", 1 ] ] },
    "death_function": [ "BROKEN" ],
    "flags": [ "SEES", "HEARS", "BASHES", "ELECTRONIC", "NO_BREATHE", "PRIORITIZE_TARGETS", "PATH_AVOID_DANGER_1" ]
  },
  {
    "id": "mon_milbot_trainer",
    "type": "MONSTER",
    "copy-from": "mon_milbot_base",
    "name": { "str": "military robot" },
    "description": "A military training robot still operating due to its internal power core.  This one is armed with a high power paintball gun and a foam baton.",
    "diff": 2,
    "melee_skill": 6,
    "melee_dice": 1,
    "melee_dice_sides": 4,
    "attack_effs": [ { "id": "downed", "chance": 10, "duration": 10 }, { "id": "stunned", "chance": 5, "duration": 10 } ],
    "dodge": 5,
    "starting_ammo": { "paintball": 1000 },
    "special_attacks": [
      {
        "type": "gun",
        "cooldown": 2,
        "move_cost": 150,
        "gun_type": "robogun_paintball",
        "fake_skills": [ [ "gun", 4 ], [ "launcher", 4 ] ],
        "fake_dex": 9,
        "ranges": [ [ 0, 15, "DEFAULT" ] ],
        "require_targeting_player": true,
        "require_targeting_npc": true,
        "require_targeting_monster": true,
        "targeting_cost": 10,
        "targeting_timeout_extend": -1,
        "targeting_sound": "\"Target Acquired.\"",
        "targeting_volume": 10
      }
    ],
    "death_drops": { "groups": [ [ "broken_robots", 1 ], [ "milbot_trainer", 1 ] ] },
    "extend": { "flags": [ "DROPS_AMMO" ] }
  },
  {
    "id": "mon_milbot_556",
    "type": "MONSTER",
    "copy-from": "mon_milbot_base",
    "name": { "str": "military robot" },
    "description": "A military robot still operating due to its internal power core.  This one is armed with an electric prod and an integrated 5.56mm firearm.",
    "diff": 20,
    "melee_damage": [ { "damage_type": "electric", "amount": 6 } ],
    "starting_ammo": { "556": 1600 },
    "special_attacks": [
      {
        "type": "gun",
        "cooldown": 2,
        "move_cost": 150,
        "gun_type": "robogun_556",
        "fake_skills": [ [ "gun", 5 ], [ "rifle", 5 ] ],
        "fake_dex": 10,
        "ranges": [ [ 0, 4, "BURST" ], [ 5, 8, "AUTO" ], [ 9, 16, "DEFAULT" ] ],
        "require_targeting_player": true,
        "require_targeting_npc": true,
        "require_targeting_monster": true,
        "targeting_cost": 10,
        "targeting_timeout_extend": -1,
        "targeting_sound": "\"Hostile Detected.\"",
        "targeting_volume": 10
      }
    ],
    "extend": { "flags": [ "DROPS_AMMO" ] }
  },
  {
    "id": "mon_milbot_308",
    "type": "MONSTER",
    "copy-from": "mon_milbot_base",
    "name": { "str": "military robot" },
    "description": "A military robot still operating due to its internal power core.  This one is armed with an electric prod and an integrated 7.62mm firearm.",
    "diff": 20,
    "melee_damage": [ { "damage_type": "electric", "amount": 6 } ],
    "starting_ammo": { "762_51": 1000 },
    "revert_to_itype": "bot_milbot_308",
    "special_attacks": [
      {
        "type": "gun",
        "cooldown": 3,
        "move_cost": 150,
        "gun_type": "robogun_308",
        "fake_skills": [ [ "gun", 5 ], [ "rifle", 5 ] ],
        "fake_dex": 10,
        "ranges": [ [ 0, 5, "DEFAULT" ], [ 6, 10, "BURST" ], [ 11, 20, "DEFAULT" ] ],
        "require_targeting_player": true,
        "require_targeting_npc": true,
        "require_targeting_monster": true,
        "targeting_cost": 10,
        "targeting_timeout_extend": -1,
        "targeting_sound": "\"Hostile Detected.\"",
        "targeting_volume": 10
      }
    ],
    "extend": { "flags": [ "DROPS_AMMO" ] }
  },
  {
    "id": "mon_milbot_50bmg",
    "type": "MONSTER",
    "copy-from": "mon_milbot_base",
    "name": { "str": "military robot" },
    "description": "A military robot still operating due to its internal power core.  This one is armed with an electric prod and an integrated 50 caliber firearm.",
    "diff": 30,
    "melee_damage": [ { "damage_type": "electric", "amount": 6 } ],
    "starting_ammo": { "50bmg": 400 },
    "special_attacks": [
      {
        "type": "gun",
        "cooldown": 3,
        "move_cost": 150,
        "gun_type": "robogun_50bmg",
        "fake_skills": [ [ "gun", 5 ], [ "rifle", 5 ] ],
        "fake_dex": 10,
        "ranges": [ [ 0, 5, "DEFAULT" ], [ 6, 10, "BURST" ], [ 11, 20, "DEFAULT" ] ],
        "require_targeting_player": true,
        "require_targeting_npc": true,
        "require_targeting_monster": true,
        "targeting_cost": 10,
        "targeting_timeout_extend": -1,
        "targeting_sound": "\"Hostile Detected.\"",
        "targeting_volume": 10
      }
    ],
    "extend": { "flags": [ "DROPS_AMMO" ] }
  },
  {
    "id": "mon_milbot_8x40mm",
    "type": "MONSTER",
    "copy-from": "mon_milbot_base",
    "name": { "str": "military robot" },
    "description": "A military robot still operating due to its internal power core.  This one is armed with an electric prod and an integrated 8mm firearm.",
    "diff": 20,
    "melee_damage": [ { "damage_type": "electric", "amount": 6 } ],
    "starting_ammo": { "8mm_caseless": 1200 },
    "special_attacks": [
      {
        "type": "gun",
        "move_cost": 150,
        "cooldown": 2,
        "gun_type": "robogun_8x40mm",
        "fake_skills": [ [ "gun", 5 ], [ "rifle", 6 ] ],
        "fake_dex": 10,
        "ranges": [ [ 0, 5, "BURST" ], [ 6, 10, "AUTO" ], [ 11, 24, "DEFAULT" ] ],
        "require_targeting_player": true,
        "require_targeting_npc": true,
        "require_targeting_monster": true,
        "targeting_cost": 10,
        "targeting_timeout_extend": -1,
        "targeting_sound": "\"Hostile Detected.\"",
        "targeting_volume": 10
      }
    ],
    "extend": { "flags": [ "DROPS_AMMO" ] }
  },
  {
    "id": "mon_milbot_needle",
    "type": "MONSTER",
    "copy-from": "mon_milbot_base",
    "name": { "str": "military robot" },
    "description": "A military robot still operating due to its internal power core.  This one is armed with an electric prod and an integrated 5x50mm flechette gun.",
    "diff": 15,
    "melee_damage": [ { "damage_type": "electric", "amount": 6 } ],
    "starting_ammo": { "5x50dart": 1000 },
    "special_attacks": [
      {
        "type": "gun",
        "move_cost": 150,
        "cooldown": 2,
        "gun_type": "robogun_needle",
        "fake_skills": [ [ "gun", 5 ], [ "rifle", 5 ] ],
        "fake_dex": 10,
        "ranges": [ [ 0, 4, "BURST" ], [ 4, 8, "AUTO" ], [ 9, 16, "DEFAULT" ] ],
        "require_targeting_player": true,
        "require_targeting_npc": true,
        "require_targeting_monster": true,
        "targeting_cost": 10,
        "targeting_timeout_extend": -1,
        "targeting_sound": "\"Hostile Detected.\"",
        "targeting_volume": 10
      }
    ],
    "extend": { "flags": [ "DROPS_AMMO" ] }
  },
  {
    "id": "mon_milbot_40mm",
    "type": "MONSTER",
    "copy-from": "mon_milbot_base",
    "name": { "str": "grenadier robot" },
    "description": "A military robot still operating due to its internal power core.  This one is armed with an electric prod and an integrated 40mm grenade launcher.",
    "diff": 20,
    "melee_damage": [ { "damage_type": "electric", "amount": 6 } ],
    "color": "dark_gray_red",
    "starting_ammo": { "40x46mm_m433": 100 },
    "special_attacks": [
      {
        "type": "gun",
        "move_cost": 250,
        "cooldown": 3,
        "gun_type": "robogun_40mm",
        "fake_skills": [ [ "gun", 4 ], [ "launcher", 5 ] ],
        "fake_dex": 10,
        "ranges": [ [ 6, 30, "DEFAULT" ] ],
        "require_targeting_player": true,
        "require_targeting_npc": true,
        "require_targeting_monster": true,
        "targeting_cost": 200,
        "targeting_timeout_extend": -10,
        "targeting_sound": "\"Hostile Detected.\"",
        "targeting_volume": 10
      }
    ],
    "extend": { "flags": [ "DROPS_AMMO" ] }
  },
  {
    "id": "mon_milbot_flame",
    "type": "MONSTER",
    "copy-from": "mon_milbot_base",
    "name": { "str": "military flame robot" },
    "description": "A military robot still operating due to its internal power core.  This one is armed with an electric prod and an integrated flamethrower.",
    "diff": 20,
    "melee_damage": [ { "damage_type": "electric", "amount": 6 } ],
    "starting_ammo": { "napalm": 1000 },
    "extend": { "flags": [ "FIREPROOF", "DROPS_AMMO" ] },
    "special_attacks": [
      {
        "type": "gun",
        "cooldown": 1,
        "gun_type": "robogun_flame",
        "fake_skills": [ [ "gun", 4 ], [ "launcher", 5 ] ],
        "fake_dex": 10,
        "ranges": [ [ 0, 10, "DEFAULT" ] ],
        "require_targeting_player": true,
        "require_targeting_npc": true,
        "require_targeting_monster": true,
        "targeting_cost": 200,
        "targeting_timeout_extend": -10,
        "targeting_sound": "\"Hostile Detected.\"",
        "targeting_volume": 10
      }
    ]
  },
  {
    "abstract": "mon_advbot_base",
    "type": "MONSTER",
    "copy-from": "mon_defbot_base",
    "looks_like": "mon_copbot",
    "name": { "str": "advanced robot" },
    "description": "An advanced robot still functioning due to its internal fusion core.  This model is armed with a powerful laser-emitter.",
    "default_faction": "science",
    "species": [ "ROBOT" ],
    "hp": 100,
    "armor_bash": 8,
    "armor_cut": 6,
    "armor_stab": 6,
    "armor_fire": 8,
    "armor_acid": 12,
    "vision_day": 50,
    "speed": 110,
    "color": "white_cyan",
    "aggression": 100,
    "dodge": 5
  },
  {
    "id": "mon_advbot_laser",
    "type": "MONSTER",
    "copy-from": "mon_advbot_base",
    "name": { "str": "laser-emitting robot" },
    "description": "An advanced robot still functioning due to its internal fusion core.  This model is furnished with a powerful laser-emitter.",
    "diff": 20,
    "special_attacks": [
      {
        "type": "gun",
        "move_cost": 150,
        "cooldown": 4,
        "gun_type": "robogun_laser",
        "fake_skills": [ [ "gun", 5 ], [ "rifle", 5 ] ],
        "fake_dex": 10,
        "ranges": [ [ 0, 8, "AUTO" ], [ 8, 16, "BURST" ] ],
        "require_targeting_player": true,
        "require_targeting_npc": true,
        "require_targeting_monster": true,
        "targeting_cost": 10,
        "targeting_timeout_extend": -5,
        "targeting_sound": "\"Hostile Detected.\"",
        "targeting_volume": 20
      }
    ]
  },
  {
    "id": "mon_advbot_plasma",
    "type": "MONSTER",
    "copy-from": "mon_advbot_base",
    "name": { "str": "plasma-ejecting robot" },
    "description": "An advanced robot still functioning due to its internal fusion core.  This model is furnished with a powerful plasma-ejector.",
    "diff": 20,
    "color": "magenta",
    "luminance": 20,
    "extend": { "flags": [ "FIREPROOF" ] },
    "special_attacks": [
      {
        "type": "gun",
        "cooldown": 3,
        "gun_type": "robogun_plasma",
        "fake_skills": [ [ "gun", 5 ], [ "rifle", 5 ] ],
        "fake_dex": 10,
        "ranges": [ [ 4, 16, "DEFAULT" ] ],
        "require_targeting_player": true,
        "require_targeting_npc": true,
        "require_targeting_monster": true,
        "targeting_cost": 100,
        "laser_lock": true,
        "targeting_timeout_extend": -10,
        "targeting_sound": "\"Hostile Detected.\"",
        "targeting_volume": 10
      }
    ]
  },
  {
    "id": "mon_advbot_rail",
    "type": "MONSTER",
    "copy-from": "mon_advbot_base",
    "name": { "str": "railgun robot" },
    "description": "An advanced robot still functioning due to its internal fusion core.  This model is furnished with a powerful railgun.",
    "diff": 30,
    "starting_ammo": { "steel_rail": 100 },
    "special_attacks": [
      {
        "type": "gun",
        "cooldown": 4,
        "gun_type": "robogun_rail",
        "fake_skills": [ [ "gun", 5 ], [ "rifle", 5 ] ],
        "fake_dex": 10,
        "ranges": [ [ 0, 18, "DEFAULT" ] ],
        "require_targeting_player": true,
        "require_targeting_npc": true,
        "require_targeting_monster": true,
        "laser_lock": true,
        "targeting_cost": 200,
        "targeting_timeout_extend": -10,
        "targeting_sound": "\"Hostile detected.\"",
        "targeting_volume": 10
      }
    ]
  },
  {
    "id": "mon_advbot_lightning",
    "type": "MONSTER",
    "copy-from": "mon_advbot_base",
    "name": { "str": "electro-casting robot" },
    "color": "white_cyan",
    "description": "An advanced robot still functioning due to its internal fusion core.  This model is furnished with a powerful electro-caster.",
    "diff": 20,
    "luminance": 100,
    "special_attacks": [
      {
        "type": "gun",
        "cooldown": 1,
        "gun_type": "robogun_lightning",
        "fake_skills": [ [ "gun", 5 ], [ "rifle", 5 ] ],
        "fake_dex": 10,
        "ranges": [ [ 0, 12, "DEFAULT" ] ],
        "require_targeting_player": true,
        "require_targeting_npc": true,
        "require_targeting_monster": true,
        "targeting_cost": 10,
        "targeting_timeout_extend": -1,
        "targeting_sound": "\"Hostile Detected.\"",
        "targeting_volume": 10
      }
    ],
    "extend": { "flags": [ "ELECTRIC" ] }
  },
  {
    "id": "mon_advbot_emp",
    "type": "MONSTER",
    "copy-from": "mon_advbot_base",
    "name": { "str": "EMP-projecting robot" },
    "description": "An advanced robot still functioning due to its internal fusion core.  This model is furnished with a powerful EMP-projector.",
    "diff": 10,
    "special_attacks": [
      {
        "type": "gun",
        "cooldown": 2,
        "gun_type": "robogun_emp",
        "fake_skills": [ [ "gun", 5 ], [ "rifle", 5 ] ],
        "fake_dex": 10,
        "ranges": [ [ 0, 4, "BURST" ], [ 4, 8, "AUTO" ], [ 9, 16, "DEFAULT" ] ],
        "require_targeting_player": true,
        "require_targeting_npc": true,
        "require_targeting_monster": true,
        "targeting_cost": 10,
        "targeting_timeout_extend": -1,
        "targeting_sound": "\"Hostile Detected.\"",
        "targeting_volume": 10
      }
    ]
  },
  {
    "id": "mon_defbot_cowboy",
    "type": "MONSTER",
    "copy-from": "mon_defbot_base",
    "name": { "str": "junkyard cowboy" },
    "description": "A salvaged defense robot refitted with a shotgun and two circular buzzsaws.  Due to bootleg targeting software, it can only attack nearby targets.",
    "speed": 100,
    "color": "brown",
    "melee_skill": 2,
    "melee_dice": 1,
    "melee_dice_sides": 4,
    "melee_cut": 15,
    "dodge": 3,
    "vision_day": 10,
    "revert_to_itype": "bot_defbot_cowboy",
    "starting_ammo": { "shot_00": 400 },
    "special_attacks": [
      {
        "type": "gun",
        "move_cost": 50,
        "cooldown": 0,
        "gun_type": "robogun_shot",
        "fake_skills": [ [ "gun", 2 ], [ "shotgun", 2 ] ],
        "fake_dex": 9,
        "ranges": [ [ 0, 3, "DEFAULT" ] ]
      }
    ],
    "extend": { "flags": [ "DROPS_AMMO" ] }
  },
  {
    "id": "mon_defbot_samurai",
    "type": "MONSTER",
    "copy-from": "mon_defbot_base",
    "name": { "str": "shortcircuit samurai" },
    "description": "A salvaged defense robot refitted with two electrified blades.  The over-taxed power systems result in somewhat sluggish movement and occasional discharges.  Keep a safe distance!",
    "speed": 70,
    "color": "cyan",
    "luminance": 20,
    "melee_skill": 5,
    "melee_dice": 2,
    "melee_dice_sides": 2,
    "melee_cut": 8,
    "melee_damage": [ { "damage_type": "electric", "amount": 8 } ],
    "armor_bash": 12,
    "armor_cut": 12,
    "armor_acid": 4,
    "dodge": 3,
    "vision_day": 20,
    "revert_to_itype": "bot_defbot_samurai",
    "special_when_hit": [ "ZAPBACK", 5 ],
    "emit_fields": [ { "emit_id": "emit_electric_arcs", "delay": "1 s" } ],
    "extend": { "flags": [ "ELECTRIC" ] }
  },
  {
    "id": "mon_defbot_paladin",
    "type": "MONSTER",
    "copy-from": "mon_defbot_base",
    "name": { "str": "slapdash paladin" },
    "description": "A salvaged defense robot refitted with a homemade flamethrower and two searing hot blades.  The burning fuel reserves make the robot noisy and smokey.",
    "speed": 100,
    "color": "red",
    "luminance": 30,
    "melee_skill": 5,
    "melee_dice": 2,
    "melee_dice_sides": 2,
    "melee_cut": 6,
    "melee_damage": [ { "damage_type": "heat", "amount": 4 } ],
    "attack_effs": [ { "id": "onfire", "chance": 50, "duration": 10 } ],
    "armor_bash": 12,
    "armor_cut": 12,
    "armor_acid": 4,
    "dodge": 3,
    "vision_day": 50,
    "revert_to_itype": "bot_defbot_paladin",
    "emit_fields": [ { "emit_id": "emit_smoke_trail", "delay": "1 s" } ],
    "starting_ammo": { "gasoline": 1000 },
    "special_attacks": [
      [ "PARROT", 0 ],
      {
        "type": "gun",
        "cooldown": 5,
        "move_cost": 200,
        "gun_type": "robogun_flame",
        "fake_skills": [ [ "gun", 4 ], [ "launcher", 5 ] ],
        "fake_dex": 10,
        "targeting_cost": 200,
        "require_targeting_player": false,
        "require_targeting_npc": false,
        "require_targeting_monster": false,
        "ranges": [ [ 0, 10, "DEFAULT" ] ]
      }
    ],
    "extend": { "flags": [ "FIREPROOF", "DROPS_AMMO" ] }
  },
  {
    "id": "mon_milbot_gaurdian",
    "type": "MONSTER",
    "copy-from": "mon_milbot_base",
    "name": { "str": "robo-guardian" },
    "description": "A salvaged military robot refitted with a pair of integrated 9mm firearms.  Multiple weapons provide a high rate of fire, but jury-rigged sensors limit the effective range and accuracy.  It makes for a good close range bodyguard.",
    "diff": 10,
    "speed": 70,
    "color": "green",
    "melee_skill": 2,
    "melee_dice": 2,
    "melee_dice_sides": 4,
    "vision_day": 10,
    "revert_to_itype": "bot_milbot_gaurdian",
    "starting_ammo": { "9mm": 2000 },
    "special_attacks": [
      {
        "type": "gun",
        "cooldown": 1,
        "move_cost": 100,
        "gun_type": "robogun_9mm",
        "fake_skills": [ [ "gun", 3 ], [ "smg", 3 ] ],
        "fake_dex": 9,
        "ranges": [ [ 0, 10, "AUTO" ] ],
        "targeting_cost": 150,
        "require_targeting_player": false
      }
    ],
    "extend": { "flags": [ "DROPS_AMMO" ] }
  },
  {
    "id": "mon_milbot_deluxe",
    "type": "MONSTER",
    "copy-from": "mon_milbot_gaurdian",
    "name": { "str_sp": "robote deluxe" },
    "//": "the extra E makes it European.",
    "description": "A diamond-studded gold-plated robot armed with a pair of integrated 9mm firearms.  An opulent luxury-bot suitable for those who wish to survive the apocalypse in style.",
    "color": "yellow",
    "revert_to_itype": "bot_milbot_deluxe"
  },
  {
    "id": "mon_milbot_protector",
    "type": "MONSTER",
    "copy-from": "mon_milbot_base",
    "name": { "str": "robo-protector" },
    "description": "A salvaged military robot refitted with an integrated 5.56mm rifle.  The modified firearm is only capable of three round bursts, but range and accuracy are decent.  It makes for a solid combat ally.",
    "diff": 20,
    "speed": 100,
    "color": "green",
    "melee_skill": 2,
    "melee_dice": 2,
    "melee_dice_sides": 4,
    "vision_day": 20,
    "revert_to_itype": "bot_milbot_protector",
    "starting_ammo": { "556": 1600 },
    "special_attacks": [
      {
        "type": "gun",
        "cooldown": 2,
        "gun_type": "robogun_556",
        "fake_skills": [ [ "gun", 5 ], [ "rifle", 5 ] ],
        "fake_dex": 10,
        "ranges": [ [ 0, 16, "BURST" ] ],
        "require_targeting_player": false
      }
    ],
    "extend": { "flags": [ "DROPS_AMMO" ] }
  },
  {
    "id": "mon_milbot_defender",
    "type": "MONSTER",
    "copy-from": "mon_milbot_base",
    "name": { "str": "robo-defender" },
    "description": "A salvaged military robot refitted with an integrated 50bmg rifle.  Improved optics provide nightvision and excellent range, but glitchy targeting software requires an extended pause between shots.  It makes for a good long range sniper.",
    "diff": 30,
    "speed": 70,
    "color": "green",
    "melee_skill": 2,
    "melee_dice": 2,
    "melee_dice_sides": 4,
    "vision_day": 50,
    "revert_to_itype": "bot_milbot_defender",
    "starting_ammo": { "50bmg": 400 },
    "special_attacks": [
      {
        "type": "gun",
        "cooldown": 3,
        "move_cost": 150,
        "gun_type": "robogun_50bmg",
        "fake_skills": [ [ "gun", 6 ], [ "rifle", 8 ] ],
        "fake_dex": 11,
        "fake_per": 10,
        "max_ammo": 400,
        "ranges": [ [ 0, 30, "DEFAULT" ] ],
        "require_targeting_player": true,
        "require_targeting_npc": true,
        "require_targeting_monster": true,
        "targeting_cost": 150
      }
    ],
    "extend": { "flags": [ "DROPS_AMMO" ] }
  },
  {
    "id": "mon_advbot_glitter",
    "type": "MONSTER",
    "copy-from": "mon_advbot_base",
    "name": { "str": "glittering lady", "str_pl": "glittering ladies" },
    "description": "A salvaged advanced robot transformed into a luminous beacon of destruction.  It has two integral lasers and emits a steady pulse of blinding flashes.  Due to mismatched focusing lenses, the lasers have limited range.",
    "diff": 20,
    "color": "yellow",
    "speed": 100,
    "hp": 80,
    "luminance": 200,
    "armor_bash": 8,
    "revert_to_itype": "bot_advbot_glitter",
    "emit_fields": [ { "emit_id": "emit_dazzle_trail", "delay": "1 s" } ],
    "special_attacks": [
      {
        "type": "gun",
        "cooldown": 1,
        "move_cost": 100,
        "gun_type": "robogun_laser",
        "fake_skills": [ [ "gun", 5 ], [ "rifle", 5 ] ],
        "fake_dex": 8,
        "ranges": [ [ 0, 5, "AUTO" ] ]
      }
    ],
    "extend": { "flags": [ "DROPS_AMMO" ] }
  },
  {
    "id": "mon_advbot_bitter",
    "type": "MONSTER",
    "copy-from": "mon_advbot_base",
    "name": { "str": "bitter spinster" },
    "description": "A salvaged military robot transformed into a caustic monster.  An internal acid fermenter feeds a ranged glob spitter and sprayer.  The many tanks and pipes weaken the robot structurally, making it somewhat fragile.",
    "diff": 10,
    "color": "light_green",
    "speed": 100,
    "hp": 60,
    "revert_to_itype": "bot_advbot_bitter",
    "melee_skill": 4,
    "melee_damage": [ { "damage_type": "acid", "amount": 8 } ],
    "armor_bash": 8,
    "armor_cut": 8,
    "emit_fields": [ { "emit_id": "emit_acid_trail", "delay": "1 s" } ],
    "special_when_hit": [ "ACIDSPLASH", 100 ],
    "special_attacks": [
      [ "ACID_BARF", 10 ],
      {
        "type": "gun",
        "cooldown": 1,
        "move_cost": 50,
        "gun_type": "robogun_acid",
        "fake_skills": [ [ "gun", 5 ], [ "rifle", 5 ] ],
        "fake_dex": 10,
        "require_targeting_player": false,
        "ranges": [ [ 0, 20, "DEFAULT" ] ]
      }
    ],
    "extend": { "flags": [ "ACIDPROOF" ] }
  },
  {
    "id": "mon_chickenbot",
    "type": "MONSTER",
    "copy-from": "mon_chickenbot",
    "death_drops": { "groups": [ [ "broken_robots", 2 ] ] },
    "death_function": [ "BROKEN" ]
  },
  {
    "abstract": "mon_chickenbot_base",
    "//": "remove-special-attack doesn't work, so add this def without guns.",
    "type": "MONSTER",
    "name": { "str": "chicken walker" },
    "looks_like": "mon_chickenbot",
    "description": "The Northrup ATSV, a massive, heavily-armed and armored robot walking on a pair of reverse-jointed legs.  Armed with a 40mm anti-vehicle grenade launcher, 5.56 anti-personnel gun, and the ability to electrify itself against attackers, it is an effective automated sentry, though production was limited due to a legal dispute.",
    "default_faction": "military",
    "species": [ "ROBOT" ],
    "volume": "92500 ml",
    "weight": "120 kg",
    "hp": 90,
    "speed": 115,
    "material": [ "steel" ],
    "symbol": "R",
    "color": "red",
    "aggression": 100,
    "morale": 100,
    "melee_skill": 3,
    "melee_dice": 3,
    "melee_dice_sides": 3,
    "melee_cut": 0,
    "armor_bash": 18,
    "armor_cut": 14,
    "armor_stab": 4,
    "armor_fire": 6,
    "armor_acid": 6,
    "vision_day": 50,
    "vision_night": 35,
    "path_settings": { "max_dist": 10 },
    "death_drops": { "groups": [ [ "broken_robots", 2 ] ] },
    "death_function": [ "BROKEN" ],
    "flags": [ "SEES", "HEARS", "BASHES", "NO_BREATHE", "ELECTRONIC", "PRIORITIZE_TARGETS" ]
  },
  {
    "id": "mon_chickenbot_horror",
    "type": "MONSTER",
    "copy-from": "mon_chickenbot_base",
    "name": { "str": "chainsaw horror" },
    "description": "A salvaged chickenwalker modified into a horrific monster adorned with skulls and spikes.  It has traded its long range weapons for a set of whirring chainsaws.  A speaker system has been installed to blast terrifying shrieks of distorted music.  No one in their right mind would craft such an awful creature.",
    "hp": 90,
    "speed": 115,
    "melee_skill": 7,
    "melee_dice": 3,
    "melee_dice_sides": 4,
    "melee_cut": 20,
    "vision_day": 20,
    "vision_night": 10,
    "revert_to_itype": "bot_chickenbot_horror",
    "special_attacks": [ [ "SMASH", 30 ], [ "SHRIEK", 10 ], [ "SHRIEK_STUN", 10 ] ]
  },
  {
    "id": "mon_chickenbot_terror",
    "type": "MONSTER",
    "name": { "str": "screeching terror" },
    "copy-from": "mon_chickenbot_base",
    "description": "A salvaged chickenwalker modified into a horrific monster adorned with skulls and spikes.  It has traded its long range weapons for a set of piston-driven lances.  A speaker system has been installed to blast terrifying shrieks of distorted music.  No one in their right mind would craft such a hellish beast.",
    "diff": 5,
    "hp": 90,
    "speed": 115,
    "melee_skill": 7,
    "melee_dice": 3,
    "melee_dice_sides": 4,
    "melee_damage": [ { "damage_type": "stab", "amount": 12 } ],
    "vision_day": 20,
    "vision_night": 10,
    "revert_to_itype": "bot_chickenbot_terror",
    "special_attacks": [ [ "SMASH", 30 ], [ "SHRIEK", 10 ], [ "SHRIEK_STUN", 10 ] ]
  },
  {
    "id": "mon_chickenbot_nightmare",
    "type": "MONSTER",
    "name": { "str": "hooked nightmare" },
    "copy-from": "mon_chickenbot_base",
    "description": "A salvaged chickenwalker modified into a horrific monster adorned with skulls and spikes.  It has traded its long range weapons for a set of spinning chains terminating in bloody hooks.  A speaker system has been installed to blast terrifying shrieks of distorted music.  No one in their right mind would craft such a twisted abomination.",
    "diff": 5,
    "hp": 90,
    "speed": 115,
    "melee_skill": 7,
    "melee_dice": 3,
    "melee_dice_sides": 4,
    "melee_cut": 20,
    "vision_day": 20,
    "vision_night": 10,
    "revert_to_itype": "bot_chickenbot_nightmare",
    "special_attacks": [ [ "SMASH", 30 ], [ "SHRIEK", 10 ], [ "SHRIEK_STUN", 10 ], [ "RANGED_PULL", 10 ], [ "GRAB_DRAG", 10 ] ],
    "extend": { "flags": [ "GRABS" ] }
  },
  {
    "id": "mon_tankbot",
    "type": "MONSTER",
    "copy-from": "mon_tankbot",
    "death_drops": { "groups": [ [ "broken_robots", 6 ] ] },
    "death_function": [ "BROKEN", "EXPLODE" ]
  },
  {
    "abstract": "mon_tankbot_base",
    "//": "remove-special-attack doesn't work, so add this def without gun attack.",
    "type": "MONSTER",
    "name": { "str": "Beagle Mini-Tank UGV" },
    "looks_like": "mon_tankbot",
    "description": "The Northrup Beagle is a refrigerator-sized urban warfare UGV.  Sporting an anti-tank missile launcher, 40mm grenade launcher, and numerous anti-infantry weapons, it's designed for high-risk urban fighting.",
    "default_faction": "military",
    "species": [ "ROBOT" ],
    "volume": "875000 ml",
    "weight": "200 kg",
    "hp": 240,
    "speed": 75,
    "material": [ "steel" ],
    "symbol": "R",
    "color": "dark_gray",
    "aggression": 100,
    "morale": 100,
    "melee_skill": 5,
    "melee_dice": 5,
    "melee_dice_sides": 5,
    "melee_cut": 0,
    "armor_bash": 90,
    "armor_cut": 90,
    "armor_stab": 20,
    "armor_fire": 10,
    "armor_acid": 10,
    "vision_day": 50,
    "path_settings": { "max_dist": 20 },
    "death_drops": { "groups": [ [ "broken_robots", 6 ] ] },
    "death_function": [ "BROKEN", "EXPLODE" ],
    "flags": [ "SEES", "HEARS", "GOODHEARING", "NOHEAD", "BASHES", "DESTROYS", "NO_BREATHE", "ELECTRONIC", "PRIORITIZE_TARGETS" ]
  },
  {
    "id": "mon_tankbot_king",
    "type": "MONSTER",
    "name": { "str": "fist king" },
    "copy-from": "mon_tankbot_base",
    "description": "A salvaged tankbot refitted with a pair of powerful pneumatic hammers which it uses to crush anything in its way, including buildings.  Although lacking ranged weapons, its armor and strength make it a match for the even the biggest monsters.  Only a madman would dare build such a reckless behemoth.",
    "default_faction": "military",
    "species": [ "ROBOT" ],
    "hp": 200,
    "speed": 60,
    "color": "pink",
    "armor_cut": 30,
    "melee_skill": 7,
    "melee_dice": 5,
    "melee_dice_sides": 10,
    "attack_effs": [ { "id": "downed", "chance": 20, "duration": 10 }, { "id": "stunned", "chance": 20, "duration": 10 } ],
    "vision_day": 20,
    "revert_to_itype": "bot_tankbot_king",
    "special_attacks": [ [ "SMASH", 15 ] ]
  },
  {
    "id": "mon_tankbot_sultan",
    "type": "MONSTER",
    "name": { "str": "atomic sultan" },
    "copy-from": "mon_tankbot_base",
    "description": "A salvaged tankbot refitted with burning hot man-crushers.  Although lacking ranged weapons, its armor and strength make it a match for even the biggest foes.  Multiple fusion cores give the robot ample power but also cause radioactive gas leaks.  Only a lunatic would dare build such a reckless monster.",
    "diff": 10,
    "default_faction": "military",
    "species": [ "ROBOT" ],
    "hp": 200,
    "speed": 60,
    "color": "magenta",
    "melee_skill": 7,
    "melee_dice": 5,
    "melee_dice_sides": 5,
    "melee_damage": [ { "damage_type": "heat", "amount": 10 } ],
    "attack_effs": [ { "id": "downed", "chance": 20, "duration": 10 }, { "id": "irradiated", "chance": 50 } ],
    "vision_day": 20,
    "revert_to_itype": "bot_tankbot_sultan",
    "emit_fields": [ { "emit_id": "emit_nuclear_trail", "delay": "1 s" } ],
    "special_attacks": [ [ "SMASH", 30 ], [ "GRAB", 20 ] ],
    "extend": { "flags": [ "STUMBLES", "GRABS" ] }
  }
]
