[
  {
    "abstract": "bot_craftbuddy",
    "activity_level": "LIGHT_EXERCISE",
    "type": "recipe",
    "category": "CC_ELECTRONIC",
    "subcategory": "CSC_ELECTRONIC_OTHER",
    "skill_used": "electronics",
    "skills_required": [ [ "mechanics", 5 ], [ "computer", 4 ] ],
    "difficulty": 8,
    "time": "150 s",
    "reversible": true,
    "autolearn": true,
    "tools": [ [ [ "electrohack", 20 ] ] ],
    "using": [ [ "soldering_standard", 20 ], [ "welding_standard", 5 ] ],
    "qualities": [ { "id": "SCREW", "level": 1 }, { "id": "WRENCH", "level": 1 } ],
    "components": [
      [ [ "broken_craftbuddy", 1 ] ],
      [ [ "e_scrap", 4 ] ],
      [ [ "processor", 3 ] ],
      [ [ "RAM", 4 ] ],
      [ [ "cable", 10 ] ],
      [ [ "plastic_chunk", 8 ] ],
      [ [ "scrap", 5 ] ]
    ]
  },
  {
    "abstract": "bot_autoarmor_base",
    "activity_level": "LIGHT_EXERCISE",
    "type": "recipe",
    "category": "CC_ELECTRONIC",
    "subcategory": "CSC_ELECTRONIC_OTHER",
    "skill_used": "electronics",
    "skills_required": [ [ "computer", 3 ] ],
    "difficulty": 3,
    "time": "150 s",
    "reversible": true,
    "autolearn": true,
    "tools": [ [ [ "electrohack", 20 ] ] ],
    "qualities": [ { "id": "SCREW", "level": 1 } ]
  },
  {
    "result": "bot_autoarmor_light",
    "activity_level": "LIGHT_EXERCISE",
    "type": "recipe",
    "id_suffix": "from_parts",
    "copy-from": "bot_autoarmor_base",
    "components": [
      [ [ "power_armor_light", 1 ] ],
      [ [ "ai_module", 1 ] ],
      [ [ "sensor_module", 1 ] ],
      [ [ "memory_module", 1 ] ],
      [ [ "targeting_module", 1 ] ],
      [ [ "identification_module", 1 ] ]
    ]
  },
  {
    "result": "bot_autoarmor_basic",
    "activity_level": "LIGHT_EXERCISE",
    "type": "recipe",
    "id_suffix": "from_parts",
    "copy-from": "bot_autoarmor_base",
    "components": [
      [ [ "power_armor_basic", 1 ] ],
      [ [ "ai_module", 1 ] ],
      [ [ "sensor_module", 1 ] ],
      [ [ "memory_module", 1 ] ],
      [ [ "targeting_module", 1 ] ],
      [ [ "identification_module", 1 ] ]
    ]
  },
  {
    "result": "bot_autoarmor_heavy",
    "activity_level": "LIGHT_EXERCISE",
    "type": "recipe",
    "id_suffix": "from_parts",
    "copy-from": "bot_autoarmor_base",
    "components": [
      [ [ "power_armor_heavy", 1 ] ],
      [ [ "ai_module", 1 ] ],
      [ [ "sensor_module", 1 ] ],
      [ [ "memory_module", 1 ] ],
      [ [ "targeting_module", 1 ] ],
      [ [ "identification_module", 1 ] ]
    ]
  },
  {
    "abstract": "bot_autoarmor_repair",
    "activity_level": "LIGHT_EXERCISE",
    "type": "recipe",
    "category": "CC_ELECTRONIC",
    "subcategory": "CSC_ELECTRONIC_OTHER",
    "skill_used": "electronics",
    "skills_required": [ [ "mechanics", 5 ], [ "computer", 4 ] ],
    "difficulty": 6,
    "time": "25 m",
    "reversible": false,
    "autolearn": true,
    "tools": [ [ [ "electrohack", 20 ] ] ],
    "using": [ [ "soldering_standard", 20 ], [ "welding_standard", 5 ] ],
    "qualities": [ { "id": "SCREW", "level": 1 }, { "id": "WRENCH", "level": 1 } ]
  },
  {
    "result": "bot_autoarmor_light",
    "activity_level": "LIGHT_EXERCISE",
    "type": "recipe",
    "id_suffix": "repair",
    "copy-from": "bot_autoarmor_base",
    "components": [
      [ [ "broken_autoarmor_light", 1 ] ],
      [ [ "e_scrap", 4 ] ],
      [ [ "processor", 3 ] ],
      [ [ "RAM", 4 ] ],
      [ [ "cable", 10 ] ],
      [ [ "alloy_plate", 1 ] ],
      [ [ "scrap", 5 ] ]
    ]
  },
  {
    "result": "bot_autoarmor_basic",
    "activity_level": "LIGHT_EXERCISE",
    "type": "recipe",
    "id_suffix": "repair",
    "copy-from": "bot_autoarmor_repair",
    "components": [
      [ [ "broken_autoarmor_basic", 1 ] ],
      [ [ "e_scrap", 4 ] ],
      [ [ "processor", 3 ] ],
      [ [ "RAM", 4 ] ],
      [ [ "cable", 10 ] ],
      [ [ "alloy_plate", 1 ] ],
      [ [ "scrap", 5 ] ]
    ]
  },
  {
    "result": "bot_autoarmor_heavy",
    "activity_level": "LIGHT_EXERCISE",
    "type": "recipe",
    "id_suffix": "repair",
    "copy-from": "bot_autoarmor_repair",
    "components": [
      [ [ "broken_autoarmor_heavy", 1 ] ],
      [ [ "e_scrap", 4 ] ],
      [ [ "processor", 3 ] ],
      [ [ "RAM", 4 ] ],
      [ [ "cable", 10 ] ],
      [ [ "alloy_plate", 2 ] ],
      [ [ "scrap", 5 ] ]
    ]
  },
  {
    "abstract": "bot_SRhack_base",
    "activity_level": "LIGHT_EXERCISE",
    "type": "recipe",
    "category": "CC_ELECTRONIC",
    "subcategory": "CSC_ELECTRONIC_OTHER",
    "skill_used": "electronics",
    "skills_required": [ [ "mechanics", 5 ], [ "computer", 4 ] ],
    "difficulty": 6,
    "time": "15 m",
    "reversible": false,
    "autolearn": true,
    "tools": [ [ [ "electrohack", 20 ] ] ],
    "using": [ [ "soldering_standard", 15 ], [ "welding_standard", 4 ] ],
    "qualities": [ { "id": "SCREW", "level": 1 }, { "id": "WRENCH", "level": 1 } ]
  },
  {
    "type": "recipe",
    "activity_level": "LIGHT_EXERCISE",
    "result": "bot_light_hack",
    "copy-from": "bot_SRhack_base",
    "book_learn": [ [ "recipe_lab_elec", 3 ], [ "mag_robotics", 3 ], [ "textbook_robots", 3 ] ],
    "components": [
      [ [ "bot_manhack", 1 ], [ "broken_manhack", 1 ], [ "broken_light_hack", 1 ] ],
      [ [ "lightstrip_inactive", 4 ] ],
      [ [ "processor", 1 ] ],
      [ [ "power_supply", 1 ] ],
      [ [ "e_scrap", 1 ] ]
    ]
  },
  {
    "type": "recipe",
    "activity_level": "LIGHT_EXERCISE",
    "result": "bot_distract_hack",
    "copy-from": "bot_SRhack_base",
    "book_learn": [ [ "recipe_lab_elec", 3 ], [ "mag_robotics", 3 ], [ "textbook_robots", 3 ] ],
    "components": [
      [ [ "bot_manhack", 1 ], [ "broken_manhack", 1 ] ],
      [ [ "lightstrip_inactive", 2 ] ],
      [ [ "pilot_light", 1 ] ],
      [ [ "element", 2 ] ],
      [ [ "processor", 1 ] ],
      [ [ "power_supply", 1 ] ],
      [ [ "e_scrap", 1 ] ]
    ]
  },
  {
    "type": "recipe",
    "activity_level": "LIGHT_EXERCISE",
    "result": "bot_arson_hack",
    "copy-from": "bot_SRhack_base",
    "book_learn": [ [ "recipe_lab_elec", 3 ], [ "mag_robotics", 3 ], [ "textbook_robots", 3 ] ],
    "components": [
      [ [ "bot_manhack", 1 ], [ "broken_manhack", 1 ] ],
      [ [ "pilot_light", 1 ] ],
      [ [ "element", 2 ] ],
      [ [ "gasoline", 25 ] ],
      [ [ "processor", 1 ] ],
      [ [ "power_supply", 1 ] ],
      [ [ "e_scrap", 1 ] ]
    ]
  },
  {
    "type": "recipe",
    "activity_level": "LIGHT_EXERCISE",
    "result": "bot_spore_hack",
    "copy-from": "bot_SRhack_base",
    "components": [
      [ [ "bot_manhack", 1 ], [ "broken_spore_hack", 1 ], [ "broken_manhack", 1 ] ],
      [ [ "veggy_tainted", 5 ] ],
      [ [ "RAM", 1 ] ],
      [ [ "processor", 1 ] ],
      [ [ "power_supply", 1 ] ],
      [ [ "e_scrap", 1 ] ]
    ]
  },
  {
    "type": "recipe",
    "activity_level": "LIGHT_EXERCISE",
    "result": "bot_turret_water",
    "copy-from": "bot_turret_base",
    "skills_required": [ [ "mechanics", 2 ], [ "computer", 3 ] ],
    "difficulty": 5,
    "time": "25 m",
    "reversible": true,
    "book_learn": [ [ "recipe_lab_elec", 5 ], [ "textbook_robots", 6 ] ],
    "using": [ [ "soldering_standard", 20 ], [ "welding_standard", 5 ] ],
    "qualities": [ { "id": "SCREW", "level": 1 } ],
    "components": [
      [ [ "bot_turret_disarmed", 1 ] ],
      [ [ "watercannon", 1 ] ],
      [ [ "hose", 3 ] ],
      [ [ "metal_tank_little", 4 ] ],
      [ [ "motor_micro", 2 ] ]
    ]
  },
  {
    "abstract": "bot_eyebot_base",
    "type": "recipe",
    "activity_level": "LIGHT_EXERCISE",
    "category": "CC_ELECTRONIC",
    "subcategory": "CSC_ELECTRONIC_OTHER",
    "skill_used": "electronics",
    "skills_required": [ [ "mechanics", 4 ], [ "computer", 5 ] ],
    "difficulty": 6,
    "time": "25 m",
    "reversible": false,
    "book_learn": [ [ "recipe_lab_elec", 6 ], [ "textbook_robots", 7 ] ],
    "tools": [ [ [ "electrohack", 20 ] ] ],
    "using": [ [ "soldering_standard", 20 ] ],
    "qualities": [ { "id": "SCREW", "level": 1 }, { "id": "WRENCH", "level": 1 } ]
  },
  {
    "result": "bot_eyebot_heater",
    "type": "recipe",
    "activity_level": "LIGHT_EXERCISE",
    "id_suffix": "from_parts",
    "copy-from": "bot_eyebot_base",
    "components": [
      [ [ "broken_eyebot_disarmed", 1 ] ],
      [ [ "robopart_microreactor", 1 ] ],
      [ [ "element", 12 ] ],
      [ [ "wire", 4 ] ],
      [ [ "cable", 4 ] ],
      [ [ "scrap", 4 ] ]
    ]
  },
  {
    "result": "bot_eyebot_heater",
    "type": "recipe",
    "activity_level": "LIGHT_EXERCISE",
    "id_suffix": "repair",
    "copy-from": "bot_eyebot_base",
    "components": [
      [ [ "broken_eyebot_heater", 1 ] ],
      [ [ "element", 2 ] ],
      [ [ "plut_cell", 4 ] ],
      [ [ "RAM", 1 ] ],
      [ [ "processor", 1 ] ],
      [ [ "cable", 1 ] ],
      [ [ "power_supply", 1 ] ],
      [ [ "e_scrap", 1 ] ],
      [ [ "scrap", 2 ] ]
    ]
  },
  {
    "result": "bot_eyebot_furnace",
    "type": "recipe",
    "activity_level": "LIGHT_EXERCISE",
    "id_suffix": "from_parts",
    "copy-from": "bot_eyebot_base",
    "components": [
      [ [ "broken_eyebot_disarmed", 1 ] ],
      [ [ "robopart_microreactor", 2 ] ],
      [ [ "element", 12 ] ],
      [ [ "wire", 4 ] ],
      [ [ "cable", 4 ] ],
      [ [ "scrap", 4 ] ]
    ]
  },
  {
    "result": "bot_eyebot_furnace",
    "type": "recipe",
    "activity_level": "LIGHT_EXERCISE",
    "id_suffix": "repair",
    "copy-from": "bot_eyebot_base",
    "components": [
      [ [ "broken_eyebot_furnace", 1 ] ],
      [ [ "element", 4 ] ],
      [ [ "plut_cell", 8 ] ],
      [ [ "RAM", 1 ] ],
      [ [ "processor", 1 ] ],
      [ [ "cable", 1 ] ],
      [ [ "power_supply", 1 ] ],
      [ [ "e_scrap", 1 ] ],
      [ [ "scrap", 2 ] ]
    ]
  },
  {
    "result": "bot_eyebot_burn",
    "type": "recipe",
    "activity_level": "LIGHT_EXERCISE",
    "id_suffix": "from_parts",
    "copy-from": "bot_eyebot_base",
    "components": [
      [ [ "broken_eyebot_disarmed", 1 ] ],
      [ [ "robopart_microreactor", 1 ] ],
      [ [ "robopart_laser", 1 ] ],
      [ [ "lens", 3 ] ],
      [ [ "cable", 4 ] ],
      [ [ "scrap", 4 ] ]
    ]
  },
  {
    "result": "bot_eyebot_burn",
    "type": "recipe",
    "activity_level": "LIGHT_EXERCISE",
    "id_suffix": "repair",
    "copy-from": "bot_eyebot_base",
    "components": [
      [ [ "broken_eyebot_burn", 1 ] ],
      [ [ "lens", 4 ] ],
      [ [ "plut_cell", 4 ] ],
      [ [ "RAM", 1 ] ],
      [ [ "processor", 1 ] ],
      [ [ "cable", 1 ] ],
      [ [ "power_supply", 1 ] ],
      [ [ "e_scrap", 1 ] ],
      [ [ "scrap", 2 ] ]
    ]
  },
  {
    "abstract": "bot_utilibot_base",
    "type": "recipe",
    "activity_level": "LIGHT_EXERCISE",
    "category": "CC_ELECTRONIC",
    "subcategory": "CSC_ELECTRONIC_OTHER",
    "skill_used": "electronics",
    "skills_required": [ [ "mechanics", 4 ], [ "computer", 5 ] ],
    "difficulty": 6,
    "time": 25000,
    "reversible": false,
    "book_learn": [ [ "recipe_lab_elec", 6 ], [ "textbook_robots", 7 ] ],
    "tools": [ [ [ "electrohack", 20 ] ] ],
    "using": [ [ "soldering_standard", 20 ], [ "welding_standard", 5 ] ],
    "qualities": [ { "id": "SCREW", "level": 1 }, { "id": "WRENCH", "level": 1 } ]
  },
  {
    "result": "bot_utilibot_blob",
    "type": "recipe",
    "activity_level": "LIGHT_EXERCISE",
    "id_suffix": "from_parts",
    "copy-from": "bot_utilibot_base",
    "skills_required": [ [ "mechanics", 4 ], [ "cooking", 7 ], [ "computer", 6 ] ],
    "book_learn": [ [ "textbook_robots", 9 ] ],
    "components": [
      [ [ "broken_utilibot", 1 ] ],
      [ [ "robopart_microreactor", 1 ] ],
      [ [ "metal_tank_little", 4 ] ],
      [ [ "hose", 4 ] ],
      [ [ "element", 12 ] ],
      [ [ "slime_scrap", 10 ] ],
      [ [ "RAM", 2 ] ],
      [ [ "processor", 2 ] ],
      [ [ "cable", 1 ] ],
      [ [ "power_supply", 2 ] ],
      [ [ "e_scrap", 3 ] ],
      [ [ "scrap", 2 ] ]
    ]
  },
  {
    "result": "bot_utilibot_blob",
    "type": "recipe",
    "activity_level": "LIGHT_EXERCISE",
    "id_suffix": "repair",
    "copy-from": "bot_utilibot_base",
    "components": [
      [ [ "broken_utilibot_blob", 1 ] ],
      [ [ "slime_scrap", 10 ] ],
      [ [ "RAM", 1 ] ],
      [ [ "plut_cell", 4 ] ],
      [ [ "processor", 1 ] ],
      [ [ "cable", 1 ] ],
      [ [ "power_supply", 1 ] ],
      [ [ "e_scrap", 1 ] ],
      [ [ "scrap", 2 ] ]
    ]
  },
  {
    "result": "bot_utilibot_slimespring",
    "type": "recipe",
    "activity_level": "LIGHT_EXERCISE",
    "id_suffix": "from_parts",
    "copy-from": "bot_utilibot_base",
    "difficulty": 7,
    "skills_required": [ [ "mechanics", 4 ], [ "cooking", 8 ], [ "computer", 6 ] ],
    "book_learn": [ [ "textbook_robots", 9 ] ],
    "components": [
      [ [ "broken_utilibot", 1 ] ],
      [ [ "robopart_microreactor", 1 ] ],
      [ [ "metal_tank_little", 4 ] ],
      [ [ "hose", 4 ] ],
      [ [ "element", 12 ] ],
      [ [ "slime_scrap", 10 ] ],
      [ [ "RAM", 2 ] ],
      [ [ "processor", 2 ] ],
      [ [ "cable", 1 ] ],
      [ [ "power_supply", 2 ] ],
      [ [ "e_scrap", 3 ] ],
      [ [ "scrap", 2 ] ]
    ]
  },
  {
    "result": "bot_utilibot_slimespring",
    "activity_level": "LIGHT_EXERCISE",
    "type": "recipe",
    "id_suffix": "repair",
    "copy-from": "bot_utilibot_base",
    "skills_required": [ [ "mechanics", 4 ], [ "computer", 6 ] ],
    "book_learn": [ [ "textbook_robots", 9 ] ],
    "difficulty": 9,
    "components": [
      [ [ "broken_utilibot_slimespring", 1 ] ],
      [ [ "slime_scrap", 10 ] ],
      [ [ "RAM", 1 ] ],
      [ [ "plut_cell", 4 ] ],
      [ [ "processor", 1 ] ],
      [ [ "cable", 1 ] ],
      [ [ "power_supply", 1 ] ],
      [ [ "e_scrap", 1 ] ],
      [ [ "scrap", 2 ] ]
    ]
  },
  {
    "result": "bot_utilibot_digester",
    "activity_level": "LIGHT_EXERCISE",
    "type": "recipe",
    "id_suffix": "from_parts",
    "copy-from": "bot_utilibot_base",
    "components": [
      [ [ "broken_utilibot", 1 ] ],
      [ [ "robopart_microreactor", 1 ] ],
      [ [ "metal_tank_little", 4 ] ],
      [ [ "hose", 4 ] ],
      [ [ "element", 4 ] ],
      [ [ "chem_nitric_acid", 10 ] ],
      [ [ "RAM", 2 ] ],
      [ [ "processor", 2 ] ],
      [ [ "cable", 1 ] ],
      [ [ "power_supply", 2 ] ],
      [ [ "e_scrap", 3 ] ],
      [ [ "scrap", 2 ] ]
    ]
  },
  {
    "result": "bot_utilibot_digester",
    "activity_level": "LIGHT_EXERCISE",
    "type": "recipe",
    "id_suffix": "repair",
    "copy-from": "bot_utilibot_base",
    "components": [
      [ [ "broken_utilibot_digester", 1 ] ],
      [ [ "chem_nitric_acid", 10 ] ],
      [ [ "RAM", 1 ] ],
      [ [ "plut_cell", 4 ] ],
      [ [ "processor", 1 ] ],
      [ [ "cable", 1 ] ],
      [ [ "power_supply", 1 ] ],
      [ [ "e_scrap", 1 ] ],
      [ [ "scrap", 2 ] ]
    ]
  },
  {
    "result": "bot_utilibot_beehive",
    "activity_level": "LIGHT_EXERCISE",
    "type": "recipe",
    "id_suffix": "from_parts",
    "copy-from": "bot_utilibot_base",
    "components": [
      [ [ "broken_utilibot", 1 ] ],
      [ [ "robopart_microreactor", 1 ] ],
      [ [ "metal_tank_little", 4 ] ],
      [ [ "stick", 8 ] ],
      [ [ "crossbow", 1 ] ],
      [ [ "motor_micro", 1 ] ],
      [ [ "RAM", 2 ] ],
      [ [ "processor", 2 ] ],
      [ [ "cable", 1 ] ],
      [ [ "power_supply", 2 ] ],
      [ [ "e_scrap", 3 ] ],
      [ [ "scrap", 2 ] ]
    ]
  },
  {
    "result": "bot_utilibot_beehive",
    "activity_level": "LIGHT_EXERCISE",
    "type": "recipe",
    "id_suffix": "repair",
    "copy-from": "bot_utilibot_base",
    "components": [
      [ [ "broken_utilibot_beehive", 1 ] ],
      [ [ "stick", 4 ] ],
      [ [ "RAM", 1 ] ],
      [ [ "plut_cell", 4 ] ],
      [ [ "processor", 1 ] ],
      [ [ "cable", 1 ] ],
      [ [ "power_supply", 1 ] ],
      [ [ "e_scrap", 1 ] ],
      [ [ "scrap", 2 ] ]
    ]
  },
  {
    "abstract": "bot_medibot_base",
    "activity_level": "LIGHT_EXERCISE",
    "type": "recipe",
    "category": "CC_ELECTRONIC",
    "subcategory": "CSC_ELECTRONIC_OTHER",
    "skill_used": "electronics",
    "skills_required": [ [ "firstaid", 4 ], [ "computer", 5 ] ],
    "difficulty": 6,
    "time": "25 m",
    "reversible": false,
    "book_learn": [ [ "recipe_lab_elec", 6 ], [ "textbook_robots", 7 ] ],
    "tools": [ [ [ "electrohack", 20 ] ] ],
    "using": [ [ "soldering_standard", 20 ], [ "welding_standard", 5 ] ],
    "qualities": [ { "id": "SCREW", "level": 1 }, { "id": "WRENCH", "level": 1 } ]
  },
  {
    "result": "bot_medibot_assassin",
    "activity_level": "LIGHT_EXERCISE",
    "type": "recipe",
    "id_suffix": "from_parts",
    "copy-from": "bot_medibot_base",
    "components": [
      [ [ "broken_medibot_disarmed", 1 ] ],
      [ [ "robopart_pharma", 1 ] ],
      [ [ "spike", 8 ] ],
      [ [ "plastic_chunk", 4 ] ],
      [ [ "RAM", 2 ] ],
      [ [ "processor", 2 ] ],
      [ [ "cable", 1 ] ],
      [ [ "power_supply", 2 ] ],
      [ [ "e_scrap", 3 ] ],
      [ [ "scrap", 2 ] ]
    ]
  },
  {
    "result": "bot_medibot_assassin",
    "activity_level": "LIGHT_EXERCISE",
    "type": "recipe",
    "id_suffix": "repair",
    "copy-from": "bot_medibot_base",
    "components": [
      [ [ "broken_medibot_assassin", 1 ] ],
      [ [ "RAM", 1 ] ],
      [ [ "plut_cell", 4 ] ],
      [ [ "processor", 1 ] ],
      [ [ "cable", 1 ] ],
      [ [ "power_supply", 1 ] ],
      [ [ "e_scrap", 1 ] ],
      [ [ "scrap", 2 ] ]
    ]
  },
  {
    "result": "bot_medibot_elixir",
    "activity_level": "LIGHT_EXERCISE",
    "type": "recipe",
    "id_suffix": "from_parts",
    "copy-from": "bot_medibot_base",
    "components": [
      [ [ "broken_medibot_disarmed", 1 ] ],
      [ [ "robopart_microreactor", 1 ] ],
      [ [ "robopart_pharma", 1 ] ],
      [ [ "metal_tank_little", 4 ] ],
      [ [ "hose", 4 ] ],
      [ [ "element", 4 ] ],
      [ [ "plastic_chunk", 4 ] ],
      [ [ "RAM", 2 ] ],
      [ [ "processor", 2 ] ],
      [ [ "cable", 1 ] ],
      [ [ "power_supply", 2 ] ],
      [ [ "e_scrap", 3 ] ],
      [ [ "scrap", 2 ] ]
    ]
  },
  {
    "result": "bot_medibot_elixir",
    "activity_level": "LIGHT_EXERCISE",
    "type": "recipe",
    "id_suffix": "repair",
    "copy-from": "bot_medibot_base",
    "components": [
      [ [ "broken_medibot_elixir", 1 ] ],
      [ [ "RAM", 1 ] ],
      [ [ "plut_cell", 4 ] ],
      [ [ "processor", 1 ] ],
      [ [ "cable", 1 ] ],
      [ [ "power_supply", 1 ] ],
      [ [ "e_scrap", 1 ] ],
      [ [ "scrap", 2 ] ]
    ]
  },
  {
    "result": "bot_medibot_party",
    "activity_level": "LIGHT_EXERCISE",
    "type": "recipe",
    "id_suffix": "from_parts",
    "copy-from": "bot_medibot_base",
    "components": [
      [ [ "broken_medibot_disarmed", 1 ] ],
      [ [ "robopart_pharma", 1 ] ],
      [ [ "lightstrip_inactive", 4 ] ],
      [ [ "plastic_chunk", 4 ] ],
      [ [ "RAM", 2 ] ],
      [ [ "processor", 2 ] ],
      [ [ "cable", 1 ] ],
      [ [ "power_supply", 2 ] ],
      [ [ "e_scrap", 3 ] ],
      [ [ "scrap", 2 ] ]
    ]
  },
  {
    "result": "bot_medibot_party",
    "activity_level": "LIGHT_EXERCISE",
    "type": "recipe",
    "id_suffix": "repair",
    "copy-from": "bot_medibot_base",
    "components": [
      [ [ "broken_medibot_party", 1 ] ],
      [ [ "RAM", 1 ] ],
      [ [ "plut_cell", 4 ] ],
      [ [ "processor", 1 ] ],
      [ [ "cable", 1 ] ],
      [ [ "power_supply", 1 ] ],
      [ [ "e_scrap", 1 ] ],
      [ [ "scrap", 2 ] ]
    ]
  },
  {
    "abstract": "bot_skitterbot_base",
    "activity_level": "LIGHT_EXERCISE",
    "type": "recipe",
    "category": "CC_ELECTRONIC",
    "subcategory": "CSC_ELECTRONIC_OTHER",
    "skill_used": "electronics",
    "skills_required": [ [ "mechanics", 4 ], [ "computer", 5 ] ],
    "difficulty": 6,
    "time": "25 m",
    "reversible": false,
    "book_learn": [ [ "mag_robotics", 3 ], [ "recipe_lab_elec", 6 ], [ "textbook_robots", 7 ] ],
    "tools": [ [ [ "electrohack", 20 ] ] ],
    "using": [ [ "soldering_standard", 20 ] ],
    "qualities": [ { "id": "SCREW", "level": 1 }, { "id": "WRENCH", "level": 1 } ]
  },
  {
    "result": "bot_skitterbot_rat",
    "activity_level": "LIGHT_EXERCISE",
    "type": "recipe",
    "id_suffix": "from_parts",
    "copy-from": "bot_skitterbot_base",
    "components": [
      [ [ "broken_skitterbot_disarmed", 1 ] ],
      [ [ "robopart_tazer", 1 ] ],
      [ [ "RAM", 1 ] ],
      [ [ "processor", 1 ] ],
      [ [ "cable", 1 ] ],
      [ [ "power_supply", 1 ] ],
      [ [ "e_scrap", 3 ] ],
      [ [ "scrap", 2 ] ]
    ]
  },
  {
    "result": "bot_skitterbot_rat",
    "activity_level": "LIGHT_EXERCISE",
    "type": "recipe",
    "id_suffix": "repair",
    "copy-from": "bot_skitterbot_base",
    "components": [
      [ [ "broken_skitterbot_rat", 1 ] ],
      [ [ "RAM", 1 ] ],
      [ [ "plut_cell", 2 ] ],
      [ [ "processor", 1 ] ],
      [ [ "cable", 1 ] ],
      [ [ "power_supply", 1 ] ],
      [ [ "e_scrap", 1 ] ],
      [ [ "scrap", 2 ] ]
    ]
  },
  {
    "result": "bot_skitterbot_grab",
    "activity_level": "LIGHT_EXERCISE",
    "type": "recipe",
    "id_suffix": "from_parts",
    "copy-from": "bot_skitterbot_base",
    "components": [
      [ [ "broken_skitterbot_disarmed", 1 ] ],
      [ [ "clockworks", 5 ] ],
      [ [ "motor_micro", 2 ] ],
      [ [ "RAM", 1 ] ],
      [ [ "processor", 1 ] ],
      [ [ "cable", 1 ] ],
      [ [ "power_supply", 1 ] ],
      [ [ "e_scrap", 3 ] ],
      [ [ "scrap", 2 ] ]
    ]
  },
  {
    "result": "bot_skitterbot_grab",
    "activity_level": "LIGHT_EXERCISE",
    "type": "recipe",
    "id_suffix": "repair",
    "copy-from": "bot_skitterbot_base",
    "components": [
      [ [ "broken_skitterbot_grab", 1 ] ],
      [ [ "RAM", 1 ] ],
      [ [ "plut_cell", 2 ] ],
      [ [ "processor", 1 ] ],
      [ [ "cable", 1 ] ],
      [ [ "power_supply", 1 ] ],
      [ [ "e_scrap", 1 ] ],
      [ [ "scrap", 2 ] ]
    ]
  },
  {
    "result": "bot_skitterbot_hunter",
    "activity_level": "LIGHT_EXERCISE",
    "type": "recipe",
    "id_suffix": "from_parts",
    "copy-from": "bot_skitterbot_base",
    "components": [
      [ [ "broken_skitterbot_disarmed", 1 ] ],
      [ [ "robopart_8x40mm", 1 ] ],
      [ [ "lens", 2 ] ],
      [ [ "RAM", 1 ] ],
      [ [ "processor", 1 ] ],
      [ [ "cable", 1 ] ],
      [ [ "power_supply", 1 ] ],
      [ [ "e_scrap", 3 ] ],
      [ [ "scrap", 2 ] ]
    ]
  },
  {
    "result": "bot_skitterbot_hunter",
    "activity_level": "LIGHT_EXERCISE",
    "type": "recipe",
    "id_suffix": "repair",
    "copy-from": "bot_skitterbot_base",
    "components": [
      [ [ "broken_skitterbot_hunter", 1 ] ],
      [ [ "RAM", 1 ] ],
      [ [ "plut_cell", 2 ] ],
      [ [ "processor", 1 ] ],
      [ [ "cable", 1 ] ],
      [ [ "power_supply", 1 ] ],
      [ [ "e_scrap", 1 ] ],
      [ [ "scrap", 2 ] ]
    ]
  },
  {
    "abstract": "bot_cyborg_base",
    "activity_level": "LIGHT_EXERCISE",
    "type": "recipe",
    "category": "CC_ELECTRONIC",
    "subcategory": "CSC_ELECTRONIC_OTHER",
    "skill_used": "electronics",
    "skills_required": [ [ "firstaid", 6 ], [ "computer", 5 ] ],
    "difficulty": 8,
    "time": "250 m",
    "reversible": false,
    "book_learn": [ [ "recipe_lab_elec", 6 ], [ "textbook_robots", 7 ] ],
    "tools": [ [ [ "electrohack", 20 ] ] ],
    "using": [ [ "soldering_standard", 20 ], [ "welding_standard", 5 ] ],
    "qualities": [ { "id": "SCREW", "level": 1 }, { "id": "CUT_FINE", "level": 3 }, { "id": "WRENCH", "level": 1 } ]
  },
  {
    "result": "bot_cyborg_necro",
    "activity_level": "LIGHT_EXERCISE",
    "type": "recipe",
    "id_suffix": "from_parts",
    "copy-from": "bot_cyborg_base",
    "components": [
      [ [ "broken_broken_cyborg", 1 ] ],
      [ [ "necro_head", 1 ] ],
      [ [ "RAM", 3 ] ],
      [ [ "processor", 2 ] ],
      [ [ "cable", 1 ] ],
      [ [ "power_supply", 4 ] ],
      [ [ "e_scrap", 4 ] ],
      [ [ "plastic_chunk", 4 ] ],
      [ [ "scrap", 4 ] ]
    ]
  },
  {
    "result": "bot_cyborg_necro",
    "activity_level": "LIGHT_EXERCISE",
    "type": "recipe",
    "id_suffix": "repair",
    "copy-from": "bot_cyborg_base",
    "components": [
      [ [ "broken_cyborg_necro", 1 ] ],
      [ [ "plut_cell", 4 ] ],
      [ [ "RAM", 1 ] ],
      [ [ "processor", 1 ] ],
      [ [ "cable", 1 ] ],
      [ [ "power_supply", 1 ] ],
      [ [ "e_scrap", 1 ] ],
      [ [ "scrap", 2 ] ]
    ]
  },
  {
    "abstract": "bot_defbot_base",
    "activity_level": "LIGHT_EXERCISE",
    "type": "recipe",
    "category": "CC_ELECTRONIC",
    "subcategory": "CSC_ELECTRONIC_OTHER",
    "skill_used": "electronics",
    "skills_required": [ [ "mechanics", 4 ], [ "computer", 5 ] ],
    "difficulty": 6,
    "time": "25 m",
    "reversible": false,
    "book_learn": [ [ "recipe_lab_elec", 6 ], [ "textbook_robots", 7 ] ],
    "tools": [ [ [ "electrohack", 20 ] ] ],
    "using": [ [ "soldering_standard", 20 ], [ "welding_standard", 5 ] ],
    "qualities": [ { "id": "SCREW", "level": 1 }, { "id": "WRENCH", "level": 1 } ]
  },
  {
    "result": "bot_defbot_cowboy",
    "activity_level": "LIGHT_EXERCISE",
    "type": "recipe",
    "id_suffix": "from_parts",
    "copy-from": "bot_defbot_base",
    "components": [
      [ [ "broken_defbot_disarmed", 1 ] ],
      [ [ "robopart_shot", 1 ] ],
      [ [ "circsaw_off", 1 ] ],
      [ [ "cowboy_hat", 1 ] ],
      [ [ "RAM", 2 ] ],
      [ [ "processor", 2 ] ],
      [ [ "cable", 1 ] ],
      [ [ "power_supply", 3 ] ],
      [ [ "e_scrap", 3 ] ],
      [ [ "scrap", 2 ] ]
    ]
  },
  {
    "result": "bot_defbot_cowboy",
    "activity_level": "LIGHT_EXERCISE",
    "type": "recipe",
    "id_suffix": "repair",
    "copy-from": "bot_defbot_base",
    "components": [
      [ [ "broken_defbot_cowboy", 1 ] ],
      [ [ "plut_cell", 4 ] ],
      [ [ "RAM", 1 ] ],
      [ [ "processor", 2 ] ],
      [ [ "cable", 1 ] ],
      [ [ "power_supply", 1 ] ],
      [ [ "e_scrap", 2 ] ],
      [ [ "scrap", 4 ] ]
    ]
  },
  {
    "result": "bot_defbot_samurai",
    "activity_level": "LIGHT_EXERCISE",
    "type": "recipe",
    "id_suffix": "from_parts",
    "copy-from": "bot_defbot_base",
    "components": [
      [ [ "broken_defbot_disarmed", 1 ] ],
      [ [ "robopart_microreactor", 1 ] ],
      [ [ "blade", 2 ] ],
      [ [ "wire_barbed", 5 ] ],
      [ [ "small_storage_battery", 2 ] ],
      [ [ "RAM", 2 ] ],
      [ [ "processor", 2 ] ],
      [ [ "cable", 1 ] ],
      [ [ "power_supply", 3 ] ],
      [ [ "e_scrap", 3 ] ],
      [ [ "scrap", 2 ] ]
    ]
  },
  {
    "result": "bot_defbot_samurai",
    "activity_level": "LIGHT_EXERCISE",
    "type": "recipe",
    "id_suffix": "repair",
    "copy-from": "bot_defbot_base",
    "components": [
      [ [ "broken_defbot_samurai", 1 ] ],
      [ [ "wire_barbed", 3 ] ],
      [ [ "small_storage_battery", 1 ] ],
      [ [ "plut_cell", 4 ] ],
      [ [ "RAM", 1 ] ],
      [ [ "processor", 2 ] ],
      [ [ "cable", 1 ] ],
      [ [ "power_supply", 1 ] ],
      [ [ "e_scrap", 2 ] ],
      [ [ "scrap", 6 ] ]
    ]
  },
  {
    "result": "bot_defbot_paladin",
    "activity_level": "LIGHT_EXERCISE",
    "type": "recipe",
    "id_suffix": "from_parts",
    "copy-from": "bot_defbot_base",
    "components": [
      [ [ "broken_defbot_disarmed", 1 ] ],
      [ [ "flamethrower_simple", 1 ] ],
      [ [ "hose", 2 ] ],
      [ [ "metal_tank", 1 ] ],
      [ [ "nomex", 10 ] ],
      [ [ "RAM", 2 ] ],
      [ [ "processor", 2 ] ],
      [ [ "cable", 1 ] ],
      [ [ "power_supply", 3 ] ],
      [ [ "e_scrap", 3 ] ],
      [ [ "scrap", 2 ] ]
    ]
  },
  {
    "result": "bot_defbot_paladin",
    "activity_level": "LIGHT_EXERCISE",
    "type": "recipe",
    "id_suffix": "repair",
    "copy-from": "bot_defbot_base",
    "components": [
      [ [ "broken_defbot_paladin", 1 ] ],
      [ [ "plut_cell", 4 ] ],
      [ [ "RAM", 1 ] ],
      [ [ "processor", 2 ] ],
      [ [ "cable", 1 ] ],
      [ [ "power_supply", 1 ] ],
      [ [ "e_scrap", 2 ] ],
      [ [ "scrap", 4 ] ]
    ]
  },
  {
    "abstract": "bot_milbot_base",
    "activity_level": "LIGHT_EXERCISE",
    "type": "recipe",
    "category": "CC_ELECTRONIC",
    "subcategory": "CSC_ELECTRONIC_OTHER",
    "skill_used": "electronics",
    "skills_required": [ [ "mechanics", 4 ], [ "computer", 5 ] ],
    "difficulty": 6,
    "time": "25 m",
    "reversible": false,
    "book_learn": [ [ "recipe_lab_elec", 6 ], [ "textbook_robots", 7 ] ],
    "tools": [ [ [ "electrohack", 20 ] ] ],
    "using": [ [ "soldering_standard", 20 ], [ "welding_standard", 5 ] ],
    "qualities": [ { "id": "SCREW", "level": 1 }, { "id": "WRENCH", "level": 1 } ]
  },
  {
    "result": "bot_milbot_gaurdian",
    "activity_level": "LIGHT_EXERCISE",
    "type": "recipe",
    "id_suffix": "from_parts",
    "copy-from": "bot_milbot_base",
    "components": [
      [ [ "broken_milbot_disarmed", 1 ] ],
      [ [ "robopart_9mm", 2 ] ],
      [ [ "RAM", 2 ] ],
      [ [ "processor", 2 ] ],
      [ [ "cable", 1 ] ],
      [ [ "power_supply", 3 ] ],
      [ [ "e_scrap", 3 ] ],
      [ [ "scrap", 2 ] ]
    ]
  },
  {
    "result": "bot_milbot_gaurdian",
    "activity_level": "LIGHT_EXERCISE",
    "type": "recipe",
    "id_suffix": "repair",
    "copy-from": "bot_milbot_base",
    "components": [
      [ [ "broken_milbot_gaurdian", 1 ] ],
      [ [ "plut_cell", 4 ] ],
      [ [ "RAM", 1 ] ],
      [ [ "processor", 2 ] ],
      [ [ "cable", 1 ] ],
      [ [ "power_supply", 1 ] ],
      [ [ "e_scrap", 2 ] ],
      [ [ "scrap", 4 ] ]
    ]
  },
  {
    "result": "bot_milbot_deluxe",
    "activity_level": "LIGHT_EXERCISE",
    "type": "recipe",
    "id_suffix": "from_parts",
    "copy-from": "bot_milbot_base",
    "skills_required": [ [ "fabrication", 6 ], [ "mechanics", 4 ], [ "computer", 5 ] ],
    "components": [
      [ [ "broken_milbot_disarmed", 1 ] ],
      [ [ "robopart_9mm", 2 ] ],
      [ [ "gold_small", 200 ] ],
      [ [ "silver_small", 100 ] ],
      [ [ "RAM", 2 ] ],
      [ [ "processor", 2 ] ],
      [ [ "cable", 1 ] ],
      [ [ "power_supply", 3 ] ],
      [ [ "e_scrap", 3 ] ],
      [ [ "scrap", 2 ] ]
    ]
  },
  {
    "result": "bot_milbot_deluxe",
    "activity_level": "LIGHT_EXERCISE",
    "type": "recipe",
    "id_suffix": "repair",
    "copy-from": "bot_milbot_base",
    "components": [
      [ [ "broken_milbot_deluxe", 1 ] ],
      [ [ "plut_cell", 4 ] ],
      [ [ "gold_small", 100 ] ],
      [ [ "RAM", 1 ] ],
      [ [ "processor", 2 ] ],
      [ [ "cable", 1 ] ],
      [ [ "power_supply", 1 ] ],
      [ [ "e_scrap", 2 ] ],
      [ [ "scrap", 4 ] ]
    ]
  },
  {
    "result": "bot_milbot_protector",
    "activity_level": "LIGHT_EXERCISE",
    "type": "recipe",
    "id_suffix": "from_parts",
    "copy-from": "bot_milbot_base",
    "components": [
      [ [ "broken_milbot_disarmed", 1 ] ],
      [ [ "robopart_556", 1 ] ],
      [ [ "RAM", 2 ] ],
      [ [ "processor", 2 ] ],
      [ [ "cable", 1 ] ],
      [ [ "power_supply", 3 ] ],
      [ [ "e_scrap", 3 ] ],
      [ [ "scrap", 2 ] ]
    ]
  },
  {
    "result": "bot_milbot_protector",
    "activity_level": "LIGHT_EXERCISE",
    "type": "recipe",
    "id_suffix": "repair",
    "copy-from": "bot_milbot_base",
    "components": [
      [ [ "broken_milbot_protector", 1 ] ],
      [ [ "plut_cell", 4 ] ],
      [ [ "RAM", 1 ] ],
      [ [ "processor", 2 ] ],
      [ [ "cable", 1 ] ],
      [ [ "power_supply", 1 ] ],
      [ [ "e_scrap", 2 ] ],
      [ [ "scrap", 4 ] ]
    ]
  },
  {
    "result": "bot_milbot_defender",
    "activity_level": "LIGHT_EXERCISE",
    "type": "recipe",
    "id_suffix": "from_parts",
    "copy-from": "bot_milbot_base",
    "components": [
      [ [ "broken_milbot_disarmed", 1 ] ],
      [ [ "robopart_50bmg", 1 ] ],
      [ [ "RAM", 2 ] ],
      [ [ "processor", 2 ] ],
      [ [ "cable", 1 ] ],
      [ [ "power_supply", 3 ] ],
      [ [ "e_scrap", 3 ] ],
      [ [ "scrap", 2 ] ]
    ]
  },
  {
    "result": "bot_milbot_defender",
    "activity_level": "LIGHT_EXERCISE",
    "type": "recipe",
    "id_suffix": "repair",
    "copy-from": "bot_milbot_base",
    "components": [
      [ [ "broken_milbot_gaurdian", 1 ] ],
      [ [ "plut_cell", 4 ] ],
      [ [ "RAM", 1 ] ],
      [ [ "processor", 2 ] ],
      [ [ "cable", 1 ] ],
      [ [ "power_supply", 1 ] ],
      [ [ "e_scrap", 2 ] ],
      [ [ "scrap", 4 ] ]
    ]
  },
  {
    "abstract": "bot_advbot_base",
    "activity_level": "LIGHT_EXERCISE",
    "type": "recipe",
    "category": "CC_ELECTRONIC",
    "subcategory": "CSC_ELECTRONIC_OTHER",
    "skill_used": "electronics",
    "skills_required": [ [ "mechanics", 4 ], [ "computer", 5 ] ],
    "difficulty": 6,
    "time": "25 m",
    "reversible": false,
    "book_learn": [ [ "recipe_lab_elec", 6 ], [ "textbook_robots", 7 ] ],
    "tools": [ [ [ "electrohack", 50 ] ] ],
    "using": [ [ "soldering_standard", 20 ], [ "welding_standard", 5 ] ],
    "qualities": [ { "id": "SCREW", "level": 1 }, { "id": "WRENCH", "level": 1 } ]
  },
  {
    "result": "bot_advbot_glitter",
    "activity_level": "LIGHT_EXERCISE",
    "type": "recipe",
    "id_suffix": "from_parts",
    "copy-from": "bot_advbot_base",
    "components": [
      [ [ "broken_advbot_disarmed", 1 ] ],
      [ [ "robopart_laser", 2 ] ],
      [ [ "robopart_microreactor", 2 ] ],
      [ [ "small_storage_battery", 4 ] ],
      [ [ "lens", 4 ] ],
      [ [ "lightstrip_inactive", 8 ] ],
      [ [ "RAM", 2 ] ],
      [ [ "processor", 2 ] ],
      [ [ "cable", 1 ] ],
      [ [ "power_supply", 3 ] ],
      [ [ "e_scrap", 3 ] ],
      [ [ "scrap", 2 ] ]
    ]
  },
  {
    "result": "bot_advbot_glitter",
    "activity_level": "LIGHT_EXERCISE",
    "type": "recipe",
    "id_suffix": "repair",
    "copy-from": "bot_advbot_base",
    "components": [
      [ [ "broken_advbot_glitter", 1 ] ],
      [ [ "plut_cell", 4 ] ],
      [ [ "lens", 2 ] ],
      [ [ "RAM", 1 ] ],
      [ [ "processor", 2 ] ],
      [ [ "cable", 1 ] ],
      [ [ "power_supply", 1 ] ],
      [ [ "e_scrap", 2 ] ],
      [ [ "scrap", 4 ] ]
    ]
  },
  {
    "result": "bot_advbot_bitter",
    "activity_level": "LIGHT_EXERCISE",
    "type": "recipe",
    "id_suffix": "from_parts",
    "copy-from": "bot_advbot_base",
    "components": [
      [ [ "broken_advbot_disarmed", 1 ] ],
      [ [ "robopart_acid", 1 ] ],
      [ [ "robopart_microreactor", 1 ] ],
      [ [ "metal_tank_little", 2 ] ],
      [ [ "hose", 4 ] ],
      [ [ "RAM", 2 ] ],
      [ [ "processor", 2 ] ],
      [ [ "cable", 1 ] ],
      [ [ "power_supply", 3 ] ],
      [ [ "e_scrap", 3 ] ],
      [ [ "scrap", 2 ] ]
    ]
  },
  {
    "result": "bot_advbot_bitter",
    "activity_level": "LIGHT_EXERCISE",
    "type": "recipe",
    "id_suffix": "repair",
    "copy-from": "bot_advbot_base",
    "components": [
      [ [ "broken_advbot_bitter", 1 ] ],
      [ [ "plut_cell", 4 ] ],
      [ [ "hose", 2 ] ],
      [ [ "RAM", 1 ] ],
      [ [ "processor", 2 ] ],
      [ [ "cable", 1 ] ],
      [ [ "power_supply", 1 ] ],
      [ [ "e_scrap", 2 ] ],
      [ [ "scrap", 4 ] ]
    ]
  },
  {
    "abstract": "bot_chickenbot_base",
    "activity_level": "LIGHT_EXERCISE",
    "type": "recipe",
    "category": "CC_ELECTRONIC",
    "subcategory": "CSC_ELECTRONIC_OTHER",
    "skill_used": "electronics",
    "skills_required": [ [ "mechanics", 4 ], [ "computer", 5 ] ],
    "difficulty": 6,
    "time": "25 m",
    "reversible": false,
    "book_learn": [ [ "recipe_lab_elec", 6 ], [ "textbook_robots", 7 ] ],
    "tools": [ [ [ "electrohack", 50 ] ] ],
    "using": [ [ "soldering_standard", 20 ], [ "welding_standard", 10 ] ],
    "qualities": [ { "id": "SCREW", "level": 1 }, { "id": "WRENCH", "level": 1 } ]
  },
  {
    "result": "bot_chickenbot_horror",
    "activity_level": "LIGHT_EXERCISE",
    "type": "recipe",
    "id_suffix": "from_parts",
    "copy-from": "bot_chickenbot_base",
    "components": [
      [ [ "broken_chickenbot_disarmed", 1 ] ],
      [ [ "etched_skull", 6 ] ],
      [ [ "elec_chainsaw_off", 2 ] ],
      [ [ "spiked_plate", 2 ] ],
      [ [ "stereo", 1 ] ],
      [ [ "RAM", 2 ] ],
      [ [ "processor", 2 ] ],
      [ [ "cable", 1 ] ],
      [ [ "power_supply", 3 ] ],
      [ [ "e_scrap", 3 ] ],
      [ [ "scrap", 2 ] ]
    ]
  },
  {
    "result": "bot_chickenbot_horror",
    "activity_level": "LIGHT_EXERCISE",
    "type": "recipe",
    "id_suffix": "repair",
    "copy-from": "bot_chickenbot_base",
    "components": [
      [ [ "broken_chickenbot_horror", 1 ] ],
      [ [ "etched_skull", 1 ] ],
      [ [ "spiked_plate", 1 ] ],
      [ [ "plut_cell", 4 ] ],
      [ [ "RAM", 1 ] ],
      [ [ "processor", 2 ] ],
      [ [ "cable", 1 ] ],
      [ [ "power_supply", 1 ] ],
      [ [ "e_scrap", 2 ] ],
      [ [ "scrap", 4 ] ]
    ]
  },
  {
    "result": "bot_chickenbot_terror",
    "activity_level": "LIGHT_EXERCISE",
    "type": "recipe",
    "id_suffix": "from_parts",
    "copy-from": "bot_chickenbot_base",
    "components": [
      [ [ "broken_chickenbot_disarmed", 1 ] ],
      [ [ "etched_skull", 6 ] ],
      [ [ "motor_small", 2 ] ],
      [ [ "spiked_plate", 1 ] ],
      [ [ "spear_steel", 2 ] ],
      [ [ "stereo", 1 ] ],
      [ [ "RAM", 2 ] ],
      [ [ "processor", 2 ] ],
      [ [ "cable", 1 ] ],
      [ [ "power_supply", 3 ] ],
      [ [ "e_scrap", 3 ] ],
      [ [ "scrap", 2 ] ]
    ]
  },
  {
    "result": "bot_chickenbot_terror",
    "activity_level": "LIGHT_EXERCISE",
    "type": "recipe",
    "id_suffix": "repair",
    "copy-from": "bot_chickenbot_base",
    "components": [
      [ [ "broken_chickenbot_terror", 1 ] ],
      [ [ "etched_skull", 1 ] ],
      [ [ "spiked_plate", 1 ] ],
      [ [ "plut_cell", 4 ] ],
      [ [ "RAM", 1 ] ],
      [ [ "processor", 2 ] ],
      [ [ "cable", 1 ] ],
      [ [ "power_supply", 1 ] ],
      [ [ "e_scrap", 2 ] ],
      [ [ "scrap", 4 ] ]
    ]
  },
  {
    "result": "bot_chickenbot_nightmare",
    "activity_level": "LIGHT_EXERCISE",
    "type": "recipe",
    "id_suffix": "from_parts",
    "copy-from": "bot_chickenbot_base",
    "components": [
      [ [ "broken_chickenbot_disarmed", 1 ] ],
      [ [ "etched_skull", 6 ] ],
      [ [ "motor_small", 2 ] ],
      [ [ "grapnel", 4 ] ],
      [ [ "chain", 4 ] ],
      [ [ "spiked_plate", 2 ] ],
      [ [ "stereo", 1 ] ],
      [ [ "RAM", 2 ] ],
      [ [ "processor", 2 ] ],
      [ [ "cable", 1 ] ],
      [ [ "power_supply", 3 ] ],
      [ [ "e_scrap", 3 ] ],
      [ [ "scrap", 2 ] ]
    ]
  },
  {
    "result": "bot_chickenbot_nightmare",
    "activity_level": "LIGHT_EXERCISE",
    "type": "recipe",
    "id_suffix": "repair",
    "copy-from": "bot_chickenbot_base",
    "components": [
      [ [ "broken_chickenbot_nightmare", 1 ] ],
      [ [ "etched_skull", 1 ] ],
      [ [ "spiked_plate", 1 ] ],
      [ [ "plut_cell", 4 ] ],
      [ [ "RAM", 1 ] ],
      [ [ "processor", 2 ] ],
      [ [ "cable", 1 ] ],
      [ [ "power_supply", 1 ] ],
      [ [ "e_scrap", 2 ] ],
      [ [ "scrap", 4 ] ]
    ]
  },
  {
    "abstract": "bot_tankbot_base",
    "activity_level": "LIGHT_EXERCISE",
    "type": "recipe",
    "category": "CC_ELECTRONIC",
    "subcategory": "CSC_ELECTRONIC_OTHER",
    "skill_used": "electronics",
    "skills_required": [ [ "mechanics", 4 ], [ "computer", 5 ] ],
    "difficulty": 6,
    "time": "25 m",
    "reversible": false,
    "book_learn": [ [ "recipe_lab_elec", 6 ], [ "textbook_robots", 7 ] ],
    "tools": [ [ [ "electrohack", 50 ] ] ],
    "using": [ [ "soldering_standard", 20 ], [ "welding_standard", 10 ] ],
    "qualities": [ { "id": "SCREW", "level": 1 }, { "id": "WRENCH", "level": 1 } ]
  },
  {
    "result": "bot_tankbot_king",
    "activity_level": "LIGHT_EXERCISE",
    "type": "recipe",
    "id_suffix": "from_parts",
    "copy-from": "bot_tankbot_base",
    "components": [
      [ [ "broken_tankbot_disarmed", 1 ] ],
      [ [ "motor", 2 ] ],
      [ [ "steel_plate", 6 ] ],
      [ [ "RAM", 2 ] ],
      [ [ "processor", 2 ] ],
      [ [ "cable", 1 ] ],
      [ [ "power_supply", 3 ] ],
      [ [ "e_scrap", 3 ] ],
      [ [ "scrap", 2 ] ]
    ]
  },
  {
    "result": "bot_tankbot_king",
    "activity_level": "LIGHT_EXERCISE",
    "type": "recipe",
    "id_suffix": "repair",
    "copy-from": "bot_tankbot_base",
    "components": [
      [ [ "broken_tankbot_king", 1 ] ],
      [ [ "steel_plate", 2 ] ],
      [ [ "plut_cell", 4 ] ],
      [ [ "RAM", 1 ] ],
      [ [ "processor", 2 ] ],
      [ [ "cable", 1 ] ],
      [ [ "power_supply", 1 ] ],
      [ [ "e_scrap", 2 ] ],
      [ [ "scrap", 4 ] ]
    ]
  },
  {
    "result": "bot_tankbot_sultan",
    "activity_level": "LIGHT_EXERCISE",
    "type": "recipe",
    "id_suffix": "from_parts",
    "copy-from": "bot_tankbot_base",
    "components": [
      [ [ "broken_tankbot_disarmed", 1 ] ],
      [ [ "robopart_microreactor", 1 ] ],
      [ [ "motor", 2 ] ],
      [ [ "steel_plate", 6 ] ],
      [ [ "RAM", 2 ] ],
      [ [ "processor", 2 ] ],
      [ [ "cable", 1 ] ],
      [ [ "power_supply", 3 ] ],
      [ [ "e_scrap", 3 ] ],
      [ [ "scrap", 2 ] ]
    ]
  },
  {
    "result": "bot_tankbot_sultan",
    "activity_level": "LIGHT_EXERCISE",
    "type": "recipe",
    "id_suffix": "repair",
    "copy-from": "bot_tankbot_base",
    "components": [
      [ [ "broken_tankbot_sultan", 1 ] ],
      [ [ "steel_plate", 2 ] ],
      [ [ "plut_cell", 4 ] ],
      [ [ "RAM", 1 ] ],
      [ [ "processor", 2 ] ],
      [ [ "cable", 1 ] ],
      [ [ "power_supply", 1 ] ],
      [ [ "e_scrap", 2 ] ],
      [ [ "scrap", 4 ] ]
    ]
  }
]
