[
  {
    "id": "robogun_nail",
    "type": "GUN",
    "copy-from": "fake_item",
    "name": { "str": "integral nailgun" },
    "description": "This is a pseudo item for monster attacks. If you see this, it's a bug.",
    "flags": [ "NEVER_JAMS" ],
    "ammo_effects": [ "NEVER_MISFIRES", "NOGIB" ],
    "skill": "smg",
    "range": 7,
    "ranged_damage": { "damage_type": "stab", "amount": 6, "armor_penetration": 3 },
    "dispersion": 300,
    "durability": 10,
    "loudness": 5,
    "modes": [ [ "AUTO", "auto", 5 ] ]
  },
  {
    "id": "robogun_crossbow",
    "type": "GUN",
    "copy-from": "fake_item",
    "name": { "str": "mounted crossbow" },
    "description": "This is a pseudo item for monster attacks. If you see this, it's a bug.",
    "flags": [ "NEVER_JAMS" ],
    "ammo_effects": [ "NEVER_MISFIRES", "NOGIB" ],
    "skill": "archery",
    "range": 7,
    "ranged_damage": { "damage_type": "stab", "amount": 15, "armor_penetration": 7 },
    "dispersion": 300,
    "durability": 10,
    "loudness": 1,
    "modes": [ [ "DEFAULT", "single", 1 ] ]
  },
  {
    "id": "robogun_paintball",
    "type": "GUN",
    "copy-from": "fake_item",
    "name": { "str": "integral paintball gun" },
    "description": "This is a pseudo item for monster attacks. If you see this, it's a bug.",
    "flags": [ "NEVER_JAMS" ],
    "ammo_effects": [ "NEVER_MISFIRES", "NOGIB" ],
    "skill": "launcher",
    "range": 10,
    "ranged_damage": { "damage_type": "stab", "amount": 4, "armor_penetration": 3 },
    "dispersion": 300,
    "durability": 10,
    "loudness": 1,
    "modes": [ [ "DEFAULT", "single", 1 ] ]
  },
  {
    "id": "robogun_blob",
    "type": "GUN",
    "copy-from": "fake_item",
    "name": { "str": "Vortical plasma beam" },
    "description": "This is a pseudo item for monster attacks. If you see this, it's a bug.",
    "flags": [ "NEVER_JAMS" ],
    "ammo_effects": [ "NEVER_MISFIRES", "MUZZLESMOKE", "LARGE_BEANBAG" ],
    "skill": "rifle",
    "range": 30,
    "ranged_damage": { "damage_type": "stab", "amount": 5, "armor_penetration": 4 },
    "dispersion": 50,
    "durability": 10,
    "loudness": 15,
    "modes": [ [ "DEFAULT", "single", 1 ] ]
  }
]
