[
  {
    "result": "necro_head",
    "activity_level": "NO_EXERCISE",
    "type": "uncraft",
    "skill_used": "fabrication",
    "difficulty": 1,
    "time": "1 m",
    "qualities": [ { "id": "CUT", "level": 1 } ],
    "components": [ [ [ "etched_skull", 1 ] ] ]
  },
  {
    "result": "broken_light_hack",
    "activity_level": "NO_EXERCISE",
    "type": "uncraft",
    "skill_used": "electronics",
    "difficulty": 4,
    "time": "2 m",
    "using": [ [ "soldering_standard", 5 ] ],
    "qualities": [ { "id": "SCREW", "level": 1 } ],
    "components": [
      [ [ "lightstrip_inactive", 2 ] ],
      [ [ "ai_module_basic", 1 ] ],
      [ [ "small_storage_battery", 1 ] ],
      [ [ "scrap", 1 ] ],
      [ [ "quad_rotors", 1 ] ],
      [ [ "sensor_module", 1 ] ],
      [ [ "identification_module", 1 ] ]
    ]
  },
  {
    "result": "broken_distract_hack",
    "activity_level": "NO_EXERCISE",
    "type": "uncraft",
    "skill_used": "electronics",
    "difficulty": 4,
    "time": "2 m",
    "using": [ [ "soldering_standard", 5 ] ],
    "qualities": [ { "id": "SCREW", "level": 1 } ],
    "components": [
      [ [ "lightstrip_inactive", 1 ] ],
      [ [ "element", 1 ] ],
      [ [ "ai_module_basic", 1 ] ],
      [ [ "small_storage_battery", 1 ] ],
      [ [ "scrap", 1 ] ],
      [ [ "quad_rotors", 1 ] ],
      [ [ "sensor_module", 1 ] ],
      [ [ "identification_module", 1 ] ]
    ]
  },
  {
    "result": "broken_arson_hack",
    "activity_level": "NO_EXERCISE",
    "type": "uncraft",
    "skill_used": "electronics",
    "difficulty": 4,
    "time": "2 m",
    "using": [ [ "soldering_standard", 5 ] ],
    "qualities": [ { "id": "SCREW", "level": 1 } ],
    "components": [
      [ [ "element", 1 ] ],
      [ [ "ai_module_basic", 1 ] ],
      [ [ "small_storage_battery", 1 ] ],
      [ [ "scrap", 1 ] ],
      [ [ "quad_rotors", 1 ] ],
      [ [ "sensor_module", 1 ] ],
      [ [ "identification_module", 1 ] ]
    ]
  },
  {
    "result": "broken_spore_hack",
    "activity_level": "NO_EXERCISE",
    "type": "uncraft",
    "skill_used": "electronics",
    "difficulty": 4,
    "time": "2 m",
    "using": [ [ "soldering_standard", 5 ] ],
    "qualities": [ { "id": "SCREW", "level": 1 } ],
    "components": [
      [ [ "ai_module_basic", 1 ] ],
      [ [ "small_storage_battery", 1 ] ],
      [ [ "scrap", 1 ] ],
      [ [ "quad_rotors", 1 ] ],
      [ [ "sensor_module", 1 ] ],
      [ [ "identification_module", 1 ] ]
    ]
  },
  {
    "result": "broken_turret_water",
    "activity_level": "NO_EXERCISE",
    "type": "uncraft",
    "skill_used": "electronics",
    "difficulty": 2,
    "time": "3 m",
    "qualities": [ { "id": "SCREW", "level": 1 } ],
    "components": [ [ [ "broken_turret_disarmed", 1 ] ], [ [ "hose", 1 ] ] ]
  },
  {
    "result": "broken_eyebot_heater",
    "activity_level": "LIGHT_EXERCISE",
    "type": "uncraft",
    "skill_used": "electronics",
    "difficulty": 4,
    "time": "30 m",
    "using": [ [ "soldering_standard", 3 ] ],
    "qualities": [ { "id": "SCREW", "level": 1 } ],
    "components": [
      [ [ "broken_eyebot_disarmed", 1 ] ],
      [ [ "robopart_microreactor", 1 ] ],
      [ [ "wire", 3 ] ],
      [ [ "scrap", 4 ] ],
      [ [ "element", 10 ] ]
    ]
  },
  {
    "result": "broken_eyebot_furnace",
    "activity_level": "LIGHT_EXERCISE",
    "type": "uncraft",
    "skill_used": "electronics",
    "difficulty": 4,
    "time": "30 m",
    "using": [ [ "soldering_standard", 3 ] ],
    "qualities": [ { "id": "SCREW", "level": 1 } ],
    "components": [
      [ [ "broken_eyebot_disarmed", 1 ] ],
      [ [ "robopart_microreactor", 2 ] ],
      [ [ "wire", 3 ] ],
      [ [ "scrap", 4 ] ],
      [ [ "element", 10 ] ]
    ]
  },
  {
    "result": "broken_eyebot_burn",
    "activity_level": "LIGHT_EXERCISE",
    "type": "uncraft",
    "skill_used": "electronics",
    "difficulty": 4,
    "time": "30 m",
    "using": [ [ "soldering_standard", 3 ] ],
    "qualities": [ { "id": "SCREW", "level": 1 } ],
    "components": [ [ [ "broken_eyebot_disarmed", 1 ] ], [ [ "robopart_microreactor", 1 ] ], [ [ "robopart_laser", 1 ] ] ]
  },
  {
    "result": "broken_utilibot_butler",
    "activity_level": "LIGHT_EXERCISE",
    "type": "uncraft",
    "skill_used": "fabrication",
    "difficulty": 1,
    "time": "18 s",
    "components": [ [ [ "broken_utilibot", 1 ] ], [ [ "glasses_monocle", 1 ] ], [ [ "tophat", 1 ] ] ]
  },
  {
    "result": "broken_utilibot_const",
    "activity_level": "LIGHT_EXERCISE",
    "type": "uncraft",
    "skill_used": "electronics",
    "difficulty": 4,
    "time": "30 m",
    "using": [ [ "soldering_standard", 3 ] ],
    "qualities": [ { "id": "SCREW", "level": 1 } ],
    "components": [
      [ [ "broken_utilibot", 1 ] ],
      [ [ "elec_jackhammer", 1 ] ],
      [ [ "nailgun", 1 ] ],
      [ [ "circsaw_blade", 6 ] ],
      [ [ "welder", 1 ] ],
      [ [ "weldtank", 1 ] ],
      [ [ "scrap", 5 ] ]
    ]
  },
  {
    "result": "broken_utilibot_fire",
    "activity_level": "LIGHT_EXERCISE",
    "type": "uncraft",
    "skill_used": "fabrication",
    "difficulty": 4,
    "using": [ [ "soldering_standard", 3 ] ],
    "qualities": [ { "id": "SCREW", "level": 1 } ],
    "time": "30 m",
    "components": [
      [ [ "broken_utilibot", 1 ] ],
      [ [ "nomex", 7 ] ],
      [ [ "hose", 4 ] ],
      [ [ "watercannon", 1 ] ],
      [ [ "metal_tank", 2 ] ],
      [ [ "steel_chunk", 3 ] ],
      [ [ "oxygen_tank", 2 ] ]
    ]
  },
  {
    "result": "broken_utilibot_blob",
    "activity_level": "LIGHT_EXERCISE",
    "type": "uncraft",
    "skill_used": "fabrication",
    "difficulty": 4,
    "using": [ [ "soldering_standard", 3 ] ],
    "qualities": [ { "id": "SCREW", "level": 1 } ],
    "time": "30 m",
    "components": [
      [ [ "broken_utilibot", 1 ] ],
      [ [ "robopart_microreactor", 1 ] ],
      [ [ "plastic_chunk", 5 ] ],
      [ [ "metal_tank_little", 3 ] ],
      [ [ "hose", 3 ] ],
      [ [ "element", 4 ] ],
      [ [ "scrap", 7 ] ]
    ]
  },
  {
    "result": "broken_utilibot_slimespring",
    "activity_level": "LIGHT_EXERCISE",
    "type": "uncraft",
    "skill_used": "fabrication",
    "difficulty": 4,
    "using": [ [ "soldering_standard", 3 ] ],
    "qualities": [ { "id": "SCREW", "level": 1 } ],
    "time": "30 m",
    "components": [
      [ [ "broken_utilibot", 1 ] ],
      [ [ "robopart_microreactor", 1 ] ],
      [ [ "metal_tank_little", 3 ] ],
      [ [ "plastic_chunk", 5 ] ],
      [ [ "hose", 3 ] ],
      [ [ "element", 4 ] ],
      [ [ "scrap", 7 ] ]
    ]
  },
  {
    "result": "broken_utilibot_digester",
    "activity_level": "LIGHT_EXERCISE",
    "type": "uncraft",
    "skill_used": "fabrication",
    "difficulty": 4,
    "using": [ [ "soldering_standard", 3 ] ],
    "qualities": [ { "id": "SCREW", "level": 1 } ],
    "time": "30 m",
    "components": [
      [ [ "broken_utilibot", 1 ] ],
      [ [ "robopart_microreactor", 1 ] ],
      [ [ "plastic_chunk", 5 ] ],
      [ [ "hose", 1 ] ],
      [ [ "element", 4 ] ],
      [ [ "metal_tank_little", 2 ] ],
      [ [ "element", 4 ] ],
      [ [ "scrap", 7 ] ]
    ]
  },
  {
    "result": "broken_utilibot_beehive",
    "activity_level": "LIGHT_EXERCISE",
    "type": "uncraft",
    "skill_used": "fabrication",
    "difficulty": 4,
    "using": [ [ "soldering_standard", 3 ] ],
    "qualities": [ { "id": "SCREW", "level": 1 } ],
    "time": "30 m",
    "components": [
      [ [ "broken_utilibot", 1 ] ],
      [ [ "robopart_microreactor", 1 ] ],
      [ [ "stick", 4 ] ],
      [ [ "metal_tank_little", 2 ] ],
      [ [ "scrap", 5 ] ]
    ]
  },
  {
    "result": "broken_medibot_disarmed",
    "activity_level": "LIGHT_EXERCISE",
    "type": "uncraft",
    "skill_used": "fabrication",
    "difficulty": 4,
    "using": [ [ "soldering_standard", 3 ] ],
    "qualities": [ { "id": "SCREW", "level": 1 } ],
    "time": "30 m",
    "components": [
      [ [ "ai_module_advanced", 1 ] ],
      [ [ "self_monitoring_module", 1 ] ],
      [ [ "sensor_module", 1 ] ],
      [ [ "memory_module", 1 ] ],
      [ [ "pathfinding_module", 1 ] ],
      [ [ "identification_module", 1 ] ],
      [ [ "robopart_microreactor", 1 ] ],
      [ [ "power_supply", 2 ] ],
      [ [ "small_storage_battery", 2 ] ],
      [ [ "solar_cell", 2 ] ],
      [ [ "android_chassis", 1 ] ],
      [ [ "android_arms", 2 ] ],
      [ [ "plastic_chunk", 2 ] ],
      [ [ "steel_chunk", 4 ] ]
    ]
  },
  {
    "result": "broken_medibot",
    "activity_level": "LIGHT_EXERCISE",
    "type": "uncraft",
    "skill_used": "fabrication",
    "difficulty": 4,
    "using": [ [ "soldering_standard", 3 ] ],
    "qualities": [ { "id": "SCREW", "level": 1 } ],
    "time": "30 m",
    "components": [
      [ [ "broken_medibot_disarmed", 1 ] ],
      [ [ "robopart_surgery", 1 ] ],
      [ [ "robopart_pharma", 1 ] ],
      [ [ "xlframe", 1 ] ],
      [ [ "e_scrap", 1 ] ],
      [ [ "plastic_chunk", 2 ] ],
      [ [ "steel_chunk", 1 ] ]
    ]
  },
  {
    "result": "broken_medibot_assassin",
    "activity_level": "LIGHT_EXERCISE",
    "type": "uncraft",
    "skill_used": "fabrication",
    "difficulty": 4,
    "using": [ [ "soldering_standard", 3 ] ],
    "qualities": [ { "id": "SCREW", "level": 1 } ],
    "time": "30 m",
    "components": [ [ [ "broken_medibot_disarmed", 1 ] ], [ [ "spike", 4 ] ], [ [ "robopart_pharma", 1 ] ], [ [ "scrap", 4 ] ] ]
  },
  {
    "result": "broken_medibot_elixir",
    "activity_level": "LIGHT_EXERCISE",
    "type": "uncraft",
    "skill_used": "fabrication",
    "difficulty": 4,
    "using": [ [ "soldering_standard", 3 ] ],
    "qualities": [ { "id": "SCREW", "level": 1 } ],
    "time": "30 m",
    "components": [
      [ [ "broken_medibot_disarmed", 1 ] ],
      [ [ "robopart_microreactor", 1 ] ],
      [ [ "robopart_pharma", 1 ] ],
      [ [ "metal_tank_little", 1 ] ],
      [ [ "bottle_glass", 5 ] ],
      [ [ "e_scrap", 1 ] ],
      [ [ "plastic_chunk", 2 ] ],
      [ [ "steel_chunk", 1 ] ]
    ]
  },
  {
    "result": "broken_medibot_party",
    "activity_level": "LIGHT_EXERCISE",
    "type": "uncraft",
    "skill_used": "fabrication",
    "difficulty": 4,
    "using": [ [ "soldering_standard", 3 ] ],
    "qualities": [ { "id": "SCREW", "level": 1 } ],
    "time": "30 m",
    "components": [
      [ [ "broken_medibot_disarmed", 1 ] ],
      [ [ "robopart_pharma", 1 ] ],
      [ [ "metal_tank_little", 1 ] ],
      [ [ "e_scrap", 1 ] ],
      [ [ "lightstrip_inactive", 10 ] ],
      [ [ "scrap", 3 ] ]
    ]
  },
  {
    "result": "broken_skitterbot_rat",
    "activity_level": "LIGHT_EXERCISE",
    "type": "uncraft",
    "skill_used": "fabrication",
    "difficulty": 4,
    "using": [ [ "soldering_standard", 3 ] ],
    "qualities": [ { "id": "SCREW", "level": 1 } ],
    "time": "30 m",
    "components": [ [ [ "broken_skitterbot_disarmed", 1 ] ], [ [ "robopart_tazer", 1 ] ], [ [ "e_scrap", 1 ] ], [ [ "steel_chunk", 3 ] ] ]
  },
  {
    "result": "broken_skitterbot_grab",
    "activity_level": "LIGHT_EXERCISE",
    "type": "uncraft",
    "skill_used": "fabrication",
    "difficulty": 4,
    "using": [ [ "soldering_standard", 3 ] ],
    "qualities": [ { "id": "SCREW", "level": 1 } ],
    "time": "30 m",
    "components": [
      [ [ "broken_skitterbot_disarmed", 1 ] ],
      [ [ "clockworks", 4 ] ],
      [ [ "motor_small", 1 ] ],
      [ [ "e_scrap", 1 ] ],
      [ [ "steel_chunk", 3 ] ]
    ]
  },
  {
    "result": "broken_skitterbot_hunter",
    "activity_level": "LIGHT_EXERCISE",
    "type": "uncraft",
    "skill_used": "fabrication",
    "difficulty": 4,
    "using": [ [ "soldering_standard", 3 ] ],
    "qualities": [ { "id": "SCREW", "level": 1 } ],
    "time": "30 m",
    "components": [
      [ [ "broken_skitterbot_disarmed", 1 ] ],
      [ [ "robopart_8x40mm", 1 ] ],
      [ [ "e_scrap", 1 ] ],
      [ [ "steel_chunk", 3 ] ]
    ]
  },
  {
    "result": "broken_broken_cyborg",
    "activity_level": "LIGHT_EXERCISE",
    "type": "uncraft",
    "skill_used": "electronics",
    "difficulty": 6,
    "time": "120 m",
    "using": [ [ "soldering_standard", 20 ], [ "welding_standard", 5 ] ],
    "qualities": [ { "id": "SCREW", "level": 1 }, { "id": "SAW_M", "level": 1 } ],
    "components": [
      [ [ "robopart_microreactor", 1 ] ],
      [ [ "power_supply", 4 ] ],
      [ [ "small_storage_battery", 3 ] ],
      [ [ "bio_digestion", 1 ] ],
      [ [ "bone", 1 ] ],
      [ [ "android_legs", 1 ] ],
      [ [ "android_chassis", 1 ] ],
      [ [ "android_arms", 1 ] ],
      [ [ "robot_controls", 1 ] ]
    ]
  },
  {
    "result": "broken_cyborg_necro",
    "activity_level": "LIGHT_EXERCISE",
    "type": "uncraft",
    "skill_used": "fabrication",
    "difficulty": 2,
    "time": "3 m",
    "using": [ [ "soldering_standard", 3 ] ],
    "qualities": [ { "id": "SCREW", "level": 1 } ],
    "components": [ [ [ "broken_broken_cyborg", 1 ] ], [ [ "necro_head", 1 ] ] ]
  },
  {
    "result": "broken_defbot_9mm",
    "activity_level": "LIGHT_EXERCISE",
    "type": "uncraft",
    "skill_used": "electronics",
    "difficulty": 4,
    "time": "30 m",
    "using": [ [ "soldering_standard", 3 ] ],
    "qualities": [ { "id": "SCREW", "level": 1 } ],
    "components": [ [ [ "broken_defbot_disarmed", 1 ] ], [ [ "robopart_tazer", 1 ] ], [ [ "robopart_9mm", 1 ] ] ]
  },
  {
    "result": "broken_defbot_shot",
    "activity_level": "LIGHT_EXERCISE",
    "type": "uncraft",
    "skill_used": "electronics",
    "difficulty": 4,
    "time": "30 m",
    "using": [ [ "soldering_standard", 3 ] ],
    "qualities": [ { "id": "SCREW", "level": 1 } ],
    "components": [ [ [ "broken_defbot_disarmed", 1 ] ], [ [ "robopart_tazer", 1 ] ], [ [ "robopart_shot", 1 ] ] ]
  },
  {
    "result": "broken_defbot_riotcontrol",
    "activity_level": "LIGHT_EXERCISE",
    "type": "uncraft",
    "skill_used": "electronics",
    "difficulty": 4,
    "time": "30 m",
    "using": [ [ "soldering_standard", 3 ] ],
    "qualities": [ { "id": "SCREW", "level": 1 } ],
    "components": [
      [ [ "broken_defbot_disarmed", 1 ] ],
      [ [ "robopart_tazer", 1 ] ],
      [ [ "robopart_teargas", 1 ] ],
      [ [ "robopart_beanbag", 1 ] ]
    ]
  },
  {
    "result": "broken_defbot_cowboy",
    "activity_level": "LIGHT_EXERCISE",
    "type": "uncraft",
    "skill_used": "electronics",
    "difficulty": 4,
    "time": "30 m",
    "using": [ [ "soldering_standard", 3 ] ],
    "qualities": [ { "id": "SCREW", "level": 1 } ],
    "components": [
      [ [ "broken_defbot_disarmed", 1 ] ],
      [ [ "robopart_shot", 1 ] ],
      [ [ "circsaw_off", 1 ] ],
      [ [ "cowboy_hat", 1 ] ],
      [ [ "scrap", 5 ] ]
    ]
  },
  {
    "result": "broken_defbot_samurai",
    "activity_level": "LIGHT_EXERCISE",
    "type": "uncraft",
    "skill_used": "electronics",
    "difficulty": 4,
    "time": "30 m",
    "using": [ [ "soldering_standard", 3 ] ],
    "qualities": [ { "id": "SCREW", "level": 1 } ],
    "components": [
      [ [ "broken_defbot_disarmed", 1 ] ],
      [ [ "robopart_microreactor", 1 ] ],
      [ [ "robopart_tazer", 2 ] ],
      [ [ "blade", 1 ] ],
      [ [ "wire_barbed", 2 ] ],
      [ [ "small_storage_battery", 1 ] ],
      [ [ "scrap", 5 ] ]
    ]
  },
  {
    "result": "broken_defbot_paladin",
    "activity_level": "LIGHT_EXERCISE",
    "type": "uncraft",
    "skill_used": "electronics",
    "difficulty": 4,
    "time": "30 m",
    "using": [ [ "soldering_standard", 3 ] ],
    "qualities": [ { "id": "SCREW", "level": 1 } ],
    "components": [
      [ [ "broken_defbot_disarmed", 1 ] ],
      [ [ "flamethrower_simple", 1 ] ],
      [ [ "hose", 1 ] ],
      [ [ "metal_tank", 1 ] ],
      [ [ "nomex", 5 ] ],
      [ [ "scrap", 5 ] ]
    ]
  },
  {
    "result": "broken_milbot_disarmed",
    "activity_level": "LIGHT_EXERCISE",
    "type": "uncraft",
    "skill_used": "electronics",
    "difficulty": 6,
    "time": "120 m",
    "using": [ [ "soldering_standard", 20 ], [ "welding_standard", 5 ] ],
    "qualities": [ { "id": "SCREW", "level": 1 }, { "id": "SAW_M", "level": 1 } ],
    "components": [
      [ [ "ai_module", 1 ] ],
      [ [ "sensor_module", 1 ] ],
      [ [ "memory_module", 1 ] ],
      [ [ "targeting_module", 1 ] ],
      [ [ "gun_module", 1 ] ],
      [ [ "identification_module", 1 ] ],
      [ [ "robot_controls", 1 ] ],
      [ [ "robopart_microreactor", 1 ] ],
      [ [ "power_supply", 4 ] ],
      [ [ "medium_storage_battery", 1 ] ],
      [ [ "motor", 1 ] ],
      [ [ "hdframe", 1 ] ],
      [ [ "omni_wheel", 1 ] ],
      [ [ "sheet_kevlar_layered", 8 ] ],
      [ [ "steel_chunk", 8 ] ]
    ]
  },
  {
    "result": "broken_milbot_trainer",
    "activity_level": "LIGHT_EXERCISE",
    "type": "uncraft",
    "skill_used": "electronics",
    "difficulty": 4,
    "time": "30 m",
    "using": [ [ "soldering_standard", 3 ] ],
    "qualities": [ { "id": "SCREW", "level": 1 } ],
    "components": [ [ [ "broken_milbot_disarmed", 1 ] ], [ [ "robopart_paintball", 1 ] ] ]
  },
  {
    "result": "broken_milbot_556",
    "activity_level": "LIGHT_EXERCISE",
    "type": "uncraft",
    "skill_used": "electronics",
    "difficulty": 4,
    "time": "30 m",
    "using": [ [ "soldering_standard", 3 ] ],
    "qualities": [ { "id": "SCREW", "level": 1 } ],
    "components": [ [ [ "broken_milbot_disarmed", 1 ] ], [ [ "robopart_tazer", 1 ] ], [ [ "robopart_556", 1 ] ] ]
  },
  {
    "result": "broken_milbot_308",
    "activity_level": "LIGHT_EXERCISE",
    "type": "uncraft",
    "skill_used": "electronics",
    "difficulty": 4,
    "time": "30 m",
    "using": [ [ "soldering_standard", 3 ] ],
    "qualities": [ { "id": "SCREW", "level": 1 } ],
    "components": [ [ [ "broken_milbot_disarmed", 1 ] ], [ [ "robopart_tazer", 1 ] ], [ [ "robopart_308", 1 ] ] ]
  },
  {
    "result": "broken_milbot_50bmg",
    "activity_level": "LIGHT_EXERCISE",
    "type": "uncraft",
    "skill_used": "electronics",
    "difficulty": 4,
    "time": "30 m",
    "using": [ [ "soldering_standard", 3 ] ],
    "qualities": [ { "id": "SCREW", "level": 1 } ],
    "components": [ [ [ "broken_milbot_disarmed", 1 ] ], [ [ "robopart_tazer", 1 ] ], [ [ "robopart_50bmg", 1 ] ] ]
  },
  {
    "result": "broken_milbot_8x40mm",
    "activity_level": "LIGHT_EXERCISE",
    "type": "uncraft",
    "skill_used": "electronics",
    "difficulty": 4,
    "time": "30 m",
    "using": [ [ "soldering_standard", 3 ] ],
    "qualities": [ { "id": "SCREW", "level": 1 } ],
    "components": [ [ [ "broken_milbot_disarmed", 1 ] ], [ [ "robopart_tazer", 1 ] ], [ [ "robopart_8x40mm", 1 ] ] ]
  },
  {
    "result": "broken_milbot_needle",
    "activity_level": "LIGHT_EXERCISE",
    "type": "uncraft",
    "skill_used": "electronics",
    "difficulty": 4,
    "time": "30 m",
    "using": [ [ "soldering_standard", 3 ] ],
    "qualities": [ { "id": "SCREW", "level": 1 } ],
    "components": [ [ [ "broken_milbot_disarmed", 1 ] ], [ [ "robopart_tazer", 1 ] ], [ [ "robopart_needle", 1 ] ] ]
  },
  {
    "result": "broken_milbot_40mm",
    "activity_level": "LIGHT_EXERCISE",
    "type": "uncraft",
    "skill_used": "electronics",
    "difficulty": 4,
    "time": "30 m",
    "using": [ [ "soldering_standard", 3 ] ],
    "qualities": [ { "id": "SCREW", "level": 1 } ],
    "components": [ [ [ "broken_milbot_disarmed", 1 ] ], [ [ "robopart_tazer", 1 ] ], [ [ "robopart_40mm", 1 ] ] ]
  },
  {
    "result": "broken_milbot_flame",
    "activity_level": "LIGHT_EXERCISE",
    "type": "uncraft",
    "skill_used": "electronics",
    "difficulty": 4,
    "time": "30 m",
    "using": [ [ "soldering_standard", 3 ] ],
    "qualities": [ { "id": "SCREW", "level": 1 } ],
    "components": [ [ [ "broken_milbot_disarmed", 1 ] ], [ [ "robopart_tazer", 1 ] ], [ [ "robopart_flame", 1 ] ] ]
  },
  {
    "result": "broken_milbot_gaurdian",
    "type": "uncraft",
    "skill_used": "electronics",
    "difficulty": 4,
    "time": "30 m",
    "using": [ [ "soldering_standard", 3 ] ],
    "qualities": [ { "id": "SCREW", "level": 1 } ],
    "components": [ [ [ "broken_milbot_disarmed", 1 ] ], [ [ "robopart_9mm", 2 ] ] ]
  },
  {
    "result": "broken_milbot_deluxe",
    "activity_level": "LIGHT_EXERCISE",
    "type": "uncraft",
    "skill_used": "electronics",
    "difficulty": 4,
    "time": "30 m",
    "using": [ [ "soldering_standard", 3 ] ],
    "qualities": [ { "id": "SCREW", "level": 1 } ],
    "components": [ [ [ "broken_milbot_disarmed", 1 ] ], [ [ "robopart_9mm", 2 ] ], [ [ "gold_small", 100 ] ] ]
  },
  {
    "result": "broken_milbot_protector",
    "type": "uncraft",
    "skill_used": "electronics",
    "difficulty": 4,
    "time": "30 m",
    "using": [ [ "soldering_standard", 3 ] ],
    "qualities": [ { "id": "SCREW", "level": 1 } ],
    "components": [ [ [ "broken_milbot_disarmed", 1 ] ], [ [ "robopart_556", 1 ] ] ]
  },
  {
    "result": "broken_milbot_defender",
    "activity_level": "LIGHT_EXERCISE",
    "type": "uncraft",
    "skill_used": "electronics",
    "difficulty": 4,
    "time": "30 m",
    "using": [ [ "soldering_standard", 3 ] ],
    "qualities": [ { "id": "SCREW", "level": 1 } ],
    "components": [ [ [ "broken_milbot_disarmed", 1 ] ], [ [ "robopart_50bmg", 1 ] ] ]
  },
  {
    "result": "broken_advbot_disarmed",
    "activity_level": "LIGHT_EXERCISE",
    "type": "uncraft",
    "skill_used": "electronics",
    "difficulty": 6,
    "time": "120 m",
    "using": [ [ "soldering_standard", 20 ], [ "welding_standard", 5 ] ],
    "qualities": [ { "id": "SCREW", "level": 1 }, { "id": "SAW_M", "level": 1 } ],
    "components": [
      [ [ "ai_module", 1 ] ],
      [ [ "sensor_module", 1 ] ],
      [ [ "memory_module", 1 ] ],
      [ [ "targeting_module", 1 ] ],
      [ [ "gun_module", 1 ] ],
      [ [ "identification_module", 1 ] ],
      [ [ "robot_controls", 1 ] ],
      [ [ "robopart_microreactor", 1 ] ],
      [ [ "power_supply", 4 ] ],
      [ [ "medium_storage_battery", 1 ] ],
      [ [ "motor", 1 ] ],
      [ [ "frame", 1 ] ],
      [ [ "omni_wheel", 1 ] ],
      [ [ "alloy_plate", 6 ] ],
      [ [ "plastic_chunk", 6 ] ],
      [ [ "steel_chunk", 3 ] ]
    ]
  },
  {
    "result": "broken_advbot_laser",
    "activity_level": "LIGHT_EXERCISE",
    "type": "uncraft",
    "skill_used": "electronics",
    "difficulty": 4,
    "time": "30 m",
    "using": [ [ "soldering_standard", 3 ] ],
    "qualities": [ { "id": "SCREW", "level": 1 } ],
    "components": [ [ [ "broken_advbot_disarmed", 1 ] ], [ [ "robopart_microreactor", 1 ] ], [ [ "robopart_laser", 1 ] ] ]
  },
  {
    "result": "broken_advbot_plasma",
    "activity_level": "LIGHT_EXERCISE",
    "type": "uncraft",
    "skill_used": "electronics",
    "difficulty": 4,
    "time": "30 m",
    "using": [ [ "soldering_standard", 3 ] ],
    "qualities": [ { "id": "SCREW", "level": 1 } ],
    "components": [ [ [ "broken_advbot_disarmed", 1 ] ], [ [ "robopart_microreactor", 1 ] ], [ [ "robopart_plasma", 1 ] ] ]
  },
  {
    "result": "broken_advbot_rail",
    "activity_level": "LIGHT_EXERCISE",
    "type": "uncraft",
    "skill_used": "electronics",
    "difficulty": 4,
    "time": "30 m",
    "using": [ [ "soldering_standard", 3 ] ],
    "qualities": [ { "id": "SCREW", "level": 1 } ],
    "components": [ [ [ "broken_advbot_disarmed", 1 ] ], [ [ "robopart_microreactor", 1 ] ], [ [ "robopart_rail", 1 ] ] ]
  },
  {
    "result": "broken_advbot_lightning",
    "activity_level": "LIGHT_EXERCISE",
    "type": "uncraft",
    "skill_used": "electronics",
    "difficulty": 4,
    "time": "30 m",
    "using": [ [ "soldering_standard", 3 ] ],
    "qualities": [ { "id": "SCREW", "level": 1 } ],
    "components": [ [ [ "broken_advbot_disarmed", 1 ] ], [ [ "robopart_microreactor", 1 ] ], [ [ "robopart_lightning", 1 ] ] ]
  },
  {
    "result": "broken_advbot_emp",
    "activity_level": "LIGHT_EXERCISE",
    "type": "uncraft",
    "skill_used": "electronics",
    "difficulty": 4,
    "time": "30 m",
    "using": [ [ "soldering_standard", 3 ] ],
    "qualities": [ { "id": "SCREW", "level": 1 } ],
    "components": [ [ [ "broken_advbot_disarmed", 1 ] ], [ [ "robopart_microreactor", 1 ] ], [ [ "robopart_emp", 1 ] ] ]
  },
  {
    "result": "broken_advbot_glitter",
    "activity_level": "LIGHT_EXERCISE",
    "type": "uncraft",
    "skill_used": "electronics",
    "difficulty": 4,
    "time": "30 m",
    "using": [ [ "soldering_standard", 3 ] ],
    "qualities": [ { "id": "SCREW", "level": 1 } ],
    "components": [
      [ [ "broken_advbot_disarmed", 1 ] ],
      [ [ "robopart_microreactor", 2 ] ],
      [ [ "robopart_laser", 2 ] ],
      [ [ "small_storage_battery", 2 ] ],
      [ [ "glass_shard", 10 ] ]
    ]
  },
  {
    "result": "broken_advbot_bitter",
    "activity_level": "LIGHT_EXERCISE",
    "type": "uncraft",
    "skill_used": "electronics",
    "difficulty": 4,
    "time": "30 m",
    "using": [ [ "soldering_standard", 3 ] ],
    "qualities": [ { "id": "SCREW", "level": 1 } ],
    "components": [
      [ [ "broken_advbot_disarmed", 1 ] ],
      [ [ "robopart_microreactor", 1 ] ],
      [ [ "metal_tank_little", 2 ] ],
      [ [ "hose", 2 ] ],
      [ [ "robopart_acid", 1 ] ]
    ]
  },
  {
    "result": "broken_chickenbot_horror",
    "activity_level": "LIGHT_EXERCISE",
    "type": "uncraft",
    "skill_used": "electronics",
    "difficulty": 6,
    "time": "120 m",
    "using": [ [ "soldering_standard", 20 ], [ "welding_standard", 5 ] ],
    "qualities": [ { "id": "SCREW", "level": 1 }, { "id": "SAW_M", "level": 1 } ],
    "components": [
      [ [ "broken_chickenbot_disarmed", 1 ] ],
      [ [ "etched_skull", 4 ] ],
      [ [ "elec_chainsaw_off", 2 ] ],
      [ [ "spiked_plate", 1 ] ],
      [ [ "stereo", 1 ] ]
    ]
  },
  {
    "result": "broken_chickenbot_terror",
    "activity_level": "LIGHT_EXERCISE",
    "type": "uncraft",
    "skill_used": "electronics",
    "difficulty": 6,
    "time": "120 m",
    "using": [ [ "soldering_standard", 20 ], [ "welding_standard", 5 ] ],
    "qualities": [ { "id": "SCREW", "level": 1 }, { "id": "SAW_M", "level": 1 } ],
    "components": [
      [ [ "broken_chickenbot_disarmed", 1 ] ],
      [ [ "etched_skull", 4 ] ],
      [ [ "motor_small", 2 ] ],
      [ [ "spiked_plate", 1 ] ],
      [ [ "spear_steel", 2 ] ],
      [ [ "stereo", 1 ] ]
    ]
  },
  {
    "result": "broken_chickenbot_nightmare",
    "activity_level": "LIGHT_EXERCISE",
    "type": "uncraft",
    "skill_used": "electronics",
    "difficulty": 6,
    "time": "120 m",
    "using": [ [ "soldering_standard", 20 ], [ "welding_standard", 5 ] ],
    "qualities": [ { "id": "SCREW", "level": 1 }, { "id": "SAW_M", "level": 1 } ],
    "components": [
      [ [ "broken_chickenbot_disarmed", 1 ] ],
      [ [ "etched_skull", 4 ] ],
      [ [ "motor_small", 2 ] ],
      [ [ "grapnel", 3 ] ],
      [ [ "spiked_plate", 1 ] ],
      [ [ "chain", 3 ] ],
      [ [ "stereo", 1 ] ]
    ]
  },
  {
    "result": "broken_tankbot_king",
    "activity_level": "LIGHT_EXERCISE",
    "type": "uncraft",
    "skill_used": "electronics",
    "difficulty": 6,
    "time": "120 m",
    "using": [ [ "soldering_standard", 20 ], [ "welding_standard", 5 ] ],
    "qualities": [ { "id": "SCREW", "level": 1 }, { "id": "SAW_M", "level": 1 } ],
    "components": [ [ [ "broken_tankbot_disarmed", 1 ] ], [ [ "motor", 2 ] ], [ [ "steel_plate", 6 ] ] ]
  },
  {
    "result": "broken_tankbot_sultan",
    "activity_level": "LIGHT_EXERCISE",
    "type": "uncraft",
    "skill_used": "electronics",
    "difficulty": 6,
    "time": "120 m",
    "using": [ [ "soldering_standard", 20 ], [ "welding_standard", 5 ] ],
    "qualities": [ { "id": "SCREW", "level": 1 }, { "id": "SAW_M", "level": 1 } ],
    "components": [
      [ [ "broken_tankbot_disarmed", 1 ] ],
      [ [ "motor", 1 ] ],
      [ [ "steel_plate", 4 ] ],
      [ [ "robopart_microreactor", 1 ] ]
    ]
  }
]
