[
  {
    "abstract": "canbomb_generic",
    "type": "AMMO",
    "name": { "str": "IED" },
    "bashing": 8,
    "material": [ "iron" ],
    "symbol": "*",
    "color": "red",
    "ammo_type": "h_projectile",
    "range": 10,
    "effects": [ "NEVER_MISFIRES", "COOKOFF" ]
  },
  {
    "id": "canbomb",
    "copy-from": "canbomb_generic",
    "type": "AMMO",
    "name": { "str": "blast canister" },
    "description": "An IED composed of a sealed container filled with a payload material that triggers on impact.  Carries a substantial explosive payload.",
    "weight": "3816 g",
    "volume": "250 ml",
    "price": 1000,
    "count": 1,
    "stack_size": 1,
    "damage": { "damage_type": "stab", "amount": 60 },
    "extend": { "effects": [ "EXPLOSIVE_BIG" ] }
  },
  {
    "id": "canbomb2",
    "copy-from": "canbomb_generic",
    "type": "AMMO",
    "name": { "str": "Big Bang canister" },
    "description": "An IED composed of a sealed container filled with a payload material that triggers on impact.  Carries a VERY substantial explosive payload.",
    "weight": "15160 g",
    "volume": "1250 ml",
    "price": 1000,
    "count": 5,
    "stack_size": 5,
    "damage": { "damage_type": "stab", "amount": 150 },
    "extend": { "effects": [ "EXPLOSIVE_HUGE" ] }
  },
  {
    "id": "canbombfire",
    "copy-from": "canbomb_generic",
    "type": "AMMO",
    "name": { "str": "fire canister" },
    "description": "An IED composed of a container filled with a payload material and a means to trigger it.  Intended to be fired from a specialized launcher.  This one is designed to douse a small area with deadly flames.",
    "weight": "3816 g",
    "volume": "250 ml",
    "price": 600,
    "count": 1,
    "stack_size": 1,
    "damage": { "damage_type": "stab", "amount": 20 },
    "extend": { "effects": [ "FLAME" ] }
  },
  {
    "id": "canbombfire2",
    "copy-from": "canbomb_generic",
    "type": "AMMO",
    "name": { "str": "inferno canister" },
    "description": "An IED composed of a container filled with a payload material and a means to trigger it.  Intended to be fired from a specialized launcher.  This one is designed to douse a large area with deadly flames.",
    "weight": "6816 g",
    "volume": "250 ml",
    "price": 2200,
    "count": 1,
    "stack_size": 1,
    "damage": { "damage_type": "stab", "amount": 40 },
    "extend": { "effects": [ "NAPALM" ] }
  },
  {
    "id": "canbombfrag",
    "copy-from": "canbomb_generic",
    "type": "AMMO",
    "name": { "str": "fragmentation canister" },
    "description": "An IED composed of a container filled with a payload material and a means to trigger it.  Intended to be fired from a specialized launcher.  This one is designed to spray the immediate area with deadly shrapnel.",
    "weight": "4816 g",
    "volume": "250 ml",
    "price": 800,
    "count": 1,
    "stack_size": 1,
    "damage": { "damage_type": "stab", "amount": 75 },
    "extend": { "effects": [ "FRAG" ] }
  },
  {
    "id": "h_projectile",
    "type": "AMMO",
    "name": { "str": "modified mininuke" },
    "description": "A heavy modified handheld nuclear device.  Intended to be fired from a specialized launcher, its case has been cut down and it has been rigged to explode on impact.  While it is now somewhat lighter than before, it can no longer be triggered manually.",
    "weight": "3816 g",
    "volume": "250 ml",
    "price": 180000,
    "bashing": 8,
    "material": [ "plastic" ],
    "symbol": "*",
    "color": "green",
    "count": 1,
    "stack_size": 2,
    "ammo_type": "h_projectile",
    "damage": { "damage_type": "stab", "amount": 14 },
    "effects": [ "MININUKE_MOD", "NEVER_MISFIRES" ],
    "flags": [ "LEAK_DAM", "RADIOACTIVE" ]
  },
  {
    "id": "harpoon",
    "type": "AMMO",
    "name": { "str": "harpoon" },
    "description": "A large spear carved from wood.  This was fashioned specifically to be fired from a compatible weapon; thus unsuitable for melee combat.",
    "weight": "1455 g",
    "volume": "2500 ml",
    "price": 1000,
    "bashing": 5,
    "material": [ "wood" ],
    "symbol": "=",
    "color": "brown",
    "count": 10,
    "ammo_type": "harpoon",
    "damage": { "damage_type": "stab", "amount": 40, "armor_penetration": 10 },
    "effects": [ "RECOVER_3", "NEVER_MISFIRES" ]
  },
  {
    "abstract": "hbolt_generic",
    "type": "AMMO",
    "name": { "str": "IED rigged bolt" },
    "volume": "250 ml",
    "bashing": 8,
    "material": [ "iron" ],
    "symbol": "*",
    "color": "red",
    "count": 1,
    "stack_size": 1,
    "ammo_type": "hbolt",
    "damage": { "damage_type": "stab", "amount": 14 },
    "effects": [ "NEVER_MISFIRES", "COOKOFF" ]
  },
  {
    "id": "hbolt_boom",
    "copy-from": "hbolt_generic",
    "type": "AMMO",
    "name": { "str": "nova bolt" },
    "description": "An IED composed of a sealed container filled with a payload material affixed to the end of a large ballista bolt.  Intended to be fired from a specialized launcher.  Carries a substantial explosive payload.",
    "weight": "3816 g",
    "price": 1000,
    "extend": { "effects": [ "EXPLOSIVE_BIG" ] }
  },
  {
    "id": "hbolt_boom2",
    "copy-from": "hbolt_generic",
    "type": "AMMO",
    "name": { "str": "supernova bolt" },
    "description": "An IED composed of a sealed container filled with a payload material affixed to the end of a large ballista bolt.  Intended to be fired from a specialized launcher.  Carries a very substantial explosive payload.",
    "weight": "3816 g",
    "price": 1000,
    "extend": { "effects": [ "EXPLOSIVE_HUGE" ] }
  },
  {
    "id": "hbolt_fire",
    "copy-from": "hbolt_generic",
    "type": "AMMO",
    "name": { "str": "searing bolt" },
    "description": "An IED composed of a container filled with a payload material affixed to the end of a large ballista bolt.  Intended to be fired from a specialized launcher.  This one is designed to douse a small area with deadly flames.",
    "weight": "3816 g",
    "price": 600,
    "extend": { "effects": [ "FLAME" ] }
  },
  {
    "id": "hbolt_fire2",
    "copy-from": "hbolt_generic",
    "type": "AMMO",
    "name": { "str": "napalm bolt" },
    "description": "An IED composed of a container filled with a payload material affixed to the end of a large ballista bolt.  Intended to be fired from a specialized launcher.  This one is designed to douse a large area with deadly flames.",
    "weight": "6816 g",
    "price": 2200,
    "extend": { "effects": [ "NAPALM" ] }
  },
  {
    "id": "hbolt_frag",
    "copy-from": "hbolt_generic",
    "type": "AMMO",
    "name": { "str": "shatter bolt" },
    "description": "An IED composed of a container filled with a payload material affixed to the end of a large ballista bolt.  Intended to be fired from a specialized launcher.  This one is designed to spray the immediate area with deadly shrapnel.",
    "weight": "4816 g",
    "price": 800,
    "extend": { "effects": [ "FRAG" ] }
  },
  {
    "id": "hbolt_metal",
    "type": "AMMO",
    "name": { "str": "steel ballista bolt" },
    "description": "A long shaft carved from wood ending in a tip of sharpened metal.  It's quite heavy, capable of dealing large amounts of damage, but isn't particularly accurate.  Stands a good chance of remaining intact once fired.",
    "weight": "2055 g",
    "volume": "1250 ml",
    "price": 2000,
    "bashing": 1,
    "material": [ "wood", "iron" ],
    "symbol": "=",
    "color": "green",
    "count": 5,
    "ammo_type": "hbolt",
    "range": 10,
    "damage": { "damage_type": "stab", "amount": 35, "armor_penetration": 35 },
    "effects": [ "RECOVER_3" ]
  },
  {
    "id": "hbolt_nuke",
    "type": "AMMO",
    "name": { "str": "nuclear bolt" },
    "description": "A heavy modified handheld nuclear device affixed to the end of a large ballista bolt.  Its case has been cut down and it has been rigged to explode on impact.  It can no longer be triggered manually.",
    "weight": "3816 g",
    "volume": "250 ml",
    "price": 180000,
    "bashing": 8,
    "material": [ "plastic" ],
    "symbol": "*",
    "color": "green",
    "count": 1,
    "stack_size": 2,
    "ammo_type": "hbolt",
    "damage": { "damage_type": "stab", "amount": 14 },
    "effects": [ "MININUKE_MOD", "NEVER_MISFIRES" ],
    "flags": [ "LEAK_DAM", "RADIOACTIVE" ]
  },
  {
    "id": "hbolt_wood",
    "type": "AMMO",
    "name": { "str": "wood ballista bolt" },
    "description": "A sharpened bolt carved from wood.  It's fairly heavy, capable of dealing large amounts of damage, but isn't particularly accurate.  Stands a good chance of remaining intact once fired.",
    "weight": "1555 g",
    "volume": "1250 ml",
    "price": 1000,
    "bashing": 1,
    "material": [ "wood" ],
    "symbol": "=",
    "color": "green",
    "count": 5,
    "ammo_type": "hbolt",
    "range": 10,
    "damage": { "damage_type": "stab", "amount": 20, "armor_penetration": 20 },
    "effects": [ "RECOVER_5" ]
  },
  {
    "id": "lead_ball",
    "type": "AMMO",
    "name": { "str": "lead ball" },
    "description": "A heavy lead ball about 8cm in diameter.  Could pack quite a bit of a punch if you had something to launch it.",
    "weight": "400 g",
    "volume": "250 ml",
    "price": 200,
    "to_hit": -3,
    "bashing": 8,
    "material": [ "steel" ],
    "symbol": "*",
    "color": "blue",
    "count": 1,
    "ammo_type": "h_projectile",
    "range": 3,
    "damage": { "damage_type": "stab", "amount": 50 },
    "effects": [ "RECOVER_20", "LARGE_BEANBAG" ]
  },
  {
    "id": "ripdisk",
    "type": "AMMO",
    "name": { "str": "serrated disc" },
    "description": "A metal disc surrounded by serrated edges.  It's as menacing as it sounds.",
    "weight": "1255 g",
    "volume": "250 ml",
    "price": 200,
    "bashing": 1,
    "material": [ "steel" ],
    "symbol": "=",
    "color": "green",
    "count": 20,
    "ammo_type": "ripdisk",
    "range": 6,
    "damage": { "damage_type": "stab", "amount": 25, "armor_penetration": 5 },
    "effects": [ "RECOVER_3", "NEVER_MISFIRES" ]
  },
  {
    "id": "shards",
    "type": "AMMO",
    "name": { "str": "metal fragment" },
    "description": "Small slivers of metal.  Can't see much use for them.",
    "weight": "1 g",
    "volume": "250 ml",
    "price": 0,
    "bashing": 1,
    "material": [ "iron" ],
    "symbol": "=",
    "color": "blue",
    "count": 250,
    "ammo_type": "BB",
    "damage": { "damage_type": "stab", "amount": 1, "armor_penetration": 1 },
    "dispersion": 200
  },
  {
    "id": "pool_ball",
    "copy-from": "pool_ball",
    "type": "AMMO",
    "name": { "str": "pool ball" },
    "count": 1,
    "ammo_type": "h_projectile",
    "range": 6,
    "damage": { "damage_type": "stab", "amount": 23 },
    "dispersion": 30,
    "effects": [ "RECOVER_10", "BEANBAG" ]
  }
]
