[
  {
    "type": "mod_tileset",
    "compatibility": [
      "Chibi_Ultica",
      "UltimateCataclysm",
      "MshockXottoplus",
      "UNDEAD_PEOPLE",
      "UNDEAD_PEOPLE_BASE",
      "UNDEAD_PEOPLE_LEGACY",
      "UlticaShell",
      "MshockXottoplus12",
      "MSX++DEAD_PEOPLE",
      "MXplus12_for_cosmetics"
    ],
    "tiles-new": [
      {
        "file": "mod_tileset/blazemod_normal.png",
        "tiles": [
          { "id": "bg_bloob_glob_car", "fg": 1 },
          { "id": "bg_car", "fg": 2, "rotates": false },
          { "id": "bg_dirt", "fg": 3, "rotates": false },
          { "id": "bg_shadow_item", "fg": 4, "rotates": false },
          { "id": "bg_shadow_normal", "fg": 5, "rotates": false },
          { "id": "turret_mount", "fg": 6, "rotates": true },
          { "id": "vp_acangun", "fg": 7, "rotates": true },
          { "id": "vp_acangunnc", "fg": 8, "rotates": true },
          { "id": "vp_am249", "fg": 9, "rotates": true },
          { "id": "vp_auto_m240", "fg": 10, "rotates": true },
          { "id": "vp_auto_m60", "fg": 11, "rotates": true },
          {
            "id": "vp_auto_rm614",
            "fg": 12,
            "rotates": true,
            "multitile": true,
            "additional_tiles": [ { "id": "broken", "fg": 13 } ]
          },
          {
            "id": "vp_awatercannon",
            "fg": 14,
            "rotates": true,
            "multitile": true,
            "additional_tiles": [ { "id": "broken", "fg": 15, "bg": [ 26, 14, 7, 89, 88, 92, 8 ] } ]
          },
          { "id": "vp_boat_board", "fg": 16, "rotates": true },
          {
            "id": "vp_directed_floodlight",
            "fg": 17,
            "bg": 2,
            "rotates": true,
            "multitile": true,
            "additional_tiles": [ { "id": "broken", "fg": 18, "bg": [ 19, 54, 17 ] } ]
          },
          {
            "id": "vp_floodlight",
            "fg": 19,
            "bg": 2,
            "rotates": true,
            "multitile": true,
            "additional_tiles": [ { "id": "broken", "fg": 20, "bg": [ 19, 54, 17 ] } ]
          },
          {
            "id": "vp_mounted_m240",
            "fg": 21,
            "rotates": true,
            "multitile": true,
            "additional_tiles": [ { "id": "broken", "fg": 22 } ]
          },
          {
            "id": "vp_mounted_rm614",
            "fg": 23,
            "rotates": true,
            "multitile": true,
            "additional_tiles": [ { "id": "broken", "fg": 24 } ]
          },
          { "id": "vp_turret_mount", "fg": 25, "rotates": true },
          {
            "id": "vp_watercannon",
            "fg": 26,
            "rotates": true,
            "multitile": true,
            "additional_tiles": [ { "id": "broken", "fg": 27, "bg": [ 26, 14, 7, 89, 88, 92, 8 ] } ]
          },
          { "id": "wood_plate", "fg": 28 },
          { "id": "harpoon", "fg": 29, "bg": 4, "rotates": false },
          { "id": "h_projectile", "fg": 30 },
          { "id": "ripdisk", "fg": 31, "bg": 4, "rotates": false },
          { "id": "vp_223rack", "fg": 32, "rotates": true },
          { "id": "vp_22rack", "fg": 33, "rotates": true },
          { "id": "vp_308rack", "fg": 34, "rotates": true },
          { "id": "vp_45rack", "fg": 35, "rotates": true },
          { "id": "vp_50bmgrack", "fg": 36, "rotates": true },
          { "id": "vp_556rack", "fg": 37, "rotates": true },
          { "id": "vp_9mmrack", "fg": 38, "rotates": true },
          { "id": "vp_boltrack", "fg": 39, "rotates": true },
          { "id": "vp_diskrack", "fg": 40, "rotates": true },
          { "id": "vp_flintrack", "fg": 41, "rotates": true },
          { "id": "vp_harpoonrack", "fg": 42, "bg": 4, "rotates": false },
          { "id": "vp_nailrack", "fg": 43, "rotates": true },
          { "id": "vp_omnomnicam", "fg": 44, "bg": 4, "rotates": false },
          { "id": "vp_pebblerack", "fg": 45, "rotates": true },
          { "id": "vp_sballistarack", "fg": 46, "bg": 4, "rotates": false },
          { "id": "vp_sboltrack", "fg": 47, "rotates": true },
          { "id": "vp_stonerack", "fg": 48, "bg": 4, "rotates": false },
          {
            "id": "vp_Waisle_horizontal",
            "fg": 49,
            "rotates": true,
            "multitile": true,
            "additional_tiles": [ { "id": "broken", "fg": 50, "bg": [ 49, 51, 16, 28 ] } ]
          },
          {
            "id": "vp_Waisle_vertical",
            "fg": 51,
            "rotates": true,
            "multitile": true,
            "additional_tiles": [ { "id": "broken", "fg": 52, "bg": [ 49, 51, 16, 28 ] } ]
          },
          { "id": "vp_wballistarack", "fg": 53, "bg": 4, "rotates": false },
          {
            "id": "vp_xfloodlight",
            "fg": 54,
            "bg": 2,
            "rotates": true,
            "multitile": true,
            "additional_tiles": [ { "id": "broken", "fg": 55, "bg": [ 19, 54, 17 ] } ]
          },
          {
            "id": "vp_xreinforced_solar_panel",
            "fg": 56,
            "rotates": true,
            "multitile": true,
            "additional_tiles": [ { "id": "broken", "fg": 57 } ]
          },
          {
            "id": "vp_xreinforced_solar_panel_v2",
            "fg": 58,
            "rotates": true,
            "multitile": true,
            "additional_tiles": [ { "id": "broken", "fg": 59 } ]
          },
          {
            "id": "vp_xsolar_panel",
            "fg": 60,
            "rotates": true,
            "multitile": true,
            "additional_tiles": [ { "id": "broken", "fg": 61 } ]
          },
          {
            "id": "vp_xsolar_panel_v2",
            "fg": 62,
            "rotates": true,
            "multitile": true,
            "additional_tiles": [ { "id": "broken", "fg": 63 } ]
          },
          {
            "id": "vp_xsolar_panel_v3",
            "fg": 64,
            "rotates": true,
            "multitile": true,
            "additional_tiles": [ { "id": "broken", "fg": 65 } ]
          },
          { "id": "bfeed", "fg": 66, "rotates": true },
          { "id": "blob_pit", "fg": 67 },
          { "id": "blob_pit_season_winter", "fg": 68 },
          { "id": "blob_pit_slime", "fg": 69, "bg": 3 },
          { "id": "blob_pit_slime_season_winter", "fg": 70, "bg": 3 },
          { "id": "canbomb", "fg": 71, "rotates": false },
          { "id": "canbomb2", "fg": 72, "rotates": false },
          { "id": "canbombfire", "fg": 73, "rotates": false },
          { "id": "canbombfire2", "fg": 74, "rotates": false },
          { "id": "canbombfrag", "fg": 75, "rotates": false },
          { "id": "hbolt_boom", "fg": 76, "rotates": false },
          { "id": "hbolt_boom2", "fg": 77, "rotates": false },
          { "id": "hbolt_fire", "fg": 78, "rotates": false },
          { "id": "hbolt_fire2", "fg": 79, "rotates": false },
          { "id": "hbolt_frag", "fg": 80, "rotates": false },
          { "id": "hbolt_metal", "fg": 81, "rotates": false },
          { "id": "hbolt_nuke", "fg": 82, "rotates": false },
          { "id": "hbolt_wood", "fg": 83 },
          { "id": "lead_ball", "fg": 84, "rotates": false },
          { "id": "shards", "fg": 85 },
          { "id": "dshards", "fg": 86 },
          { "id": "bfeedfuel", "fg": 87 },
          { "id": "bolter", "fg": 88, "rotates": true },
          { "id": "vp_bolter", "fg": 89, "rotates": true },
          { "id": "cangun", "fg": 90, "rotates": false },
          { "id": "overlay_wielded_cangun", "fg": 91, "rotates": false },
          { "id": "vp_cangun", "fg": 92, "rotates": true },
          { "id": "cutter", "fg": 93, "rotates": false },
          { "id": "overlay_wielded_cutter", "fg": 94, "rotates": false },
          { "id": "vp_cutter", "fg": 95, "rotates": true },
          { "id": "gattler", "fg": 96, "rotates": false },
          { "id": "overlay_wielded_gattler", "fg": 97, "rotates": false },
          { "id": "lasgun", "fg": 98, "rotates": false },
          { "id": "overlay_wielded_lasgun", "fg": 99, "rotates": false },
          { "id": "vp_lasgun", "fg": 100, "rotates": true },
          { "id": "lasgunp", "fg": 101, "rotates": false },
          { "id": "overlay_wielded_lasgunp", "fg": 102, "rotates": false },
          { "id": "vp_lasgunp", "fg": 103, "rotates": true },
          { "id": "lasgunx", "fg": 104, "rotates": true },
          { "id": "vp_lasgunx", "fg": 105, "rotates": true },
          { "id": "nailer", "fg": 106, "rotates": true },
          { "id": "vp_nailer", "fg": 107, "rotates": true },
          { "id": "needler", "fg": 108, "rotates": true },
          { "id": "vp_needler", "fg": 109, "rotates": true },
          { "id": "railturret", "fg": 110, "rotates": false },
          { "id": "overlay_wielded_railturret", "fg": 111, "rotates": false },
          { "id": "vp_railturret", "fg": 112, "rotates": true },
          { "id": "ripper", "fg": 113, "rotates": false },
          { "id": "overlay_wielded_ripper", "fg": 114, "rotates": false },
          { "id": "vp_ripper", "fg": 115, "bg": [ 26, 14, 7, 89, 88, 92, 8 ], "rotates": true },
          { "id": "rslauncher", "fg": 116, "rotates": true },
          { "id": "vp_rslauncher", "fg": 117, "rotates": true },
          { "id": "scorpion", "fg": 118, "rotates": false },
          { "id": "vp_scorpion", "fg": 119, "rotates": true },
          { "id": "shardgun", "fg": 120, "rotates": true },
          { "id": "vp_shardgun", "fg": 121, "rotates": true },
          { "id": "slauncher", "fg": 122, "rotates": true },
          { "id": "vp_slauncher", "fg": 123, "rotates": true },
          { "id": "teslagun", "fg": 124, "rotates": false },
          { "id": "overlay_wielded_teslagun", "fg": 125, "rotates": false },
          { "id": "vp_teslagun", "fg": 126, "rotates": true },
          { "id": "tiharturret", "fg": 127, "rotates": true },
          { "id": "vp_tiharturret", "fg": 128, "rotates": true },
          { "id": "biter", "fg": 129 },
          { "id": "vp_biter", "fg": 130, "rotates": true },
          { "id": "clutter", "fg": 131 },
          { "id": "vp_clutter", "fg": 132, "rotates": true },
          { "id": "freezie", "fg": 133 },
          { "id": "vp_freezie", "fg": 134, "rotates": true },
          { "id": "fuzzle", "fg": 135 },
          { "id": "vp_fuzzle", "fg": 136, "rotates": true },
          { "id": "gelrazor", "fg": 137, "rotates": false },
          { "id": "overlay_wielded_gelrazor", "fg": 138, "rotates": false },
          { "id": "vp_gelrazor", "fg": 139, "bg": 25, "rotates": true },
          { "id": "horror", "fg": 140 },
          { "id": "vp_horror", "fg": 141, "rotates": true },
          { "id": "inkie", "fg": 142 },
          { "id": "vp_inkie", "fg": 143, "rotates": true },
          { "id": "meltie", "fg": 144 },
          { "id": "vp_meltie", "fg": 145, "rotates": true },
          { "id": "razorqueen", "fg": 146 },
          { "id": "vp_razorqueen", "fg": 147, "rotates": true },
          { "id": "sharp", "fg": 148 },
          { "id": "vp_sharp", "fg": 149, "rotates": true },
          { "id": "sparkie", "fg": 150 },
          { "id": "vp_sparkie", "fg": 151, "rotates": true },
          { "id": "spouterqueen", "fg": 152, "rotates": false },
          { "id": "overlay_wielded_spouterqueen", "fg": 153, "rotates": false },
          { "id": "stickie", "fg": 154 },
          { "id": "vp_stickie", "fg": 155, "rotates": true },
          { "id": "torchie", "fg": 156 },
          { "id": "vp_torchie", "fg": 157, "rotates": true },
          { "id": "voideater", "fg": 158 },
          { "id": "vp_voideater", "fg": 159, "rotates": true },
          { "id": "diamondlance", "fg": 160, "rotates": false },
          { "id": "overlay_wielded_diamondlance", "fg": 161, "rotates": false },
          { "id": "vp_diamondlance", "fg": 162, "rotates": true },
          { "id": "diamondnova", "fg": 163 },
          { "id": "overlay_wielded_diamondnova", "fg": 164 },
          { "id": "vp_diamondnova", "fg": 165, "rotates": true },
          { "id": "vortexaccelerator", "fg": 166, "rotates": false },
          { "id": "overlay_wielded_vortexaccelerator", "fg": 167, "rotates": false },
          { "id": "vp_vortexaccelerator", "fg": 168, "rotates": true },
          { "id": "vortexbolter", "fg": 169, "rotates": false },
          { "id": "overlay_wielded_vortexbolter", "fg": 170, "rotates": false },
          { "id": "vp_vortexbolter", "fg": 171, "rotates": true },
          { "id": "vortexcannon", "fg": 172, "rotates": false },
          { "id": "overlay_wielded_vortexcannon", "fg": 173, "rotates": false },
          { "id": "vp_vortexcannon", "fg": 174, "rotates": true },
          { "id": "vortexrifle", "fg": 175 },
          { "id": "overlay_wielded_vortexrifle", "fg": 176 },
          { "id": "vp_vortexrifle", "fg": 177, "rotates": true },
          { "id": "gloople_tank", "fg": 178, "bg": 1 },
          { "id": "vp_gloople_tank", "fg": 179, "bg": 1 },
          { "id": "gray_tank", "fg": 180, "bg": 1 },
          { "id": "vp_gray_tank", "fg": 181, "bg": 1 },
          { "id": "oozle_tank", "fg": 182, "bg": 1 },
          { "id": "vp_oozle_tank", "fg": 183, "bg": 1 },
          { "id": "bframegrow", "fg": 184 },
          { "id": "bitergrow", "fg": 185 },
          { "id": "cluttergrow", "fg": 186 },
          { "id": "freeziegrow", "fg": 187 },
          { "id": "frostie", "fg": 188 },
          { "id": "frostiegrow", "fg": 189 },
          { "id": "fuzzlegrow", "fg": 190 },
          { "id": "gloople", "fg": 191 },
          { "id": "glooplegrow", "fg": 192 },
          { "id": "gloople_act", "fg": 193, "rotates": false },
          { "id": "overlay_wielded_gloople_act", "fg": 194, "rotates": false },
          { "id": "glowiegrow", "fg": 195 },
          { "id": "gray", "fg": 196 },
          { "id": "graygrow", "fg": 197 },
          { "id": "gray_act", "fg": 198, "rotates": false },
          { "id": "horrorgrow", "fg": 199 },
          { "id": "inkiegrow", "fg": 200 },
          { "id": "meltiegrow", "fg": 201 },
          { "id": "oozle", "fg": 202 },
          { "id": "oozlegrow", "fg": 203 },
          { "id": "oozle_act", "fg": 204, "rotates": false },
          { "id": "queengrow", "fg": 205 },
          { "id": "razorqueengrow", "fg": 206 },
          { "id": "sharpgrow", "fg": 207 },
          { "id": "sicklegrow", "fg": 208 },
          { "id": "sparkiegrow", "fg": 209 },
          { "id": "stickiegrow", "fg": 210 },
          { "id": "torchiegrow", "fg": 211 },
          { "id": "voideatergrow", "fg": 212 },
          { "id": "dcluster", "fg": 213 },
          { "id": "spiral_matrix", "fg": 214 },
          { "id": "vgen", "fg": 215, "rotates": true },
          { "id": "vp_vgen", "fg": 216, "rotates": true },
          { "id": "vgen2", "fg": 217, "rotates": true },
          { "id": "vp_vgen2", "fg": 218, "rotates": true },
          { "id": "bb_hopper", "fg": 219, "rotates": false },
          { "id": "bolt_hopper", "fg": 220, "rotates": false },
          { "id": "cannister_rack", "fg": 221, "rotates": false },
          { "id": "pebble_hopper", "fg": 222, "rotates": false },
          { "id": "space_anomaly", "fg": 223 },
          { "id": "vp_space_anomaly", "fg": 224, "rotates": true },
          {
            "id": "solar_array",
            "fg": 225,
            "rotates": true,
            "multitile": true,
            "additional_tiles": [ { "id": "broken", "fg": 226 } ]
          },
          {
            "id": "vp_solar_array",
            "fg": 227,
            "rotates": false,
            "multitile": true,
            "additional_tiles": [ { "id": "broken", "fg": 228, "bg": 227 } ]
          },
          {
            "id": "solar_array2",
            "fg": 229,
            "rotates": true,
            "multitile": true,
            "additional_tiles": [ { "id": "broken", "fg": 230 } ]
          },
          {
            "id": "vp_solar_array2",
            "fg": 231,
            "rotates": false,
            "multitile": true,
            "additional_tiles": [ { "id": "broken", "fg": 232, "bg": 231 } ]
          },
          { "id": "solar_array2r", "fg": 233 },
          {
            "id": "vp_solar_array2r",
            "fg": 234,
            "rotates": false,
            "multitile": true,
            "additional_tiles": [ { "id": "broken", "fg": 235, "bg": 234 } ]
          },
          { "id": "tread1", "fg": 236 },
          { "id": "vp_tread1", "fg": 237, "rotates": true },
          { "id": "tread2", "fg": 238 },
          { "id": "vp_tread2", "fg": 239, "rotates": true },
          { "id": "tread3", "fg": 240 },
          { "id": "vp_tread3", "fg": 241, "rotates": true },
          { "id": "glowie", "fg": 242 },
          { "id": "gloopletread", "fg": 243 },
          { "id": "vp_gloopletread", "fg": 244, "rotates": true },
          { "id": "graytread", "fg": 245 },
          { "id": "vp_graytread", "fg": 246, "rotates": true },
          { "id": "oozletread", "fg": 247 },
          { "id": "vp_oozletread", "fg": 248, "rotates": true },
          { "id": "frostie_hull", "fg": 249, "rotates": false },
          { "id": "queen", "fg": 250 },
          { "id": "vp_queen", "fg": 251, "bg": 2, "rotates": true },
          { "id": "frostie_wheel", "fg": 252, "rotates": false },
          { "id": "vp_frostie_wheel", "fg": 253, "rotates": true },
          { "id": "gloople_wheel", "fg": 254 },
          { "id": "vp_gloople_wheel", "fg": 255, "rotates": true },
          { "id": "gray_wheel", "fg": 256 },
          { "id": "vp_gray_wheel", "fg": 257, "rotates": true },
          { "id": "grinder", "fg": 258 },
          { "id": "vp_grinder", "fg": 259, "rotates": true },
          { "id": "oozle_wheel", "fg": 260 },
          { "id": "vp_oozle_wheel", "fg": 261, "rotates": true },
          { "id": "diamondframe", "fg": 262 },
          { "id": "diamondplate", "fg": 263 },
          { "id": "mon_gloople", "fg": 264, "bg": 5, "rotates": false },
          { "id": "mon_gray", "fg": 265, "bg": 5, "rotates": false },
          { "id": "mon_oozle", "fg": 266, "bg": 5, "rotates": false },
          { "id": "vp_wiring", "fg": 267, "rotates": true },
          {
            "id": "vp_mounted_bigun",
            "fg": 268,
            "rotates": true,
            "multitile": true,
            "additional_tiles": [ { "id": "broken", "fg": 269 } ]
          },
          {
            "id": "vp_mounted_coilgun",
            "fg": 270,
            "rotates": true,
            "multitile": true,
            "additional_tiles": [ { "id": "broken", "fg": 271 } ]
          },
          {
            "id": "vp_mounted_heavy_rail_rifle",
            "fg": 272,
            "rotates": true,
            "multitile": true,
            "additional_tiles": [ { "id": "broken", "fg": 273 } ]
          },
          {
            "id": "vp_mounted_hk_g80",
            "fg": 274,
            "rotates": true,
            "multitile": true,
            "additional_tiles": [ { "id": "broken", "fg": 275 } ]
          },
          {
            "id": "vp_mounted_m60",
            "fg": 276,
            "rotates": true,
            "multitile": true,
            "additional_tiles": [ { "id": "broken", "fg": 277, "bg": 276 } ]
          },
          {
            "id": "vp_mounted_rebar_rifle",
            "fg": 278,
            "rotates": true,
            "multitile": true,
            "additional_tiles": [ { "id": "broken", "fg": 279 } ]
          },
          {
            "id": "vp_frostie_wall",
            "fg": 280,
            "rotates": true,
            "multitile": true,
            "additional_tiles": [ { "id": "broken", "fg": 281 } ]
          },
          {
            "id": "vp_gloopleboard_horizontal",
            "fg": 282,
            "rotates": true,
            "multitile": true,
            "additional_tiles": [ { "id": "broken", "fg": 283, "bg": [ 282, 294, 306, 308, 322, 324, 338, 340, 354 ] } ]
          },
          {
            "id": "vp_gloopleboard_ne",
            "fg": 284,
            "rotates": true,
            "multitile": true,
            "additional_tiles": [ { "id": "broken", "fg": 285, "bg": [ 284, 296, 310, 326, 342, 356 ] } ]
          },
          {
            "id": "vp_gloopleboard_nw",
            "fg": 286,
            "rotates": true,
            "multitile": true,
            "additional_tiles": [ { "id": "broken", "fg": 287, "bg": [ 286, 298, 302, 312, 328, 344, 358 ] } ]
          },
          {
            "id": "vp_gloopleboard_se",
            "fg": 288,
            "rotates": true,
            "multitile": true,
            "additional_tiles": [ { "id": "broken", "fg": 289, "bg": [ 288, 300, 314, 330, 346, 360 ] } ]
          },
          {
            "id": "vp_gloopleboard_sw",
            "fg": 290,
            "rotates": true,
            "multitile": true,
            "additional_tiles": [ { "id": "broken", "fg": 291, "bg": [ 290, 316, 332, 348, 362 ] } ]
          },
          {
            "id": "vp_gloopleboard_vertical",
            "fg": 292,
            "rotates": true,
            "multitile": true,
            "additional_tiles": [ { "id": "broken", "fg": 293, "bg": [ 292, 304, 318, 320, 334, 336, 350, 352, 364 ] } ]
          },
          {
            "id": "vp_grayboard_horizontal",
            "fg": 294,
            "rotates": true,
            "multitile": true,
            "additional_tiles": [ { "id": "broken", "fg": 295, "bg": [ 282, 294, 306, 308, 322, 324, 338, 340, 354 ] } ]
          },
          {
            "id": "vp_grayboard_ne",
            "fg": 296,
            "rotates": true,
            "multitile": true,
            "additional_tiles": [ { "id": "broken", "fg": 297, "bg": [ 284, 296, 310, 326, 342, 356 ] } ]
          },
          {
            "id": "vp_grayboard_nw",
            "fg": 298,
            "rotates": true,
            "multitile": true,
            "additional_tiles": [ { "id": "broken", "fg": 299, "bg": [ 286, 298, 302, 312, 328, 344, 358 ] } ]
          },
          {
            "id": "vp_grayboard_se",
            "fg": 300,
            "rotates": true,
            "multitile": true,
            "additional_tiles": [ { "id": "broken", "fg": 301, "bg": [ 288, 300, 314, 330, 346, 360 ] } ]
          },
          {
            "id": "vp_grayboard_sw",
            "fg": 302,
            "rotates": true,
            "multitile": true,
            "additional_tiles": [ { "id": "broken", "fg": 303, "bg": [ 286, 298, 302, 312, 328, 344, 358 ] } ]
          },
          {
            "id": "vp_grayboard_vertical",
            "fg": 304,
            "rotates": true,
            "multitile": true,
            "additional_tiles": [ { "id": "broken", "fg": 305, "bg": [ 292, 304, 318, 320, 334, 336, 350, 352, 364 ] } ]
          },
          {
            "id": "vp_halfgloopleboard_horizontal",
            "fg": 306,
            "rotates": true,
            "multitile": true,
            "additional_tiles": [ { "id": "broken", "fg": 307, "bg": [ 282, 294, 306, 308, 322, 324, 338, 340, 354 ] } ]
          },
          {
            "id": "vp_halfgloopleboard_horizontal_2",
            "fg": 308,
            "rotates": true,
            "multitile": true,
            "additional_tiles": [ { "id": "broken", "fg": 309, "bg": [ 282, 294, 306, 308, 322, 324, 338, 340, 354 ] } ]
          },
          {
            "id": "vp_halfgloopleboard_ne",
            "fg": 310,
            "rotates": true,
            "multitile": true,
            "additional_tiles": [ { "id": "broken", "fg": 311, "bg": [ 284, 296, 310, 326, 342, 356 ] } ]
          },
          {
            "id": "vp_halfgloopleboard_nw",
            "fg": 312,
            "rotates": true,
            "multitile": true,
            "additional_tiles": [ { "id": "broken", "fg": 313, "bg": [ 286, 298, 302, 312, 328, 344, 358 ] } ]
          },
          {
            "id": "vp_halfgloopleboard_se",
            "fg": 314,
            "rotates": true,
            "multitile": true,
            "additional_tiles": [ { "id": "broken", "fg": 315, "bg": [ 288, 300, 314, 330, 346, 360 ] } ]
          },
          {
            "id": "vp_halfgloopleboard_sw",
            "fg": 316,
            "rotates": true,
            "multitile": true,
            "additional_tiles": [ { "id": "broken", "fg": 317, "bg": [ 290, 316, 332, 348, 362 ] } ]
          },
          {
            "id": "vp_halfgloopleboard_vertical",
            "fg": 318,
            "rotates": true,
            "multitile": true,
            "additional_tiles": [ { "id": "broken", "fg": 319, "bg": [ 292, 304, 318, 320, 334, 336, 350, 352, 364 ] } ]
          },
          {
            "id": "vp_halfgloopleboard_vertical_2",
            "fg": 320,
            "rotates": true,
            "multitile": true,
            "additional_tiles": [ { "id": "broken", "fg": 321, "bg": [ 292, 304, 318, 320, 334, 336, 350, 352, 364 ] } ]
          },
          {
            "id": "vp_halfgrayboard_horizontal",
            "fg": 322,
            "rotates": true,
            "multitile": true,
            "additional_tiles": [ { "id": "broken", "fg": 323, "bg": [ 282, 294, 306, 308, 322, 324, 338, 340, 354 ] } ]
          },
          {
            "id": "vp_halfgrayboard_horizontal_2",
            "fg": 324,
            "rotates": true,
            "multitile": true,
            "additional_tiles": [ { "id": "broken", "fg": 325, "bg": [ 282, 294, 306, 308, 322, 324, 338, 340, 354 ] } ]
          },
          {
            "id": "vp_halfgrayboard_ne",
            "fg": 326,
            "rotates": true,
            "multitile": true,
            "additional_tiles": [ { "id": "broken", "fg": 327, "bg": [ 284, 296, 310, 326, 342, 356 ] } ]
          },
          {
            "id": "vp_halfgrayboard_nw",
            "fg": 328,
            "rotates": true,
            "multitile": true,
            "additional_tiles": [ { "id": "broken", "fg": 329, "bg": [ 286, 298, 302, 312, 328, 344, 358 ] } ]
          },
          {
            "id": "vp_halfgrayboard_se",
            "fg": 330,
            "rotates": true,
            "multitile": true,
            "additional_tiles": [ { "id": "broken", "fg": 331, "bg": [ 288, 300, 314, 330, 346, 360 ] } ]
          },
          {
            "id": "vp_halfgrayboard_sw",
            "fg": 332,
            "rotates": true,
            "multitile": true,
            "additional_tiles": [ { "id": "broken", "fg": 333, "bg": [ 290, 316, 332, 348, 362 ] } ]
          },
          {
            "id": "vp_halfgrayboard_vertical",
            "fg": 334,
            "rotates": true,
            "multitile": true,
            "additional_tiles": [ { "id": "broken", "fg": 335, "bg": [ 292, 304, 318, 320, 334, 336, 350, 352, 364 ] } ]
          },
          {
            "id": "vp_halfgrayboard_vertical_2",
            "fg": 336,
            "rotates": true,
            "multitile": true,
            "additional_tiles": [ { "id": "broken", "fg": 337, "bg": [ 292, 304, 318, 320, 334, 336, 350, 352, 364 ] } ]
          },
          {
            "id": "vp_halfoozleboard_horizontal",
            "fg": 338,
            "rotates": true,
            "multitile": true,
            "additional_tiles": [ { "id": "broken", "fg": 339, "bg": [ 282, 294, 306, 308, 322, 324, 338, 340, 354 ] } ]
          },
          {
            "id": "vp_halfoozleboard_horizontal_2",
            "fg": 340,
            "rotates": true,
            "multitile": true,
            "additional_tiles": [ { "id": "broken", "fg": 341, "bg": [ 282, 294, 306, 308, 322, 324, 338, 340, 354 ] } ]
          },
          {
            "id": "vp_halfoozleboard_ne",
            "fg": 342,
            "rotates": true,
            "multitile": true,
            "additional_tiles": [ { "id": "broken", "fg": 343, "bg": [ 284, 296, 310, 326, 342, 356 ] } ]
          },
          {
            "id": "vp_halfoozleboard_nw",
            "fg": 344,
            "rotates": true,
            "multitile": true,
            "additional_tiles": [ { "id": "broken", "fg": 345, "bg": [ 286, 298, 302, 312, 328, 344, 358 ] } ]
          },
          {
            "id": "vp_halfoozleboard_se",
            "fg": 346,
            "rotates": true,
            "multitile": true,
            "additional_tiles": [ { "id": "broken", "fg": 347, "bg": [ 288, 300, 314, 330, 346, 360 ] } ]
          },
          {
            "id": "vp_halfoozleboard_sw",
            "fg": 348,
            "rotates": true,
            "multitile": true,
            "additional_tiles": [ { "id": "broken", "fg": 349, "bg": [ 290, 316, 332, 348, 362 ] } ]
          },
          {
            "id": "vp_halfoozleboard_vertical",
            "fg": 350,
            "rotates": true,
            "multitile": true,
            "additional_tiles": [ { "id": "broken", "fg": 351, "bg": [ 292, 304, 318, 320, 334, 336, 350, 352, 364 ] } ]
          },
          {
            "id": "vp_halfoozleboard_vertical_2",
            "fg": 352,
            "rotates": true,
            "multitile": true,
            "additional_tiles": [ { "id": "broken", "fg": 353, "bg": [ 292, 304, 318, 320, 334, 336, 350, 352, 364 ] } ]
          },
          {
            "id": "vp_oozleboard_horizontal",
            "fg": 354,
            "rotates": true,
            "multitile": true,
            "additional_tiles": [ { "id": "broken", "fg": 355, "bg": [ 282, 294, 306, 308, 322, 324, 338, 340, 354 ] } ]
          },
          {
            "id": "vp_oozleboard_ne",
            "fg": 356,
            "rotates": true,
            "multitile": true,
            "additional_tiles": [ { "id": "broken", "fg": 357, "bg": [ 284, 296, 310, 326, 342, 356 ] } ]
          },
          {
            "id": "vp_oozleboard_nw",
            "fg": 358,
            "rotates": true,
            "multitile": true,
            "additional_tiles": [ { "id": "broken", "fg": 359, "bg": [ 286, 298, 302, 312, 328, 344, 358 ] } ]
          },
          {
            "id": "vp_oozleboard_se",
            "fg": 360,
            "rotates": true,
            "multitile": true,
            "additional_tiles": [ { "id": "broken", "fg": 361, "bg": [ 288, 300, 314, 330, 346, 360 ] } ]
          },
          {
            "id": "vp_oozleboard_sw",
            "fg": 362,
            "rotates": true,
            "multitile": true,
            "additional_tiles": [ { "id": "broken", "fg": 363, "bg": [ 290, 316, 332, 348, 362 ] } ]
          },
          {
            "id": "vp_oozleboard_vertical",
            "fg": 364,
            "rotates": true,
            "multitile": true,
            "additional_tiles": [ { "id": "broken", "fg": 365, "bg": [ 292, 304, 318, 320, 334, 336, 350, 352, 364 ] } ]
          },
          { "id": "vp_gloople_cross", "fg": 366, "rotates": true },
          { "id": "vp_gloople_horizontal", "fg": 367, "rotates": true },
          { "id": "vp_gloople_horizontal_2", "fg": 368, "rotates": true },
          { "id": "vp_gloople_ne", "fg": 369, "rotates": true },
          { "id": "vp_gloople_nw", "fg": 370, "rotates": true },
          { "id": "vp_gloople_se", "fg": 371, "rotates": true },
          { "id": "vp_gloople_sw", "fg": 372, "rotates": true },
          { "id": "vp_gloople_vertical", "fg": 373, "rotates": true },
          { "id": "vp_gloople_vertical_2", "fg": 374, "rotates": true },
          { "id": "vp_gray_cross", "fg": 375, "rotates": true },
          { "id": "vp_gray_horizontal", "fg": 376, "rotates": true },
          { "id": "vp_gray_horizontal_2", "fg": 377, "rotates": true },
          { "id": "vp_gray_ne", "fg": 378, "rotates": true },
          { "id": "vp_gray_nw", "fg": 379, "rotates": true },
          { "id": "vp_gray_se", "fg": 380, "rotates": true },
          { "id": "vp_gray_sw", "fg": 381, "rotates": true },
          { "id": "vp_gray_vertical", "fg": 382, "rotates": true },
          { "id": "vp_gray_vertical_2", "fg": 383, "rotates": true },
          { "id": "vp_oozle_cross", "fg": 384, "rotates": true },
          { "id": "vp_oozle_horizontal", "fg": 385, "rotates": true },
          { "id": "vp_oozle_horizontal_2", "fg": 386, "rotates": true },
          { "id": "vp_oozle_ne", "fg": 387, "rotates": true },
          { "id": "vp_oozle_nw", "fg": 388, "rotates": true },
          { "id": "vp_oozle_se", "fg": 389, "rotates": true },
          { "id": "vp_oozle_sw", "fg": 390, "rotates": true },
          { "id": "vp_oozle_vertical", "fg": 391, "rotates": true },
          { "id": "vp_oozle_vertical_2", "fg": 392, "rotates": true },
          { "id": "vp_frostie_ram", "fg": 393, "rotates": true },
          { "id": "vp_frostie_trunk", "fg": 394, "rotates": false },
          { "id": "vp_gloopleaisle_horizontal", "fg": 395, "rotates": true },
          { "id": "vp_gloopleaisle_vertical", "fg": 396, "rotates": true },
          {
            "id": "vp_gloopledoor",
            "fg": 397,
            "rotates": true,
            "multitile": true,
            "additional_tiles": [ { "id": "broken", "fg": 398, "bg": [ 397, 400, 411, 414, 426, 429 ] }, { "id": "open", "fg": 399 } ]
          },
          {
            "id": "vp_gloopledoor_opaque",
            "fg": 400,
            "rotates": true,
            "multitile": true,
            "additional_tiles": [ { "id": "broken", "fg": 401, "bg": [ 397, 400, 411, 414, 426, 429 ] }, { "id": "open", "fg": 402 } ]
          },
          { "id": "vp_gloople_belt", "fg": 403, "rotates": true },
          { "id": "vp_gloople_plate", "fg": 404, "rotates": false },
          { "id": "vp_gloople_roof", "fg": 405, "rotates": true },
          { "id": "vp_gloople_seat", "fg": 406, "bg": 2, "rotates": true },
          { "id": "vp_gloople_trunk", "fg": 407, "rotates": false },
          { "id": "vp_gloople_trunk_u", "fg": 408, "rotates": false },
          { "id": "vp_grayaisle_horizontal", "fg": 409, "rotates": true },
          { "id": "vp_grayaisle_vertical", "fg": 410, "rotates": true },
          {
            "id": "vp_graydoor",
            "fg": 411,
            "rotates": true,
            "multitile": true,
            "additional_tiles": [ { "id": "broken", "fg": 412, "bg": [ 397, 400, 411, 414, 426, 429 ] }, { "id": "open", "fg": 413 } ]
          },
          {
            "id": "vp_graydoor_opaque",
            "fg": 414,
            "rotates": true,
            "multitile": true,
            "additional_tiles": [ { "id": "broken", "fg": 415, "bg": [ 397, 400, 411, 414, 426, 429 ] }, { "id": "open", "fg": 416 } ]
          },
          { "id": "vp_gray_amalgam", "fg": 417, "rotates": false },
          { "id": "vp_gray_belt", "fg": 418, "rotates": true },
          { "id": "vp_gray_plate", "fg": 419, "rotates": false },
          { "id": "vp_gray_roof", "fg": 420, "rotates": true },
          { "id": "vp_gray_seat", "fg": 421, "bg": 2, "rotates": true },
          { "id": "vp_gray_trunk", "fg": 422, "rotates": false },
          { "id": "vp_gray_trunk_u", "fg": 423, "rotates": false },
          { "id": "vp_oozleaisle_horizontal", "fg": 424, "rotates": true },
          { "id": "vp_oozleaisle_vertical", "fg": 425, "rotates": true },
          {
            "id": "vp_oozledoor",
            "fg": 426,
            "rotates": true,
            "multitile": true,
            "additional_tiles": [ { "id": "broken", "fg": 427, "bg": [ 397, 400, 411, 414, 426, 429 ] }, { "id": "open", "fg": 428 } ]
          },
          {
            "id": "vp_oozledoor_opaque",
            "fg": 429,
            "rotates": true,
            "multitile": true,
            "additional_tiles": [ { "id": "broken", "fg": 430, "bg": [ 397, 400, 411, 414, 426, 429 ] }, { "id": "open", "fg": 431 } ]
          },
          { "id": "vp_oozle_amalgam", "fg": 432, "rotates": false },
          { "id": "vp_oozle_belt", "fg": 433, "rotates": true },
          { "id": "vp_oozle_plate", "fg": 434, "rotates": false },
          { "id": "vp_oozle_roof", "fg": 435, "rotates": true },
          { "id": "vp_oozle_seat", "fg": 436, "bg": 2, "rotates": true },
          { "id": "vp_oozle_trunk", "fg": 437, "rotates": false },
          { "id": "vp_oozle_trunk_u", "fg": 438 },
          {
            "id": "vp_dboard_horizontal",
            "fg": 439,
            "rotates": true,
            "multitile": true,
            "additional_tiles": [ { "id": "broken", "fg": 440 } ]
          },
          {
            "id": "vp_dboard_ne",
            "fg": 441,
            "rotates": true,
            "multitile": true,
            "additional_tiles": [ { "id": "broken", "fg": 442 } ]
          },
          {
            "id": "vp_dboard_nw",
            "fg": 443,
            "rotates": true,
            "multitile": true,
            "additional_tiles": [ { "id": "broken", "fg": 444 } ]
          },
          {
            "id": "vp_dboard_se",
            "fg": 445,
            "rotates": true,
            "multitile": true,
            "additional_tiles": [ { "id": "broken", "fg": 446 } ]
          },
          {
            "id": "vp_dboard_sw",
            "fg": 447,
            "rotates": true,
            "multitile": true,
            "additional_tiles": [ { "id": "broken", "fg": 448 } ]
          },
          {
            "id": "vp_dboard_vertical",
            "fg": 449,
            "rotates": true,
            "multitile": true,
            "additional_tiles": [ { "id": "broken", "fg": 450 } ]
          },
          { "id": "vp_dframe_cover", "fg": 451, "rotates": true },
          { "id": "vp_dframe_cross", "fg": 452, "rotates": true },
          { "id": "vp_dframe_horizontal", "fg": 453, "rotates": true },
          { "id": "vp_dframe_horizontal_2", "fg": 454, "rotates": true },
          { "id": "vp_dframe_ne", "fg": 455, "rotates": true },
          { "id": "vp_dframe_nw", "fg": 456, "rotates": true },
          { "id": "vp_dframe_se", "fg": 457, "rotates": true },
          { "id": "vp_dframe_sw", "fg": 458, "rotates": true },
          { "id": "vp_dframe_vertical", "fg": 459, "rotates": true },
          { "id": "vp_dframe_vertical_2", "fg": 460, "rotates": true },
          { "id": "vp_plating_diamond", "fg": 461, "rotates": false },
          { "id": "vpower", "fg": 462, "rotates": false }
        ],
        "//": "range 1 to 464",
        "sprite_width": 32,
        "sprite_height": 32,
        "sprite_offset_x": 0,
        "sprite_offset_y": 0
      }
    ]
  }
]
