[
  {
    "id": "afs_landfall_gun",
    "type": "GUN",
    "copy-from": "rifle_22",
    "name": { "str": "landfall survival gun" },
    "description": "A lightweight, bolt-action gun that is barely more than a .22 barrel mounted within a flimsy metal assembly.  Cheaply made and outdated in all respects, it's only useful in the most extenuating of circumstances.",
    "price": 5000,
    "price_postapoc": 5000,
    "material": [ "steel", "plastic" ],
    "flags": [ "NEVER_JAMS", "RELOAD_EJECT" ],
    "dispersion": 250,
    "longest_side": "60 cm",
    "reload": 100,
    "durability": 5,
    "blackpowder_tolerance": 60,
    "faults": [ "fault_gun_blackpowder", "fault_gun_dirt" ]
  }
]
