[
  {
    "id": "afs_sentinel_stunner",
    "type": "GUN",
    "copy-from": "v29",
    "name": { "str": "wrist-stunner" },
    "description": "A severed robotic hand from a Wraitheon Sentinel.  The powerful electro-laser stun gun embed on its wrist is still functional, and can be used when connected to an UPS.",
    "price": 720000,
    "to_hit": -2,
    "bashing": 10,
    "material": [ "superalloy", "plastic" ],
    "color": "cyan",
    "range": 10,
    "ranged_damage": { "damage_type": "stab", "amount": 5, "armor_penetration": 15 },
    "dispersion": 500,
    "ups_charges": 25,
    "ammo_effects": [ "LASER", "BEANBAG" ],
    "flags": [ "NEVER_JAMS", "NO_UNLOAD", "NON_FOULING", "NEEDS_NO_LUBE" ]
  },
  {
    "id": "afs_sentinel_laser",
    "type": "GUN",
    "copy-from": "afs_sentinel_stunner",
    "name": { "str": "wrist-trilaser" },
    "description": "A powerful tri-barreled laser weapon, still mounted to the robotic hand of the wraitheon drone it originally belonged too.  Can still be fired when connected to an UPS.",
    "color": "red",
    "range": 10,
    "ranged_damage": { "damage_type": "heat", "amount": 25, "armor_penetration": 4 },
    "ups_charges": 30,
    "modes": [ [ "MULTI", "trilaser", 3 ] ],
    "ammo_effects": [ "LASER" ],
    "flags": [ "NEVER_JAMS", "NO_UNLOAD", "NON_FOULING", "NEEDS_NO_LUBE" ]
  },
  {
    "id": "afs_sentinel_laser_mon",
    "type": "GUN",
    "copy-from": "afs_sentinel_laser",
    "name": { "str": "wrist-trilaser" },
    "ups_charges": 0,
    "flags": [ "NEVER_JAMS", "NO_UNLOAD", "NON_FOULING", "NEEDS_NO_LUBE" ]
  },
  {
    "id": "laser_cannon_xray",
    "looks_like": "ar15",
    "type": "GUN",
    "reload_noise_volume": 10,
    "name": { "str": "handheld x-ray cannon" },
    "description": "This is an x-ray laser stripped a TX-5LR Cerberus laser turret that has been modified to use UPS power for firing.  Single shot then requires reloading.  Nicknamed the 'Tin Can Killer' for it's ability to destroy power armor.",
    "weight": "5140 g",
    "volume": "1500 ml",
    "price": 400000,
    "price_postapoc": 8000,
    "to_hit": -1,
    "bashing": 4,
    "material": [ "steel", "plastic" ],
    "symbol": "(",
    "color": "magenta",
    "skill": "rifle",
    "range": 30,
    "ranged_damage": { "damage_type": "heat", "amount": 40, "armor_penetration": 30 },
    "dispersion": 90,
    "durability": 7,
    "loudness": 8,
    "ups_charges": 25,
    "reload": 200,
    "valid_mod_locations": [
      [ "emitter", 1 ],
      [ "lens", 1 ],
      [ "sling", 1 ],
      [ "grip mount", 1 ],
      [ "rail mount", 1 ],
      [ "sights mount", 1 ],
      [ "stock mount", 1 ],
      [ "underbarrel mount", 1 ]
    ],
    "ammo_effects": [ "LASER", "INCENDIARY" ],
    "flags": [ "NO_UNLOAD", "NON_FOULING", "NEEDS_NO_LUBE" ]
  },
  {
    "id": "laser_cannon_xray_mon",
    "type": "GUN",
    "copy-from": "laser_cannon_xray",
    "name": { "str": "mounted x-ray cannon" },
    "ups_charges": 0,
    "flags": [ "NEVER_JAMS", "NO_UNLOAD", "NON_FOULING", "NEEDS_NO_LUBE" ]
  },
  {
    "id": "laser_rifle_cheap",
    "type": "GUN",
    "name": { "str": "shoddy laser rifle" },
    "description": "This is a cheap laser rifle made from common components.  Weak, but can be powered with rechargeable batteries.",
    "weight": "8 kg",
    "volume": "2500 ml",
    "price": 40000,
    "to_hit": -1,
    "bashing": 8,
    "material": [ "plastic", "copper" ],
    "symbol": "(",
    "looks_like": "american_180",
    "color": "magenta",
    "ammo": [ "battery" ],
    "skill": "rifle",
    "range": 10,
    "ranged_damage": { "damage_type": "heat", "amount": 6 },
    "dispersion": 150,
    "durability": 10,
    "loudness": 8,
    "reload": 500,
    "valid_mod_locations": [ [ "accessories", 4 ], [ "sights", 1 ], [ "sling", 1 ], [ "stock", 1 ], [ "underbarrel", 1 ] ],
    "ammo_effects": [ "LASER", "DRAW_AS_LINE" ],
    "flags": [ "NEVER_JAMS", "NON_FOULING" ],
    "ammo_to_fire": 20,
    "pocket_data": [
      {
        "pocket_type": "MAGAZINE_WELL",
        "holster": true,
        "max_contains_volume": "20 L",
        "max_contains_weight": "20 kg",
        "item_restriction": [ "heavy_battery_cell", "heavy_plus_battery_cell", "heavy_atomic_battery_cell", "heavy_disposable_cell" ]
      }
    ]
  }
]
