[
  {
    "id": "biter",
    "type": "GUN",
    "name": { "str": "biting blob" },
    "description": "A living blob turned into an autonomous weapon; meant to be stretched across a frame as a form of barrier.  It has evolved the ability to constantly generate calcified protrusions which are then controlled by sinuous tensile strands.  These \"teeth\" can then be used to latch and wound anything unfortunate enough to be nearby.  The outer membrane has also become significantly thicker in order to support its more strenuous movement; though it seems pliable enough to pull apart…",
    "weight": "18331 g",
    "volume": "5500 ml",
    "to_hit": -5,
    "bashing": 10,
    "material": [ "flesh" ],
    "symbol": "&",
    "color": "blue",
    "ammo": [ "bfeed" ],
    "skill": "launcher",
    "range": 1,
    "ranged_damage": { "damage_type": "stab", "amount": 15, "armor_penetration": 15 },
    "sight_dispersion": 150,
    "durability": 10,
    "modes": [ [ "DEFAULT", "semi-auto", 1 ], [ "AUTO", "auto", 5 ] ],
    "clip_size": 50,
    "pocket_data": [ { "pocket_type": "MAGAZINE", "watertight": true, "ammo_restriction": { "bfeed": 50 } } ],
    "ammo_effects": [ "WIDE" ],
    "flags": [ "NEVER_JAMS", "MOUNTED_GUN" ]
  },
  {
    "id": "clutter",
    "type": "GUN",
    "name": { "str": "gel shooter" },
    "description": "A living blob turned into an autonomous weapon.  It trawls the ground for material, which it then strips of nutrition.  The remainder is then expelled out at significant velocity towards any nearby threats.  The amorphous mass can be shaped and attached at your touch, but the weapon itself is inert without something to control it.  It seems pliable enough to pull apart…",
    "weight": "7252 g",
    "volume": "3 L",
    "to_hit": -5,
    "bashing": 10,
    "material": [ "flesh", "bone" ],
    "symbol": "&",
    "color": "magenta",
    "ammo": [ "bfeed" ],
    "skill": "pistol",
    "range": 12,
    "ranged_damage": { "damage_type": "stab", "amount": 7 },
    "dispersion": 450,
    "sight_dispersion": 150,
    "durability": 10,
    "clip_size": 10,
    "pocket_data": [ { "pocket_type": "MAGAZINE", "watertight": true, "ammo_restriction": { "bfeed": 10 } } ],
    "flags": [ "NEVER_JAMS", "MOUNTED_GUN" ]
  },
  {
    "id": "freezie",
    "type": "GUN",
    "name": { "str": "frost lancer" },
    "description": "A living blob turned into an autonomous weapon.  A biological aberration that exists at sub-zero temperatures.  After filtering nutrients from the water, it freezes the remainder into an incredibly sharp spear of ice; which it then launches at nearby threats.  The amorphous mass can be shaped and attached at your touch, but the weapon itself is inert without something to control it.",
    "weight": "21331 g",
    "volume": "4500 ml",
    "to_hit": -5,
    "bashing": 10,
    "material": [ "flesh" ],
    "symbol": "&",
    "color": "light_blue",
    "ammo": [ "water" ],
    "skill": "launcher",
    "range": 30,
    "ranged_damage": { "damage_type": "stab", "amount": 50, "armor_penetration": 10 },
    "dispersion": 450,
    "sight_dispersion": 150,
    "durability": 10,
    "clip_size": 100,
    "pocket_data": [ { "pocket_type": "MAGAZINE", "watertight": true, "ammo_restriction": { "water": 100 } } ],
    "ammo_effects": [ "WIDE" ],
    "flags": [ "NEVER_JAMS", "MOUNTED_GUN", "NO_RELOAD" ],
    "ammo_to_fire": 20
  },
  {
    "id": "fuzzle",
    "type": "GUN",
    "name": { "str": "snapping ooze" },
    "description": "A living blob turned into an autonomous weapon.  A baffling mutation in an already baffling creature, this blob is encased in a thick coat of fur, which serves as a form of protection.  In addition, it is capable of projecting rows of calcified sharp fragments in a manner mimicking the jaw of a more recognizable creature.  The amorphous mass can be shaped and attached at your touch, but the weapon itself is inert without something to control it.",
    "weight": "22331 g",
    "volume": "6500 ml",
    "to_hit": -5,
    "bashing": 10,
    "material": [ "flesh" ],
    "symbol": "&",
    "color": "brown",
    "ammo": [ "bfeed" ],
    "skill": "launcher",
    "range": 2,
    "ranged_damage": { "damage_type": "stab", "amount": 30, "armor_penetration": 20 },
    "sight_dispersion": 150,
    "durability": 10,
    "modes": [ [ "DEFAULT", "semi-auto", 1 ], [ "AUTO", "auto", 5 ] ],
    "clip_size": 50,
    "pocket_data": [ { "pocket_type": "MAGAZINE", "watertight": true, "ammo_restriction": { "bfeed": 50 } } ],
    "ammo_effects": [ "WIDE" ],
    "flags": [ "NEVER_JAMS", "MOUNTED_GUN" ]
  },
  {
    "id": "horror",
    "type": "GUN",
    "name": { "str": "blobsaw" },
    "description": "A living blob turned into an autonomous weapon; meant to be stretched across a frame as a form of barrier.  While its simpler cousins have a limit to the number of keratinous protrusions they can project and control; this blob can utilize hundreds of these sharp fangs to shred anything it detects as a threat into unrecognizable ribbons.  The amorphous mass can be shaped and attached at your touch, but the weapon itself is inert without something to control it.",
    "weight": "24331 g",
    "volume": "7500 ml",
    "to_hit": -5,
    "bashing": 10,
    "material": [ "flesh" ],
    "symbol": "&",
    "color": "blue",
    "ammo": [ "bfeed" ],
    "skill": "launcher",
    "range": 2,
    "ranged_damage": { "damage_type": "stab", "amount": 15, "armor_penetration": 15 },
    "sight_dispersion": 150,
    "durability": 10,
    "modes": [ [ "DEFAULT", "semi-auto", 1 ], [ "AUTO", "auto", 20 ] ],
    "clip_size": 240,
    "pocket_data": [ { "pocket_type": "MAGAZINE", "watertight": true, "ammo_restriction": { "bfeed": 240 } } ],
    "ammo_effects": [ "WIDE" ],
    "flags": [ "NEVER_JAMS", "MOUNTED_GUN" ]
  },
  {
    "id": "inkie",
    "type": "GUN",
    "name": { "str": "fuel puffer" },
    "//": "God Dangit Blobby.",
    "description": "A living blob turned into an autonomous weapon.  A rather picky eater, it feeds on chemicals found within gasoline.  The digestion process turns the result incredibly viscous which, when threats come near, is launched; ensnaring anything it hits.  The amorphous mass can be shaped and attached at your touch, but the weapon itself is inert without something to control it.",
    "weight": "15531 g",
    "volume": "4 L",
    "to_hit": -5,
    "bashing": 10,
    "material": [ "flesh" ],
    "symbol": "&",
    "color": "brown",
    "ammo": [ "gasoline" ],
    "skill": "launcher",
    "range": 12,
    "ranged_damage": { "damage_type": "stab", "amount": 5 },
    "dispersion": 450,
    "sight_dispersion": 150,
    "durability": 10,
    "clip_size": 250,
    "pocket_data": [ { "pocket_type": "MAGAZINE", "watertight": true, "ammo_restriction": { "gasoline": 250 } } ],
    "ammo_effects": [ "JET", "BEANBAG", "BLINDS_EYES", "RECOVER_100", "WIDE", "CUSTOM_EXPLOSION" ],
    "flags": [ "NEVER_JAMS", "MOUNTED_GUN" ],
    "ammo_to_fire": 20
  },
  {
    "id": "meltie",
    "type": "GUN",
    "name": { "str": "acid puffer" },
    "description": "A living blob turned into an autonomous weapon.  A filter feeder, the digestion process produces highly acidic byproducts; which is then expelled at any nearby enemies.  The amorphous mass can be shaped and attached at your touch, but the weapon itself is inert without something to control it.",
    "weight": "15553 g",
    "volume": "4500 ml",
    "to_hit": -5,
    "bashing": 10,
    "material": [ "flesh" ],
    "symbol": "&",
    "color": "light_red",
    "ammo": [ "water" ],
    "skill": "launcher",
    "range": 12,
    "ranged_damage": { "damage_type": "stab", "amount": 5 },
    "dispersion": 900,
    "sight_dispersion": 150,
    "durability": 10,
    "clip_size": 250,
    "pocket_data": [ { "pocket_type": "MAGAZINE", "watertight": true, "ammo_restriction": { "water": 250 } } ],
    "ammo_effects": [ "JET", "ACID_BOMB", "WIDE" ],
    "flags": [ "NEVER_JAMS", "MOUNTED_GUN" ],
    "ammo_to_fire": 20
  },
  {
    "id": "razorqueen",
    "type": "GUN",
    "name": { "str": "gel spiker" },
    "description": "A living blob turned into an autonomous weapon.  Capable of calcifying large numbers of fang-like fragments within itself.  It hurls groups of these fragments along with a small portion of itself.  When it reaches its destination, the detached remains shoot these fragments in all directions, expiring in the process.  The amorphous mass can be shaped and attached at your touch, but the weapon itself is inert without something to control it.",
    "weight": "24121 g",
    "volume": "6500 ml",
    "to_hit": -5,
    "bashing": 10,
    "material": [ "flesh" ],
    "symbol": "&",
    "color": "cyan",
    "ammo": [ "bfeed" ],
    "skill": "rifle",
    "range": 18,
    "ranged_damage": { "damage_type": "stab", "amount": 40, "armor_penetration": 30 },
    "dispersion": 900,
    "sight_dispersion": 150,
    "durability": 10,
    "clip_size": 250,
    "pocket_data": [ { "pocket_type": "MAGAZINE", "watertight": true, "ammo_restriction": { "bfeed": 250 } } ],
    "ammo_effects": [ "FRAG", "WIDE" ],
    "flags": [ "NEVER_JAMS", "MOUNTED_GUN" ],
    "ammo_to_fire": 20
  },
  {
    "id": "spouterqueen",
    "type": "GUN",
    "name": { "str": "gel spouter" },
    "description": "A living blob turned into an autonomous weapon.  It can suck in water from a vehicle tank, and forcibly expel it in a wide cone.  The amorphous mass can be shaped and attached at your touch, but the weapon itself is inert without something to control it.",
    "weight": "21331 g",
    "volume": "20 L",
    "to_hit": -5,
    "bashing": 10,
    "material": [ "flesh" ],
    "looks_like": "razorqueen",
    "symbol": ")",
    "color": "red",
    "ammo": [ "water" ],
    "skill": "launcher",
    "range": 60,
    "ranged_damage": { "damage_type": "stab", "amount": 10 },
    "sight_dispersion": 150,
    "durability": 10,
    "clip_size": 1000,
    "pocket_data": [ { "pocket_type": "MAGAZINE", "watertight": true, "ammo_restriction": { "water": 1000 } } ],
    "ammo_effects": [ "WIDE", "ACT_ON_RANGED_HIT", "RECOVER_100", "NO_EMBED", "CUSTOM_EXPLOSION" ],
    "qualities": [ [ "JACK", 12 ] ],
    "flags": [ "NEVER_JAMS", "MOUNTED_GUN" ],
    "ammo_to_fire": 100
  },
  {
    "id": "sharp",
    "type": "GUN",
    "name": { "str": "gel lancer" },
    "description": "A living blob turned into an autonomous weapon.  Evolving incredible abilities of perception, it is capable of locating and discerning possible threats within a large radius.  When a potential threat is located, it fires a small, calcified projectile with incredible speed and accuracy.  The amorphous mass can be shaped and attached at your touch, but the weapon itself is inert without something to control it.",
    "weight": "15103 g",
    "volume": "4 L",
    "to_hit": -5,
    "bashing": 10,
    "material": [ "flesh" ],
    "symbol": "&",
    "color": "light_blue",
    "ammo": [ "bfeed" ],
    "skill": "pistol",
    "range": 16,
    "ranged_damage": { "damage_type": "stab", "amount": 8, "armor_penetration": 5 },
    "sight_dispersion": 150,
    "durability": 10,
    "modes": [ [ "DEFAULT", "semi-auto", 1 ], [ "AUTO", "auto", 3 ] ],
    "clip_size": 36,
    "pocket_data": [ { "pocket_type": "MAGAZINE", "watertight": true, "ammo_restriction": { "bfeed": 36 } } ],
    "flags": [ "NEVER_JAMS", "MOUNTED_GUN" ]
  },
  {
    "id": "gelrazor",
    "type": "GUN",
    "name": { "str": "gel razor" },
    "description": "A living blob turned into an autonomous weapon.  An enhanced metabolism allows it to calcify large, toothy discs which are then launched towards any nearby threats.  The amorphous mass can be shaped and attached at your touch, but the weapon itself is inert without something to control it.",
    "weight": "17121 g",
    "volume": "5500 ml",
    "to_hit": -5,
    "bashing": 10,
    "material": [ "flesh", "bone" ],
    "symbol": "&",
    "color": "blue",
    "ammo": [ "bfeed" ],
    "skill": "rifle",
    "range": 12,
    "ranged_damage": { "damage_type": "stab", "amount": 20, "armor_penetration": 10 },
    "sight_dispersion": 150,
    "durability": 10,
    "clip_size": 20,
    "pocket_data": [ { "pocket_type": "MAGAZINE", "watertight": true, "ammo_restriction": { "bfeed": 20 } } ],
    "ammo_effects": [ "BOUNCE", "WIDE" ],
    "flags": [ "NEVER_JAMS", "MOUNTED_GUN" ]
  },
  {
    "id": "sparkie",
    "type": "GUN",
    "name": { "str": "shock bulb" },
    "description": "A living blob turned into an autonomous weapon.  Shockingly, it somehow is able to project electricity, which it then discharges at any nearby threats.  The amorphous mass can be shaped and attached at your touch, but the weapon itself is inert without something to control it.",
    "weight": "14321 g",
    "volume": "3750 ml",
    "to_hit": -5,
    "bashing": 10,
    "material": [ "flesh" ],
    "symbol": "&",
    "color": "cyan",
    "skill": "launcher",
    "range": 8,
    "ranged_damage": { "damage_type": "electric", "amount": 30 },
    "sight_dispersion": 150,
    "durability": 10,
    "ups_charges": 19,
    "ammo_effects": [ "LIGHTNING", "BEANBAG", "WIDE" ],
    "flags": [ "NEVER_JAMS", "MOUNTED_GUN" ]
  },
  {
    "id": "stickie",
    "type": "GUN",
    "name": { "str": "gel puffer" },
    "description": "A living blob turned into an autonomous weapon.  A filter feeder, it strips any water it processes of nutrients and expels the remainder towards any nearby threats.  The process of filter-feeding also makes the remaining liquid viscous, though it also dissipates fairly quickly.  The amorphous mass can be shaped and attached at your touch, but the weapon itself is inert without something to control it.",
    "weight": "11331 g",
    "volume": "4500 ml",
    "to_hit": -5,
    "bashing": 10,
    "material": [ "flesh" ],
    "symbol": "&",
    "color": "yellow",
    "ammo": [ "water" ],
    "skill": "launcher",
    "range": 12,
    "ranged_damage": { "damage_type": "stab", "amount": 5 },
    "dispersion": 900,
    "sight_dispersion": 150,
    "durability": 10,
    "clip_size": 500,
    "pocket_data": [ { "pocket_type": "MAGAZINE", "watertight": true, "ammo_restriction": { "water": 500 } } ],
    "ammo_effects": [ "JET", "BEANBAG", "WIDE" ],
    "flags": [ "NEVER_JAMS", "MOUNTED_GUN" ],
    "ammo_to_fire": 20
  },
  {
    "id": "torchie",
    "type": "GUN",
    "name": { "str": "fire puffer" },
    "//": "Need a light?",
    "description": "A living blob turned into an autonomous weapon.  A rather picky eater, it feeds on chemicals found within gasoline.  The digested material is still highly flammable, and when launched, also activates an ignition gland located on the outer membrane.  The amorphous mass can be shaped and attached at your touch, but the weapon itself is inert without something to control it.",
    "weight": "16331 g",
    "volume": "4 L",
    "to_hit": -5,
    "bashing": 10,
    "material": [ "flesh" ],
    "symbol": "&",
    "color": "light_red",
    "ammo": [ "gasoline" ],
    "skill": "launcher",
    "range": 12,
    "ranged_damage": { "damage_type": "heat", "amount": 5 },
    "dispersion": 450,
    "sight_dispersion": 150,
    "durability": 10,
    "modes": [ [ "DEFAULT", "semi-auto", 1 ], [ "AUTO", "auto", 3 ] ],
    "clip_size": 180,
    "pocket_data": [ { "pocket_type": "MAGAZINE", "watertight": true, "ammo_restriction": { "gasoline": 180 } } ],
    "ammo_effects": [ "INCENDIARY", "FLARE", "WIDE", "STREAM" ],
    "flags": [ "NEVER_JAMS", "MOUNTED_GUN" ],
    "ammo_to_fire": 20
  },
  {
    "id": "voideater",
    "type": "GUN",
    "name": { "str": "spark blight" },
    "description": "A living blob turned into an autonomous weapon.  It is capable of storing energy from sunlight inside itself in the form of electricity.  Then, in a truly baffling show of force, projects a highly concentrated stream of electricity towards any possible threats.  The amorphous mass can be shaped and attached at your touch, but the weapon itself is inert without something to control it.",
    "weight": "17331 g",
    "volume": "5250 ml",
    "to_hit": -5,
    "bashing": 10,
    "material": [ "flesh" ],
    "symbol": "&",
    "color": "cyan",
    "skill": "launcher",
    "range": 12,
    "ranged_damage": { "damage_type": "electric", "amount": 80 },
    "sight_dispersion": 150,
    "durability": 10,
    "ups_charges": 199,
    "ammo_effects": [ "LIGHTNING", "EXPLOSIVE", "WIDE" ],
    "flags": [ "NEVER_JAMS", "MOUNTED_GUN" ]
  }
]
