[
  {
    "id": "vortexaccelerator",
    "type": "GUN",
    "name": { "str": "vortex accelerator" },
    "description": "This weapon uses powerful bursts of air to launch sharp fragments at its target at high speed.  You'll need some form of platform to mount it on.",
    "weight": "10700 g",
    "volume": "2500 ml",
    "price": 60000,
    "to_hit": -1,
    "bashing": 12,
    "material": [ "steel", "plastic" ],
    "symbol": "(",
    "color": "light_gray",
    "ammo": [ "BB" ],
    "skill": "rifle",
    "range": 10,
    "ranged_damage": { "damage_type": "stab", "amount": 15, "armor_penetration": 5 },
    "dispersion": 300,
    "sight_dispersion": 150,
    "durability": 10,
    "clip_size": 250,
    "reload": 10,
    "valid_mod_locations": [  ],
    "ammo_effects": [ "SHOT" ],
    "flags": [ "NEVER_JAMS", "MOUNTED_GUN" ]
  },
  {
    "id": "vortexbolter",
    "type": "GUN",
    "name": { "str": "vortex bolter" },
    "description": "This weapon uses powerful bursts of air to launch bolts at its target at high speed.  You'll need some form of platform to mount it on.",
    "weight": "8310 g",
    "volume": "2500 ml",
    "price": 90000,
    "to_hit": -1,
    "bashing": 12,
    "material": [ "steel", "plastic" ],
    "symbol": "(",
    "color": "light_gray",
    "ammo": [ "bolt" ],
    "skill": "rifle",
    "range": 15,
    "ranged_damage": { "damage_type": "stab", "amount": 30, "armor_penetration": 15 },
    "dispersion": 300,
    "sight_dispersion": 150,
    "durability": 8,
    "modes": [ [ "DEFAULT", "semi-auto", 1 ], [ "AUTO", "auto", 3 ] ],
    "clip_size": 30,
    "reload": 40,
    "valid_mod_locations": [  ],
    "ammo_effects": [ "SHOT" ],
    "flags": [ "NEVER_JAMS", "MOUNTED_GUN" ]
  },
  {
    "id": "vortexcannon",
    "type": "GUN",
    "name": { "str": "vortex cannon" },
    "description": "Essentially a large pneumatic gun made to hurl sharpened metal rails.  Instead of a mechanical system, you've managed to harness the vortex to power this gun.  While powerful for its size, you'll need some form of platform to mount it on.",
    "weight": "21831 g",
    "volume": "5 L",
    "price": 60000,
    "to_hit": -1,
    "bashing": 12,
    "material": [ "steel", "plastic" ],
    "symbol": "(",
    "color": "light_gray",
    "ammo": [ "metal_rail" ],
    "skill": "launcher",
    "range": 50,
    "ranged_damage": { "damage_type": "stab", "amount": 120 },
    "sight_dispersion": 150,
    "durability": 8,
    "clip_size": 12,
    "reload": 100,
    "valid_mod_locations": [  ],
    "ammo_effects": [ "SHOT" ],
    "flags": [ "NEVER_JAMS", "MOUNTED_GUN" ]
  },
  {
    "id": "vortexrifle",
    "type": "GUN",
    "name": { "str": "vortex rifle" },
    "description": "This weapon uses powerful bursts of air to launch small projectiles at its target at high speed.  You'll need some form of platform to mount it on.",
    "weight": "11759 g",
    "volume": "2500 ml",
    "price": 90000,
    "to_hit": -1,
    "bashing": 12,
    "material": [ "steel", "plastic" ],
    "symbol": "(",
    "color": "light_gray",
    "ammo": [ "pebble" ],
    "skill": "rifle",
    "range": 15,
    "ranged_damage": { "damage_type": "stab", "amount": 30, "armor_penetration": 10 },
    "dispersion": 300,
    "sight_dispersion": 150,
    "durability": 8,
    "modes": [ [ "DEFAULT", "semi-auto", 1 ], [ "AUTO", "auto", 3 ] ],
    "clip_size": 250,
    "reload": 10,
    "valid_mod_locations": [  ],
    "ammo_effects": [ "SHOT" ],
    "flags": [ "NEVER_JAMS", "MOUNTED_GUN" ]
  }
]
