[
  {
    "id": "retool_flaregun",
    "type": "GUNMOD",
    "symbol": ":",
    "color": "green",
    "name": { "str": "Flaregun conversion kit" },
    "description": "Replacing several key parts flaregun to convert it to a .40 firearm.  The conversion results in reduced accuracy and increased recoil.",
    "location": "accessories",
    "price": 48000,
    "install_time": "15 m",
    "material": [ "steel" ],
    "weight": "226 g",
    "volume": "250 ml",
    "bashing": 3,
    "to_hit": -1,
    "dispersion_modifier": 30,
    "ammo_modifier": "40",
    "min_skills": [ [ "gun", 2 ] ],
    "mod_targets": [ "pistol" ],
    "acceptable_ammo": [ "signal_flare" ]
  },
  {
    "id": "boom_flamer",
    "type": "GUNMOD",
    "name": { "str": "integral flamethrower" },
    "description": "This genuine Herostratus flamethrower is ideal for light brush clearing and self-defense.",
    "weight": "1500 g",
    "volume": "750 ml",
    "price": 100000,
    "install_time": "30 m",
    "material": [ "steel", "ceramic" ],
    "symbol": ":",
    "color": "light_gray",
    "location": "underbarrel",
    "mod_targets": [ "pistol", "smg" ],
    "flags": [ "FIRE_50" ],
    "gun_data": { "ammo": "flammable", "skill": "launcher", "dispersion": 320, "durability": 10, "clip_size": 300 },
    "dispersion_modifier": 25,
    "min_skills": [ [ "weapon", 2 ], [ "launcher", 2 ] ]
  },
  {
    "type": "GUNMOD",
    "id": "emas",
    "name": { "str": "E.M.A.S." },
    "dispersion_modifier": 45,
    "damage_modifier": { "damage_type": "stab", "amount": 4 },
    "description": "ElectroMagnetic Acceleration System is an array of electromagnets attached to the front of the barrel, accelerating any projectile fired to even higher velocities, increasing damage, recoil and reducing accuracy.",
    "location": "barrel",
    "weight": "450 g",
    "color": "light_gray",
    "symbol": ":",
    "material": [ "steel" ],
    "mod_targets": [ "smg", "rifle", "shotgun", "pistol" ],
    "volume": "500 ml",
    "bashing": 5,
    "handling_modifier": -5,
    "price": 20000,
    "install_time": "0 s",
    "min_skills": [ [ "gun", 5 ] ]
  }
]
