[
  {
    "type": "profession",
    "id": "unemployed",
    "name": "Unemployed",
    "description": "They say you don't have any 'useful skills', but at least your clothes fit well.",
    "points": 0,
    "items": { "both": [ "jeans", "tshirt", "sneakers" ], "male": [ "boxer_shorts" ], "female": [ "bra", "panties" ] }
  },
  {
    "type": "profession",
    "id": "tailor",
    "name": "Tailor",
    "description": "You've made and adjusted clothing for some of the biggest names in town.  Now, their undead bodies are trying to eat your brains.  At least you'll be able to keep your own clothing repaired.",
    "points": 1,
    "items": {
      "both": [ "polo_shirt", "blazer", "pants", "dress_shoes", "sewing_kit", "scissors", "manual_tailor" ],
      "male": [ "boxer_shorts" ],
      "female": [ "bra", "panties" ]
    }
  },
  {
    "type": "profession",
    "id": "nazi",
    "name": "Nazi Soldier",
    "description": "You came to serve the Fatherland.  Something has gone horribly wrong, however.  This is not Nazi Germany.",
    "points": 5,
    "items": {
      "both": [ "pants_army", "knife_combat", "trenchcoat", "dix", "walther", "792_57", "stg", "Kar" ],
      "male": [ "boxer_shorts" ],
      "female": [ "bra", "panties" ]
    },
    "skills": [
      { "level": 2, "name": "gun" },
      { "level": 2, "name": "rifle" },
      { "level": 1, "name": "smg" },
      { "level": 1, "name": "dodge" }
    ]
  },
  {
    "type": "profession",
    "id": "survivalist",
    "name": "Survivalist",
    "description": "You are well-equipped to survive, which will undoubtedly prove invaluable.  Now you finally get in, and the whole world goes to shit.  You start out with some military gear.",
    "points": 7,
    "items": {
      "both": [ "pants_cargo", "tank_top", "pot", "rucksack", "bandages", "knife_combat", "water_clean" ],
      "male": [ "boxer_shorts" ],
      "female": [ "bra", "panties" ]
    },
    "skills": [
      { "level": 2, "name": "gun" },
      { "level": 2, "name": "firstaid" },
      { "level": 1, "name": "melee" },
      { "level": 1, "name": "dodge" }
    ]
  },
  {
    "type": "profession",
    "id": "labtech",
    "name": "Lab Technician",
    "description": "It was your first day in the lab when the cataclysm hit.  You were evacuated\nwith all the civilians, but at least you kept your lab gear.",
    "points": 1,
    "items": {
      "both": [ "dress_shirt", "pants", "boots", "coat_lab", "gloves_rubber", "glasses_safety" ],
      "male": [ "boxer_shorts" ],
      "female": [ "bra", "panties" ]
    }
  },
  {
    "type": "profession",
    "id": "mechanic",
    "name": "Wannabe Mechanic",
    "description": "Although you never got your driver's license, you've always loved cars.\nYou start with a wrench, a toolbelt, and some car-related reading material.",
    "points": 2,
    "items": {
      "both": [ "tank_top", "jeans", "boots", "beltrig", "wrench", "mag_cars", "manual_mechanics" ],
      "male": [ "boxer_shorts" ],
      "female": [ "bra", "panties" ]
    }
  },
  {
    "type": "profession",
    "id": "scoundrel",
    "name": "Scoundrel",
    "description": "Your flexible outlook on law has ensured your survival, but now what?  You start with cargo pants, a hoodie, \"sundries\", and one additional level of melee.",
    "points": 2,
    "items": {
      "both": [ "tank_top", "hoodie", "pants_cargo", "sneakers", "weed", "picklocks" ],
      "male": [ "boxer_shorts" ],
      "female": [ "bra", "panties" ]
    },
    "skills": [ { "level": 1, "name": "melee" } ]
  },
  {
    "type": "profession",
    "id": "lowtax",
    "name": "Lowtax",
    "description": "Founder of Something Awful...",
    "points": 2,
    "items": {
      "both": [
        "tank_top",
        "hoodie",
        "jorts",
        "sneakers",
        "mountaindew",
        "cheetoes",
        "mountaindew",
        "cheetoes",
        "mountaindew",
        "cheetoes",
        "fedora"
      ],
      "male": [ "boxer_shorts" ],
      "female": [ "bra", "panties" ]
    },
    "skills": [ { "level": 6, "name": "computer" } ]
  },
  {
    "type": "profession",
    "id": "vincent",
    "name": "Vincent Vega",
    "description": "When the bitch O.D.ed on heroin, you thought it could wait until Mr.  Wallace came back.  When Mrs.  Wallace came back to life, then you knew it was serious..",
    "points": 2,
    "items": {
      "both": [ "suit", "heroin3", "heroin3", "sneakers", "syringe", "m1911", "45_acp" ],
      "male": [ "boxer_shorts" ],
      "female": [ "bra", "panties" ]
    },
    "addictions": [ { "type": "opiate", "intensity": 10 } ]
  },
  {
    "type": "profession",
    "id": "chigurh",
    "name": "Chigurh",
    "description": "Call it, Friendo.",
    "points": 6,
    "items": {
      "both": [
        "tank_top",
        "jacket_jean",
        "pants_cargo",
        "remington_870",
        "tec9",
        "picklocks",
        "suppressor",
        "captiveboltgun",
        "9mm",
        "9mm",
        "shot_slug",
        "shot_slug"
      ],
      "male": [ "boxer_shorts" ],
      "female": [ "bra", "panties" ]
    },
    "skills": [
      { "level": 3, "name": "gun" },
      { "level": 2, "name": "firstaid" },
      { "level": 1, "name": "melee" },
      { "level": 1, "name": "dodge" }
    ]
  },
  {
    "type": "profession",
    "id": "montana",
    "name": "Drug Lord",
    "description": "By the time the end happened, you were so coked up you didn't even notice.  .",
    "points": 6,
    "items": {
      "both": [ "suit", "holster", "cokekilo", "m4a1", "m203", "556", "40mm_frag", "usp_9mm", "556", "556", "9mm" ],
      "male": [ "boxer_shorts" ],
      "female": [ "bra", "panties" ]
    },
    "addictions": [ { "type": "cocaine", "intensity": 10 }, { "type": "opiate", "intensity": 10 } ],
    "skills": [
      { "level": 2, "name": "gun" },
      { "level": 6, "name": "rifle" },
      { "level": 1, "name": "melee" },
      { "level": 3, "name": "dodge" }
    ]
  },
  {
    "type": "profession",
    "id": "elvis",
    "name": "Elvis Presley",
    "description": "You're the King.  But the King has problems.  Drug problems.",
    "points": 0,
    "items": {
      "both": [ "elvisoutfit", "m1911", "suit", "dexedrinejar", "Quaaludes", "placidyljar", "45_king", "45_king", "dilaudidjar" ],
      "male": [ "boxer_shorts" ],
      "female": [ "bra", "panties" ]
    },
    "addictions": [
      { "type": "amphetamine", "intensity": 10 },
      { "type": "opiate", "intensity": 10 },
      { "type": "sleeping pill", "intensity": 10 }
    ]
  },
  {
    "type": "profession",
    "id": "belushi",
    "name": "Blues Brother",
    "description": "Joliet Jake, with enough heroin and cocaine to pull a John Belushi.",
    "points": 4,
    "items": {
      "both": [
        "suit",
        "heroin",
        "coke",
        "coke",
        "coke",
        "heroin",
        "heroin",
        "heroin",
        "coke",
        "heroin",
        "coke",
        "heroin",
        "speedball",
        "syringe"
      ],
      "male": [ "boxer_shorts" ],
      "female": [ "bra", "panties" ]
    },
    "addictions": [ { "type": "cocaine", "intensity": 10 }, { "type": "opiate", "intensity": 10 } ]
  },
  {
    "type": "profession",
    "id": "mansonite",
    "name": "Mansonite",
    "description": "When Charlie told you to get the job done, you went and got it done.  But you didn't expect the corpse to rise from the dead when you killed them, did you?.",
    "points": 2,
    "items": {
      "both": [ "pants", "knife_combat", "hoodie", "methedrine", "buntline", "22_lr" ],
      "male": [ "boxer_shorts" ],
      "female": [ "bra", "panties" ]
    },
    "skills": [
      { "level": 2, "name": "gun" },
      { "level": 2, "name": "cutting" },
      { "level": 1, "name": "melee" },
      { "level": 1, "name": "dodge" }
    ]
  },
  {
    "type": "profession",
    "id": "americanpsycho",
    "name": "American Psycho",
    "description": "The others are all dead, but you're still alive.  Who's laughing now?  You start with meat, a suit, and \"a gram\".",
    "points": 3,
    "items": {
      "both": [
        "suit",
        "coke3",
        "coke3",
        "ax",
        "usp_9mm",
        "9mmP2",
        "human_flesh",
        "cigar",
        "9mmP2",
        "paulallencorpse",
        "heroin3",
        "syringe",
        "backpack",
        "valium"
      ],
      "male": [ "boxer_shorts" ],
      "female": [ "bra", "panties" ]
    }
  },
  {
    "type": "profession",
    "id": "buffalobill",
    "name": "Buffalo Bill",
    "description": "Goodbye horses, I'm dying over you....",
    "points": 2,
    "items": {
      "both": [
        "womansuit",
        "ruger_redhawk",
        "44magnum",
        "knife_combat",
        "human_flesh",
        "sewing_kit",
        "human_flesh",
        "goggles_nv",
        "UPS_off"
      ],
      "male": [ "boxer_shorts" ],
      "female": [ "bra", "panties" ]
    }
  },
  {
    "type": "profession",
    "id": "mac",
    "name": "Mac",
    "description": "Which are worse? The things...  or the undead?",
    "points": 2,
    "items": {
      "both": [
        "rum",
        "ruger_redhawk",
        "44magnum",
        "ithaca_37",
        "shot_00",
        "flamethrower",
        "jacket_leather",
        "rucksack",
        "pants_army",
        "gasoline",
        "methedrine"
      ],
      "male": [ "boxer_shorts" ],
      "female": [ "bra", "panties" ]
    },
    "skills": [
      { "level": 2, "name": "gun" },
      { "level": 2, "name": "shotgun" },
      { "level": 1, "name": "melee" },
      { "level": 1, "name": "dodge" }
    ]
  },
  {
    "type": "profession",
    "id": "ojsimpson",
    "name": "OJ Simpson",
    "description": "So you killed Nicole.  Bet you didn't expect her to get back up.",
    "points": 2,
    "items": {
      "both": [
        "bloodygloves",
        "coke2",
        "rum",
        "knife_combat",
        "human_flesh",
        "footballjersey",
        "blackcap",
        "weed5",
        "magnum",
        "357magnum",
        "oj",
        "nicolesring"
      ],
      "male": [ "boxer_shorts" ],
      "female": [ "bra", "panties" ]
    }
  },
  {
    "type": "profession",
    "id": "journalist",
    "name": "Raoul Duke",
    "description": "We had two bags of grass, seventy five pellets of mescaline, five sheets of high powered blotter acid, a salt shaker half full of cocaine, a whole galaxy of uppers, downers, screamers and laughers.  Also, a quart of tequila, a quart of rum, a case of beer, a pint of ether, and two dozen Amyls.",
    "points": 6,
    "items": {
      "both": [
        "panamahat",
        "Acapulcoshirt",
        "aviatorglasses",
        "coke3",
        "valium",
        "poppy_sleep",
        "magnum",
        "357magnum",
        "LSD2",
        "cigar",
        "LSD",
        "heroin3",
        "syringe",
        "backpack",
        "Quaaludes",
        "meth2",
        "amyl",
        "weed3",
        "mescaline",
        "weed4",
        "rum",
        "tequila",
        "ether",
        "Secobarbital",
        "methedrine",
        "thorazine",
        "briefcase",
        "ibogaine"
      ],
      "male": [ "boxer_shorts" ],
      "female": [ "bra", "panties" ]
    }
  },
  {
    "type": "profession",
    "id": "marionbarry",
    "name": "Marion Barry",
    "description": "Mayor of New York.  Caught smoking crack on camera.",
    "points": 2,
    "items": {
      "both": [ "suit", "crack", "crack", "sneakers", "crack", "crack", "crack", "crackpipe" ],
      "male": [ "boxer_shorts" ],
      "female": [ "bra", "panties" ]
    },
    "addictions": [ { "type": "crack", "intensity": 10 } ]
  },
  {
    "type": "profession",
    "id": "iketurner",
    "name": "Ike Turner",
    "description": "Why the fuck you gonna do that?! BITCH! YOU DONE LOST YOUR MIND! Rocket 88, yall...",
    "points": 2,
    "items": {
      "both": [ "suit", "crack", "crack", "sneakers", "crack", "crack", "crack", "crackpipe" ],
      "male": [ "boxer_shorts" ],
      "female": [ "bra", "panties" ]
    },
    "addictions": [ { "type": "cocaine", "intensity": 10 }, { "type": "crack", "intensity": 10 } ],
    "skills": [
      { "level": 6, "name": "melee" },
      { "level": 6, "name": "speech" },
      { "level": 1, "name": "cutting" },
      { "level": 3, "name": "dodge" }
    ]
  },
  {
    "type": "profession",
    "id": "methhead",
    "name": "Meth Head",
    "description": "Got any meth? Listen, man.  I can tell you do.  Don't you lie to me.  I'll cut you.  I swear to god.  You start out with a strong amphetamine addiction, and a teenther of meth.",
    "points": 0,
    "items": { "both": [ "pants", "knife_combat", "hoodie", "meth" ], "male": [ "boxer_shorts" ], "female": [ "bra", "panties" ] },
    "addictions": [ { "type": "amphetamine", "intensity": 10 } ]
  },
  {
    "type": "profession",
    "id": "fightclub",
    "name": "Fight Club",
    "description": "I am Jack's smirking sense of self satisfaction.",
    "points": 0,
    "items": {
      "both": [ "pants", "ar10", "dress_shirt", "308", "308", "308" ],
      "male": [ "boxer_shorts" ],
      "female": [ "bra", "panties" ]
    },
    "addictions": [ { "type": "sleeping pill", "intensity": 10 } ]
  },
  {
    "type": "profession",
    "id": "normanbates",
    "name": "Norman Bates",
    "description": "Just a normal, every day kind of guy...  We all go a little mad sometimes...",
    "points": 0,
    "items": {
      "both": [ "pants", "mother", "dress_shirt", "knife_butcher", "sandwich_t", "candycorn" ],
      "male": [ "boxer_shorts" ],
      "female": [ "bra", "panties" ]
    },
    "skills": [ { "level": 6, "name": "cutting" } ]
  },
  {
    "type": "profession",
    "id": "namvet",
    "name": "Vietnam Veteran",
    "description": ".  .",
    "points": 6,
    "items": {
      "both": [
        "pants_army",
        "rucksack",
        "vest",
        "helmet_army",
        "beltrig",
        "holster",
        "kevlar",
        "dexedrine",
        "m4a1",
        "heroin3",
        "heroin3",
        "syringe",
        "m203",
        "556",
        "40mm_frag",
        "m1911",
        "556",
        "556",
        "45_acp"
      ],
      "male": [ "boxer_shorts" ],
      "female": [ "bra", "panties" ]
    },
    "addictions": [ { "type": "amphetamine", "intensity": 10 }, { "type": "opiate", "intensity": 10 } ],
    "skills": [
      { "level": 2, "name": "gun" },
      { "level": 6, "name": "rifle" },
      { "level": 1, "name": "melee" },
      { "level": 3, "name": "dodge" }
    ]
  },
  {
    "type": "profession",
    "id": "smoker",
    "name": "Chain Smoker",
    "description": "Everyone at work knew you as the person who always had a cigarette or two in hand.  Now, you're down to a single pack, and you hope you find more soon.  You start out with a strong nicotine addiction, and 10 cigarettes.",
    "points": -1,
    "items": { "both": [ "pants", "dress_shirt", "dress_shoes", "cig" ], "male": [ "boxer_shorts" ], "female": [ "bra", "panties" ] },
    "addictions": [ { "type": "nicotine", "intensity": 10 } ]
  }
]
