[
  {
    "type": "snippet",
    "category": "note",
    "text": [
      {
        "id": "fal_note01",
        "text": "This is an advertisement for the Diet Devil brand Metabolic Exchange CBM.  It shows a picture of a tiny obese devil sitting on a woman's shoulder.  The woman stares intently at a gigantic wedding cake covered with bacon and candybars.  The caption reads: \"Burn calories! Burn!\""
      },
      {
        "id": "fal_note02",
        "text": "This is an advertisement for the Diet Devil brand Internal Furnace CBM.  It shows a picture of a tiny obese devil sitting on a man's shoulder.  The man is about to bite into a frosting-covered baby.  The caption reads: \"Eat What You Want! How You Want! Who You Want!\""
      },
      {
        "id": "fal_note03",
        "text": "This is an advertisement for the Diet Devil brand Ethanol Burner CBM.  It shows a picture of a teenaged boy driving a car while chugging a bottle of whiskey.  A tiny obese devil sits on his shoulder and drinks a martini.  The caption reads: \"Drink like there's no tomorrow!\""
      },
      {
        "id": "fal_note04",
        "text": "This is an advertisement for the Twenty8 brand Diamond Cornea CBM.  It shows a picture of the cyber-module being clutched by an eagle in flight.  The captions read: \"Get the new Model 28.bx Eagle-Eye!\" and \"Twenty8.  See what you've been missing.\""
      },
      {
        "id": "fal_note05",
        "text": "This is an advertisement for the Twenty8 brand Night Vision CBM.  It shows a picture of an owl swooping down on a the cyber-module.  The captions read: \"Get the new Model 28.hx Night-Owl!\" and \"Twenty8.  See what you've been missing.\""
      },
      {
        "id": "fal_note06",
        "text": "This is an advertisement for the Twenty8 brand Diamond Cornea CBM.  It shows a picture of a flying hawk carrying the cyber-module in its beak.  The captions read: \"Get the new Model 28.xx Hawk-Eye!\" and \"Twenty8.  See what you've been missing.\""
      },
      {
        "id": "fal_note07",
        "text": "This is an advertisement for the Twenty8 brand Scent Vision CBM.  It shows a picture of a vulture perched on a pile of skulls and cyber-modules.  The captions read: \"Get the new Model 28.vx Vulture today!\" and \"Twenty8.  See what you've been missing.\""
      },
      {
        "id": "fal_note08",
        "text": "This is an ad for a Twenty8 brand Infrared Vision CBM.  It shows a picture of a robotic phoenix covered in flames.  The captions read: \"Get the new Model 28.tx Phoenix today!\" and \"Twenty8.  See what you've been missing.\""
      },
      {
        "id": "fal_note09",
        "text": "This is an advertisement for DoubleTech brand law enforcement robots.  It shows a picture of copbot and an eyebot boldly emerging from a cloud of teargas and flame.  The caption reads: \"DoubleTech Industries.  Built to Protect.  Programmed to Serve.\""
      },
      {
        "id": "fal_note10",
        "text": "This is an advertisement for DoubleTech brand law enforcement robots.  It shows a picture of an eyebot flying alongside a bald eagle and a Stealth bomber painted as an American flag.  The caption reads: \"Built to Protect.  Programmed to Serve.\""
      },
      {
        "id": "fal_note11",
        "text": "This is an advertisement for DoubleTech brand law enforcement robots.  It shows a picture of a dozen eyebots floating over a woman as she jogs through a park.  The captions read: \"Built to Protect.  Programmed to Serve.\""
      },
      {
        "id": "fal_note12",
        "text": "This is an advertisement for DoubleTech brand law enforcement robots.  It shows a picture of copbot pepper-spraying a handcuffed rioter.  In the background a troop of boy scouts salutes the robot.  The caption reads: \"Built to Protect.  Programmed to Serve.\""
      },
      {
        "id": "fal_note13",
        "text": "This is an advertisement for Robert's Universal Robotics brand law enforcement robots.  It shows a picture of tripod robot incinerating a mob of looters and stepping over charred and smoking corpses.  The caption reads: \"Built to Protect.  Programmed to Serve.\""
      },
      {
        "id": "fal_note14",
        "text": "This is an advertisement for Robert's Universal Robots brand labor-bots.  It shows a picture of a robot carrying a heavy pallet of bricks.  In the background a human foreman is sleeping on the job, with his hardhat pulled down over his eyes.  The captions read: \"It's a tough job, so why should you have to do it?\" and \"R.U.R.  Technology you can Trust.\""
      },
      {
        "id": "fal_note15",
        "text": "This is an advertisement for Robert's Universal Robots brand labor-bots.  It shows a picture of a factory floor run entirely by robots.  In the background a man in a suit reads a newspaper that shows soaring stock prices.  The caption reads: \"R.U.R.  Technology you can Trust.\""
      },
      {
        "id": "fal_note16",
        "text": "This is an advertisement for Sybil's Cyber Boutique.  It shows a picture of several bikini-clad female doctors removing the skin from man's face.  The patient is strapped to a chair but cheerfully gives two thumbs up.  The caption reads: \"Free Plastic Surgery While You Wait!\""
      },
      {
        "id": "fal_note17",
        "text": "This is an advertisement for Sybil's Cyber Boutique.  It shows a picture of a nerdy looking man surrounded by a group of admiring women.  In the foreground a blood-drenched doctor gives an exaggerated wink and a two thumbs up.  The caption reads: \"Holiday sales! Get the package deals!\""
      },
      {
        "id": "fal_note18",
        "text": "This is an advertisement for Sybil's Cyber Boutique.  It shows a picture of a man flexing shiny cybernetic arms in front of a mirror.  He is flanked by two scantily clad nurses who hold bloody chainsaws and give approving thumbs up.  In the background feral dogs gnaw on the man's discarded former limbs.  The caption reads:  \"Spring Cleaning Sale! 20% off!\""
      }
    ]
  }
]
